Artifact ID,Family ID,Law family,Form / artifact name,Artifact type,Recurrence,Applicable actor,Version / activation note,Portal / channel,Automation,Validation scope,Source IDs,Primary source URL; more via Source IDs
A001,F01,Companies,AOC-4 variants,Return,A,Indian companies; obligations differ by class and event,"Seed entry: confirm exact current provision, entity role and template before activation.",MCA V3,P/S/H,Seed / bundle entry; exact current template and legal basis need QA,"MCA,CORP,LAW",https://www.mca.gov.in/
A002,F01,Companies,MGT-7 / MGT-7A,Return,A,Indian companies; obligations differ by class and event,"Seed entry: confirm exact current provision, entity role and template before activation.",MCA V3,P/S/H,Seed / bundle entry; exact current template and legal basis need QA,"MCA,CORP,LAW",https://www.mca.gov.in/
A003,F01,Companies,MGT-8,Professional certificate,"A, conditional",Indian companies; obligations differ by class and event,"Seed entry: confirm exact current provision, entity role and template before activation.",MCA V3,P/S/H,Seed / bundle entry; exact current template and legal basis need QA,"MCA,CORP,LAW",https://www.mca.gov.in/
A004,F01,Companies,ADT-1,Notice,"E, auditor appointment",Indian companies; obligations differ by class and event,"Seed entry: confirm exact current provision, entity role and template before activation.",MCA V3,P/S/H,Seed / bundle entry; exact current template and legal basis need QA,"MCA,CORP,LAW",https://www.mca.gov.in/
A005,F01,Companies,DIR-12,Return,"E, director change",Indian companies; obligations differ by class and event,"Seed entry: confirm exact current provision, entity role and template before activation.",MCA V3,P/S/H,Seed / bundle entry; exact current template and legal basis need QA,"MCA,CORP,LAW",https://www.mca.gov.in/
A006,F01,Companies,DIR-3 KYC Web,KYC,3-year / E,Indian companies; obligations differ by class and event,New cycle effective 31 March 2026,MCA V3,P/S/H,Seed / bundle entry; exact current template and legal basis need QA,"MCA,CORP,LAW",https://www.mca.gov.in/
A007,F01,Companies,no blanket annual task.,Record / form,A/H/E/C; KYC 3-year,Indian companies; obligations differ by class and event,"Seed entry: confirm exact current provision, entity role and template before activation.",MCA V3,P/S/H,Seed / bundle entry; exact current template and legal basis need QA,"MCA,CORP,LAW",https://www.mca.gov.in/
A008,F01,Companies,DPT-3,Return,"A, conditional",Indian companies; obligations differ by class and event,"Seed entry: confirm exact current provision, entity role and template before activation.",MCA V3,P/S/H,Seed / bundle entry; exact current template and legal basis need QA,"MCA,CORP,LAW",https://www.mca.gov.in/
A009,F01,Companies,MSME-1,Return,"H, conditional",Indian companies; obligations differ by class and event,Companies-law filing,MCA V3,P/S/H,Seed / bundle entry; exact current template and legal basis need QA,"MCA,CORP,LAW",https://www.mca.gov.in/
A010,F01,Companies,link payment data from F04.,Record / form,A/H/E/C; KYC 3-year,Indian companies; obligations differ by class and event,"Seed entry: confirm exact current provision, entity role and template before activation.",MCA V3,P/S/H,Seed / bundle entry; exact current template and legal basis need QA,"MCA,CORP,LAW",https://www.mca.gov.in/
A011,F01,Companies,PAS-3,Return,"E, allotment",Indian companies; obligations differ by class and event,"Seed entry: confirm exact current provision, entity role and template before activation.",MCA V3,P/S/H,Seed / bundle entry; exact current template and legal basis need QA,"MCA,CORP,LAW",https://www.mca.gov.in/
A012,F01,Companies,PAS-6,Return,"H, conditional",Indian companies; obligations differ by class and event,"Seed entry: confirm exact current provision, entity role and template before activation.",MCA V3,P/S/H,Seed / bundle entry; exact current template and legal basis need QA,"MCA,CORP,LAW",https://www.mca.gov.in/
A013,F01,Companies,MGT-14,Return,"E, specified resolution",Indian companies; obligations differ by class and event,"Seed entry: confirm exact current provision, entity role and template before activation.",MCA V3,P/S/H,Seed / bundle entry; exact current template and legal basis need QA,"MCA,CORP,LAW",https://www.mca.gov.in/
A014,F01,Companies,CHG-1 / CHG-9,Application,"E, charge creation/change",Indian companies; obligations differ by class and event,"Seed entry: confirm exact current provision, entity role and template before activation.",MCA V3,P/S/H,Seed / bundle entry; exact current template and legal basis need QA,"MCA,CORP,LAW",https://www.mca.gov.in/
A015,F01,Companies,CHG-4,Intimation,"E, charge satisfaction",Indian companies; obligations differ by class and event,"Seed entry: confirm exact current provision, entity role and template before activation.",MCA V3,P/S/H,Seed / bundle entry; exact current template and legal basis need QA,"MCA,CORP,LAW",https://www.mca.gov.in/
A016,F01,Companies,BEN-1,Declaration,"E, SBO trigger",Indian companies; obligations differ by class and event,"Seed entry: confirm exact current provision, entity role and template before activation.",MCA V3,P/S/H,Seed / bundle entry; exact current template and legal basis need QA,"MCA,CORP,LAW",https://www.mca.gov.in/
A017,F01,Companies,BEN-2,Return,"E, SBO declaration",Indian companies; obligations differ by class and event,"Seed entry: confirm exact current provision, entity role and template before activation.",MCA V3,P/S/H,Seed / bundle entry; exact current template and legal basis need QA,"MCA,CORP,LAW",https://www.mca.gov.in/
A018,F01,Companies,BEN-3,Register,C,Indian companies; obligations differ by class and event,"Seed entry: confirm exact current provision, entity role and template before activation.",MCA V3,P/S/H,Seed / bundle entry; exact current template and legal basis need QA,"MCA,CORP,LAW",https://www.mca.gov.in/
A019,F01,Companies,MGT-4 / MGT-5,Declaration,"E, beneficial interest",Indian companies; obligations differ by class and event,"Seed entry: confirm exact current provision, entity role and template before activation.",MCA V3,P/S/H,Seed / bundle entry; exact current template and legal basis need QA,"MCA,CORP,LAW",https://www.mca.gov.in/
A020,F01,Companies,MGT-6,Return,"E, beneficial-interest declaration",Indian companies; obligations differ by class and event,"Seed entry: confirm exact current provision, entity role and template before activation.",MCA V3,P/S/H,Seed / bundle entry; exact current template and legal basis need QA,"MCA,CORP,LAW",https://www.mca.gov.in/
A021,F01,Companies,CSR-2,Report,"A, conditional",Indian companies; obligations differ by class and event,"Seed entry: confirm exact current provision, entity role and template before activation.",MCA V3,P/S/H,Seed / bundle entry; exact current template and legal basis need QA,"MCA,CORP,LAW",https://www.mca.gov.in/
A022,F01,Companies,CRA-2,Intimation,"E, cost auditor",Indian companies; obligations differ by class and event,"Seed entry: confirm exact current provision, entity role and template before activation.",MCA V3,P/S/H,Seed / bundle entry; exact current template and legal basis need QA,"MCA,CORP,LAW",https://www.mca.gov.in/
A023,F01,Companies,CRA-4,Report,"A, conditional",Indian companies; obligations differ by class and event,"Seed entry: confirm exact current provision, entity role and template before activation.",MCA V3,P/S/H,Seed / bundle entry; exact current template and legal basis need QA,"MCA,CORP,LAW",https://www.mca.gov.in/
A024,F01,Companies,MR-3,Professional report,"A, conditional",Indian companies; obligations differ by class and event,"Seed entry: confirm exact current provision, entity role and template before activation.",MCA V3,P/S/H,Seed / bundle entry; exact current template and legal basis need QA,"MCA,CORP,LAW",https://www.mca.gov.in/
A025,F01,Companies,IEPF transfer / disclosure forms,Return bundle,"A/E, conditional",Indian companies; obligations differ by class and event,"Seed entry: confirm exact current provision, entity role and template before activation.",MCA V3,P/S/H,Seed / bundle entry; exact current template and legal basis need QA,"MCA,CORP,LAW",https://www.mca.gov.in/
A026,F01,Companies,INC-20A,Declaration,"E, commencement",Indian companies; obligations differ by class and event,"Seed entry: confirm exact current provision, entity role and template before activation.",MCA V3,P/S/H,Seed / bundle entry; exact current template and legal basis need QA,"MCA,CORP,LAW",https://www.mca.gov.in/
A027,F01,Companies,INC-22,Notice,"E, registered office",Indian companies; obligations differ by class and event,"Seed entry: confirm exact current provision, entity role and template before activation.",MCA V3,P/S/H,Seed / bundle entry; exact current template and legal basis need QA,"MCA,CORP,LAW",https://www.mca.gov.in/
A028,F01,Companies,MBP-1,Disclosure,"A/E, applicable directors",Indian companies; obligations differ by class and event,"Seed entry: confirm exact current provision, entity role and template before activation.",MCA V3,P/S/H,Seed / bundle entry; exact current template and legal basis need QA,"MCA,CORP,LAW",https://www.mca.gov.in/
A029,F01,Companies,Statutory registers and board / general-meeting minutes,Record,C/E,Indian companies; obligations differ by class and event,"Seed entry: confirm exact current provision, entity role and template before activation.",MCA V3,P/S/H,Seed / bundle entry; exact current template and legal basis need QA,"MCA,CORP,LAW",https://www.mca.gov.in/
A030,F02,Limited liability partnerships,LLP Form 8,Statement,A,Registered LLPs,"Seed entry: confirm exact current provision, entity role and template before activation.",MCA V3,P/S/H,Seed / bundle entry; exact current template and legal basis need QA,"MCA,LAW",https://www.mca.gov.in/
A031,F02,Limited liability partnerships,LLP Form 11,Return,A,Registered LLPs,"Seed entry: confirm exact current provision, entity role and template before activation.",MCA V3,P/S/H,Seed / bundle entry; exact current template and legal basis need QA,"MCA,LAW",https://www.mca.gov.in/
A032,F02,Limited liability partnerships,LLP Form 3,Filing,"E, agreement",Registered LLPs,"Seed entry: confirm exact current provision, entity role and template before activation.",MCA V3,P/S/H,Seed / bundle entry; exact current template and legal basis need QA,"MCA,LAW",https://www.mca.gov.in/
A033,F02,Limited liability partnerships,LLP Form 4,Filing,"E, partner change",Registered LLPs,"Seed entry: confirm exact current provision, entity role and template before activation.",MCA V3,P/S/H,Seed / bundle entry; exact current template and legal basis need QA,"MCA,LAW",https://www.mca.gov.in/
A034,F02,Limited liability partnerships,LLP Form 15,Notice,"E, address",Registered LLPs,"Seed entry: confirm exact current provision, entity role and template before activation.",MCA V3,P/S/H,Seed / bundle entry; exact current template and legal basis need QA,"MCA,LAW",https://www.mca.gov.in/
A035,F02,Limited liability partnerships,LLP beneficial-interest / SBO records,Record,C/E,Registered LLPs,"Seed entry: confirm exact current provision, entity role and template before activation.",MCA V3,P/S/H,Seed / bundle entry; exact current template and legal basis need QA,"MCA,LAW",https://www.mca.gov.in/
A036,F03,Partnership firms,Partnership registration application,Application,E,Partnerships where registration / alteration / notice is applicable,"Seed entry: confirm exact current provision, entity role and template before activation.",State RoF / single-window portal,P/S/H,Seed / bundle entry; exact current template and legal basis need QA,"LAW,NSWS",https://indiacode.gov.in/
A037,F03,Partnership firms,Partner / constitution change notice,Notice,E,Partnerships where registration / alteration / notice is applicable,"Seed entry: confirm exact current provision, entity role and template before activation.",State RoF / single-window portal,P/S/H,Seed / bundle entry; exact current template and legal basis need QA,"LAW,NSWS",https://indiacode.gov.in/
A038,F03,Partnership firms,Dissolution notice,Notice,E,Partnerships where registration / alteration / notice is applicable,"Seed entry: confirm exact current provision, entity role and template before activation.",State RoF / single-window portal,P/S/H,Seed / bundle entry; exact current template and legal basis need QA,"LAW,NSWS",https://indiacode.gov.in/
A039,F03,Partnership firms,Partnership deed and amendments,Record,E,Partnerships where registration / alteration / notice is applicable,"Seed entry: confirm exact current provision, entity role and template before activation.",State RoF / single-window portal,P/S/H,Seed / bundle entry; exact current template and legal basis need QA,"LAW,NSWS",https://indiacode.gov.in/
A040,F04,MSME delayed-payment controls,MSME supplier-status evidence,Evidence,Onboarding/E,Buyers dealing with eligible micro and small enterprise suppliers,"Seed entry: confirm exact current provision, entity role and template before activation.",MSME Samadhaan / ODR; MCA,P/S/H,Seed / bundle entry; exact current template and legal basis need QA,"MSME,MCA",https://ramp.msme.gov.in/ramp/RAMP-initiative/msme-samadhaan/msme-samadhaan
A041,F04,MSME delayed-payment controls,Invoice acceptance and ageing ledger,Register,C/M,Buyers dealing with eligible micro and small enterprise suppliers,"Seed entry: confirm exact current provision, entity role and template before activation.",MSME Samadhaan / ODR; MCA,P/S/H,Seed / bundle entry; exact current template and legal basis need QA,"MSME,MCA",https://ramp.msme.gov.in/ramp/RAMP-initiative/msme-samadhaan/msme-samadhaan
A042,F04,MSME delayed-payment controls,Delayed-payment / interest computation,Calculation,M/E,Buyers dealing with eligible micro and small enterprise suppliers,"Seed entry: confirm exact current provision, entity role and template before activation.",MSME Samadhaan / ODR; MCA,P/S/H,Seed / bundle entry; exact current template and legal basis need QA,"MSME,MCA",https://ramp.msme.gov.in/ramp/RAMP-initiative/msme-samadhaan/msme-samadhaan
A043,F04,MSME delayed-payment controls,MSME-1 supporting schedule,Supporting record,"H, conditional",Buyers dealing with eligible micro and small enterprise suppliers,Actual filing belongs to F01,MSME Samadhaan / ODR; MCA,P/S/H,Seed / bundle entry; exact current template and legal basis need QA,"MSME,MCA",https://ramp.msme.gov.in/ramp/RAMP-initiative/msme-samadhaan/msme-samadhaan
A044,F04,MSME delayed-payment controls,do not count twice.,Record / form,C/M/H/E,Buyers dealing with eligible micro and small enterprise suppliers,"Seed entry: confirm exact current provision, entity role and template before activation.",MSME Samadhaan / ODR; MCA,P/S/H,Seed / bundle entry; exact current template and legal basis need QA,"MSME,MCA",https://ramp.msme.gov.in/ramp/RAMP-initiative/msme-samadhaan/msme-samadhaan
A045,F04,MSME delayed-payment controls,MSEFC claim bundle,Dispute application,"E, optional remedy",Buyers dealing with eligible micro and small enterprise suppliers,"Seed entry: confirm exact current provision, entity role and template before activation.",MSME Samadhaan / ODR; MCA,P/S/H,Seed / bundle entry; exact current template and legal basis need QA,"MSME,MCA",https://ramp.msme.gov.in/ramp/RAMP-initiative/msme-samadhaan/msme-samadhaan
A046,F05,GST,GSTR-1,Return,M/Q,Registered / registration-liable persons and special GST classes,"Seed entry: confirm exact current provision, entity role and template before activation.",GST portal; authorised GSP; e-invoice and e-waybill systems,P/I*/S/H,Seed / bundle entry; exact current template and legal basis need QA,"GST,GSTAPI",https://tutorial.gst.gov.in/userguide/returns/index.htm
A047,F05,GST,GSTR-1A,Optional amendment,"M, before relevant GSTR-3B",Registered / registration-liable persons and special GST classes,"Seed entry: confirm exact current provision, entity role and template before activation.",GST portal; authorised GSP; e-invoice and e-waybill systems,P/I*/S/H,Seed / bundle entry; exact current template and legal basis need QA,"GST,GSTAPI",https://tutorial.gst.gov.in/userguide/returns/index.htm
A048,F05,GST,GSTR-3B,Return,M/Q,Registered / registration-liable persons and special GST classes,"Seed entry: confirm exact current provision, entity role and template before activation.",GST portal; authorised GSP; e-invoice and e-waybill systems,P/I*/S/H,Seed / bundle entry; exact current template and legal basis need QA,"GST,GSTAPI",https://tutorial.gst.gov.in/userguide/returns/index.htm
A049,F05,GST,IFF,Optional facility,"M, QRMP conditions",Registered / registration-liable persons and special GST classes,"Seed entry: confirm exact current provision, entity role and template before activation.",GST portal; authorised GSP; e-invoice and e-waybill systems,P/I*/S/H,Seed / bundle entry; exact current template and legal basis need QA,"GST,GSTAPI",https://tutorial.gst.gov.in/userguide/returns/index.htm
A050,F05,GST,GSTR-9,Return,"A, conditional",Registered / registration-liable persons and special GST classes,"Seed entry: confirm exact current provision, entity role and template before activation.",GST portal; authorised GSP; e-invoice and e-waybill systems,P/I*/S/H,Seed / bundle entry; exact current template and legal basis need QA,"GST,GSTAPI",https://tutorial.gst.gov.in/userguide/returns/index.htm
A051,F05,GST,GSTR-9C,Reconciliation,"A, conditional",Registered / registration-liable persons and special GST classes,"Seed entry: confirm exact current provision, entity role and template before activation.",GST portal; authorised GSP; e-invoice and e-waybill systems,P/I*/S/H,Seed / bundle entry; exact current template and legal basis need QA,"GST,GSTAPI",https://tutorial.gst.gov.in/userguide/returns/index.htm
A052,F05,GST,GSTR-4,Return,"A, composition",Registered / registration-liable persons and special GST classes,"Seed entry: confirm exact current provision, entity role and template before activation.",GST portal; authorised GSP; e-invoice and e-waybill systems,P/I*/S/H,Seed / bundle entry; exact current template and legal basis need QA,"GST,GSTAPI",https://tutorial.gst.gov.in/userguide/returns/index.htm
A053,F05,GST,CMP-08,Statement/payment,"Q, composition",Registered / registration-liable persons and special GST classes,"Seed entry: confirm exact current provision, entity role and template before activation.",GST portal; authorised GSP; e-invoice and e-waybill systems,P/I*/S/H,Seed / bundle entry; exact current template and legal basis need QA,"GST,GSTAPI",https://tutorial.gst.gov.in/userguide/returns/index.htm
A054,F05,GST,GSTR-6,Return,"M, ISD",Registered / registration-liable persons and special GST classes,"Seed entry: confirm exact current provision, entity role and template before activation.",GST portal; authorised GSP; e-invoice and e-waybill systems,P/I*/S/H,Seed / bundle entry; exact current template and legal basis need QA,"GST,GSTAPI",https://tutorial.gst.gov.in/userguide/returns/index.htm
A055,F05,GST,GSTR-7,Return,"M, GST TDS",Registered / registration-liable persons and special GST classes,"Seed entry: confirm exact current provision, entity role and template before activation.",GST portal; authorised GSP; e-invoice and e-waybill systems,P/I*/S/H,Seed / bundle entry; exact current template and legal basis need QA,"GST,GSTAPI",https://tutorial.gst.gov.in/userguide/returns/index.htm
A056,F05,GST,GSTR-8,Statement,"M, e-commerce TCS",Registered / registration-liable persons and special GST classes,"Seed entry: confirm exact current provision, entity role and template before activation.",GST portal; authorised GSP; e-invoice and e-waybill systems,P/I*/S/H,Seed / bundle entry; exact current template and legal basis need QA,"GST,GSTAPI",https://tutorial.gst.gov.in/userguide/returns/index.htm
A057,F05,GST,RFD-01,Application,"E, refund",Registered / registration-liable persons and special GST classes,"Seed entry: confirm exact current provision, entity role and template before activation.",GST portal; authorised GSP; e-invoice and e-waybill systems,P/I*/S/H,Seed / bundle entry; exact current template and legal basis need QA,"GST,GSTAPI",https://tutorial.gst.gov.in/userguide/returns/index.htm
A058,F05,GST,RFD-11 / LUT,Undertaking,"A/E, export conditions",Registered / registration-liable persons and special GST classes,"Seed entry: confirm exact current provision, entity role and template before activation.",GST portal; authorised GSP; e-invoice and e-waybill systems,P/I*/S/H,Seed / bundle entry; exact current template and legal basis need QA,"GST,GSTAPI",https://tutorial.gst.gov.in/userguide/returns/index.htm
A059,F05,GST,REG-01,Application,"E, registration",Registered / registration-liable persons and special GST classes,"Seed entry: confirm exact current provision, entity role and template before activation.",GST portal; authorised GSP; e-invoice and e-waybill systems,P/I*/S/H,Seed / bundle entry; exact current template and legal basis need QA,"GST,GSTAPI",https://tutorial.gst.gov.in/userguide/returns/index.htm
A060,F05,GST,EWB-01 / e-waybill,Movement artifact,T,Registered / registration-liable persons and special GST classes,"Seed entry: confirm exact current provision, entity role and template before activation.",GST portal; authorised GSP; e-invoice and e-waybill systems,P/I*/S/H,Seed / bundle entry; exact current template and legal basis need QA,"GST,GSTAPI",https://tutorial.gst.gov.in/userguide/returns/index.htm
A061,F05,GST,E-invoice IRN / signed invoice data,Transaction artifact,T,Registered / registration-liable persons and special GST classes,"Seed entry: confirm exact current provision, entity role and template before activation.",GST portal; authorised GSP; e-invoice and e-waybill systems,P/I*/S/H,Seed / bundle entry; exact current template and legal basis need QA,"GST,GSTAPI",https://tutorial.gst.gov.in/userguide/returns/index.htm
A062,F05,GST,GSTR-2B,Generated statement,M,Registered / registration-liable persons and special GST classes,Read/reconcile,GST portal; authorised GSP; e-invoice and e-waybill systems,P/I*/S/H,Seed / bundle entry; exact current template and legal basis need QA,"GST,GSTAPI",https://tutorial.gst.gov.in/userguide/returns/index.htm
A063,F05,GST,not a taxpayer-filed return.,Record / form,T/M/Q/A/E,Registered / registration-liable persons and special GST classes,"Seed entry: confirm exact current provision, entity role and template before activation.",GST portal; authorised GSP; e-invoice and e-waybill systems,P/I*/S/H,Seed / bundle entry; exact current template and legal basis need QA,"GST,GSTAPI",https://tutorial.gst.gov.in/userguide/returns/index.htm
A064,F06,"Income tax, TDS and TCS",Form 138 (new,Record / form,M/Q/A/T/E,"Taxpayers, deductors, collectors and specified reporting persons","Seed entry: confirm exact current provision, entity role and template before activation.",e-Filing; TRACES; authorised utilities / reporting portal,P/S/H,Seed / bundle entry; exact current template and legal basis need QA,"TAX,TAXTRANS,T138,T141",https://www.incometaxindia.gov.in/income-tax-act-20251_old
A065,F06,"Income tax, TDS and TCS",earlier 24Q),TDS statement,Q,"Taxpayers, deductors, collectors and specified reporting persons",New-regime salary / specified-bank reporting,e-Filing; TRACES; authorised utilities / reporting portal,P/S/H,Seed / bundle entry; exact current template and legal basis need QA,"TAX,TAXTRANS,T138,T141",https://www.incometaxindia.gov.in/income-tax-act-20251_old
A066,F06,"Income tax, TDS and TCS",manual checked.,Record / form,M/Q/A/T/E,"Taxpayers, deductors, collectors and specified reporting persons","Seed entry: confirm exact current provision, entity role and template before activation.",e-Filing; TRACES; authorised utilities / reporting portal,P/S/H,Seed / bundle entry; exact current template and legal basis need QA,"TAX,TAXTRANS,T138,T141",https://www.incometaxindia.gov.in/income-tax-act-20251_old
A067,F06,"Income tax, TDS and TCS",Form 140 (new,Record / form,M/Q/A/T/E,"Taxpayers, deductors, collectors and specified reporting persons","Seed entry: confirm exact current provision, entity role and template before activation.",e-Filing; TRACES; authorised utilities / reporting portal,P/S/H,Seed / bundle entry; exact current template and legal basis need QA,"TAX,TAXTRANS,T138,T141",https://www.incometaxindia.gov.in/income-tax-act-20251_old
A068,F06,"Income tax, TDS and TCS",earlier 26Q),TDS statement,Q,"Taxpayers, deductors, collectors and specified reporting persons",Validate current crosswalk / utility.,e-Filing; TRACES; authorised utilities / reporting portal,P/S/H,Seed / bundle entry; exact current template and legal basis need QA,"TAX,TAXTRANS,T138,T141",https://www.incometaxindia.gov.in/income-tax-act-20251_old
A069,F06,"Income tax, TDS and TCS",Form 143 (new,Record / form,M/Q/A/T/E,"Taxpayers, deductors, collectors and specified reporting persons","Seed entry: confirm exact current provision, entity role and template before activation.",e-Filing; TRACES; authorised utilities / reporting portal,P/S/H,Seed / bundle entry; exact current template and legal basis need QA,"TAX,TAXTRANS,T138,T141",https://www.incometaxindia.gov.in/income-tax-act-20251_old
A070,F06,"Income tax, TDS and TCS",earlier 27EQ),TCS statement,Q,"Taxpayers, deductors, collectors and specified reporting persons",Validate current crosswalk / utility.,e-Filing; TRACES; authorised utilities / reporting portal,P/S/H,Seed / bundle entry; exact current template and legal basis need QA,"TAX,TAXTRANS,T138,T141",https://www.incometaxindia.gov.in/income-tax-act-20251_old
A071,F06,"Income tax, TDS and TCS",Form 144 (new,Record / form,M/Q/A/T/E,"Taxpayers, deductors, collectors and specified reporting persons","Seed entry: confirm exact current provision, entity role and template before activation.",e-Filing; TRACES; authorised utilities / reporting portal,P/S/H,Seed / bundle entry; exact current template and legal basis need QA,"TAX,TAXTRANS,T138,T141",https://www.incometaxindia.gov.in/income-tax-act-20251_old
A072,F06,"Income tax, TDS and TCS",earlier 27Q),TDS statement,Q,"Taxpayers, deductors, collectors and specified reporting persons",Validate current crosswalk / utility.,e-Filing; TRACES; authorised utilities / reporting portal,P/S/H,Seed / bundle entry; exact current template and legal basis need QA,"TAX,TAXTRANS,T138,T141",https://www.incometaxindia.gov.in/income-tax-act-20251_old
A073,F06,"Income tax, TDS and TCS",Form 141 (new consolidated form),Challan-cum-statement,T/E,"Taxpayers, deductors, collectors and specified reporting persons",Select applicable schedule and tax-year regime.,e-Filing; TRACES; authorised utilities / reporting portal,P/S/H,Seed / bundle entry; exact current template and legal basis need QA,"TAX,TAXTRANS,T138,T141",https://www.incometaxindia.gov.in/income-tax-act-20251_old
A074,F06,"Income tax, TDS and TCS",24Q / 26Q / 27Q / 27EQ (saved periods),Legacy statement bundle,Q/correction,"Taxpayers, deductors, collectors and specified reporting persons",Retain for old periods,e-Filing; TRACES; authorised utilities / reporting portal,P/S/H,Seed / bundle entry; exact current template and legal basis need QA,"TAX,TAXTRANS,T138,T141",https://www.incometaxindia.gov.in/income-tax-act-20251_old
A075,F06,"Income tax, TDS and TCS",not default for new tax years.,Record / form,M/Q/A/T/E,"Taxpayers, deductors, collectors and specified reporting persons","Seed entry: confirm exact current provision, entity role and template before activation.",e-Filing; TRACES; authorised utilities / reporting portal,P/S/H,Seed / bundle entry; exact current template and legal basis need QA,"TAX,TAXTRANS,T138,T141",https://www.incometaxindia.gov.in/income-tax-act-20251_old
A076,F06,"Income tax, TDS and TCS",Applicable ITR schema,Return,A,"Taxpayers, deductors, collectors and specified reporting persons",Select Act and period,e-Filing; TRACES; authorised utilities / reporting portal,P/S/H,Seed / bundle entry; exact current template and legal basis need QA,"TAX,TAXTRANS,T138,T141",https://www.incometaxindia.gov.in/income-tax-act-20251_old
A077,F06,"Income tax, TDS and TCS",FY 2025-26 return remains under saved regime.,Record / form,M/Q/A/T/E,"Taxpayers, deductors, collectors and specified reporting persons","Seed entry: confirm exact current provision, entity role and template before activation.",e-Filing; TRACES; authorised utilities / reporting portal,P/S/H,Seed / bundle entry; exact current template and legal basis need QA,"TAX,TAXTRANS,T138,T141",https://www.incometaxindia.gov.in/income-tax-act-20251_old
A078,F06,"Income tax, TDS and TCS",3CA / 3CB / 3CD (saved periods),Audit report bundle,"A, conditional","Taxpayers, deductors, collectors and specified reporting persons",Do not apply legacy numbers blindly to new-regime periods.,e-Filing; TRACES; authorised utilities / reporting portal,P/S/H,Seed / bundle entry; exact current template and legal basis need QA,"TAX,TAXTRANS,T138,T141",https://www.incometaxindia.gov.in/income-tax-act-20251_old
A079,F06,"Income tax, TDS and TCS","TDS certificates, regime-specific",Certificate,"A/Q, as applicable","Taxpayers, deductors, collectors and specified reporting persons","Seed entry: confirm exact current provision, entity role and template before activation.",e-Filing; TRACES; authorised utilities / reporting portal,P/S/H,Seed / bundle entry; exact current template and legal basis need QA,"TAX,TAXTRANS,T138,T141",https://www.incometaxindia.gov.in/income-tax-act-20251_old
A080,F06,"Income tax, TDS and TCS",Tax payment challan,Payment,"M/Q/E, as applicable","Taxpayers, deductors, collectors and specified reporting persons","Seed entry: confirm exact current provision, entity role and template before activation.",e-Filing; TRACES; authorised utilities / reporting portal,P/S/H,Seed / bundle entry; exact current template and legal basis need QA,"TAX,TAXTRANS,T138,T141",https://www.incometaxindia.gov.in/income-tax-act-20251_old
A081,F06,"Income tax, TDS and TCS",Remittance declaration / accountant certificate,Declaration,"T/E, conditional","Taxpayers, deductors, collectors and specified reporting persons",Resolve current form mapping,e-Filing; TRACES; authorised utilities / reporting portal,P/S/H,Seed / bundle entry; exact current template and legal basis need QA,"TAX,TAXTRANS,T138,T141",https://www.incometaxindia.gov.in/income-tax-act-20251_old
A082,F06,"Income tax, TDS and TCS",professional approval where required.,Record / form,M/Q/A/T/E,"Taxpayers, deductors, collectors and specified reporting persons","Seed entry: confirm exact current provision, entity role and template before activation.",e-Filing; TRACES; authorised utilities / reporting portal,P/S/H,Seed / bundle entry; exact current template and legal basis need QA,"TAX,TAXTRANS,T138,T141",https://www.incometaxindia.gov.in/income-tax-act-20251_old
A083,F06,"Income tax, TDS and TCS",SFT / transfer-pricing / other specified reports,Specialist report bundle,"A/E, conditional","Taxpayers, deductors, collectors and specified reporting persons",Separate sublibraries,e-Filing; TRACES; authorised utilities / reporting portal,P/S/H,Seed / bundle entry; exact current template and legal basis need QA,"TAX,TAXTRANS,T138,T141",https://www.incometaxindia.gov.in/income-tax-act-20251_old
A084,F06,"Income tax, TDS and TCS",exact forms and thresholds require review.,Record / form,M/Q/A/T/E,"Taxpayers, deductors, collectors and specified reporting persons","Seed entry: confirm exact current provision, entity role and template before activation.",e-Filing; TRACES; authorised utilities / reporting portal,P/S/H,Seed / bundle entry; exact current template and legal basis need QA,"TAX,TAXTRANS,T138,T141",https://www.incometaxindia.gov.in/income-tax-act-20251_old
A085,F07,Customs,Bill of Entry,Declaration,T,"Importers, exporters, carriers, warehouses and concession users by role","Seed entry: confirm exact current provision, entity role and template before activation.",ICEGATE / ICEGATE partner systems,P/S/H,Seed / bundle entry; exact current template and legal basis need QA,"CUSTOMS,LAW",https://www.icegate.gov.in/
A086,F07,Customs,Shipping Bill,Declaration,T,"Importers, exporters, carriers, warehouses and concession users by role","Seed entry: confirm exact current provision, entity role and template before activation.",ICEGATE / ICEGATE partner systems,P/S/H,Seed / bundle entry; exact current template and legal basis need QA,"CUSTOMS,LAW",https://www.icegate.gov.in/
A087,F07,Customs,Import / export manifest,Carrier declaration,T,"Importers, exporters, carriers, warehouses and concession users by role","Carrier obligation, not automatically importer obligation.",ICEGATE / ICEGATE partner systems,P/S/H,Seed / bundle entry; exact current template and legal basis need QA,"CUSTOMS,LAW",https://www.icegate.gov.in/
A088,F07,Customs,Bond / warehouse inventory records,Record,"C/T, conditional","Importers, exporters, carriers, warehouses and concession users by role","Seed entry: confirm exact current provision, entity role and template before activation.",ICEGATE / ICEGATE partner systems,P/S/H,Seed / bundle entry; exact current template and legal basis need QA,"CUSTOMS,LAW",https://www.icegate.gov.in/
A089,F07,Customs,Concessional import consumption statement,Return,"Periodic, rule-specific","Importers, exporters, carriers, warehouses and concession users by role","Seed entry: confirm exact current provision, entity role and template before activation.",ICEGATE / ICEGATE partner systems,P/S/H,Seed / bundle entry; exact current template and legal basis need QA,"CUSTOMS,LAW",https://www.icegate.gov.in/
A090,F07,Customs,Duty challan and clearance order,Payment/evidence,T,"Importers, exporters, carriers, warehouses and concession users by role","Seed entry: confirm exact current provision, entity role and template before activation.",ICEGATE / ICEGATE partner systems,P/S/H,Seed / bundle entry; exact current template and legal basis need QA,"CUSTOMS,LAW",https://www.icegate.gov.in/
A091,F08,Foreign trade / DGFT,IEC application / annual confirmation,Application/confirmation,A/E,"Importers/exporters; licence, incentive and authorisation holders","Seed entry: confirm exact current provision, entity role and template before activation.",DGFT online services,P/S/H,Seed / bundle entry; exact current template and legal basis need QA,DGFT,https://content.dgft.gov.in/Website/dgftprod/74893b60-2434-4b7c-b90d-ee9fe0eb7320/Notification%2058%20Date%2012-02-2021%20English.pdf
A092,F08,Foreign trade / DGFT,ANF authorisation applications,Application bundle,"E, scheme-specific","Importers/exporters; licence, incentive and authorisation holders","Seed entry: confirm exact current provision, entity role and template before activation.",DGFT online services,P/S/H,Seed / bundle entry; exact current template and legal basis need QA,DGFT,https://content.dgft.gov.in/Website/dgftprod/74893b60-2434-4b7c-b90d-ee9fe0eb7320/Notification%2058%20Date%2012-02-2021%20English.pdf
A093,F08,Foreign trade / DGFT,e-BRC,Certificate/evidence,T,"Importers/exporters; licence, incentive and authorisation holders","Bank/authorised source evidence, not a universal taxpayer return.",DGFT online services,P/S/H,Seed / bundle entry; exact current template and legal basis need QA,DGFT,https://content.dgft.gov.in/Website/dgftprod/74893b60-2434-4b7c-b90d-ee9fe0eb7320/Notification%2058%20Date%2012-02-2021%20English.pdf
A094,F08,Foreign trade / DGFT,Export obligation / EODC submission,Discharge application,Milestone/E,"Importers/exporters; licence, incentive and authorisation holders","Seed entry: confirm exact current provision, entity role and template before activation.",DGFT online services,P/S/H,Seed / bundle entry; exact current template and legal basis need QA,DGFT,https://content.dgft.gov.in/Website/dgftprod/74893b60-2434-4b7c-b90d-ee9fe0eb7320/Notification%2058%20Date%2012-02-2021%20English.pdf
A095,F08,Foreign trade / DGFT,RCMC / renewal documentation,Registration,"L, conditional","Importers/exporters; licence, incentive and authorisation holders","Seed entry: confirm exact current provision, entity role and template before activation.",DGFT online services,P/S/H,Seed / bundle entry; exact current template and legal basis need QA,DGFT,https://content.dgft.gov.in/Website/dgftprod/74893b60-2434-4b7c-b90d-ee9fe0eb7320/Notification%2058%20Date%2012-02-2021%20English.pdf
A096,F09,Foreign exchange / cross-border investment,FC-GPR,Return,"E, eligible issuance","Foreign investment, overseas investment, ECB and covered forex transactions","Seed entry: confirm exact current provision, entity role and template before activation.",FIRMS; FLAIR; AD-bank reporting routes,P/S/H,Seed / bundle entry; exact current template and legal basis need QA,FEMA,https://www.rbi.org.in/Scripts/BS_ViewMasDirections.aspx?id=10202
A097,F09,Foreign exchange / cross-border investment,FC-TRS,Return,"E, eligible transfer","Foreign investment, overseas investment, ECB and covered forex transactions","Seed entry: confirm exact current provision, entity role and template before activation.",FIRMS; FLAIR; AD-bank reporting routes,P/S/H,Seed / bundle entry; exact current template and legal basis need QA,FEMA,https://www.rbi.org.in/Scripts/BS_ViewMasDirections.aspx?id=10202
A098,F09,Foreign exchange / cross-border investment,Form DI,Return,"E, downstream investment","Foreign investment, overseas investment, ECB and covered forex transactions","Seed entry: confirm exact current provision, entity role and template before activation.",FIRMS; FLAIR; AD-bank reporting routes,P/S/H,Seed / bundle entry; exact current template and legal basis need QA,FEMA,https://www.rbi.org.in/Scripts/BS_ViewMasDirections.aspx?id=10202
A099,F09,Foreign exchange / cross-border investment,LLP-I / LLP-II,Return bundle,"E, foreign investment/transfer","Foreign investment, overseas investment, ECB and covered forex transactions","Seed entry: confirm exact current provision, entity role and template before activation.",FIRMS; FLAIR; AD-bank reporting routes,P/S/H,Seed / bundle entry; exact current template and legal basis need QA,FEMA,https://www.rbi.org.in/Scripts/BS_ViewMasDirections.aspx?id=10202
A100,F09,Foreign exchange / cross-border investment,ESOP / CN reporting,Return bundle,"E, conditional","Foreign investment, overseas investment, ECB and covered forex transactions","Seed entry: confirm exact current provision, entity role and template before activation.",FIRMS; FLAIR; AD-bank reporting routes,P/S/H,Seed / bundle entry; exact current template and legal basis need QA,FEMA,https://www.rbi.org.in/Scripts/BS_ViewMasDirections.aspx?id=10202
A101,F09,Foreign exchange / cross-border investment,FLA return,Return,"A, conditional","Foreign investment, overseas investment, ECB and covered forex transactions","Seed entry: confirm exact current provision, entity role and template before activation.",FIRMS; FLAIR; AD-bank reporting routes,P/S/H,Seed / bundle entry; exact current template and legal basis need QA,FEMA,https://www.rbi.org.in/Scripts/BS_ViewMasDirections.aspx?id=10202
A102,F09,Foreign exchange / cross-border investment,Overseas investment Form FC,Report,"E, applicable transaction","Foreign investment, overseas investment, ECB and covered forex transactions","Seed entry: confirm exact current provision, entity role and template before activation.",FIRMS; FLAIR; AD-bank reporting routes,P/S/H,Seed / bundle entry; exact current template and legal basis need QA,FEMA,https://www.rbi.org.in/Scripts/BS_ViewMasDirections.aspx?id=10202
A103,F09,Foreign exchange / cross-border investment,Annual Performance Report (APR),Report,"A, conditional","Foreign investment, overseas investment, ECB and covered forex transactions","Seed entry: confirm exact current provision, entity role and template before activation.",FIRMS; FLAIR; AD-bank reporting routes,P/S/H,Seed / bundle entry; exact current template and legal basis need QA,FEMA,https://www.rbi.org.in/Scripts/BS_ViewMasDirections.aspx?id=10202
A104,F09,Foreign exchange / cross-border investment,ECB / ECB-2,Report bundle,"E/M, conditional","Foreign investment, overseas investment, ECB and covered forex transactions","Seed entry: confirm exact current provision, entity role and template before activation.",FIRMS; FLAIR; AD-bank reporting routes,P/S/H,Seed / bundle entry; exact current template and legal basis need QA,FEMA,https://www.rbi.org.in/Scripts/BS_ViewMasDirections.aspx?id=10202
A105,F09,Foreign exchange / cross-border investment,SOFTEX,Declaration,"T/periodic, conditional","Foreign investment, overseas investment, ECB and covered forex transactions","Seed entry: confirm exact current provision, entity role and template before activation.",FIRMS; FLAIR; AD-bank reporting routes,P/S/H,Seed / bundle entry; exact current template and legal basis need QA,FEMA,https://www.rbi.org.in/Scripts/BS_ViewMasDirections.aspx?id=10202
A106,F10,Residual state VAT / CST,State VAT return,Return,"M/Q/A, state/class-specific",Dealers in commodities remaining outside relevant GST levy,"Seed entry: confirm exact current provision, entity role and template before activation.",Relevant state commercial-tax portal,P/S/H,Seed / bundle entry; exact current template and legal basis need QA,"LAW,NSWS",https://indiacode.gov.in/
A107,F10,Residual state VAT / CST,VAT payment challan,Payment,"M/Q, state-specific",Dealers in commodities remaining outside relevant GST levy,"Seed entry: confirm exact current provision, entity role and template before activation.",Relevant state commercial-tax portal,P/S/H,Seed / bundle entry; exact current template and legal basis need QA,"LAW,NSWS",https://indiacode.gov.in/
A108,F10,Residual state VAT / CST,CST declaration / C-form workflow,Declaration,"T/periodic, eligible trade",Dealers in commodities remaining outside relevant GST levy,"Seed entry: confirm exact current provision, entity role and template before activation.",Relevant state commercial-tax portal,P/S/H,Seed / bundle entry; exact current template and legal basis need QA,"LAW,NSWS",https://indiacode.gov.in/
A109,F10,Residual state VAT / CST,Commodity stock / sales register,Register,C,Dealers in commodities remaining outside relevant GST levy,"Seed entry: confirm exact current provision, entity role and template before activation.",Relevant state commercial-tax portal,P/S/H,Seed / bundle entry; exact current template and legal basis need QA,"LAW,NSWS",https://indiacode.gov.in/
A110,F11,Professional tax,PT registration / enrolment,Application,E,Employers / persons in states imposing applicable levy,"Seed entry: confirm exact current provision, entity role and template before activation.",State PT / commercial-tax portal,P/S/H,Seed / bundle entry; exact current template and legal basis need QA,"LAW,NSWS",https://indiacode.gov.in/
A111,F11,Professional tax,PT deduction register,Register,Payroll,Employers / persons in states imposing applicable levy,"Seed entry: confirm exact current provision, entity role and template before activation.",State PT / commercial-tax portal,P/S/H,Seed / bundle entry; exact current template and legal basis need QA,"LAW,NSWS",https://indiacode.gov.in/
A112,F11,Professional tax,PT challan,Payment,"M/Q/A, state-specific",Employers / persons in states imposing applicable levy,"Seed entry: confirm exact current provision, entity role and template before activation.",State PT / commercial-tax portal,P/S/H,Seed / bundle entry; exact current template and legal basis need QA,"LAW,NSWS",https://indiacode.gov.in/
A113,F11,Professional tax,PT return,Return,"M/Q/A, state-specific",Employers / persons in states imposing applicable levy,"Seed entry: confirm exact current provision, entity role and template before activation.",State PT / commercial-tax portal,P/S/H,Seed / bundle entry; exact current template and legal basis need QA,"LAW,NSWS",https://indiacode.gov.in/
A114,F12,Stamp duty and registration,E-stamp / stamp payment certificate,Payment evidence,T,Stampable instruments and compulsorily registrable transactions,"Seed entry: confirm exact current provision, entity role and template before activation.",State IGR / e-stamping channels,P/S/H,Seed / bundle entry; exact current template and legal basis need QA,"LAW,NSWS",https://indiacode.gov.in/
A115,F12,Stamp duty and registration,Document-registration application,Application,T,Stampable instruments and compulsorily registrable transactions,"Seed entry: confirm exact current provision, entity role and template before activation.",State IGR / e-stamping channels,P/S/H,Seed / bundle entry; exact current template and legal basis need QA,"LAW,NSWS",https://indiacode.gov.in/
A116,F12,Stamp duty and registration,Duty adjudication / valuation submission,Application,"E, conditional",Stampable instruments and compulsorily registrable transactions,"Seed entry: confirm exact current provision, entity role and template before activation.",State IGR / e-stamping channels,P/S/H,Seed / bundle entry; exact current template and legal basis need QA,"LAW,NSWS",https://indiacode.gov.in/
A117,F12,Stamp duty and registration,Registered instrument / index / receipt,Authority output,T,Stampable instruments and compulsorily registrable transactions,"Seed entry: confirm exact current provision, entity role and template before activation.",State IGR / e-stamping channels,P/S/H,Seed / bundle entry; exact current template and legal basis need QA,"LAW,NSWS",https://indiacode.gov.in/
A118,F13,Wages,Central Wages Form I,Employee register,C/E,"Covered employers / employees, with provision-specific scope",2026 central form,Shram Suvidha / relevant state labour system,P/S/H,Selected name/form checked; applicability and exact fields still need QA,WAGE,https://www.labour.gov.in/static/uploads/2026/05/6eb0c35ba63b776487a025e5123b6b12.pdf
A119,F13,Wages,resolve applicable government.,Record / form,D/Payroll/A/E,"Covered employers / employees, with provision-specific scope","Seed entry: confirm exact current provision, entity role and template before activation.",Shram Suvidha / relevant state labour system,P/S/H,Seed / bundle entry; exact current template and legal basis need QA,WAGE,https://www.labour.gov.in/static/uploads/2026/05/6eb0c35ba63b776487a025e5123b6b12.pdf
A120,F13,Wages,Central Wages Form IV,Wages / overtime / deductions register,Payroll,"Covered employers / employees, with provision-specific scope",2026 central form.,Shram Suvidha / relevant state labour system,P/S/H,Selected name/form checked; applicability and exact fields still need QA,WAGE,https://www.labour.gov.in/static/uploads/2026/05/6eb0c35ba63b776487a025e5123b6b12.pdf
A121,F13,Wages,Central Wages Form V,Wage slip,Payroll,"Covered employers / employees, with provision-specific scope",2026 central form.,Shram Suvidha / relevant state labour system,P/S/H,Selected name/form checked; applicability and exact fields still need QA,WAGE,https://www.labour.gov.in/static/uploads/2026/05/6eb0c35ba63b776487a025e5123b6b12.pdf
A122,F13,Wages,Central Wages Form IX,Attendance-cum-muster,D,"Covered employers / employees, with provision-specific scope",2026 central form.,Shram Suvidha / relevant state labour system,P/S/H,Selected name/form checked; applicability and exact fields still need QA,WAGE,https://www.labour.gov.in/static/uploads/2026/05/6eb0c35ba63b776487a025e5123b6b12.pdf
A123,F13,Wages,Minimum-wage / overtime calculation evidence,Calculation,Payroll,"Covered employers / employees, with provision-specific scope","Seed entry: confirm exact current provision, entity role and template before activation.",Shram Suvidha / relevant state labour system,P/S/H,Seed / bundle entry; exact current template and legal basis need QA,WAGE,https://www.labour.gov.in/static/uploads/2026/05/6eb0c35ba63b776487a025e5123b6b12.pdf
A124,F13,Wages,Bonus determination / payment records,Record,"A, conditional","Covered employers / employees, with provision-specific scope","Seed entry: confirm exact current provision, entity role and template before activation.",Shram Suvidha / relevant state labour system,P/S/H,Seed / bundle entry; exact current template and legal basis need QA,WAGE,https://www.labour.gov.in/static/uploads/2026/05/6eb0c35ba63b776487a025e5123b6b12.pdf
A125,F14,Social security,EPFO ECR,Return/payment data,M,EPF/ESI/gratuity/maternity/compensation/cess and other chapters by separate applicability,Scheme/portal workflow,EPFO employer portal; ESIC; Shram Suvidha / state systems,P/S/H,Seed / bundle entry; exact current template and legal basis need QA,"SS,EPF,ESI",https://www.labour.gov.in/static/uploads/2026/05/49aa9b62c2125499c37399b90e969d67.pdf
A126,F14,Social security,resolve current legal transition.,Record / form,M/A/E/C,EPF/ESI/gratuity/maternity/compensation/cess and other chapters by separate applicability,"Seed entry: confirm exact current provision, entity role and template before activation.",EPFO employer portal; ESIC; Shram Suvidha / state systems,P/S/H,Seed / bundle entry; exact current template and legal basis need QA,"SS,EPF,ESI",https://www.labour.gov.in/static/uploads/2026/05/49aa9b62c2125499c37399b90e969d67.pdf
A127,F14,Social security,ESIC contribution data / challan,Return/payment data,M,EPF/ESI/gratuity/maternity/compensation/cess and other chapters by separate applicability,"Seed entry: confirm exact current provision, entity role and template before activation.",EPFO employer portal; ESIC; Shram Suvidha / state systems,P/S/H,Seed / bundle entry; exact current template and legal basis need QA,"SS,EPF,ESI",https://www.labour.gov.in/static/uploads/2026/05/49aa9b62c2125499c37399b90e969d67.pdf
A128,F14,Social security,EPF / ESI member joining-exit data,Event report,E,EPF/ESI/gratuity/maternity/compensation/cess and other chapters by separate applicability,"Seed entry: confirm exact current provision, entity role and template before activation.",EPFO employer portal; ESIC; Shram Suvidha / state systems,P/S/H,Seed / bundle entry; exact current template and legal basis need QA,"SS,EPF,ESI",https://www.labour.gov.in/static/uploads/2026/05/49aa9b62c2125499c37399b90e969d67.pdf
A129,F14,Social security,Common Wages Forms I / IV / V / IX,Shared register bundle,D/Payroll/E,EPF/ESI/gratuity/maternity/compensation/cess and other chapters by separate applicability,Cross-reference F13,EPFO employer portal; ESIC; Shram Suvidha / state systems,P/S/H,Seed / bundle entry; exact current template and legal basis need QA,"SS,EPF,ESI",https://www.labour.gov.in/static/uploads/2026/05/49aa9b62c2125499c37399b90e969d67.pdf
A130,F14,Social security,do not duplicate shared records.,Record / form,M/A/E/C,EPF/ESI/gratuity/maternity/compensation/cess and other chapters by separate applicability,"Seed entry: confirm exact current provision, entity role and template before activation.",EPFO employer portal; ESIC; Shram Suvidha / state systems,P/S/H,Seed / bundle entry; exact current template and legal basis need QA,"SS,EPF,ESI",https://www.labour.gov.in/static/uploads/2026/05/49aa9b62c2125499c37399b90e969d67.pdf
A131,F14,Social security,Social Security Form XXII,Women employees register,C/E,EPF/ESI/gratuity/maternity/compensation/cess and other chapters by separate applicability,Selected central form checked.,EPFO employer portal; ESIC; Shram Suvidha / state systems,P/S/H,Selected name/form checked; applicability and exact fields still need QA,"SS,EPF,ESI",https://www.labour.gov.in/static/uploads/2026/05/49aa9b62c2125499c37399b90e969d67.pdf
A132,F14,Social security,Social Security Form XXIII,Integrated annual return,A,EPF/ESI/gratuity/maternity/compensation/cess and other chapters by separate applicability,Selected central form checked,EPFO employer portal; ESIC; Shram Suvidha / state systems,P/S/H,Selected name/form checked; applicability and exact fields still need QA,"SS,EPF,ESI",https://www.labour.gov.in/static/uploads/2026/05/49aa9b62c2125499c37399b90e969d67.pdf
A133,F14,Social security,not OSH Form XXIII.,Record / form,M/A/E/C,EPF/ESI/gratuity/maternity/compensation/cess and other chapters by separate applicability,"Seed entry: confirm exact current provision, entity role and template before activation.",EPFO employer portal; ESIC; Shram Suvidha / state systems,P/S/H,Seed / bundle entry; exact current template and legal basis need QA,"SS,EPF,ESI",https://www.labour.gov.in/static/uploads/2026/05/49aa9b62c2125499c37399b90e969d67.pdf
A134,F14,Social security,Gratuity nomination / benefit claim / payment records,Benefit bundle,E,EPF/ESI/gratuity/maternity/compensation/cess and other chapters by separate applicability,"Seed entry: confirm exact current provision, entity role and template before activation.",EPFO employer portal; ESIC; Shram Suvidha / state systems,P/S/H,Seed / bundle entry; exact current template and legal basis need QA,"SS,EPF,ESI",https://www.labour.gov.in/static/uploads/2026/05/49aa9b62c2125499c37399b90e969d67.pdf
A135,F14,Social security,Maternity benefit notices / payment records,Benefit bundle,E,EPF/ESI/gratuity/maternity/compensation/cess and other chapters by separate applicability,"Seed entry: confirm exact current provision, entity role and template before activation.",EPFO employer portal; ESIC; Shram Suvidha / state systems,P/S/H,Seed / bundle entry; exact current template and legal basis need QA,"SS,EPF,ESI",https://www.labour.gov.in/static/uploads/2026/05/49aa9b62c2125499c37399b90e969d67.pdf
A136,F14,Social security,Employment injury / compensation records,Benefit bundle,E,EPF/ESI/gratuity/maternity/compensation/cess and other chapters by separate applicability,"Seed entry: confirm exact current provision, entity role and template before activation.",EPFO employer portal; ESIC; Shram Suvidha / state systems,P/S/H,Seed / bundle entry; exact current template and legal basis need QA,"SS,EPF,ESI",https://www.labour.gov.in/static/uploads/2026/05/49aa9b62c2125499c37399b90e969d67.pdf
A137,F14,Social security,Construction cess assessment / payment data,Payment/report,"Project/periodic, conditional",EPF/ESI/gratuity/maternity/compensation/cess and other chapters by separate applicability,"Seed entry: confirm exact current provision, entity role and template before activation.",EPFO employer portal; ESIC; Shram Suvidha / state systems,P/S/H,Seed / bundle entry; exact current template and legal basis need QA,"SS,EPF,ESI",https://www.labour.gov.in/static/uploads/2026/05/49aa9b62c2125499c37399b90e969d67.pdf
A138,F14,Social security,Vacancy notification / employment return,Report bundle,"E/periodic, conditional",EPF/ESI/gratuity/maternity/compensation/cess and other chapters by separate applicability,"Seed entry: confirm exact current provision, entity role and template before activation.",EPFO employer portal; ESIC; Shram Suvidha / state systems,P/S/H,Seed / bundle entry; exact current template and legal basis need QA,"SS,EPF,ESI",https://www.labour.gov.in/static/uploads/2026/05/49aa9b62c2125499c37399b90e969d67.pdf
A139,F15,"Occupational safety, factories and contract labour",OSH Form I,Registration application,E,Establishments / factories / contractors / migrants / construction and other sectors by chapter,"Seed entry: confirm exact current provision, entity role and template before activation.","Shram Suvidha / relevant labour, factory or contractor portal",P/S/H,Seed / bundle entry; exact current template and legal basis need QA,"OSH,SS",https://www.labour.gov.in/static/uploads/2026/05/ee246f790cad0b8e99c3828f34fa09a6.pdf
A140,F15,"Occupational safety, factories and contract labour",OSH Form VI,Commencement / cessation notice,E,Establishments / factories / contractors / migrants / construction and other sectors by chapter,"Seed entry: confirm exact current provision, entity role and template before activation.","Shram Suvidha / relevant labour, factory or contractor portal",P/S/H,Seed / bundle entry; exact current template and legal basis need QA,"OSH,SS",https://www.labour.gov.in/static/uploads/2026/05/ee246f790cad0b8e99c3828f34fa09a6.pdf
A141,F15,"Occupational safety, factories and contract labour",OSH Form VIII,Health record,"Periodic/E, non-mine",Establishments / factories / contractors / migrants / construction and other sectors by chapter,"Seed entry: confirm exact current provision, entity role and template before activation.","Shram Suvidha / relevant labour, factory or contractor portal",P/S/H,Seed / bundle entry; exact current template and legal basis need QA,"OSH,SS",https://www.labour.gov.in/static/uploads/2026/05/ee246f790cad0b8e99c3828f34fa09a6.pdf
A142,F15,"Occupational safety, factories and contract labour",OSH Form XI,Accident / dangerous-occurrence notice,E,Establishments / factories / contractors / migrants / construction and other sectors by chapter,"Seed entry: confirm exact current provision, entity role and template before activation.","Shram Suvidha / relevant labour, factory or contractor portal",P/S/H,Seed / bundle entry; exact current template and legal basis need QA,"OSH,SS",https://www.labour.gov.in/static/uploads/2026/05/ee246f790cad0b8e99c3828f34fa09a6.pdf
A143,F15,"Occupational safety, factories and contract labour",OSH Form XII,Periods-of-work notice,E/C,Establishments / factories / contractors / migrants / construction and other sectors by chapter,"Seed entry: confirm exact current provision, entity role and template before activation.","Shram Suvidha / relevant labour, factory or contractor portal",P/S/H,Seed / bundle entry; exact current template and legal basis need QA,"OSH,SS",https://www.labour.gov.in/static/uploads/2026/05/ee246f790cad0b8e99c3828f34fa09a6.pdf
A144,F15,"Occupational safety, factories and contract labour",OSH Form XIII,Employee register,C/E,Establishments / factories / contractors / migrants / construction and other sectors by chapter,"Seed entry: confirm exact current provision, entity role and template before activation.","Shram Suvidha / relevant labour, factory or contractor portal",P/S/H,Seed / bundle entry; exact current template and legal basis need QA,"OSH,SS",https://www.labour.gov.in/static/uploads/2026/05/ee246f790cad0b8e99c3828f34fa09a6.pdf
A145,F15,"Occupational safety, factories and contract labour",OSH Form XIV,Attendance-cum-muster,D,Establishments / factories / contractors / migrants / construction and other sectors by chapter,"Seed entry: confirm exact current provision, entity role and template before activation.","Shram Suvidha / relevant labour, factory or contractor portal",P/S/H,Seed / bundle entry; exact current template and legal basis need QA,"OSH,SS",https://www.labour.gov.in/static/uploads/2026/05/ee246f790cad0b8e99c3828f34fa09a6.pdf
A146,F15,"Occupational safety, factories and contract labour",OSH Form XV,Wage / overtime / deduction register,Payroll,Establishments / factories / contractors / migrants / construction and other sectors by chapter,"Seed entry: confirm exact current provision, entity role and template before activation.","Shram Suvidha / relevant labour, factory or contractor portal",P/S/H,Seed / bundle entry; exact current template and legal basis need QA,"OSH,SS",https://www.labour.gov.in/static/uploads/2026/05/ee246f790cad0b8e99c3828f34fa09a6.pdf
A147,F15,"Occupational safety, factories and contract labour",OSH Form XVI,Wage slip,Payroll,Establishments / factories / contractors / migrants / construction and other sectors by chapter,"Seed entry: confirm exact current provision, entity role and template before activation.","Shram Suvidha / relevant labour, factory or contractor portal",P/S/H,Seed / bundle entry; exact current template and legal basis need QA,"OSH,SS",https://www.labour.gov.in/static/uploads/2026/05/ee246f790cad0b8e99c3828f34fa09a6.pdf
A148,F15,"Occupational safety, factories and contract labour",OSH Form XVII,Annual return,A,Establishments / factories / contractors / migrants / construction and other sectors by chapter,"Seed entry: confirm exact current provision, entity role and template before activation.","Shram Suvidha / relevant labour, factory or contractor portal",P/S/H,Seed / bundle entry; exact current template and legal basis need QA,"OSH,SS",https://www.labour.gov.in/static/uploads/2026/05/ee246f790cad0b8e99c3828f34fa09a6.pdf
A149,F15,"Occupational safety, factories and contract labour",OSH Form XVIII,Contractor half-yearly return,"H, conditional",Establishments / factories / contractors / migrants / construction and other sectors by chapter,"Seed entry: confirm exact current provision, entity role and template before activation.","Shram Suvidha / relevant labour, factory or contractor portal",P/S/H,Seed / bundle entry; exact current template and legal basis need QA,"OSH,SS",https://www.labour.gov.in/static/uploads/2026/05/ee246f790cad0b8e99c3828f34fa09a6.pdf
A150,F15,"Occupational safety, factories and contract labour",OSH Form XIX,Accident register,E/C,Establishments / factories / contractors / migrants / construction and other sectors by chapter,"Seed entry: confirm exact current provision, entity role and template before activation.","Shram Suvidha / relevant labour, factory or contractor portal",P/S/H,Seed / bundle entry; exact current template and legal basis need QA,"OSH,SS",https://www.labour.gov.in/static/uploads/2026/05/ee246f790cad0b8e99c3828f34fa09a6.pdf
A151,F15,"Occupational safety, factories and contract labour",OSH Form XX,Leave-with-wages register,C,Establishments / factories / contractors / migrants / construction and other sectors by chapter,"Seed entry: confirm exact current provision, entity role and template before activation.","Shram Suvidha / relevant labour, factory or contractor portal",P/S/H,Seed / bundle entry; exact current template and legal basis need QA,"OSH,SS",https://www.labour.gov.in/static/uploads/2026/05/ee246f790cad0b8e99c3828f34fa09a6.pdf
A152,F15,"Occupational safety, factories and contract labour",OSH Form XXI,Licence / renewal / amendment application,E/L,Establishments / factories / contractors / migrants / construction and other sectors by chapter,"Seed entry: confirm exact current provision, entity role and template before activation.","Shram Suvidha / relevant labour, factory or contractor portal",P/S/H,Seed / bundle entry; exact current template and legal basis need QA,"OSH,SS",https://www.labour.gov.in/static/uploads/2026/05/ee246f790cad0b8e99c3828f34fa09a6.pdf
A153,F15,"Occupational safety, factories and contract labour",OSH Form XXIII,Contract-labour experience certificate,E,Establishments / factories / contractors / migrants / construction and other sectors by chapter,Not the Social Security annual return.,"Shram Suvidha / relevant labour, factory or contractor portal",P/S/H,Seed / bundle entry; exact current template and legal basis need QA,"OSH,SS",https://www.labour.gov.in/static/uploads/2026/05/ee246f790cad0b8e99c3828f34fa09a6.pdf
A154,F15,"Occupational safety, factories and contract labour",Site safety assessment / training / inspection evidence,Control evidence,D/periodic/E,Establishments / factories / contractors / migrants / construction and other sectors by chapter,"Seed entry: confirm exact current provision, entity role and template before activation.","Shram Suvidha / relevant labour, factory or contractor portal",P/S/H,Seed / bundle entry; exact current template and legal basis need QA,"OSH,SS",https://www.labour.gov.in/static/uploads/2026/05/ee246f790cad0b8e99c3828f34fa09a6.pdf
A155,F16,Industrial relations,Standing orders / certification application,Policy/application,E,"Industrial establishments, workers and specified employment actions","Seed entry: confirm exact current provision, entity role and template before activation.",Labour authority / prescribed filing route,P/H,Seed / bundle entry; exact current template and legal basis need QA,IR,https://www.labour.gov.in/static/uploads/2026/05/f05a2c220dcdec0ea9c55e84d9ff791f.pdf
A156,F16,Industrial relations,Grievance committee constitution / case record,Record,C/E,"Industrial establishments, workers and specified employment actions","Seed entry: confirm exact current provision, entity role and template before activation.",Labour authority / prescribed filing route,P/H,Seed / bundle entry; exact current template and legal basis need QA,IR,https://www.labour.gov.in/static/uploads/2026/05/f05a2c220dcdec0ea9c55e84d9ff791f.pdf
A157,F16,Industrial relations,Change-in-service-condition notice,Notice,E,"Industrial establishments, workers and specified employment actions","Seed entry: confirm exact current provision, entity role and template before activation.",Labour authority / prescribed filing route,P/H,Seed / bundle entry; exact current template and legal basis need QA,IR,https://www.labour.gov.in/static/uploads/2026/05/f05a2c220dcdec0ea9c55e84d9ff791f.pdf
A158,F16,Industrial relations,Lay-off / retrenchment / closure notice or permission,Notice/application,"E, conditional","Industrial establishments, workers and specified employment actions","Seed entry: confirm exact current provision, entity role and template before activation.",Labour authority / prescribed filing route,P/H,Seed / bundle entry; exact current template and legal basis need QA,IR,https://www.labour.gov.in/static/uploads/2026/05/f05a2c220dcdec0ea9c55e84d9ff791f.pdf
A159,F16,Industrial relations,Settlement / conciliation records,Record,E,"Industrial establishments, workers and specified employment actions","Seed entry: confirm exact current provision, entity role and template before activation.",Labour authority / prescribed filing route,P/H,Seed / bundle entry; exact current template and legal basis need QA,IR,https://www.labour.gov.in/static/uploads/2026/05/f05a2c220dcdec0ea9c55e84d9ff791f.pdf
A160,F17,Shops and establishments,State S&E registration / intimation,Application,E,"Offices, shops and commercial establishments within relevant state scope","Seed entry: confirm exact current provision, entity role and template before activation.",State labour / municipal / single-window portal,P/S/H,Seed / bundle entry; exact current template and legal basis need QA,"SHOPS,NSWS",https://mahakamgar.maharashtra.gov.in/Site/Upload/PDF/Regulation_of_Employment_Conditions_of_Service_Rules_2018.pdf
A161,F17,Shops and establishments,Attendance / wage / leave registers,Register bundle,D/Payroll/C,"Offices, shops and commercial establishments within relevant state scope","Seed entry: confirm exact current provision, entity role and template before activation.",State labour / municipal / single-window portal,P/S/H,Seed / bundle entry; exact current template and legal basis need QA,"SHOPS,NSWS",https://mahakamgar.maharashtra.gov.in/Site/Upload/PDF/Regulation_of_Employment_Conditions_of_Service_Rules_2018.pdf
A162,F17,Shops and establishments,Working-hours / weekly-holiday notices,Notice,E/C,"Offices, shops and commercial establishments within relevant state scope","Seed entry: confirm exact current provision, entity role and template before activation.",State labour / municipal / single-window portal,P/S/H,Seed / bundle entry; exact current template and legal basis need QA,"SHOPS,NSWS",https://mahakamgar.maharashtra.gov.in/Site/Upload/PDF/Regulation_of_Employment_Conditions_of_Service_Rules_2018.pdf
A163,F17,Shops and establishments,State annual / consolidated return,Return,"A, only if prescribed","Offices, shops and commercial establishments within relevant state scope","Seed entry: confirm exact current provision, entity role and template before activation.",State labour / municipal / single-window portal,P/S/H,Seed / bundle entry; exact current template and legal basis need QA,"SHOPS,NSWS",https://mahakamgar.maharashtra.gov.in/Site/Upload/PDF/Regulation_of_Employment_Conditions_of_Service_Rules_2018.pdf
A164,F17,Shops and establishments,Registration renewal / change / closure,Application/notice,"L/E, where prescribed","Offices, shops and commercial establishments within relevant state scope","Seed entry: confirm exact current provision, entity role and template before activation.",State labour / municipal / single-window portal,P/S/H,Seed / bundle entry; exact current template and legal basis need QA,"SHOPS,NSWS",https://mahakamgar.maharashtra.gov.in/Site/Upload/PDF/Regulation_of_Employment_Conditions_of_Service_Rules_2018.pdf
A165,F18,Labour welfare fund,LWF contribution register,Register,Period/state-specific,Covered establishments and employee classes in relevant states,"Seed entry: confirm exact current provision, entity role and template before activation.",State welfare-board portal,P/S/H,Seed / bundle entry; exact current template and legal basis need QA,"LAW,NSWS",https://indiacode.gov.in/
A166,F18,Labour welfare fund,LWF challan,Payment,"M/H/A, state-specific",Covered establishments and employee classes in relevant states,"Seed entry: confirm exact current provision, entity role and template before activation.",State welfare-board portal,P/S/H,Seed / bundle entry; exact current template and legal basis need QA,"LAW,NSWS",https://indiacode.gov.in/
A167,F18,Labour welfare fund,LWF return / statement,Return,State-specific,Covered establishments and employee classes in relevant states,"Seed entry: confirm exact current provision, entity role and template before activation.",State welfare-board portal,P/S/H,Seed / bundle entry; exact current template and legal basis need QA,"LAW,NSWS",https://indiacode.gov.in/
A168,F19,National and festival holidays,Holiday list / statutory notice,Notice,A/E,"Covered establishments by state, separate from any leave rules","Seed entry: confirm exact current provision, entity role and template before activation.",State labour portal / prescribed notice route,P/S/H,Seed / bundle entry; exact current template and legal basis need QA,"LAW,NSWS",https://indiacode.gov.in/
A169,F19,National and festival holidays,Holiday-work permission / intimation,Notice/application,"E, where required","Covered establishments by state, separate from any leave rules","Seed entry: confirm exact current provision, entity role and template before activation.",State labour portal / prescribed notice route,P/S/H,Seed / bundle entry; exact current template and legal basis need QA,"LAW,NSWS",https://indiacode.gov.in/
A170,F19,National and festival holidays,Holiday work / compensatory benefit record,Register,E/Payroll,"Covered establishments by state, separate from any leave rules","Seed entry: confirm exact current provision, entity role and template before activation.",State labour portal / prescribed notice route,P/S/H,Seed / bundle entry; exact current template and legal basis need QA,"LAW,NSWS",https://indiacode.gov.in/
A171,F20,POSH,IC constitution order,Record,E/term,Employer duties; Internal Committee where statutory threshold met; Local Committee route otherwise,"Seed entry: confirm exact current provision, entity role and template before activation.",Prescribed district route; SHe-Box where applicable,P/H,Seed / bundle entry; exact current template and legal basis need QA,POSH,https://wcd.gov.in/documents/uploaded/1710503093.pdf
A172,F20,POSH,POSH policy / awareness evidence,Policy/control,C/periodic,Employer duties; Internal Committee where statutory threshold met; Local Committee route otherwise,"Seed entry: confirm exact current provision, entity role and template before activation.",Prescribed district route; SHe-Box where applicable,P/H,Seed / bundle entry; exact current template and legal basis need QA,POSH,https://wcd.gov.in/documents/uploaded/1710503093.pdf
A173,F20,POSH,IC annual report,Report,A,Employer duties; Internal Committee where statutory threshold met; Local Committee route otherwise,No single universally numbered national e-form.,Prescribed district route; SHe-Box where applicable,P/H,Seed / bundle entry; exact current template and legal basis need QA,POSH,https://wcd.gov.in/documents/uploaded/1710503093.pdf
A174,F20,POSH,Employer annual-report disclosure,Disclosure,"A, applicable route",Employer duties; Internal Committee where statutory threshold met; Local Committee route otherwise,"Seed entry: confirm exact current provision, entity role and template before activation.",Prescribed district route; SHe-Box where applicable,P/H,Seed / bundle entry; exact current template and legal basis need QA,POSH,https://wcd.gov.in/documents/uploaded/1710503093.pdf
A175,F20,POSH,Confidential complaint / inquiry / action record,Case record,E,Employer duties; Internal Committee where statutory threshold met; Local Committee route otherwise,"Seed entry: confirm exact current provision, entity role and template before activation.",Prescribed district route; SHe-Box where applicable,P/H,Seed / bundle entry; exact current template and legal basis need QA,POSH,https://wcd.gov.in/documents/uploaded/1710503093.pdf
A176,F21,Apprenticeships,Apprenticeship contract,Contract/report,E,Establishments covered by apprenticeship obligations or engaging apprentices,"Seed entry: confirm exact current provision, entity role and template before activation.",Apprenticeship India / NAPS; NATS for relevant category,P/S/H,Seed / bundle entry; exact current template and legal basis need QA,APP,https://boatwr.education.gov.in/wp-content/uploads/2023/08/Apprenticeship-rules-1992-1.pdf
A177,F21,Apprenticeships,Training schedule / attendance record,Record,D/periodic,Establishments covered by apprenticeship obligations or engaging apprentices,"Seed entry: confirm exact current provision, entity role and template before activation.",Apprenticeship India / NAPS; NATS for relevant category,P/S/H,Seed / bundle entry; exact current template and legal basis need QA,APP,https://boatwr.education.gov.in/wp-content/uploads/2023/08/Apprenticeship-rules-1992-1.pdf
A178,F21,Apprenticeships,Stipend payment record,Payment evidence,M,Establishments covered by apprenticeship obligations or engaging apprentices,"Seed entry: confirm exact current provision, entity role and template before activation.",Apprenticeship India / NAPS; NATS for relevant category,P/S/H,Seed / bundle entry; exact current template and legal basis need QA,APP,https://boatwr.education.gov.in/wp-content/uploads/2023/08/Apprenticeship-rules-1992-1.pdf
A179,F21,Apprenticeships,Apprenticeship prescribed return / portal report,Report,"Periodic, applicable rule",Establishments covered by apprenticeship obligations or engaging apprentices,"Seed entry: confirm exact current provision, entity role and template before activation.",Apprenticeship India / NAPS; NATS for relevant category,P/S/H,Seed / bundle entry; exact current template and legal basis need QA,APP,https://boatwr.education.gov.in/wp-content/uploads/2023/08/Apprenticeship-rules-1992-1.pdf
A180,F22,Child and adolescent labour,Age-verification evidence,Evidence,Onboarding/E,Employers; prohibitions and permitted-adolescent conditions,"Seed entry: confirm exact current provision, entity role and template before activation.",PENCIL / applicable labour route,P/H,Seed / bundle entry; exact current template and legal basis need QA,CHILD,https://pencil.gov.in/Users/acts
A181,F22,Child and adolescent labour,Permitted adolescent employment register,Register,"C, conditional",Employers; prohibitions and permitted-adolescent conditions,"Seed entry: confirm exact current provision, entity role and template before activation.",PENCIL / applicable labour route,P/H,Seed / bundle entry; exact current template and legal basis need QA,CHILD,https://pencil.gov.in/Users/acts
A182,F22,Child and adolescent labour,Prescribed inspector notice / workplace abstract,Notice,"E/C, conditional",Employers; prohibitions and permitted-adolescent conditions,"Seed entry: confirm exact current provision, entity role and template before activation.",PENCIL / applicable labour route,P/H,Seed / bundle entry; exact current template and legal basis need QA,CHILD,https://pencil.gov.in/Users/acts
A183,F23,Disability inclusion,Equal opportunity policy,Policy,C/E,Government and private establishments with different obligations,"Seed entry: confirm exact current provision, entity role and template before activation.",Authority-specific route; policy/register maintained internally,P/H,Seed / bundle entry; exact current template and legal basis need QA,PWD,https://depwd.gov.in/en/acts/
A184,F23,Disability inclusion,Disability employment / accommodation records,Register/evidence,C/E,Government and private establishments with different obligations,"Seed entry: confirm exact current provision, entity role and template before activation.",Authority-specific route; policy/register maintained internally,P/H,Seed / bundle entry; exact current template and legal basis need QA,PWD,https://depwd.gov.in/en/acts/
A185,F23,Disability inclusion,Accessibility assessment and action record,Control evidence,Periodic/E,Government and private establishments with different obligations,"Seed entry: confirm exact current provision, entity role and template before activation.",Authority-specific route; policy/register maintained internally,P/H,Seed / bundle entry; exact current template and legal basis need QA,PWD,https://depwd.gov.in/en/acts/
A186,F24,Transgender workplace protections,Equal opportunity policy,Policy,C/E,Covered establishments / employers,"Seed entry: confirm exact current provision, entity role and template before activation.",Employer records; authority-specific reporting,P/H,Seed / bundle entry; exact current template and legal basis need QA,TRANS,https://thc.nic.in/Central%20Governmental%20Rules/Transgender%20Persons%20%28Protection%20of%20Rights%29%20Rules%2C%202020.pdf
A187,F24,Transgender workplace protections,Complaint-officer appointment,Record,E,Covered establishments / employers,"Seed entry: confirm exact current provision, entity role and template before activation.",Employer records; authority-specific reporting,P/H,Seed / bundle entry; exact current template and legal basis need QA,TRANS,https://thc.nic.in/Central%20Governmental%20Rules/Transgender%20Persons%20%28Protection%20of%20Rights%29%20Rules%2C%202020.pdf
A188,F24,Transgender workplace protections,Confidential complaint / resolution record,Case record,E,Covered establishments / employers,"Seed entry: confirm exact current provision, entity role and template before activation.",Employer records; authority-specific reporting,P/H,Seed / bundle entry; exact current template and legal basis need QA,TRANS,https://thc.nic.in/Central%20Governmental%20Rules/Transgender%20Persons%20%28Protection%20of%20Rights%29%20Rules%2C%202020.pdf
A189,F25,Municipal trade and health permissions,Trade / health licence application,Application,E/L,Businesses / activities requiring local permission,"Seed entry: confirm exact current provision, entity role and template before activation.",Municipal / state single-window portal,P/S/H,Seed / bundle entry; exact current template and legal basis need QA,"NSWS,LAW",https://www.nsws.gov.in/
A190,F25,Municipal trade and health permissions,Local renewal / amendment submission,Application,L/E,Businesses / activities requiring local permission,"Seed entry: confirm exact current provision, entity role and template before activation.",Municipal / state single-window portal,P/S/H,Seed / bundle entry; exact current template and legal basis need QA,"NSWS,LAW",https://www.nsws.gov.in/
A191,F25,Municipal trade and health permissions,Sanitation / premises inspection evidence,Control evidence,Periodic/E,Businesses / activities requiring local permission,"Seed entry: confirm exact current provision, entity role and template before activation.",Municipal / state single-window portal,P/S/H,Seed / bundle entry; exact current template and legal basis need QA,"NSWS,LAW",https://www.nsws.gov.in/
A192,F26,Fire and life safety,Fire approval / NOC application,Application,E/L,Premises subject to fire approval or safety requirements,"Seed entry: confirm exact current provision, entity role and template before activation.",State fire / municipal portal,P/H,Seed / bundle entry; exact current template and legal basis need QA,"NSWS,LAW",https://www.nsws.gov.in/
A193,F26,Fire and life safety,Fire-system maintenance / inspection log,Register,Periodic,Premises subject to fire approval or safety requirements,"Seed entry: confirm exact current provision, entity role and template before activation.",State fire / municipal portal,P/H,Seed / bundle entry; exact current template and legal basis need QA,"NSWS,LAW",https://www.nsws.gov.in/
A194,F26,Fire and life safety,Fire-drill / training record,Evidence,Periodic,Premises subject to fire approval or safety requirements,"Seed entry: confirm exact current provision, entity role and template before activation.",State fire / municipal portal,P/H,Seed / bundle entry; exact current template and legal basis need QA,"NSWS,LAW",https://www.nsws.gov.in/
A195,F26,Fire and life safety,Licensed agency / fire-safety certificate,Professional evidence,"Periodic/E, jurisdiction-specific",Premises subject to fire approval or safety requirements,"Seed entry: confirm exact current provision, entity role and template before activation.",State fire / municipal portal,P/H,Seed / bundle entry; exact current template and legal basis need QA,"NSWS,LAW",https://www.nsws.gov.in/
A196,F27,"Building, planning and land use",Building-plan / land-use application,Application,E,"New construction, occupation, alteration or change of use","Seed entry: confirm exact current provision, entity role and template before activation.",State planning / building-permission system,P/H,Seed / bundle entry; exact current template and legal basis need QA,"NSWS,LAW",https://www.nsws.gov.in/
A197,F27,"Building, planning and land use",Completion / occupancy certificate,Authority output,E,"New construction, occupation, alteration or change of use","Seed entry: confirm exact current provision, entity role and template before activation.",State planning / building-permission system,P/H,Seed / bundle entry; exact current template and legal basis need QA,"NSWS,LAW",https://www.nsws.gov.in/
A198,F27,"Building, planning and land use",Structural stability assessment / certificate,Professional evidence,"Periodic/E, where required","New construction, occupation, alteration or change of use","Seed entry: confirm exact current provision, entity role and template before activation.",State planning / building-permission system,P/H,Seed / bundle entry; exact current template and legal basis need QA,"NSWS,LAW",https://www.nsws.gov.in/
A199,F27,"Building, planning and land use",Change-of-use / alteration permission,Application,E,"New construction, occupation, alteration or change of use","Seed entry: confirm exact current provision, entity role and template before activation.",State planning / building-permission system,P/H,Seed / bundle entry; exact current template and legal basis need QA,"NSWS,LAW",https://www.nsws.gov.in/
A200,F28,Electrical installation safety,Electrical inspection / energisation application,Application,E,"Electrical installations requiring inspection, approval or operating safeguards","Seed entry: confirm exact current provision, entity role and template before activation.",State electrical-inspectorate system,P/H,Seed / bundle entry; exact current template and legal basis need QA,"CEA,NSWS",https://cea.nic.in/
A201,F28,Electrical installation safety,Electrical test / earthing / maintenance records,Register,Periodic,"Electrical installations requiring inspection, approval or operating safeguards","Seed entry: confirm exact current provision, entity role and template before activation.",State electrical-inspectorate system,P/H,Seed / bundle entry; exact current template and legal basis need QA,"CEA,NSWS",https://cea.nic.in/
A202,F28,Electrical installation safety,Electrical safety / competent-person certificate,Professional evidence,Periodic/E,"Electrical installations requiring inspection, approval or operating safeguards","Seed entry: confirm exact current provision, entity role and template before activation.",State electrical-inspectorate system,P/H,Seed / bundle entry; exact current template and legal basis need QA,"CEA,NSWS",https://cea.nic.in/
A203,F28,Electrical installation safety,Electrical accident notification,Notice,E,"Electrical installations requiring inspection, approval or operating safeguards","Seed entry: confirm exact current provision, entity role and template before activation.",State electrical-inspectorate system,P/H,Seed / bundle entry; exact current template and legal basis need QA,"CEA,NSWS",https://cea.nic.in/
A204,F29,Energy conservation,Energy consumption / action report,Report,"A/periodic, designated class","Notified designated consumers, products, buildings and other regulated classes","Seed entry: confirm exact current provision, entity role and template before activation.",BEE scheme portal / state designated agency,P/H,Seed / bundle entry; exact current template and legal basis need QA,"BEE,LAW",https://beeindia.gov.in/
A205,F29,Energy conservation,Accredited energy-audit report,Professional report,Notified cycle,"Notified designated consumers, products, buildings and other regulated classes","Seed entry: confirm exact current provision, entity role and template before activation.",BEE scheme portal / state designated agency,P/H,Seed / bundle entry; exact current template and legal basis need QA,"BEE,LAW",https://beeindia.gov.in/
A206,F29,Energy conservation,Energy efficiency / scheme compliance submission,Report,Notified cycle,"Notified designated consumers, products, buildings and other regulated classes","Seed entry: confirm exact current provision, entity role and template before activation.",BEE scheme portal / state designated agency,P/H,Seed / bundle entry; exact current template and legal basis need QA,"BEE,LAW",https://beeindia.gov.in/
A207,F29,Energy conservation,Product label / registration documentation,Application/evidence,"E/L, conditional","Notified designated consumers, products, buildings and other regulated classes","Seed entry: confirm exact current provision, entity role and template before activation.",BEE scheme portal / state designated agency,P/H,Seed / bundle entry; exact current template and legal basis need QA,"BEE,LAW",https://beeindia.gov.in/
A208,F30,Boilers,Boiler registration / inspection application,Application,E/L,Owners/users/manufacturers of covered boilers,"Seed entry: confirm exact current provision, entity role and template before activation.",State boiler inspectorate / single-window portal,P/H,Seed / bundle entry; exact current template and legal basis need QA,"BOILER,NSWS",https://www.pib.gov.in/PressReleasePage.aspx?PRID=2230140
A209,F30,Boilers,Boiler certificate / permission to use,Authority output,L,Owners/users/manufacturers of covered boilers,"Seed entry: confirm exact current provision, entity role and template before activation.",State boiler inspectorate / single-window portal,P/H,Seed / bundle entry; exact current template and legal basis need QA,"BOILER,NSWS",https://www.pib.gov.in/PressReleasePage.aspx?PRID=2230140
A210,F30,Boilers,Boiler inspection / operating log,Register,D/periodic,Owners/users/manufacturers of covered boilers,"Seed entry: confirm exact current provision, entity role and template before activation.",State boiler inspectorate / single-window portal,P/H,Seed / bundle entry; exact current template and legal basis need QA,"BOILER,NSWS",https://www.pib.gov.in/PressReleasePage.aspx?PRID=2230140
A211,F30,Boilers,Repair / alteration / accident notice,Notice,E,Owners/users/manufacturers of covered boilers,"Seed entry: confirm exact current provision, entity role and template before activation.",State boiler inspectorate / single-window portal,P/H,Seed / bundle entry; exact current template and legal basis need QA,"BOILER,NSWS",https://www.pib.gov.in/PressReleasePage.aspx?PRID=2230140
A212,F31,Petroleum storage and handling,Petroleum site-plan approval,Application,E,"Covered petroleum storage, transport and handling operations","Seed entry: confirm exact current provision, entity role and template before activation.",PESO online licensing,P/H,Seed / bundle entry; exact current template and legal basis need QA,PESO,https://www.peso.gov.in/web/en
A213,F31,Petroleum storage and handling,Category-specific petroleum licence / renewal,Application,L/E,"Covered petroleum storage, transport and handling operations","Seed entry: confirm exact current provision, entity role and template before activation.",PESO online licensing,P/H,Seed / bundle entry; exact current template and legal basis need QA,PESO,https://www.peso.gov.in/web/en
A214,F31,Petroleum storage and handling,Storage / handling / safety inspection log,Register,C/periodic,"Covered petroleum storage, transport and handling operations","Seed entry: confirm exact current provision, entity role and template before activation.",PESO online licensing,P/H,Seed / bundle entry; exact current template and legal basis need QA,PESO,https://www.peso.gov.in/web/en
A215,F31,Petroleum storage and handling,Petroleum incident report,Notice,E,"Covered petroleum storage, transport and handling operations","Seed entry: confirm exact current provision, entity role and template before activation.",PESO online licensing,P/H,Seed / bundle entry; exact current template and legal basis need QA,PESO,https://www.peso.gov.in/web/en
A216,F32,Gas cylinders and pressure vessels,Gas cylinder / filling / storage licence application,Application,E/L,"Covered filling, storage, transport and use of compressed gases","Seed entry: confirm exact current provision, entity role and template before activation.",PESO online licensing / approved testing route,P/H,Seed / bundle entry; exact current template and legal basis need QA,PESO,https://www.peso.gov.in/web/en
A217,F32,Gas cylinders and pressure vessels,Pressure-vessel licence / approval,Application,E/L,"Covered filling, storage, transport and use of compressed gases","Seed entry: confirm exact current provision, entity role and template before activation.",PESO online licensing / approved testing route,P/H,Seed / bundle entry; exact current template and legal basis need QA,PESO,https://www.peso.gov.in/web/en
A218,F32,Gas cylinders and pressure vessels,Cylinder / vessel periodic test certificate,Professional evidence,Prescribed cycle,"Covered filling, storage, transport and use of compressed gases","Seed entry: confirm exact current provision, entity role and template before activation.",PESO online licensing / approved testing route,P/H,Seed / bundle entry; exact current template and legal basis need QA,PESO,https://www.peso.gov.in/web/en
A219,F32,Gas cylinders and pressure vessels,Cylinder inventory / test-due register,Register,C,"Covered filling, storage, transport and use of compressed gases","Seed entry: confirm exact current provision, entity role and template before activation.",PESO online licensing / approved testing route,P/H,Seed / bundle entry; exact current template and legal basis need QA,PESO,https://www.peso.gov.in/web/en
A220,F32,Gas cylinders and pressure vessels,Gas leak / incident response record,Notice/evidence,E,"Covered filling, storage, transport and use of compressed gases","Seed entry: confirm exact current provision, entity role and template before activation.",PESO online licensing / approved testing route,P/H,Seed / bundle entry; exact current template and legal basis need QA,PESO,https://www.peso.gov.in/web/en
A221,F33,Vehicles and transport operations,Vehicle registration / RC,Authority output,E/L,"Vehicle owners, fleet operators and permit holders","Seed entry: confirm exact current provision, entity role and template before activation.",VAHAN / SARATHI / state transport portal,P/S/H,Seed / bundle entry; exact current template and legal basis need QA,MOTOR,https://parivahan.gov.in/parivahan/
A222,F33,Vehicles and transport operations,Fitness application / certificate,Application/output,L,"Vehicle owners, fleet operators and permit holders","Seed entry: confirm exact current provision, entity role and template before activation.",VAHAN / SARATHI / state transport portal,P/S/H,Seed / bundle entry; exact current template and legal basis need QA,MOTOR,https://parivahan.gov.in/parivahan/
A223,F33,Vehicles and transport operations,Transport permit / authorisation,Application/output,L/E,"Vehicle owners, fleet operators and permit holders","Seed entry: confirm exact current provision, entity role and template before activation.",VAHAN / SARATHI / state transport portal,P/S/H,Seed / bundle entry; exact current template and legal basis need QA,MOTOR,https://parivahan.gov.in/parivahan/
A224,F33,Vehicles and transport operations,PUC certificate,Testing evidence,L,"Vehicle owners, fleet operators and permit holders","Seed entry: confirm exact current provision, entity role and template before activation.",VAHAN / SARATHI / state transport portal,P/S/H,Seed / bundle entry; exact current template and legal basis need QA,MOTOR,https://parivahan.gov.in/parivahan/
A225,F33,Vehicles and transport operations,Vehicle tax / insurance / driver credential register,Register,L/C,"Vehicle owners, fleet operators and permit holders","Seed entry: confirm exact current provision, entity role and template before activation.",VAHAN / SARATHI / state transport portal,P/S/H,Seed / bundle entry; exact current template and legal basis need QA,MOTOR,https://parivahan.gov.in/parivahan/
A226,F34,Private security agencies,PSARA licence / renewal application,Application,E/L,"Private security agencies, not every customer hiring guards","Seed entry: confirm exact current provision, entity role and template before activation.",PSARA licensing portal / state route,P/S/H,Seed / bundle entry; exact current template and legal basis need QA,PSARA,https://psara.gov.in/
A227,F34,Private security agencies,Guard / supervisor / client registers,Register bundle,C,"Private security agencies, not every customer hiring guards","Seed entry: confirm exact current provision, entity role and template before activation.",PSARA licensing portal / state route,P/S/H,Seed / bundle entry; exact current template and legal basis need QA,PSARA,https://psara.gov.in/
A228,F34,Private security agencies,Antecedent verification record,Evidence,Onboarding/E,"Private security agencies, not every customer hiring guards","Seed entry: confirm exact current provision, entity role and template before activation.",PSARA licensing portal / state route,P/S/H,Seed / bundle entry; exact current template and legal basis need QA,PSARA,https://psara.gov.in/
A229,F34,Private security agencies,Training / fitness evidence,Professional evidence,Onboarding/periodic,"Private security agencies, not every customer hiring guards","Seed entry: confirm exact current provision, entity role and template before activation.",PSARA licensing portal / state route,P/S/H,Seed / bundle entry; exact current template and legal basis need QA,PSARA,https://psara.gov.in/
A230,F35,Water pollution consent,Water consent application / renewal,Application,E/L,Discharge / industrial activities requiring consent or related controls,"Seed entry: confirm exact current provision, entity role and template before activation.",State OCMMS / consent-management portal,P/S/H,Seed / bundle entry; exact current template and legal basis need QA,"CPCB,NSWS",https://cpcb.gov.in/
A231,F35,Water pollution consent,Effluent testing report,Laboratory evidence,Consent-prescribed,Discharge / industrial activities requiring consent or related controls,"Seed entry: confirm exact current provision, entity role and template before activation.",State OCMMS / consent-management portal,P/S/H,Seed / bundle entry; exact current template and legal basis need QA,"CPCB,NSWS",https://cpcb.gov.in/
A232,F35,Water pollution consent,Water / effluent monitoring log,Register,D/periodic,Discharge / industrial activities requiring consent or related controls,"Seed entry: confirm exact current provision, entity role and template before activation.",State OCMMS / consent-management portal,P/S/H,Seed / bundle entry; exact current template and legal basis need QA,"CPCB,NSWS",https://cpcb.gov.in/
A233,F35,Water pollution consent,Consent-condition compliance submission,Report,Consent-prescribed,Discharge / industrial activities requiring consent or related controls,"Seed entry: confirm exact current provision, entity role and template before activation.",State OCMMS / consent-management portal,P/S/H,Seed / bundle entry; exact current template and legal basis need QA,"CPCB,NSWS",https://cpcb.gov.in/
A234,F36,Air pollution consent,Air consent application / renewal,Application,E/L,Plants and emissions requiring consent or related safeguards,"Seed entry: confirm exact current provision, entity role and template before activation.",State OCMMS / consent-management portal,P/S/H,Seed / bundle entry; exact current template and legal basis need QA,"CPCB,NSWS",https://cpcb.gov.in/
A235,F36,Air pollution consent,Stack / ambient emission test report,Laboratory evidence,Consent-prescribed,Plants and emissions requiring consent or related safeguards,"Seed entry: confirm exact current provision, entity role and template before activation.",State OCMMS / consent-management portal,P/S/H,Seed / bundle entry; exact current template and legal basis need QA,"CPCB,NSWS",https://cpcb.gov.in/
A236,F36,Air pollution consent,Emission control / monitoring log,Register,D/periodic,Plants and emissions requiring consent or related safeguards,"Seed entry: confirm exact current provision, entity role and template before activation.",State OCMMS / consent-management portal,P/S/H,Seed / bundle entry; exact current template and legal basis need QA,"CPCB,NSWS",https://cpcb.gov.in/
A237,F36,Air pollution consent,Air consent compliance submission,Report,Consent-prescribed,Plants and emissions requiring consent or related safeguards,"Seed entry: confirm exact current provision, entity role and template before activation.",State OCMMS / consent-management portal,P/S/H,Seed / bundle entry; exact current template and legal basis need QA,"CPCB,NSWS",https://cpcb.gov.in/
A238,F37,Environmental protection and statement,Environment Statement Form V,Statement,"A, conditional",Units within applicable standards and environmental-statement scope,"Seed entry: confirm exact current provision, entity role and template before activation.",SPCB portal / prescribed submission route,P/S/H,Seed / bundle entry; exact current template and legal basis need QA,"EPA,CPCB",https://moef.gov.in/uploads/2017/06/2The%20Environment%20%28Protection%29%20Rules%2C%201986.pdf
A239,F37,Environmental protection and statement,Pollutant / resource-use working papers,Supporting record,Periodic/A,Units within applicable standards and environmental-statement scope,"Seed entry: confirm exact current provision, entity role and template before activation.",SPCB portal / prescribed submission route,P/S/H,Seed / bundle entry; exact current template and legal basis need QA,"EPA,CPCB",https://moef.gov.in/uploads/2017/06/2The%20Environment%20%28Protection%29%20Rules%2C%201986.pdf
A240,F37,Environmental protection and statement,Environmental standards compliance evidence,Control evidence,C/periodic,Units within applicable standards and environmental-statement scope,"Seed entry: confirm exact current provision, entity role and template before activation.",SPCB portal / prescribed submission route,P/S/H,Seed / bundle entry; exact current template and legal basis need QA,"EPA,CPCB",https://moef.gov.in/uploads/2017/06/2The%20Environment%20%28Protection%29%20Rules%2C%201986.pdf
A241,F38,Environmental clearance,EC application and project particulars,Application,E,Projects or expansions requiring prior environmental clearance,"Seed entry: confirm exact current provision, entity role and template before activation.",PARIVESH,P/H,Seed / bundle entry; exact current template and legal basis need QA,"PARI,LAW",https://parivesh.nic.in/
A242,F38,Environmental clearance,EIA / EMP and supporting studies,Expert report,E,Projects or expansions requiring prior environmental clearance,"Seed entry: confirm exact current provision, entity role and template before activation.",PARIVESH,P/H,Seed / bundle entry; exact current template and legal basis need QA,"PARI,LAW",https://parivesh.nic.in/
A243,F38,Environmental clearance,Post-EC compliance report,Report,EC-prescribed cycle,Projects or expansions requiring prior environmental clearance,"Seed entry: confirm exact current provision, entity role and template before activation.",PARIVESH,P/H,Seed / bundle entry; exact current template and legal basis need QA,"PARI,LAW",https://parivesh.nic.in/
A244,F38,Environmental clearance,Environmental clearance and condition register,Authority output/register,C/E,Projects or expansions requiring prior environmental clearance,"Seed entry: confirm exact current provision, entity role and template before activation.",PARIVESH,P/H,Seed / bundle entry; exact current template and legal basis need QA,"PARI,LAW",https://parivesh.nic.in/
A245,F39,"Hazardous waste, used oil and tyre branches",Hazardous Waste Form 1,Authorisation application,E/L,"Generators, occupiers, handlers, recyclers, importers/producers by role","Seed entry: confirm exact current provision, entity role and template before activation.",State authorisation portal; CPCB used-oil / tyre EPR systems,P/S/H,Seed / bundle entry; exact current template and legal basis need QA,"HW,EPR",https://cpcb.gov.in/rules/
A246,F39,"Hazardous waste, used oil and tyre branches",Hazardous Waste Form 3,Records,C,"Generators, occupiers, handlers, recyclers, importers/producers by role","Seed entry: confirm exact current provision, entity role and template before activation.",State authorisation portal; CPCB used-oil / tyre EPR systems,P/S/H,Seed / bundle entry; exact current template and legal basis need QA,"HW,EPR",https://cpcb.gov.in/rules/
A247,F39,"Hazardous waste, used oil and tyre branches",Hazardous Waste Form 4,Annual return,A,"Generators, occupiers, handlers, recyclers, importers/producers by role","Seed entry: confirm exact current provision, entity role and template before activation.",State authorisation portal; CPCB used-oil / tyre EPR systems,P/S/H,Seed / bundle entry; exact current template and legal basis need QA,"HW,EPR",https://cpcb.gov.in/rules/
A248,F39,"Hazardous waste, used oil and tyre branches",Hazardous Waste Form 10,Manifest,T,"Generators, occupiers, handlers, recyclers, importers/producers by role","Seed entry: confirm exact current provision, entity role and template before activation.",State authorisation portal; CPCB used-oil / tyre EPR systems,P/S/H,Seed / bundle entry; exact current template and legal basis need QA,"HW,EPR",https://cpcb.gov.in/rules/
A249,F39,"Hazardous waste, used oil and tyre branches",Hazardous Waste Form 11,Accident report,E,"Generators, occupiers, handlers, recyclers, importers/producers by role","Seed entry: confirm exact current provision, entity role and template before activation.",State authorisation portal; CPCB used-oil / tyre EPR systems,P/S/H,Seed / bundle entry; exact current template and legal basis need QA,"HW,EPR",https://cpcb.gov.in/rules/
A250,F39,"Hazardous waste, used oil and tyre branches",Waste labels / transporter / disposal evidence,Control evidence,T/C,"Generators, occupiers, handlers, recyclers, importers/producers by role","Seed entry: confirm exact current provision, entity role and template before activation.",State authorisation portal; CPCB used-oil / tyre EPR systems,P/S/H,Seed / bundle entry; exact current template and legal basis need QA,"HW,EPR",https://cpcb.gov.in/rules/
A251,F39,"Hazardous waste, used oil and tyre branches",Used-oil EPR registration / returns,Stream-specific bundle,E/periodic,"Generators, occupiers, handlers, recyclers, importers/producers by role","Seed entry: confirm exact current provision, entity role and template before activation.",State authorisation portal; CPCB used-oil / tyre EPR systems,P/S/H,Seed / bundle entry; exact current template and legal basis need QA,"HW,EPR",https://cpcb.gov.in/rules/
A252,F39,"Hazardous waste, used oil and tyre branches",Waste-tyre EPR registration / returns,Stream-specific bundle,E/periodic,"Generators, occupiers, handlers, recyclers, importers/producers by role","Seed entry: confirm exact current provision, entity role and template before activation.",State authorisation portal; CPCB used-oil / tyre EPR systems,P/S/H,Seed / bundle entry; exact current template and legal basis need QA,"HW,EPR",https://cpcb.gov.in/rules/
A253,F40,Plastic waste / packaging EPR,Plastic EPR registration,Application,E/L,"Covered producers, importers, brand owners and waste processors; other roles separately","Seed entry: confirm exact current provision, entity role and template before activation.",CPCB plastic EPR portal,P/S/H,Seed / bundle entry; exact current template and legal basis need QA,"PLASTIC,EPR",https://cpcb.gov.in/rules-4/
A254,F40,Plastic waste / packaging EPR,Plastic EPR annual / prescribed return,Return,A/portal-prescribed,"Covered producers, importers, brand owners and waste processors; other roles separately","Seed entry: confirm exact current provision, entity role and template before activation.",CPCB plastic EPR portal,P/S/H,Seed / bundle entry; exact current template and legal basis need QA,"PLASTIC,EPR",https://cpcb.gov.in/rules-4/
A255,F40,Plastic waste / packaging EPR,Packaging-category / quantity ledger,Register,C,"Covered producers, importers, brand owners and waste processors; other roles separately","Seed entry: confirm exact current provision, entity role and template before activation.",CPCB plastic EPR portal,P/S/H,Seed / bundle entry; exact current template and legal basis need QA,"PLASTIC,EPR",https://cpcb.gov.in/rules-4/
A256,F40,Plastic waste / packaging EPR,EPR certificates and reconciliation,Evidence,T/periodic,"Covered producers, importers, brand owners and waste processors; other roles separately","Seed entry: confirm exact current provision, entity role and template before activation.",CPCB plastic EPR portal,P/S/H,Seed / bundle entry; exact current template and legal basis need QA,"PLASTIC,EPR",https://cpcb.gov.in/rules-4/
A257,F41,E-waste,E-waste portal registration,Application,E,"Manufacturers, producers, refurbishers, recyclers and covered bulk-consumer duties by role","Seed entry: confirm exact current provision, entity role and template before activation.",CPCB e-waste EPR portal,P/S/H,Seed / bundle entry; exact current template and legal basis need QA,"EWASTE,EPR",https://cpcb.gov.in/rules-6/
A258,F41,E-waste,E-waste prescribed periodic / annual return,Return,Portal/rule-prescribed,"Manufacturers, producers, refurbishers, recyclers and covered bulk-consumer duties by role","Seed entry: confirm exact current provision, entity role and template before activation.",CPCB e-waste EPR portal,P/S/H,Seed / bundle entry; exact current template and legal basis need QA,"EWASTE,EPR",https://cpcb.gov.in/rules-6/
A259,F41,E-waste,EEE placement / recycling ledger,Register,C,"Manufacturers, producers, refurbishers, recyclers and covered bulk-consumer duties by role","Seed entry: confirm exact current provision, entity role and template before activation.",CPCB e-waste EPR portal,P/S/H,Seed / bundle entry; exact current template and legal basis need QA,"EWASTE,EPR",https://cpcb.gov.in/rules-6/
A260,F41,E-waste,EPR certificate reconciliation,Evidence,T/periodic,"Manufacturers, producers, refurbishers, recyclers and covered bulk-consumer duties by role","Seed entry: confirm exact current provision, entity role and template before activation.",CPCB e-waste EPR portal,P/S/H,Seed / bundle entry; exact current template and legal basis need QA,"EWASTE,EPR",https://cpcb.gov.in/rules-6/
A261,F41,E-waste,Bulk-consumer authorised handover evidence,Evidence,T,"Manufacturers, producers, refurbishers, recyclers and covered bulk-consumer duties by role",Do not impose producer filings solely because a business uses computers.,CPCB e-waste EPR portal,P/S/H,Seed / bundle entry; exact current template and legal basis need QA,"EWASTE,EPR",https://cpcb.gov.in/rules-6/
A262,F42,Battery waste,Battery EPR registration,Application,E/L,"Battery producers/importers, recyclers, refurbishers and other role-specific duties","Seed entry: confirm exact current provision, entity role and template before activation.",CPCB battery EPR portal,P/S/H,Seed / bundle entry; exact current template and legal basis need QA,"BATTERY,EPR",https://cpcb.gov.in/rules-5/
A263,F42,Battery waste,Battery producer / recycler / refurbisher return,Return bundle,Rule/portal-prescribed,"Battery producers/importers, recyclers, refurbishers and other role-specific duties","Seed entry: confirm exact current provision, entity role and template before activation.",CPCB battery EPR portal,P/S/H,Seed / bundle entry; exact current template and legal basis need QA,"BATTERY,EPR",https://cpcb.gov.in/rules-5/
A264,F42,Battery waste,Battery category / quantity ledger,Register,C,"Battery producers/importers, recyclers, refurbishers and other role-specific duties","Seed entry: confirm exact current provision, entity role and template before activation.",CPCB battery EPR portal,P/S/H,Seed / bundle entry; exact current template and legal basis need QA,"BATTERY,EPR",https://cpcb.gov.in/rules-5/
A265,F42,Battery waste,Battery EPR certificate reconciliation,Evidence,T/periodic,"Battery producers/importers, recyclers, refurbishers and other role-specific duties","Seed entry: confirm exact current provision, entity role and template before activation.",CPCB battery EPR portal,P/S/H,Seed / bundle entry; exact current template and legal basis need QA,"BATTERY,EPR",https://cpcb.gov.in/rules-5/
A266,F43,Solid waste,Waste segregation / handover ledger,Register,D/T,"Waste generators, bulk generators, processors and other prescribed classes","Seed entry: confirm exact current provision, entity role and template before activation.",Local body / CPCB solid-waste portal,P/S/H,Seed / bundle entry; exact current template and legal basis need QA,"SWM,SWMP",https://www.pib.gov.in/PressReleasePage.aspx?PRID=2219676&lang=1&reg=3
A267,F43,Solid waste,Bulk-generator registration / declaration,Application/declaration,"E/periodic, conditional","Waste generators, bulk generators, processors and other prescribed classes","Seed entry: confirm exact current provision, entity role and template before activation.",Local body / CPCB solid-waste portal,P/S/H,Seed / bundle entry; exact current template and legal basis need QA,"SWM,SWMP",https://www.pib.gov.in/PressReleasePage.aspx?PRID=2219676&lang=1&reg=3
A268,F43,Solid waste,Prescribed 2026 portal return,Return,Class-specific,"Waste generators, bulk generators, processors and other prescribed classes",Do not inherit an unverified 2016 form number.,Local body / CPCB solid-waste portal,P/S/H,Seed / bundle entry; exact current template and legal basis need QA,"SWM,SWMP",https://www.pib.gov.in/PressReleasePage.aspx?PRID=2219676&lang=1&reg=3
A269,F43,Solid waste,Waste processing / service-provider evidence,Control evidence,C/periodic,"Waste generators, bulk generators, processors and other prescribed classes","Seed entry: confirm exact current provision, entity role and template before activation.",Local body / CPCB solid-waste portal,P/S/H,Seed / bundle entry; exact current template and legal basis need QA,"SWM,SWMP",https://www.pib.gov.in/PressReleasePage.aspx?PRID=2219676&lang=1&reg=3
A270,F44,Biomedical waste,BMW authorisation application,Application,E/L,"Healthcare facilities, laboratories and other generators/handlers within scope","Seed entry: confirm exact current provision, entity role and template before activation.",State BMW system / prescribed reporting route,P/S/H,Seed / bundle entry; exact current template and legal basis need QA,BMW,https://cpcb.gov.in/rules-3/
A271,F44,Biomedical waste,BMW annual report,Report,A,"Healthcare facilities, laboratories and other generators/handlers within scope",Reconcile legacy Form IV to April 2026 amendment before template activation.,State BMW system / prescribed reporting route,P/S/H,Seed / bundle entry; exact current template and legal basis need QA,BMW,https://cpcb.gov.in/rules-3/
A272,F44,Biomedical waste,BMW accident report,Notice,E,"Healthcare facilities, laboratories and other generators/handlers within scope","Seed entry: confirm exact current provision, entity role and template before activation.",State BMW system / prescribed reporting route,P/S/H,Seed / bundle entry; exact current template and legal basis need QA,BMW,https://cpcb.gov.in/rules-3/
A273,F44,Biomedical waste,BMW generation / handover / barcode record,Register,D/T,"Healthcare facilities, laboratories and other generators/handlers within scope","Seed entry: confirm exact current provision, entity role and template before activation.",State BMW system / prescribed reporting route,P/S/H,Seed / bundle entry; exact current template and legal basis need QA,BMW,https://cpcb.gov.in/rules-3/
A274,F44,Biomedical waste,BMW staff training / health evidence,Control evidence,Periodic,"Healthcare facilities, laboratories and other generators/handlers within scope","Seed entry: confirm exact current provision, entity role and template before activation.",State BMW system / prescribed reporting route,P/S/H,Seed / bundle entry; exact current template and legal basis need QA,BMW,https://cpcb.gov.in/rules-3/
A275,F45,Construction and demolition waste,C&D waste-management plan,Plan,Project/E,"Construction/demolition actors, specified producers and recyclers by class","Seed entry: confirm exact current provision, entity role and template before activation.",Relevant local / CPCB C&D workflow,P/S/H,Seed / bundle entry; exact current template and legal basis need QA,CDW,https://cpcb.gov.in/rules-7/
A276,F45,Construction and demolition waste,C&D waste quantity / movement ledger,Register,T/C,"Construction/demolition actors, specified producers and recyclers by class","Seed entry: confirm exact current provision, entity role and template before activation.",Relevant local / CPCB C&D workflow,P/S/H,Seed / bundle entry; exact current template and legal basis need QA,CDW,https://cpcb.gov.in/rules-7/
A277,F45,Construction and demolition waste,C&D registration / EPR submission,Application/report,Class-specific,"Construction/demolition actors, specified producers and recyclers by class","Seed entry: confirm exact current provision, entity role and template before activation.",Relevant local / CPCB C&D workflow,P/S/H,Seed / bundle entry; exact current template and legal basis need QA,CDW,https://cpcb.gov.in/rules-7/
A278,F45,Construction and demolition waste,Recycling / disposal certificates,Evidence,T/periodic,"Construction/demolition actors, specified producers and recyclers by class","Seed entry: confirm exact current provision, entity role and template before activation.",Relevant local / CPCB C&D workflow,P/S/H,Seed / bundle entry; exact current template and legal basis need QA,CDW,https://cpcb.gov.in/rules-7/
A279,F46,End-of-life vehicles,ELV producer / facility registration,Application,E/L,Vehicle producers and registered vehicle-scrapping/recycling actors; owner duties separately,"Seed entry: confirm exact current provision, entity role and template before activation.",CPCB ELV EPR / authorised scrapping systems,P/S/H,Seed / bundle entry; exact current template and legal basis need QA,"EPR,CPCB",https://cpcb.gov.in/all-epr-portals-of-cpcb/
A280,F46,End-of-life vehicles,ELV prescribed return / EPR report,Return,Rule/portal-prescribed,Vehicle producers and registered vehicle-scrapping/recycling actors; owner duties separately,"Seed entry: confirm exact current provision, entity role and template before activation.",CPCB ELV EPR / authorised scrapping systems,P/S/H,Seed / bundle entry; exact current template and legal basis need QA,"EPR,CPCB",https://cpcb.gov.in/all-epr-portals-of-cpcb/
A281,F46,End-of-life vehicles,Vehicle scrapping / recycling evidence,Evidence,T,Vehicle producers and registered vehicle-scrapping/recycling actors; owner duties separately,"Seed entry: confirm exact current provision, entity role and template before activation.",CPCB ELV EPR / authorised scrapping systems,P/S/H,Seed / bundle entry; exact current template and legal basis need QA,"EPR,CPCB",https://cpcb.gov.in/all-epr-portals-of-cpcb/
A282,F46,End-of-life vehicles,ELV EPR certificate reconciliation,Evidence,T/periodic,Vehicle producers and registered vehicle-scrapping/recycling actors; owner duties separately,"Seed entry: confirm exact current provision, entity role and template before activation.",CPCB ELV EPR / authorised scrapping systems,P/S/H,Seed / bundle entry; exact current template and legal basis need QA,"EPR,CPCB",https://cpcb.gov.in/all-epr-portals-of-cpcb/
A283,F47,Groundwater abstraction,Groundwater NOC / renewal application,Application,E/L,Groundwater abstraction requiring permission; exemption and jurisdiction checks,"Seed entry: confirm exact current provision, entity role and template before activation.",CGWA NOC portal / state system,P/S/H,Seed / bundle entry; exact current template and legal basis need QA,"GROUND,NSWS",https://cgwa-noc.gov.in/
A284,F47,Groundwater abstraction,Abstraction meter / water-level log,Register,D/periodic,Groundwater abstraction requiring permission; exemption and jurisdiction checks,"Seed entry: confirm exact current provision, entity role and template before activation.",CGWA NOC portal / state system,P/S/H,Seed / bundle entry; exact current template and legal basis need QA,"GROUND,NSWS",https://cgwa-noc.gov.in/
A285,F47,Groundwater abstraction,Groundwater compliance / audit report,Report,NOC-prescribed,Groundwater abstraction requiring permission; exemption and jurisdiction checks,"Seed entry: confirm exact current provision, entity role and template before activation.",CGWA NOC portal / state system,P/S/H,Seed / bundle entry; exact current template and legal basis need QA,"GROUND,NSWS",https://cgwa-noc.gov.in/
A286,F47,Groundwater abstraction,Rainwater harvesting / recharge evidence,Control evidence,Project/periodic,Groundwater abstraction requiring permission; exemption and jurisdiction checks,"Seed entry: confirm exact current provision, entity role and template before activation.",CGWA NOC portal / state system,P/S/H,Seed / bundle entry; exact current template and legal basis need QA,"GROUND,NSWS",https://cgwa-noc.gov.in/
A287,F48,Hazardous chemicals and emergency planning,Hazardous chemical inventory / safety data sheets,Record,C/E,Activities involving specified hazardous chemicals at applicable thresholds,"Seed entry: confirm exact current provision, entity role and template before activation.",Prescribed authority route; site records,P/H,Seed / bundle entry; exact current template and legal basis need QA,"LAW,CPCB",https://indiacode.gov.in/
A288,F48,Hazardous chemicals and emergency planning,Site notification / safety report,Report,"E/periodic, threshold-specific",Activities involving specified hazardous chemicals at applicable thresholds,"Seed entry: confirm exact current provision, entity role and template before activation.",Prescribed authority route; site records,P/H,Seed / bundle entry; exact current template and legal basis need QA,"LAW,CPCB",https://indiacode.gov.in/
A289,F48,Hazardous chemicals and emergency planning,Onsite emergency plan / drill record,Plan/evidence,Periodic/E,Activities involving specified hazardous chemicals at applicable thresholds,"Seed entry: confirm exact current provision, entity role and template before activation.",Prescribed authority route; site records,P/H,Seed / bundle entry; exact current template and legal basis need QA,"LAW,CPCB",https://indiacode.gov.in/
A290,F48,Hazardous chemicals and emergency planning,Major-accident report,Notice,E,Activities involving specified hazardous chemicals at applicable thresholds,"Seed entry: confirm exact current provision, entity role and template before activation.",Prescribed authority route; site records,P/H,Seed / bundle entry; exact current template and legal basis need QA,"LAW,CPCB",https://indiacode.gov.in/
A291,F49,Public liability insurance,Public liability insurance policy,Insurance evidence,L,Owners handling hazardous substances within applicable legal scope,"Seed entry: confirm exact current provision, entity role and template before activation.",Insurer / prescribed authority channels,P/H,Seed / bundle entry; exact current template and legal basis need QA,LAW,https://indiacode.gov.in/
A292,F49,Public liability insurance,ERF contribution / payment evidence,Payment evidence,Policy cycle,Owners handling hazardous substances within applicable legal scope,"Seed entry: confirm exact current provision, entity role and template before activation.",Insurer / prescribed authority channels,P/H,Seed / bundle entry; exact current template and legal basis need QA,LAW,https://indiacode.gov.in/
A293,F49,Public liability insurance,Incident / claim documentation,Case record,E,Owners handling hazardous substances within applicable legal scope,"Seed entry: confirm exact current provision, entity role and template before activation.",Insurer / prescribed authority channels,P/H,Seed / bundle entry; exact current template and legal basis need QA,LAW,https://indiacode.gov.in/
A294,F50,Noise controls,Noise measurement / control record,Evidence,Periodic/E,"Noise-generating premises, equipment and permitted activities","Seed entry: confirm exact current provision, entity role and template before activation.",Local authority route; monitoring records,P/H,Seed / bundle entry; exact current template and legal basis need QA,"CPCB,NSWS",https://cpcb.gov.in/
A295,F50,Noise controls,Loudspeaker / event permission,Application,"E, conditional","Noise-generating premises, equipment and permitted activities","Seed entry: confirm exact current provision, entity role and template before activation.",Local authority route; monitoring records,P/H,Seed / bundle entry; exact current template and legal basis need QA,"CPCB,NSWS",https://cpcb.gov.in/
A296,F50,Noise controls,Equipment acoustic compliance evidence,Evidence,Procurement/periodic,"Noise-generating premises, equipment and permitted activities","Seed entry: confirm exact current provision, entity role and template before activation.",Local authority route; monitoring records,P/H,Seed / bundle entry; exact current template and legal basis need QA,"CPCB,NSWS",https://cpcb.gov.in/
A297,F51,Forest and wildlife project permissions,Forest diversion / wildlife permission application,Application,Project/E,"Projects affecting forest land, protected areas or other protected interests","Seed entry: confirm exact current provision, entity role and template before activation.",PARIVESH / relevant state system,P/H,Seed / bundle entry; exact current template and legal basis need QA,"PARI,LAW",https://parivesh.nic.in/
A298,F51,Forest and wildlife project permissions,Mitigation / compensatory compliance record,Evidence,Milestone/periodic,"Projects affecting forest land, protected areas or other protected interests","Seed entry: confirm exact current provision, entity role and template before activation.",PARIVESH / relevant state system,P/H,Seed / bundle entry; exact current template and legal basis need QA,"PARI,LAW",https://parivesh.nic.in/
A299,F51,Forest and wildlife project permissions,Clearance-condition report,Report,Permission-prescribed,"Projects affecting forest land, protected areas or other protected interests","Seed entry: confirm exact current provision, entity role and template before activation.",PARIVESH / relevant state system,P/H,Seed / bundle entry; exact current template and legal basis need QA,"PARI,LAW",https://parivesh.nic.in/
A300,F52,Biodiversity access and benefit sharing,ABS approval / intimation application,Application,E,"Access, commercial utilisation, research transfer or IPR involving biological resources/knowledge within scope","Seed entry: confirm exact current provision, entity role and template before activation.",NBA ABS e-filing / state route,P/H,Seed / bundle entry; exact current template and legal basis need QA,BIO,https://www.nbaindia.nic.in/
A301,F52,Biodiversity access and benefit sharing,Benefit-sharing agreement / payment evidence,Contract/evidence,Agreement-prescribed,"Access, commercial utilisation, research transfer or IPR involving biological resources/knowledge within scope","Seed entry: confirm exact current provision, entity role and template before activation.",NBA ABS e-filing / state route,P/H,Seed / bundle entry; exact current template and legal basis need QA,BIO,https://www.nbaindia.nic.in/
A302,F52,Biodiversity access and benefit sharing,Biological resource access / use record,Register,C,"Access, commercial utilisation, research transfer or IPR involving biological resources/knowledge within scope","Seed entry: confirm exact current provision, entity role and template before activation.",NBA ABS e-filing / state route,P/H,Seed / bundle entry; exact current template and legal basis need QA,BIO,https://www.nbaindia.nic.in/
A303,F52,Biodiversity access and benefit sharing,IPR / research-transfer submission,Application/report,"E, conditional","Access, commercial utilisation, research transfer or IPR involving biological resources/knowledge within scope","Seed entry: confirm exact current provision, entity role and template before activation.",NBA ABS e-filing / state route,P/H,Seed / bundle entry; exact current template and legal basis need QA,BIO,https://www.nbaindia.nic.in/
A304,F53,Food safety,FSSAI Form A,Registration application,"E/L, applicable class",Food business operators according to activity and licence/registration class,"Seed entry: confirm exact current provision, entity role and template before activation.",FoSCoS,P/S/H,Seed / bundle entry; exact current template and legal basis need QA,"FSSAI,FOSCOS",https://www.fssai.gov.in/upload/advisories/2024/04/661e73c35373eRevised%20annual%20return.pdf
A305,F53,Food safety,FSSAI Form B,Licence application,"E/L, applicable class",Food business operators according to activity and licence/registration class,"Seed entry: confirm exact current provision, entity role and template before activation.",FoSCoS,P/S/H,Seed / bundle entry; exact current template and legal basis need QA,"FSSAI,FOSCOS",https://www.fssai.gov.in/upload/advisories/2024/04/661e73c35373eRevised%20annual%20return.pdf
A306,F53,Food safety,FSSAI Form C,Licence output,E/L,Food business operators according to activity and licence/registration class,"Seed entry: confirm exact current provision, entity role and template before activation.",FoSCoS,P/S/H,Seed / bundle entry; exact current template and legal basis need QA,"FSSAI,FOSCOS",https://www.fssai.gov.in/upload/advisories/2024/04/661e73c35373eRevised%20annual%20return.pdf
A307,F53,Food safety,FSSAI Form D-1,Annual return,"A, covered FBOs",Food business operators according to activity and licence/registration class,Do not automatically activate legacy milk D-2.,FoSCoS,P/S/H,Seed / bundle entry; exact current template and legal basis need QA,"FSSAI,FOSCOS",https://www.fssai.gov.in/upload/advisories/2024/04/661e73c35373eRevised%20annual%20return.pdf
A308,F53,Food safety,FSSAI Form IX,Nomination,"E, applicable legal entity",Food business operators according to activity and licence/registration class,"Seed entry: confirm exact current provision, entity role and template before activation.",FoSCoS,P/S/H,Seed / bundle entry; exact current template and legal basis need QA,"FSSAI,FOSCOS",https://www.fssai.gov.in/upload/advisories/2024/04/661e73c35373eRevised%20annual%20return.pdf
A309,F53,Food safety,Food testing / traceability / recall records,Control evidence,Batch/periodic/E,Food business operators according to activity and licence/registration class,"Seed entry: confirm exact current provision, entity role and template before activation.",FoSCoS,P/S/H,Seed / bundle entry; exact current template and legal basis need QA,"FSSAI,FOSCOS",https://www.fssai.gov.in/upload/advisories/2024/04/661e73c35373eRevised%20annual%20return.pdf
A310,F54,Legal metrology,Packer / manufacturer / importer registration,Application,E,"Manufacturers, packers, importers, dealers/users of regulated packages or instruments","Seed entry: confirm exact current provision, entity role and template before activation.",eMaap / NSWS / state metrology portals as service permits,P/S/H,Seed / bundle entry; exact current template and legal basis need QA,"LM,NSWS",https://consumeraffairs.gov.in/pages/legal-metrology-act
A311,F54,Legal metrology,Weighing-instrument verification / stamping certificate,Testing evidence,Prescribed cycle,"Manufacturers, packers, importers, dealers/users of regulated packages or instruments","Seed entry: confirm exact current provision, entity role and template before activation.",eMaap / NSWS / state metrology portals as service permits,P/S/H,Seed / bundle entry; exact current template and legal basis need QA,"LM,NSWS",https://consumeraffairs.gov.in/pages/legal-metrology-act
A312,F54,Legal metrology,Manufacturer / dealer / repairer licence,Application,"E/L, state-specific","Manufacturers, packers, importers, dealers/users of regulated packages or instruments","Seed entry: confirm exact current provision, entity role and template before activation.",eMaap / NSWS / state metrology portals as service permits,P/S/H,Seed / bundle entry; exact current template and legal basis need QA,"LM,NSWS",https://consumeraffairs.gov.in/pages/legal-metrology-act
A313,F54,Legal metrology,Package-label compliance artwork / check record,Control evidence,SKU/E,"Manufacturers, packers, importers, dealers/users of regulated packages or instruments","Seed entry: confirm exact current provision, entity role and template before activation.",eMaap / NSWS / state metrology portals as service permits,P/S/H,Seed / bundle entry; exact current template and legal basis need QA,"LM,NSWS",https://consumeraffairs.gov.in/pages/legal-metrology-act
A314,F54,Legal metrology,Prescribed metrology registers / returns,Record/report,State/class-specific,"Manufacturers, packers, importers, dealers/users of regulated packages or instruments","Seed entry: confirm exact current provision, entity role and template before activation.",eMaap / NSWS / state metrology portals as service permits,P/S/H,Seed / bundle entry; exact current template and legal basis need QA,"LM,NSWS",https://consumeraffairs.gov.in/pages/legal-metrology-act
A315,F55,BIS and quality-control orders,BIS licence / scope-extension application,Application,E/L,Products/models placed on market under compulsory certification or registration,"Seed entry: confirm exact current provision, entity role and template before activation.",Manakonline / BIS CRS,P/S/H,Seed / bundle entry; exact current template and legal basis need QA,BIS,https://www.bis.gov.in/product-certification/products-under-compulsory-certification/
A316,F55,BIS and quality-control orders,CRS registration / model inclusion,Application,"E, applicable scheme",Products/models placed on market under compulsory certification or registration,"Seed entry: confirm exact current provision, entity role and template before activation.",Manakonline / BIS CRS,P/S/H,Seed / bundle entry; exact current template and legal basis need QA,BIS,https://www.bis.gov.in/product-certification/products-under-compulsory-certification/
A317,F55,BIS and quality-control orders,Product laboratory test report,Laboratory evidence,Scheme-prescribed,Products/models placed on market under compulsory certification or registration,"Seed entry: confirm exact current provision, entity role and template before activation.",Manakonline / BIS CRS,P/S/H,Seed / bundle entry; exact current template and legal basis need QA,BIS,https://www.bis.gov.in/product-certification/products-under-compulsory-certification/
A318,F55,BIS and quality-control orders,Production / marking / fee statements,Record/report,Scheme-prescribed,Products/models placed on market under compulsory certification or registration,"Seed entry: confirm exact current provision, entity role and template before activation.",Manakonline / BIS CRS,P/S/H,Seed / bundle entry; exact current template and legal basis need QA,BIS,https://www.bis.gov.in/product-certification/products-under-compulsory-certification/
A319,F55,BIS and quality-control orders,Surveillance / corrective-action evidence,Control evidence,Periodic/E,Products/models placed on market under compulsory certification or registration,"Seed entry: confirm exact current provision, entity role and template before activation.",Manakonline / BIS CRS,P/S/H,Seed / bundle entry; exact current template and legal basis need QA,BIS,https://www.bis.gov.in/product-certification/products-under-compulsory-certification/
A320,F56,Drugs and cosmetics,Drug manufacture / sale / import application,Application bundle,"E/L, licence-specific","Drug/cosmetic manufacturing, sale, import and other regulated activities","Seed entry: confirm exact current provision, entity role and template before activation.",SUGAM / state drug licensing portals,P/S/H,Seed / bundle entry; exact current template and legal basis need QA,DRUG,https://cdsco.gov.in/opencms/opencms/en/Acts-Rules/
A321,F56,Drugs and cosmetics,Cosmetics manufacture / import application,Application bundle,"E/L, rules-specific","Drug/cosmetic manufacturing, sale, import and other regulated activities","Seed entry: confirm exact current provision, entity role and template before activation.",SUGAM / state drug licensing portals,P/S/H,Seed / bundle entry; exact current template and legal basis need QA,DRUG,https://cdsco.gov.in/opencms/opencms/en/Acts-Rules/
A322,F56,Drugs and cosmetics,Batch manufacture / testing / distribution record,Register,Batch/T,"Drug/cosmetic manufacturing, sale, import and other regulated activities","Seed entry: confirm exact current provision, entity role and template before activation.",SUGAM / state drug licensing portals,P/S/H,Seed / bundle entry; exact current template and legal basis need QA,DRUG,https://cdsco.gov.in/opencms/opencms/en/Acts-Rules/
A323,F56,Drugs and cosmetics,Licence retention-fee / compliance evidence,Payment/control,Prescribed cycle,"Drug/cosmetic manufacturing, sale, import and other regulated activities","Seed entry: confirm exact current provision, entity role and template before activation.",SUGAM / state drug licensing portals,P/S/H,Seed / bundle entry; exact current template and legal basis need QA,DRUG,https://cdsco.gov.in/opencms/opencms/en/Acts-Rules/
A324,F56,Drugs and cosmetics,Pharmacovigilance / defect / recall report,Report,"E/periodic, role-specific","Drug/cosmetic manufacturing, sale, import and other regulated activities","Seed entry: confirm exact current provision, entity role and template before activation.",SUGAM / state drug licensing portals,P/S/H,Seed / bundle entry; exact current template and legal basis need QA,DRUG,https://cdsco.gov.in/opencms/opencms/en/Acts-Rules/
A325,F57,Medical devices,MD-3 / MD-7,Manufacturing application bundle,E,Manufacture/import/sale of covered devices and other regulated actors,Select correct device class and authority.,SUGAM / notified device / state portal,P/S/H,Seed / bundle entry; exact current template and legal basis need QA,DRUG,https://cdsco.gov.in/opencms/opencms/en/Acts-Rules/
A326,F57,Medical devices,MD-5 / MD-9,Manufacturing licence outputs,Authority output,Manufacture/import/sale of covered devices and other regulated actors,E,SUGAM / notified device / state portal,P/S/H,Seed / bundle entry; exact current template and legal basis need QA,DRUG,https://cdsco.gov.in/opencms/opencms/en/Acts-Rules/
A327,F57,Medical devices,MD-14,Import application,E,Manufacture/import/sale of covered devices and other regulated actors,"Seed entry: confirm exact current provision, entity role and template before activation.",SUGAM / notified device / state portal,P/S/H,Seed / bundle entry; exact current template and legal basis need QA,DRUG,https://cdsco.gov.in/opencms/opencms/en/Acts-Rules/
A328,F57,Medical devices,MD-15,Import licence output,Authority output,Manufacture/import/sale of covered devices and other regulated actors,E,SUGAM / notified device / state portal,P/S/H,Seed / bundle entry; exact current template and legal basis need QA,DRUG,https://cdsco.gov.in/opencms/opencms/en/Acts-Rules/
A329,F57,Medical devices,MD-41 / MD-42,Sale registration application/output,"E, applicable route",Manufacture/import/sale of covered devices and other regulated actors,"Seed entry: confirm exact current provision, entity role and template before activation.",SUGAM / notified device / state portal,P/S/H,Seed / bundle entry; exact current template and legal basis need QA,DRUG,https://cdsco.gov.in/opencms/opencms/en/Acts-Rules/
A330,F57,Medical devices,Device quality / traceability / vigilance records,Record/report,Batch/T/E,Manufacture/import/sale of covered devices and other regulated actors,"Seed entry: confirm exact current provision, entity role and template before activation.",SUGAM / notified device / state portal,P/S/H,Seed / bundle entry; exact current template and legal basis need QA,DRUG,https://cdsco.gov.in/opencms/opencms/en/Acts-Rules/
A331,F58,Insecticides,Insecticide product registration application,Application,E,"Registration, manufacture, import, sale and use by regulated class","Seed entry: confirm exact current provision, entity role and template before activation.",CIBRC / state agriculture portal,P/S/H,Seed / bundle entry; exact current template and legal basis need QA,"AGRI,LAW",https://ppqs.gov.in/
A332,F58,Insecticides,Manufacture / sale licence application,Application,E/L,"Registration, manufacture, import, sale and use by regulated class","Seed entry: confirm exact current provision, entity role and template before activation.",CIBRC / state agriculture portal,P/S/H,Seed / bundle entry; exact current template and legal basis need QA,"AGRI,LAW",https://ppqs.gov.in/
A333,F58,Insecticides,Insecticide stock / sale / batch record,Register,C/T,"Registration, manufacture, import, sale and use by regulated class","Seed entry: confirm exact current provision, entity role and template before activation.",CIBRC / state agriculture portal,P/S/H,Seed / bundle entry; exact current template and legal basis need QA,"AGRI,LAW",https://ppqs.gov.in/
A334,F58,Insecticides,Prescribed insecticide return / quality report,Report,Class/state-specific,"Registration, manufacture, import, sale and use by regulated class","Seed entry: confirm exact current provision, entity role and template before activation.",CIBRC / state agriculture portal,P/S/H,Seed / bundle entry; exact current template and legal basis need QA,"AGRI,LAW",https://ppqs.gov.in/
A335,F59,Fertilisers and seeds,Fertiliser authorisation / dealer memorandum,Application,E/L,"Manufacturers, dealers, importers and seed businesses by regulated role","Seed entry: confirm exact current provision, entity role and template before activation.",State agriculture / single-window portal,P/S/H,Seed / bundle entry; exact current template and legal basis need QA,"LAW,NSWS",https://indiacode.gov.in/
A336,F59,Fertilisers and seeds,Seed dealer licence application,Application,E/L,"Manufacturers, dealers, importers and seed businesses by regulated role","Seed entry: confirm exact current provision, entity role and template before activation.",State agriculture / single-window portal,P/S/H,Seed / bundle entry; exact current template and legal basis need QA,"LAW,NSWS",https://indiacode.gov.in/
A337,F59,Fertilisers and seeds,Fertiliser / seed stock and sale registers,Register bundle,C/T,"Manufacturers, dealers, importers and seed businesses by regulated role","Seed entry: confirm exact current provision, entity role and template before activation.",State agriculture / single-window portal,P/S/H,Seed / bundle entry; exact current template and legal basis need QA,"LAW,NSWS",https://indiacode.gov.in/
A338,F59,Fertilisers and seeds,Quality / germination / batch test reports,Laboratory evidence,Batch,"Manufacturers, dealers, importers and seed businesses by regulated role","Seed entry: confirm exact current provision, entity role and template before activation.",State agriculture / single-window portal,P/S/H,Seed / bundle entry; exact current template and legal basis need QA,"LAW,NSWS",https://indiacode.gov.in/
A339,F59,Fertilisers and seeds,Prescribed agriculture-input returns,Report,State/product-specific,"Manufacturers, dealers, importers and seed businesses by regulated role","Seed entry: confirm exact current provision, entity role and template before activation.",State agriculture / single-window portal,P/S/H,Seed / bundle entry; exact current template and legal basis need QA,"LAW,NSWS",https://indiacode.gov.in/
A340,F60,Personal data protection,Data-processing inventory,Design/control record,C/E,Data fiduciaries/processors and other roles where relevant provisions are in force,Useful implementation artifact,Notified Board / organisation channels; no blanket live filing API,P/H,Seed / bundle entry; exact current template and legal basis need QA,DPDP,https://www.meity.gov.in/static/uploads/2025/11/53450e6e5dc0bfa85ebd78686cadad39.pdf
A341,F60,Personal data protection,not itself a universally prescribed statutory return.,Record / form,C/T/E; phased commencement,Data fiduciaries/processors and other roles where relevant provisions are in force,"Seed entry: confirm exact current provision, entity role and template before activation.",Notified Board / organisation channels; no blanket live filing API,P/H,Seed / bundle entry; exact current template and legal basis need QA,DPDP,https://www.meity.gov.in/static/uploads/2025/11/53450e6e5dc0bfa85ebd78686cadad39.pdf
A342,F60,Personal data protection,Notice / consent / permitted-use evidence,Control evidence,"T/C, when operative",Data fiduciaries/processors and other roles where relevant provisions are in force,"Seed entry: confirm exact current provision, entity role and template before activation.",Notified Board / organisation channels; no blanket live filing API,P/H,Seed / bundle entry; exact current template and legal basis need QA,DPDP,https://www.meity.gov.in/static/uploads/2025/11/53450e6e5dc0bfa85ebd78686cadad39.pdf
A343,F60,Personal data protection,Rights / grievance / deletion record,Record,"E, when operative",Data fiduciaries/processors and other roles where relevant provisions are in force,"Seed entry: confirm exact current provision, entity role and template before activation.",Notified Board / organisation channels; no blanket live filing API,P/H,Seed / bundle entry; exact current template and legal basis need QA,DPDP,https://www.meity.gov.in/static/uploads/2025/11/53450e6e5dc0bfa85ebd78686cadad39.pdf
A344,F60,Personal data protection,Personal-data breach notification package,Notice,"E, when operative",Data fiduciaries/processors and other roles where relevant provisions are in force,"Seed entry: confirm exact current provision, entity role and template before activation.",Notified Board / organisation channels; no blanket live filing API,P/H,Seed / bundle entry; exact current template and legal basis need QA,DPDP,https://www.meity.gov.in/static/uploads/2025/11/53450e6e5dc0bfa85ebd78686cadad39.pdf
A345,F60,Personal data protection,Additional designated-fiduciary audit / assessment,Report,"Prescribed cycle, conditional",Data fiduciaries/processors and other roles where relevant provisions are in force,"Seed entry: confirm exact current provision, entity role and template before activation.",Notified Board / organisation channels; no blanket live filing API,P/H,Seed / bundle entry; exact current template and legal basis need QA,DPDP,https://www.meity.gov.in/static/uploads/2025/11/53450e6e5dc0bfa85ebd78686cadad39.pdf
A346,F61,"IT security, SPDI and CERT-In",CERT-In incident report,Notice,E,Covered entities handling relevant information or falling under CERT-In directions,Six-hour requirement applies to specified incidents and covered entities,CERT-In prescribed reporting channels; internal security systems,P/S/H,Seed / bundle entry; exact current template and legal basis need QA,"CERT,MEITY",https://www.cert-in.org.in/PDF/CERT-In_Directions_70B_28.04.2022.pdf
A347,F61,"IT security, SPDI and CERT-In",trigger classification required.,Record / form,C/E,Covered entities handling relevant information or falling under CERT-In directions,"Seed entry: confirm exact current provision, entity role and template before activation.",CERT-In prescribed reporting channels; internal security systems,P/S/H,Seed / bundle entry; exact current template and legal basis need QA,"CERT,MEITY",https://www.cert-in.org.in/PDF/CERT-In_Directions_70B_28.04.2022.pdf
A348,F61,"IT security, SPDI and CERT-In",CERT-In point-of-contact details,Intimation,E,Covered entities handling relevant information or falling under CERT-In directions,"Seed entry: confirm exact current provision, entity role and template before activation.",CERT-In prescribed reporting channels; internal security systems,P/S/H,Seed / bundle entry; exact current template and legal basis need QA,"CERT,MEITY",https://www.cert-in.org.in/PDF/CERT-In_Directions_70B_28.04.2022.pdf
A349,F61,"IT security, SPDI and CERT-In",ICT security logs,Record,C,Covered entities handling relevant information or falling under CERT-In directions,Directions include rolling 180-day retention in Indian jurisdiction for covered entities.,CERT-In prescribed reporting channels; internal security systems,P/S/H,Seed / bundle entry; exact current template and legal basis need QA,"CERT,MEITY",https://www.cert-in.org.in/PDF/CERT-In_Directions_70B_28.04.2022.pdf
A350,F61,"IT security, SPDI and CERT-In",Security incident / remediation record,Control evidence,E,Covered entities handling relevant information or falling under CERT-In directions,"Seed entry: confirm exact current provision, entity role and template before activation.",CERT-In prescribed reporting channels; internal security systems,P/S/H,Seed / bundle entry; exact current template and legal basis need QA,"CERT,MEITY",https://www.cert-in.org.in/PDF/CERT-In_Directions_70B_28.04.2022.pdf
A351,F61,"IT security, SPDI and CERT-In",Applicable SPDI privacy / security policy,Policy,C/E,Covered entities handling relevant information or falling under CERT-In directions,Check survival/transition provision rather than assuming all old duties disappear.,CERT-In prescribed reporting channels; internal security systems,P/S/H,Seed / bundle entry; exact current template and legal basis need QA,"CERT,MEITY",https://www.cert-in.org.in/PDF/CERT-In_Directions_70B_28.04.2022.pdf
A352,F62,Intermediary due diligence,Terms / user rules / privacy disclosures,Policy,C/E,"Intermediaries and specified subclasses, not every business website","Seed entry: confirm exact current provision, entity role and template before activation.",Intermediary grievance system / prescribed government route,P/H,Seed / bundle entry; exact current template and legal basis need QA,MEITY,https://www.meity.gov.in/
A353,F62,Intermediary due diligence,Grievance intake and disposal register,Register,E,"Intermediaries and specified subclasses, not every business website","Seed entry: confirm exact current provision, entity role and template before activation.",Intermediary grievance system / prescribed government route,P/H,Seed / bundle entry; exact current template and legal basis need QA,MEITY,https://www.meity.gov.in/
A354,F62,Intermediary due diligence,Lawful-order / takedown response evidence,Evidence,E,"Intermediaries and specified subclasses, not every business website","Seed entry: confirm exact current provision, entity role and template before activation.",Intermediary grievance system / prescribed government route,P/H,Seed / bundle entry; exact current template and legal basis need QA,MEITY,https://www.meity.gov.in/
A355,F62,Intermediary due diligence,Prescribed intermediary compliance report,Report,"M, only relevant subclass","Intermediaries and specified subclasses, not every business website","Seed entry: confirm exact current provision, entity role and template before activation.",Intermediary grievance system / prescribed government route,P/H,Seed / bundle entry; exact current template and legal basis need QA,MEITY,https://www.meity.gov.in/
A356,F63,"Consumer protection, e-commerce and direct selling",Consumer / e-commerce mandatory disclosures,Notice/policy,C/E,"Sellers, e-commerce entities, direct-selling entities and other covered businesses","Seed entry: confirm exact current provision, entity role and template before activation.",Organisation channels; NCH / prescribed authority route as relevant,P/H,Seed / bundle entry; exact current template and legal basis need QA,"CONSUMER,ECOM",https://consumeraffairs.gov.in/pages/consumer-protection-acts
A357,F63,"Consumer protection, e-commerce and direct selling",Consumer grievance / refund / resolution register,Register,E,"Sellers, e-commerce entities, direct-selling entities and other covered businesses","Seed entry: confirm exact current provision, entity role and template before activation.",Organisation channels; NCH / prescribed authority route as relevant,P/H,Seed / bundle entry; exact current template and legal basis need QA,"CONSUMER,ECOM",https://consumeraffairs.gov.in/pages/consumer-protection-acts
A358,F63,"Consumer protection, e-commerce and direct selling",Seller / direct-seller due-diligence evidence,Record,Onboarding/E,"Sellers, e-commerce entities, direct-selling entities and other covered businesses","Seed entry: confirm exact current provision, entity role and template before activation.",Organisation channels; NCH / prescribed authority route as relevant,P/H,Seed / bundle entry; exact current template and legal basis need QA,"CONSUMER,ECOM",https://consumeraffairs.gov.in/pages/consumer-protection-acts
A359,F63,"Consumer protection, e-commerce and direct selling",Product safety / recall / authority-response record,Evidence/report,E,"Sellers, e-commerce entities, direct-selling entities and other covered businesses","Seed entry: confirm exact current provision, entity role and template before activation.",Organisation channels; NCH / prescribed authority route as relevant,P/H,Seed / bundle entry; exact current template and legal basis need QA,"CONSUMER,ECOM",https://consumeraffairs.gov.in/pages/consumer-protection-acts
A360,F64,Commercial communications / DLT,Principal-entity registration,Registration,E,Entities sending covered commercial SMS / voice communications,"Seed entry: confirm exact current provision, entity role and template before activation.",Access-provider DLT portals,P/S/H,Seed / bundle entry; exact current template and legal basis need QA,TRAI,https://trai.gov.in/node/3199
A361,F64,Commercial communications / DLT,Header / content-template registration,Registration,E,Entities sending covered commercial SMS / voice communications,"Seed entry: confirm exact current provision, entity role and template before activation.",Access-provider DLT portals,P/S/H,Seed / bundle entry; exact current template and legal basis need QA,TRAI,https://trai.gov.in/node/3199
A362,F64,Commercial communications / DLT,Consent / preference evidence,Register,T/C,Entities sending covered commercial SMS / voice communications,"Seed entry: confirm exact current provision, entity role and template before activation.",Access-provider DLT portals,P/S/H,Seed / bundle entry; exact current template and legal basis need QA,TRAI,https://trai.gov.in/node/3199
A363,F64,Commercial communications / DLT,Telemarketer chain / campaign compliance log,Record,T,Entities sending covered commercial SMS / voice communications,"Seed entry: confirm exact current provision, entity role and template before activation.",Access-provider DLT portals,P/S/H,Seed / bundle entry; exact current template and legal basis need QA,TRAI,https://trai.gov.in/node/3199
A364,F64,Commercial communications / DLT,Unsolicited-communication complaint response,Record,E,Entities sending covered commercial SMS / voice communications,"Seed entry: confirm exact current provision, entity role and template before activation.",Access-provider DLT portals,P/S/H,Seed / bundle entry; exact current template and legal basis need QA,TRAI,https://trai.gov.in/node/3199
A365,F65,Competition and combinations,Competition risk / conduct review record,Design/control record,E/periodic,Enterprises generally for conduct; transactions meeting notification tests,"Internal control artifact, not a universal statutory filing.",CCI e-filing / prescribed route,P/H,Seed / bundle entry; exact current template and legal basis need QA,CCI,https://www.cci.gov.in/
A366,F65,Competition and combinations,Combination notice Form I / II,Application,"E, applicable route",Enterprises generally for conduct; transactions meeting notification tests,"Seed entry: confirm exact current provision, entity role and template before activation.",CCI e-filing / prescribed route,P/H,Seed / bundle entry; exact current template and legal basis need QA,CCI,https://www.cci.gov.in/
A367,F65,Competition and combinations,Transaction threshold / exemption memorandum,Supporting analysis,E,Enterprises generally for conduct; transactions meeting notification tests,"Seed entry: confirm exact current provision, entity role and template before activation.",CCI e-filing / prescribed route,P/H,Seed / bundle entry; exact current template and legal basis need QA,CCI,https://www.cci.gov.in/
A368,F65,Competition and combinations,Information request / commitment compliance response,Report,E/ordered cycle,Enterprises generally for conduct; transactions meeting notification tests,"Seed entry: confirm exact current provision, entity role and template before activation.",CCI e-filing / prescribed route,P/H,Seed / bundle entry; exact current template and legal basis need QA,CCI,https://www.cci.gov.in/
A369,F66,RBI banking and NBFC prudential reporting,Entity-specific RBI supervisory return catalogue,Return bundle,"D/M/Q/A, return-code-specific",Licensed banks/NBFCs and other RBI-regulated classes as applicable,"Seed entry: confirm exact current provision, entity role and template before activation.",RBI CIMS / prescribed supervisory route,P/S/H,Seed / bundle entry; exact current template and legal basis need QA,RBI,https://www.rbi.org.in/Scripts/NotificationUser.aspx
A370,F66,RBI banking and NBFC prudential reporting,Capital / liquidity / asset-quality working papers,Calculation,Periodic,Licensed banks/NBFCs and other RBI-regulated classes as applicable,"Seed entry: confirm exact current provision, entity role and template before activation.",RBI CIMS / prescribed supervisory route,P/S/H,Seed / bundle entry; exact current template and legal basis need QA,RBI,https://www.rbi.org.in/Scripts/NotificationUser.aspx
A371,F66,RBI banking and NBFC prudential reporting,RBI governance / event reporting,Report,E,Licensed banks/NBFCs and other RBI-regulated classes as applicable,"Seed entry: confirm exact current provision, entity role and template before activation.",RBI CIMS / prescribed supervisory route,P/S/H,Seed / bundle entry; exact current template and legal basis need QA,RBI,https://www.rbi.org.in/Scripts/NotificationUser.aspx
A372,F66,RBI banking and NBFC prudential reporting,Regulatory licence / approval applications,Application,E,Licensed banks/NBFCs and other RBI-regulated classes as applicable,"Seed entry: confirm exact current provision, entity role and template before activation.",RBI CIMS / prescribed supervisory route,P/S/H,Seed / bundle entry; exact current template and legal basis need QA,RBI,https://www.rbi.org.in/Scripts/NotificationUser.aspx
A373,F67,"AML, KYC and FIU reporting",CTR,Report,"M, qualifying transactions",Reporting entities and separately regulated KYC actors; not all companies,"Seed entry: confirm exact current provision, entity role and template before activation.",FINnet 2.0; CKYCR; sector systems,P/S/H,Seed / bundle entry; exact current template and legal basis need QA,"FIU,RBI",https://fiuindia.gov.in/files/AML_Legislation/notification.html
A374,F67,"AML, KYC and FIU reporting",STR,Report,"E, statutory trigger",Reporting entities and separately regulated KYC actors; not all companies,Do not wait for monthly reporting cycle.,FINnet 2.0; CKYCR; sector systems,P/S/H,Seed / bundle entry; exact current template and legal basis need QA,"FIU,RBI",https://fiuindia.gov.in/files/AML_Legislation/notification.html
A375,F67,"AML, KYC and FIU reporting",Other prescribed FIU transaction reports,Report bundle,Class/transaction-specific,Reporting entities and separately regulated KYC actors; not all companies,"Seed entry: confirm exact current provision, entity role and template before activation.",FINnet 2.0; CKYCR; sector systems,P/S/H,Seed / bundle entry; exact current template and legal basis need QA,"FIU,RBI",https://fiuindia.gov.in/files/AML_Legislation/notification.html
A376,F67,"AML, KYC and FIU reporting",Customer / beneficial-owner KYC records,Register,Onboarding/periodic/E,Reporting entities and separately regulated KYC actors; not all companies,"Seed entry: confirm exact current provision, entity role and template before activation.",FINnet 2.0; CKYCR; sector systems,P/S/H,Seed / bundle entry; exact current template and legal basis need QA,"FIU,RBI",https://fiuindia.gov.in/files/AML_Legislation/notification.html
A377,F67,"AML, KYC and FIU reporting",Principal officer / designated director particulars,Intimation,E,Reporting entities and separately regulated KYC actors; not all companies,"Seed entry: confirm exact current provision, entity role and template before activation.",FINnet 2.0; CKYCR; sector systems,P/S/H,Seed / bundle entry; exact current template and legal basis need QA,"FIU,RBI",https://fiuindia.gov.in/files/AML_Legislation/notification.html
A378,F67,"AML, KYC and FIU reporting",CKYCR submission / update,Report,"E, applicable regulated class",Reporting entities and separately regulated KYC actors; not all companies,"Seed entry: confirm exact current provision, entity role and template before activation.",FINnet 2.0; CKYCR; sector systems,P/S/H,Seed / bundle entry; exact current template and legal basis need QA,"FIU,RBI",https://fiuindia.gov.in/files/AML_Legislation/notification.html
A379,F68,Listed-entity obligations,Integrated filing: financial / governance,Return bundle,"Q/periodic, applicable schema","Entities with specified listed securities, with class-specific duties","Seed entry: confirm exact current provision, entity role and template before activation.",Exchange filing portals / prescribed systems,P/S/H,Seed / bundle entry; exact current template and legal basis need QA,SEBI,https://www.sebi.gov.in/sebiweb/home/HomeAction.do?doListingAll=yes&search=Listing
A380,F68,Listed-entity obligations,Shareholding-pattern filing,Report,"Q/E, applicable class","Entities with specified listed securities, with class-specific duties","Seed entry: confirm exact current provision, entity role and template before activation.",Exchange filing portals / prescribed systems,P/S/H,Seed / bundle entry; exact current template and legal basis need QA,SEBI,https://www.sebi.gov.in/sebiweb/home/HomeAction.do?doListingAll=yes&search=Listing
A381,F68,Listed-entity obligations,Material-event disclosure,Disclosure,E,"Entities with specified listed securities, with class-specific duties","Seed entry: confirm exact current provision, entity role and template before activation.",Exchange filing portals / prescribed systems,P/S/H,Seed / bundle entry; exact current template and legal basis need QA,SEBI,https://www.sebi.gov.in/sebiweb/home/HomeAction.do?doListingAll=yes&search=Listing
A382,F68,Listed-entity obligations,Annual report / corporate-governance disclosures,Report,A,"Entities with specified listed securities, with class-specific duties","Seed entry: confirm exact current provision, entity role and template before activation.",Exchange filing portals / prescribed systems,P/S/H,Seed / bundle entry; exact current template and legal basis need QA,SEBI,https://www.sebi.gov.in/sebiweb/home/HomeAction.do?doListingAll=yes&search=Listing
A383,F68,Listed-entity obligations,BRSR / applicable assurance disclosure,Report,"A, conditional","Entities with specified listed securities, with class-specific duties","Seed entry: confirm exact current provision, entity role and template before activation.",Exchange filing portals / prescribed systems,P/S/H,Seed / bundle entry; exact current template and legal basis need QA,SEBI,https://www.sebi.gov.in/sebiweb/home/HomeAction.do?doListingAll=yes&search=Listing
A384,F68,Listed-entity obligations,Related-party transaction disclosure,Disclosure,Prescribed cycle,"Entities with specified listed securities, with class-specific duties","Seed entry: confirm exact current provision, entity role and template before activation.",Exchange filing portals / prescribed systems,P/S/H,Seed / bundle entry; exact current template and legal basis need QA,SEBI,https://www.sebi.gov.in/sebiweb/home/HomeAction.do?doListingAll=yes&search=Listing
A385,F69,Insider trading controls,Structured digital database (SDD),Restricted record,E/C,Listed/proposed-listed entities and other covered persons / intermediaries,"A maintained record, not an ordinary periodic return.",Internal restricted SDD; exchange disclosure route,P/H,Seed / bundle entry; exact current template and legal basis need QA,"PIT,SEBI",https://www.sebi.gov.in/legal/regulations/jan-2015/sebi-prohibition-of-insider-trading-regulations-2015-issued-on-15-jan-2015-_28884.html
A386,F69,Insider trading controls,Designated-person / connected-person records,Register,C/E,Listed/proposed-listed entities and other covered persons / intermediaries,"Seed entry: confirm exact current provision, entity role and template before activation.",Internal restricted SDD; exchange disclosure route,P/H,Seed / bundle entry; exact current template and legal basis need QA,"PIT,SEBI",https://www.sebi.gov.in/legal/regulations/jan-2015/sebi-prohibition-of-insider-trading-regulations-2015-issued-on-15-jan-2015-_28884.html
A387,F69,Insider trading controls,Trading-window / pre-clearance records,Record,E,Listed/proposed-listed entities and other covered persons / intermediaries,"Seed entry: confirm exact current provision, entity role and template before activation.",Internal restricted SDD; exchange disclosure route,P/H,Seed / bundle entry; exact current template and legal basis need QA,"PIT,SEBI",https://www.sebi.gov.in/legal/regulations/jan-2015/sebi-prohibition-of-insider-trading-regulations-2015-issued-on-15-jan-2015-_28884.html
A388,F69,Insider trading controls,Insider transaction / code-violation disclosure,Disclosure,"E, trigger-specific",Listed/proposed-listed entities and other covered persons / intermediaries,"Seed entry: confirm exact current provision, entity role and template before activation.",Internal restricted SDD; exchange disclosure route,P/H,Seed / bundle entry; exact current template and legal basis need QA,"PIT,SEBI",https://www.sebi.gov.in/legal/regulations/jan-2015/sebi-prohibition-of-insider-trading-regulations-2015-issued-on-15-jan-2015-_28884.html
A389,F70,Securities acquisitions and capital issues,SAST acquisition / disposal / encumbrance disclosure,Disclosure,E,"Acquirers, persons acting in concert, issuers and intermediaries in covered transactions","Seed entry: confirm exact current provision, entity role and template before activation.",SEBI / exchange / merchant-banker route,P/H,Seed / bundle entry; exact current template and legal basis need QA,"SEBI,LAW",https://www.sebi.gov.in/sebiweb/home/HomeAction.do?doListingAll=yes&search=Listing
A390,F70,Securities acquisitions and capital issues,Open-offer announcement / offer documents,Offer document,"E, conditional","Acquirers, persons acting in concert, issuers and intermediaries in covered transactions","Seed entry: confirm exact current provision, entity role and template before activation.",SEBI / exchange / merchant-banker route,P/H,Seed / bundle entry; exact current template and legal basis need QA,"SEBI,LAW",https://www.sebi.gov.in/sebiweb/home/HomeAction.do?doListingAll=yes&search=Listing
A391,F70,Securities acquisitions and capital issues,Issue offer document / placement memorandum,Offer document,"E, issue-specific","Acquirers, persons acting in concert, issuers and intermediaries in covered transactions","Seed entry: confirm exact current provision, entity role and template before activation.",SEBI / exchange / merchant-banker route,P/H,Seed / bundle entry; exact current template and legal basis need QA,"SEBI,LAW",https://www.sebi.gov.in/sebiweb/home/HomeAction.do?doListingAll=yes&search=Listing
A392,F70,Securities acquisitions and capital issues,Allotment / post-issue / proceeds reporting,Report,"E/periodic, conditional","Acquirers, persons acting in concert, issuers and intermediaries in covered transactions","Seed entry: confirm exact current provision, entity role and template before activation.",SEBI / exchange / merchant-banker route,P/H,Seed / bundle entry; exact current template and legal basis need QA,"SEBI,LAW",https://www.sebi.gov.in/sebiweb/home/HomeAction.do?doListingAll=yes&search=Listing
A393,F71,Insurance regulatory compliance,IRDAI financial / solvency return catalogue,Return bundle,"M/Q/A, class-specific",Insurers and insurance intermediaries by licence class,"Seed entry: confirm exact current provision, entity role and template before activation.",IRDAI prescribed reporting / supervisory systems,P/H,Seed / bundle entry; exact current template and legal basis need QA,IRDAI,https://irdai.gov.in/
A394,F71,Insurance regulatory compliance,Product / distribution / licence submissions,Application/report,E/periodic,Insurers and insurance intermediaries by licence class,"Seed entry: confirm exact current provision, entity role and template before activation.",IRDAI prescribed reporting / supervisory systems,P/H,Seed / bundle entry; exact current template and legal basis need QA,IRDAI,https://irdai.gov.in/
A395,F71,Insurance regulatory compliance,Claims / grievance prescribed reporting,Report,Periodic,Insurers and insurance intermediaries by licence class,"Seed entry: confirm exact current provision, entity role and template before activation.",IRDAI prescribed reporting / supervisory systems,P/H,Seed / bundle entry; exact current template and legal basis need QA,IRDAI,https://irdai.gov.in/
A396,F71,Insurance regulatory compliance,Regulatory audit / actuarial certifications,Professional report,"A/periodic, applicable class",Insurers and insurance intermediaries by licence class,"Seed entry: confirm exact current provision, entity role and template before activation.",IRDAI prescribed reporting / supervisory systems,P/H,Seed / bundle entry; exact current template and legal basis need QA,IRDAI,https://irdai.gov.in/
A397,F72,Real estate regulation,RERA project / agent registration,Application,E/L,"Registrable real-estate projects, promoters and agents","Seed entry: confirm exact current provision, entity role and template before activation.",Relevant state RERA portal,P/H,Seed / bundle entry; exact current template and legal basis need QA,"RERA,LAW",https://maharera.maharashtra.gov.in/
A398,F72,Real estate regulation,Project progress / status update,Report,Q or state-prescribed,"Registrable real-estate projects, promoters and agents","Seed entry: confirm exact current provision, entity role and template before activation.",Relevant state RERA portal,P/H,Seed / bundle entry; exact current template and legal basis need QA,"RERA,LAW",https://maharera.maharashtra.gov.in/
A399,F72,Real estate regulation,Architect / engineer / CA certificates,Professional evidence,Withdrawal/periodic,"Registrable real-estate projects, promoters and agents","Seed entry: confirm exact current provision, entity role and template before activation.",Relevant state RERA portal,P/H,Seed / bundle entry; exact current template and legal basis need QA,"RERA,LAW",https://maharera.maharashtra.gov.in/
A400,F72,Real estate regulation,Project account annual audit,Professional report,A,"Registrable real-estate projects, promoters and agents","Seed entry: confirm exact current provision, entity role and template before activation.",Relevant state RERA portal,P/H,Seed / bundle entry; exact current template and legal basis need QA,"RERA,LAW",https://maharera.maharashtra.gov.in/
A401,F72,Real estate regulation,Maharashtra Forms 1 / 2 / 3 / 5,State example bundle,State-prescribed,"Registrable real-estate projects, promoters and agents",Illustrative Maharashtra labels only,Relevant state RERA portal,P/H,Seed / bundle entry; exact current template and legal basis need QA,"RERA,LAW",https://maharera.maharashtra.gov.in/
A402,F72,Real estate regulation,current version and other states require validation.,Record / form,"Q/A/E/L, state-specific","Registrable real-estate projects, promoters and agents","Seed entry: confirm exact current provision, entity role and template before activation.",Relevant state RERA portal,P/H,Seed / bundle entry; exact current template and legal basis need QA,"RERA,LAW",https://maharera.maharashtra.gov.in/
A403,F73,Healthcare establishment licensing,Clinical establishment / hospital registration,Application,E/L,Healthcare facilities in the applicable state legal regime,"Seed entry: confirm exact current provision, entity role and template before activation.",Clinical Establishments / state health portal,P/H,Seed / bundle entry; exact current template and legal basis need QA,CLINIC,https://clinicalestablishments.mohfw.gov.in/
A404,F73,Healthcare establishment licensing,Clinical / service standards compliance record,Evidence,C/periodic,Healthcare facilities in the applicable state legal regime,"Seed entry: confirm exact current provision, entity role and template before activation.",Clinical Establishments / state health portal,P/H,Seed / bundle entry; exact current template and legal basis need QA,CLINIC,https://clinicalestablishments.mohfw.gov.in/
A405,F73,Healthcare establishment licensing,Prescribed establishment return,Report,State/class-specific,Healthcare facilities in the applicable state legal regime,"Seed entry: confirm exact current provision, entity role and template before activation.",Clinical Establishments / state health portal,P/H,Seed / bundle entry; exact current template and legal basis need QA,CLINIC,https://clinicalestablishments.mohfw.gov.in/
A406,F73,Healthcare establishment licensing,Professional credentials / facility inspection evidence,Evidence,L/periodic,Healthcare facilities in the applicable state legal regime,"Seed entry: confirm exact current provision, entity role and template before activation.",Clinical Establishments / state health portal,P/H,Seed / bundle entry; exact current template and legal basis need QA,CLINIC,https://clinicalestablishments.mohfw.gov.in/
A407,F74,Foreign contribution,FC-3A,Registration application,E,Persons/entities receiving or proposing to receive regulated foreign contribution,"Seed entry: confirm exact current provision, entity role and template before activation.",FCRA Online,P/S/H,Seed / bundle entry; exact current template and legal basis need QA,FCRA,https://fcraonline.nic.in/home/index.aspx
A408,F74,Foreign contribution,FC-3B,Prior-permission application,E,Persons/entities receiving or proposing to receive regulated foreign contribution,"Seed entry: confirm exact current provision, entity role and template before activation.",FCRA Online,P/S/H,Seed / bundle entry; exact current template and legal basis need QA,FCRA,https://fcraonline.nic.in/home/index.aspx
A409,F74,Foreign contribution,FC-3C,Renewal application,L,Persons/entities receiving or proposing to receive regulated foreign contribution,"Seed entry: confirm exact current provision, entity role and template before activation.",FCRA Online,P/S/H,Seed / bundle entry; exact current template and legal basis need QA,FCRA,https://fcraonline.nic.in/home/index.aspx
A410,F74,Foreign contribution,FC-4,Annual return,A,Persons/entities receiving or proposing to receive regulated foreign contribution,"Seed entry: confirm exact current provision, entity role and template before activation.",FCRA Online,P/S/H,Seed / bundle entry; exact current template and legal basis need QA,FCRA,https://fcraonline.nic.in/home/index.aspx
A411,F74,Foreign contribution,FC-6 change forms,Intimation bundle,E,Persons/entities receiving or proposing to receive regulated foreign contribution,"Seed entry: confirm exact current provision, entity role and template before activation.",FCRA Online,P/S/H,Seed / bundle entry; exact current template and legal basis need QA,FCRA,https://fcraonline.nic.in/home/index.aspx
A412,F74,Foreign contribution,Foreign contribution accounts / utilisation records,Register,C/T,Persons/entities receiving or proposing to receive regulated foreign contribution,"Seed entry: confirm exact current provision, entity role and template before activation.",FCRA Online,P/S/H,Seed / bundle entry; exact current template and legal basis need QA,FCRA,https://fcraonline.nic.in/home/index.aspx
A413,F75,Special economic zones,SEZ Letter of Approval / extension,Authority output/application,E/L,"SEZ units, developers and co-developers by approval","Seed entry: confirm exact current provision, entity role and template before activation.",SEZ Online / Development Commissioner / Customs channels,P/S/H,Seed / bundle entry; exact current template and legal basis need QA,SEZ,https://sezindia.gov.in/
A414,F75,Special economic zones,Annual Performance Report,Report,A,"SEZ units, developers and co-developers by approval","Seed entry: confirm exact current provision, entity role and template before activation.",SEZ Online / Development Commissioner / Customs channels,P/S/H,Seed / bundle entry; exact current template and legal basis need QA,SEZ,https://sezindia.gov.in/
A415,F75,Special economic zones,Net foreign exchange computation,Calculation,A/prescribed block,"SEZ units, developers and co-developers by approval","Seed entry: confirm exact current provision, entity role and template before activation.",SEZ Online / Development Commissioner / Customs channels,P/S/H,Seed / bundle entry; exact current template and legal basis need QA,SEZ,https://sezindia.gov.in/
A416,F75,Special economic zones,Bond / legal undertaking and movement records,Undertaking/register,E/T,"SEZ units, developers and co-developers by approval","Seed entry: confirm exact current provision, entity role and template before activation.",SEZ Online / Development Commissioner / Customs channels,P/S/H,Seed / bundle entry; exact current template and legal basis need QA,SEZ,https://sezindia.gov.in/
A417,F75,Special economic zones,SEZ customs / service reporting submissions,Report bundle,"T/periodic, role-specific","SEZ units, developers and co-developers by approval","Seed entry: confirm exact current provision, entity role and template before activation.",SEZ Online / Development Commissioner / Customs channels,P/S/H,Seed / bundle entry; exact current template and legal basis need QA,SEZ,https://sezindia.gov.in/
