"id","name","entity_type","ownership","state_region","hq","sector_raw","sub_sector_raw","listing"
"C01188","Mahaveer Group","Private Limited","Private (Indian)","Karnataka","Bengaluru, Karnataka","Real Estate","Developer","Unlisted"
"C01189","Ozone Group","Private Limited","Private (Indian)","Karnataka","Bengaluru, Karnataka","Real Estate","Developer","Unlisted"
"C01190","City Corporation Limited (Amanora Park Town)","Private Limited","Private (Indian)","Maharashtra","Pune, Maharashtra","Real Estate","Developer","Unlisted"
"C01191","VTP Realty","Private Limited","Private (Indian)","Maharashtra","Pune, Maharashtra","Real Estate","Developer","Unlisted"
"C01192","Rohan Builders","Private Limited","Private (Indian)","Maharashtra","Pune, Maharashtra","Real Estate","Developer","Unlisted"
"C01193","Paranjape Schemes (Construction) Limited","Private Limited","Private (Indian)","Maharashtra","Pune, Maharashtra","Real Estate","Developer","Unlisted"
"C01194","Nyati Group","Private Limited","Private (Indian)","Maharashtra","Pune, Maharashtra","Real Estate","Developer","Unlisted"
"C01196","Goel Ganga Developments","Private Limited","Private (Indian)","Maharashtra","Pune, Maharashtra","Real Estate","Developer","Unlisted"
"C01197","Marvel Realtors","Private Limited","Private (Indian)","Maharashtra","Pune, Maharashtra","Real Estate","Developer","Unlisted"
"C01199","Radiance Realty Developers India Limited","Private Limited","Private (Indian)","Tamil Nadu","Chennai, Tamil Nadu","Real Estate","Developer","Unlisted"
"C01200","Navin Housing and Properties Private Limited","Private Limited","Private (Indian)","Tamil Nadu","Chennai, Tamil Nadu","Real Estate","Developer","Unlisted"
"C01201","Akshaya Private Limited","Private Limited","Private (Indian)","Tamil Nadu","Chennai, Tamil Nadu","Real Estate","Developer","Unlisted"
"C01202","Alliance Group","Private Limited","Private (Indian)","Tamil Nadu","Chennai, Tamil Nadu","Real Estate","Developer","Unlisted"
"C01203","VGN Group (VGN Developers Private Limited)","Private Limited","Private (Indian)","Tamil Nadu","Chennai, Tamil Nadu","Real Estate","Developer","Unlisted"
"C01204","Ceebros Property Developers Private Limited","Private Limited","Private (Indian)","Tamil Nadu","Chennai, Tamil Nadu","Real Estate","Developer","Unlisted"
"C01205","Jain Housing and Constructions Limited","Private Limited","Private (Indian)","Tamil Nadu","Chennai, Tamil Nadu","Real Estate","Developer","Unlisted"
"C01206","DRA Homes Private Limited","Private Limited","Private (Indian)","Tamil Nadu","Chennai, Tamil Nadu","Real Estate","Developer","Unlisted"
"C01207","Vasavi Group","Private Limited","Private (Indian)","Telangana","Hyderabad, Telangana","Real Estate","Developer","Unlisted"
"C01208","NCC Urban Infrastructure Limited","Private Limited","Private (Indian)","Telangana","Hyderabad, Telangana","Real Estate","Developer","Unlisted"
"C01210","Modi Builders and Developers Private Limited","Private Limited","Private (Indian)","Telangana","Hyderabad, Telangana","Real Estate","Developer","Unlisted"
"C01211","Vertex Homes Private Limited","Private Limited","Private (Indian)","Telangana","Hyderabad, Telangana","Real Estate","Developer","Unlisted"
"C01212","Honer Homes Private Limited","Private Limited","Private (Indian)","Telangana","Hyderabad, Telangana","Real Estate","Developer","Unlisted"
"C01213","Shrachi Group (Bengal Shrachi Housing Development Limited)","Private Limited","Private (Indian)","West Bengal","Kolkata, West Bengal","Real Estate","Developer","Unlisted"
"C01214","Eden Realty (Eden Group)","Private Limited","Private (Indian)","West Bengal","Kolkata, West Bengal","Real Estate","Developer","Unlisted"
"C01215","Sun Builders Group","Private Limited","Private (Indian)","Gujarat","Ahmedabad, Gujarat","Real Estate","Developer","Unlisted"
"C01216","Safal Group (Safal Construction Private Limited)","Private Limited","Private (Indian)","Gujarat","Ahmedabad, Gujarat","Real Estate","Developer","Unlisted"
"C01218","Pacifica Companies","Private Limited","Private (Indian)","Gujarat; Karnataka","Ahmedabad, Gujarat","Real Estate","Developer","Unlisted"
"C01219","Savvy Group","Private Limited","Private (Indian)","Gujarat","Ahmedabad, Gujarat","Real Estate","Developer","Unlisted"
"C01220","Bakeri Group","Private Limited","Private (Indian)","Gujarat","Ahmedabad, Gujarat","Real Estate","Developer","Unlisted"
"C01221","Skyline Builders","Private Limited","Private (Indian)","Kerala","Kochi, Kerala","Real Estate","Developer","Unlisted"
"C01222","Confident Group","Private Limited","Private (Indian)","Kerala","Kochi, Kerala","Real Estate","Developer","Unlisted"
"C01223","Asset Homes Private Limited","Private Limited","Private (Indian)","Kerala","Kochi, Kerala","Real Estate","Developer","Unlisted"
"C01224","Kalyan Developers","Private Limited","Private (Indian)","Kerala","Kochi, Kerala","Real Estate","Developer","Unlisted"
"C01225","Manglam Group","Private Limited","Private (Indian)","Rajasthan","Jaipur, Rajasthan","Real Estate","Developer","Unlisted"
"C01226","Vatika Limited (Vatika Group)","Private Limited","Private (Indian)","Haryana; Rajasthan","Gurugram, Haryana","Real Estate","Developer","Unlisted"
"C01227","Wave Infratech Private Limited","Private Limited","Private (Indian)","Uttar Pradesh","Ghaziabad/Lucknow, Uttar Pradesh","Real Estate","Developer","Unlisted"
"C01228","Shalimar Corp Limited","Private Limited","Private (Indian)","Uttar Pradesh","Lucknow, Uttar Pradesh","Real Estate","Developer","Unlisted"
"C01229","Rishita Developers Private Limited","Private Limited","Private (Indian)","Uttar Pradesh","Lucknow, Uttar Pradesh","Real Estate","Developer","Unlisted"
"C01230","TDI Infrastructure Limited","Private Limited","Private (Indian)","Punjab; Haryana","Chandigarh/Panchkula","Real Estate","Developer","Unlisted"
"C01231","Sushma Group","Private Limited","Private (Indian)","Punjab","Mohali, Punjab","Real Estate","Developer","Unlisted"
"C01232","GBP Group","Private Limited","Private (Indian)","Punjab","Mohali, Punjab","Real Estate","Developer","Unlisted"
"C01233","Bestech India Private Limited","Private Limited","Private (Indian)","Haryana; Punjab","Mohali, Punjab / Gurugram, Haryana","Real Estate","Developer","Unlisted"
"C01241","Shriram Housing Finance Limited","Public Limited","Private (Indian)","Pan-India","Mumbai, Maharashtra","Financial Services (Non-Bank)","Housing finance company (HFC)","Unlisted"
"C01243","Muthoot Fincorp Limited","Public Limited","Private (Indian)","Pan-India","Kochi, Kerala","Financial Services (Non-Bank)","NBFC gold loan / diversified","Unlisted"
"C01246","Muthoot Homefin (India) Limited","Public Limited","Private (Indian)","Pan-India","Mumbai, Maharashtra","Financial Services (Non-Bank)","Housing finance company (HFC)","Unlisted"
"C01248","Asirvad Micro Finance Limited","Public Limited","Private (Indian)","Pan-India","Chennai, Tamil Nadu","Financial Services (Non-Bank)","NBFC-MFI","Unlisted"
"C01250","Mahindra Rural Housing Finance Limited","Public Limited","Private (Indian)","Pan-India","Mumbai, Maharashtra","Financial Services (Non-Bank)","Housing finance company (HFC)","Unlisted"
"C01255","Aditya Birla Housing Finance Limited","Public Limited","Private (Indian)","Pan-India","Mumbai, Maharashtra","Financial Services (Non-Bank)","Housing finance company (HFC)","Unlisted"
"C01268","Piramal Capital & Housing Finance Limited","Public Limited","Private (Indian)","Pan-India","Mumbai, Maharashtra","Financial Services (Non-Bank)","Housing finance company (ex-DHFL)","Unlisted"
"C01270","Sundaram Home Finance Limited","Public Limited","Private (Indian)","Pan-India","Chennai, Tamil Nadu","Financial Services (Non-Bank)","Housing finance company (HFC)","Unlisted"
"C01276","Ujjivan Financial Services Limited","Public Limited","Private (Indian)","Pan-India","Bengaluru, Karnataka","Financial Services (Non-Bank)","Financial holding company","Listed-NSE+BSE"
"C01277","Arohan Financial Services Limited","Public Limited","Private (Indian)","Pan-India","Kolkata, West Bengal","Financial Services (Non-Bank)","NBFC-MFI","Unlisted"
"C01278","Annapurna Finance Private Limited","Private Limited","Private (Indian)","Pan-India","Bhubaneswar, Odisha","Financial Services (Non-Bank)","NBFC-MFI","Unlisted"
"C01279","Midland Microfin Limited","Public Limited","Private (Indian)","Pan-India","Jalandhar, Punjab","Financial Services (Non-Bank)","NBFC-MFI","Unlisted"
"C01280","Svatantra Microfin Private Limited","Private Limited","Private (Indian)","Pan-India","Mumbai, Maharashtra","Financial Services (Non-Bank)","NBFC-MFI","Unlisted"
"C01282","IIFL Home Finance Limited","Public Limited","Private (Indian)","Pan-India","Mumbai, Maharashtra","Financial Services (Non-Bank)","Housing finance company (HFC)","Unlisted"
"C01283","IIFL Samasta Finance Limited","Public Limited","Private (Indian)","Pan-India","Chennai, Tamil Nadu","Financial Services (Non-Bank)","NBFC-MFI","Unlisted"
"C01285","Vistaar Financial Services Private Limited","Private Limited","Private (Indian)","Pan-India","Bengaluru, Karnataka","Financial Services (Non-Bank)","NBFC (MSME lending)","Unlisted"
"C01298","Tata Capital Financial Services Limited","Public Limited","Private (Indian)","Pan-India","Mumbai, Maharashtra","Financial Services (Non-Bank)","NBFC-ICC","Unlisted"
"C01299","Tata Capital Housing Finance Limited","Public Limited","Private (Indian)","Pan-India","Mumbai, Maharashtra","Financial Services (Non-Bank)","Housing finance company (HFC)","Unlisted"
"C01300","Tata Motors Finance Limited","Public Limited","Private (Indian)","Pan-India","Mumbai, Maharashtra","Financial Services (Non-Bank)","NBFC vehicle finance","Unlisted"
"C01309","Dhani Services Ltd","Public Limited","Private (Indian)","Haryana","Gurugram","Financial Services","Fintech","Listed-NSE+BSE"
"C01310","Sakthi Finance Limited","Public Limited","Private (Indian)","Pan-India","Coimbatore, Tamil Nadu","Financial Services (Non-Bank)","NBFC (deposit-taking)","Listed-NSE+BSE"
"C01311","SK Finance Limited","Public Limited","Private (Indian)","Pan-India","Jaipur, Rajasthan","Financial Services (Non-Bank)","NBFC-ICC (vehicle finance)","Unlisted"
"C01313","Hinduja Leyland Finance Limited","Public Limited","Private (Indian)","Pan-India","Chennai, Tamil Nadu","Financial Services (Non-Bank)","NBFC-ICC (vehicle finance)","Unlisted"
"C01314","Hinduja Housing Finance Limited","Public Limited","Private (Indian)","Pan-India","Chennai, Tamil Nadu","Financial Services (Non-Bank)","Housing finance company (HFC)","Unlisted"
"C01315","TVS Credit Services Limited","Public Limited","Private (Indian)","Pan-India","Chennai, Tamil Nadu","Financial Services (Non-Bank)","NBFC (consumer/vehicle finance)","Unlisted"
"C01317","Toyota Financial Services India Limited","Public Limited","MNC Subsidiary","Pan-India","Bengaluru, Karnataka","Financial Services (Non-Bank)","NBFC vehicle finance","Unlisted"
"C01318","Mercedes-Benz Financial Services India Private Limited","Private Limited","MNC Subsidiary","Pan-India","Pune, Maharashtra","Financial Services (Non-Bank)","NBFC vehicle finance","Unlisted"
"C01319","Kotak Mahindra Investments Limited","Public Limited","Private (Indian)","Pan-India","Mumbai, Maharashtra","Financial Services (Non-Bank)","NBFC-ICC","Unlisted"
"C01322","Godrej Housing Finance Limited","Public Limited","Private (Indian)","Pan-India","Mumbai, Maharashtra","Financial Services (Non-Bank)","Housing finance company (HFC)","Unlisted"
"C01323","InCred Financial Services Limited","Public Limited","Private (Indian)","Pan-India","Mumbai, Maharashtra","Financial Services (Non-Bank)","NBFC-ICC","Unlisted"
"C01324","Clix Capital Services Private Limited","Private Limited","Private (Indian)","Pan-India","New Delhi, Delhi","Financial Services (Non-Bank)","NBFC-ICC","Unlisted"
"C01325","Avanse Financial Services Limited","Public Limited","Private (Indian)","Pan-India","Mumbai, Maharashtra","Financial Services (Non-Bank)","NBFC (education loans)","Unlisted"
"C01326","HDFC Credila Financial Services Limited","Public Limited","Private (Indian)","Pan-India","Mumbai, Maharashtra","Financial Services (Non-Bank)","NBFC (education loans)","Unlisted"
"C01327","Auxilo Finserve Private Limited","Private Limited","Private (Indian)","Pan-India","Mumbai, Maharashtra","Financial Services (Non-Bank)","NBFC (education loans)","Unlisted"
"C01329","Vivriti Capital Limited","Public Limited","Private (Indian)","Pan-India","Chennai, Tamil Nadu","Financial Services (Non-Bank)","NBFC (debt platform)","Unlisted"
"C01331","Kinara Capital Private Limited","Private Limited","Private (Indian)","Pan-India","Bengaluru, Karnataka","Financial Services (Non-Bank)","NBFC (MSME lending)","Unlisted"
"C01333","NeoGrowth Credit Private Limited","Private Limited","Private (Indian)","Pan-India","Mumbai, Maharashtra","Financial Services (Non-Bank)","NBFC (MSME lending)","Unlisted"
"C01334","Oxyzo Financial Services Limited","Public Limited","Private (Indian)","Pan-India","Gurugram, Haryana","Financial Services (Non-Bank)","NBFC (supply chain finance)","Unlisted"
"C01337","Hero Housing Finance Limited","Public Limited","Private (Indian)","Pan-India","New Delhi, Delhi","Financial Services (Non-Bank)","Housing finance company (HFC)","Unlisted"
"C01338","Truhome Finance Limited","Public Limited","Private (Indian)","Pan-India","Mumbai, Maharashtra","Financial Services (Non-Bank)","Housing finance company (formerly Shriram Housing)","Unlisted"
"C01339","Vastu Housing Finance Corporation Limited","Public Limited","Private (Indian)","Pan-India","Mumbai, Maharashtra","Financial Services (Non-Bank)","Housing finance company (HFC)","Unlisted"
"C01340","Shubham Housing Development Finance Company Private Limited","Private Limited","Private (Indian)","Pan-India","Gurugram, Haryana","Financial Services (Non-Bank)","Housing finance company (HFC)","Unlisted"
"C01341","KLM Axiva Finvest Limited","Public Limited","Private (Indian)","Pan-India","Kochi, Kerala","Financial Services (Non-Bank)","NBFC gold loan","Unlisted"
"C01343","Indel Money Limited","Public Limited","Private (Indian)","Pan-India","Kochi, Kerala","Financial Services (Non-Bank)","NBFC gold loan","Unlisted"
"C01344","Peerless General Finance & Investment Company Limited","Public Limited","Private (Indian)","Pan-India","Kolkata, West Bengal","Financial Services (Non-Bank)","NBFC (residuary, deposit)","Unlisted"
"C01347","Lendingkart Finance Limited","Public Limited","Private (Indian)","Pan-India","Bengaluru, Karnataka","Financial Services (Non-Bank)","NBFC (fintech MSME lender)","Unlisted"
"C01348","Indifi Technologies Private Limited","Private Limited","Private (Indian)","Pan-India","Gurugram, Haryana","Financial Services (Non-Bank)","Fintech MSME lender","Unlisted"
"C01351","Social Worth Technologies Private Limited","Private Limited","Private (Indian)","Pan-India","Pune, Maharashtra","Financial Services (Non-Bank)","Fintech lender (Fibe/EarlySalary)","Unlisted"
"C01352","Whizdm Innovations Private Limited","Private Limited","Private (Indian)","Pan-India","Bengaluru, Karnataka","Financial Services (Non-Bank)","Fintech lender (MoneyTap)","Unlisted"
"C01354","Akara Capital Advisors Private Limited","Private Limited","Private (Indian)","Pan-India","Gurugram, Haryana","Financial Services (Non-Bank)","Fintech lender (StashFin)","Unlisted"
"C01355","Moneyview","Private Limited","Private (Indian)","Pan-India","Bengaluru","Financial Services / Fintech","Personal loans","Unlisted"
"C01356","Kaleidofin Private Limited","Private Limited","Private (Indian)","Pan-India","Chennai, Tamil Nadu","Financial Services (Non-Bank)","Fintech / inclusive finance","Unlisted"
"C01357","Dvara Holdings Limited","Public Limited","Private (Indian)","Pan-India","Chennai, Tamil Nadu","Financial Services (Non-Bank)","Financial inclusion holding","Unlisted"
"C01358","Faircent.com Private Limited","Private Limited","Private (Indian)","Pan-India","New Delhi, Delhi","Financial Services (Non-Bank)","NBFC-P2P","Unlisted"
"C01359","Innofin Solutions Private Limited","Private Limited","Private (Indian)","Pan-India","Mumbai, Maharashtra","Financial Services (Non-Bank)","NBFC-P2P (LenDenClub)","Unlisted"
"C01360","Lendbox","Other","Private (Indian)","Pan-India","Gurugram, Haryana","Financial Services (Non-Bank)","NBFC-P2P","Unlisted"
"C01361","Finvasia Securities Private Limited","Private Limited","Private (Indian)","Pan-India","Mumbai, Maharashtra","Financial Services (Non-Bank)","Stock broker","Unlisted"
"C01362","India Infrastructure Finance Company Limited","Government Company (PSU)","Central PSU","Pan-India","New Delhi, Delhi","Financial Services (Non-Bank)","NBFC-IFC (Govt)","Unlisted"
"C01366","SREI Infrastructure Finance Limited","Public Limited","Private (Indian)","Pan-India","Kolkata, West Bengal","Financial Services (Non-Bank)","NBFC-IFC (under insolvency)","Delisted/Unknown"
"C01367","Reliance Capital Limited","Public Limited","Private (Indian)","Pan-India","Mumbai, Maharashtra","Financial Services (Non-Bank)","NBFC (under resolution)","Delisted/Unknown"
"C01368","Infrastructure Leasing & Financial Services Limited","Public Limited","Private (Indian)","Pan-India","Mumbai, Maharashtra","Financial Services (Non-Bank)","NBFC-IFC (under resolution)","Delisted/Unknown"
"C01369","Dewan Housing Finance Corporation Limited","Public Limited","Private (Indian)","Pan-India","Mumbai, Maharashtra","Financial Services (Non-Bank)","HFC (resolved; merged into Piramal)","Delisted/Unknown"
"C01371","Edelweiss Asset Reconstruction Company Limited","Public Limited","Private (Indian)","Pan-India","Mumbai, Maharashtra","Financial Services (Non-Bank)","Asset reconstruction company","Unlisted"
"C01372","JM Financial Asset Reconstruction Company Limited","Public Limited","Private (Indian)","Pan-India","Mumbai, Maharashtra","Financial Services (Non-Bank)","Asset reconstruction company","Unlisted"
"C01373","Phoenix ARC Private Limited","Private Limited","Private (Indian)","Pan-India","Mumbai, Maharashtra","Financial Services (Non-Bank)","Asset reconstruction company","Unlisted"
"C01374","UV Asset Reconstruction Company Limited","Public Limited","Private (Indian)","Pan-India","Mumbai, Maharashtra","Financial Services (Non-Bank)","Asset reconstruction company","Unlisted"
"C01375","Invent Assets Securitisation and Reconstruction Private Limited","Private Limited","Private (Indian)","Pan-India","Mumbai, Maharashtra","Financial Services (Non-Bank)","Asset reconstruction company","Unlisted"
"C01376","ASREC (India) Limited","Public Limited","Private (Indian)","Pan-India","Mumbai, Maharashtra","Financial Services (Non-Bank)","Asset reconstruction company","Unlisted"
"C01377","National Asset Reconstruction Company Limited","Government Company (PSU)","Central PSU","Pan-India","Mumbai, Maharashtra","Financial Services (Non-Bank)","Asset reconstruction company (NARCL, bad bank)","Unlisted"
"C01378","India Debt Resolution Company Limited","Public Limited","Central PSU","Pan-India","Mumbai, Maharashtra","Financial Services (Non-Bank)","Asset resolution (IDRCL)","Unlisted"
"C01379","Pegasus Assets Reconstruction Private Limited","Private Limited","Private (Indian)","Pan-India","Mumbai, Maharashtra","Financial Services (Non-Bank)","Asset reconstruction company","Unlisted"
"C01381","Reliance Asset Reconstruction Company Limited","Public Limited","Private (Indian)","Pan-India","Mumbai, Maharashtra","Financial Services (Non-Bank)","Asset reconstruction company","Unlisted"
"C01382","TransUnion CIBIL Limited","Public Limited","MNC Subsidiary","Pan-India","Mumbai, Maharashtra","Financial Services (Non-Bank)","Credit information company","Unlisted"
"C01383","Equifax Credit Information Services Private Limited","Private Limited","MNC Subsidiary","Pan-India","Mumbai, Maharashtra","Financial Services (Non-Bank)","Credit information company","Unlisted"
"C01384","Experian Credit Information Company of India Private Limited","Private Limited","MNC Subsidiary","Pan-India","Mumbai, Maharashtra","Financial Services (Non-Bank)","Credit information company","Unlisted"
"C01385","CRIF High Mark Credit Information Services Private Limited","Private Limited","MNC Subsidiary","Pan-India","Mumbai, Maharashtra","Financial Services (Non-Bank)","Credit information company","Unlisted"
"C01392","Kotak Mahindra Asset Management Company Limited","Public Limited","Private (Indian)","Pan-India","Mumbai, Maharashtra","Financial Services (Non-Bank)","Asset management company (AMC)","Unlisted"
"C01393","Axis Asset Management Company Limited","Public Limited","Private (Indian)","Pan-India","Mumbai, Maharashtra","Financial Services (Non-Bank)","Asset management company (AMC)","Unlisted"
"C01394","Mirae Asset Investment Managers (India) Private Limited","Private Limited","MNC Subsidiary","Pan-India","Mumbai, Maharashtra","Financial Services (Non-Bank)","Asset management company (AMC)","Unlisted"
"C01395","DSP Investment Managers Private Limited","Private Limited","Joint Venture","Pan-India","Mumbai, Maharashtra","Financial Services (Non-Bank)","Asset management company (AMC)","Unlisted"
"C01396","Franklin Templeton Asset Management (India) Private Limited","Private Limited","MNC Subsidiary","Pan-India","Mumbai, Maharashtra","Financial Services (Non-Bank)","Asset management company (AMC)","Unlisted"
"C01397","Tata Asset Management Limited","Public Limited","Private (Indian)","Pan-India","Mumbai, Maharashtra","Financial Services (Non-Bank)","Asset management company (AMC)","Unlisted"
"C01398","Invesco Asset Management (India) Private Limited","Private Limited","MNC Subsidiary","Pan-India","Mumbai, Maharashtra","Financial Services (Non-Bank)","Asset management company (AMC)","Unlisted"
"C01399","Bandhan AMC Limited","Public Limited","Private (Indian)","Pan-India","Mumbai, Maharashtra","Financial Services (Non-Bank)","Asset management company (AMC)","Unlisted"
"C01400","HSBC Asset Management (India) Private Limited","Private Limited","MNC Subsidiary","Pan-India","Mumbai, Maharashtra","Financial Services (Non-Bank)","Asset management company (AMC)","Unlisted"
"C01402","Sundaram Asset Management Company Limited","Public Limited","Private (Indian)","Pan-India","Chennai, Tamil Nadu","Financial Services (Non-Bank)","Asset management company (AMC)","Unlisted"
"C01403","Baroda BNP Paribas Asset Management India Private Limited","Private Limited","Joint Venture","Pan-India","Mumbai, Maharashtra","Financial Services (Non-Bank)","Asset management company (AMC)","Unlisted"
"C01404","Edelweiss Asset Management Limited","Public Limited","Private (Indian)","Pan-India","Mumbai, Maharashtra","Financial Services (Non-Bank)","Asset management company (AMC)","Unlisted"
"C01405","PGIM India Asset Management Private Limited","Private Limited","MNC Subsidiary","Pan-India","Mumbai, Maharashtra","Financial Services (Non-Bank)","Asset management company (AMC)","Unlisted"
"C01406","Motilal Oswal Asset Management Company Limited","Public Limited","Private (Indian)","Pan-India","Mumbai, Maharashtra","Financial Services (Non-Bank)","Asset management company (AMC)","Unlisted"
"C01407","Quant Money Managers Limited","Public Limited","Private (Indian)","Pan-India","Mumbai, Maharashtra","Financial Services (Non-Bank)","Asset management company (AMC)","Unlisted"
"C01408","WhiteOak Capital Asset Management Limited","Public Limited","Private (Indian)","Pan-India","Mumbai, Maharashtra","Financial Services (Non-Bank)","Asset management company (AMC)","Unlisted"
"C01409","Navi AMC Limited","Public Limited","Private (Indian)","Pan-India","Mumbai, Maharashtra","Financial Services (Non-Bank)","Asset management company (AMC)","Unlisted"
"C01410","Groww Asset Management Limited","Public Limited","Private (Indian)","Pan-India","Mumbai, Maharashtra","Financial Services (Non-Bank)","Asset management company (AMC; formerly Indiabulls AMC)","Unlisted"
"C01411","LIC Mutual Fund Asset Management Limited","Public Limited","Central PSU","Pan-India","Mumbai, Maharashtra","Financial Services (Non-Bank)","Asset management company (AMC)","Unlisted"
"C01412","Union Asset Management Company Private Limited","Private Limited","Central PSU","Pan-India","Mumbai, Maharashtra","Financial Services (Non-Bank)","Asset management company (AMC)","Unlisted"
"C01413","Mahindra Manulife Investment Management Private Limited","Private Limited","Joint Venture","Pan-India","Mumbai, Maharashtra","Financial Services (Non-Bank)","Asset management company (AMC)","Unlisted"
"C01414","ITI Asset Management Limited","Public Limited","Private (Indian)","Pan-India","Mumbai, Maharashtra","Financial Services (Non-Bank)","Asset management company (AMC)","Unlisted"
"C01415","Old Bridge Asset Management Private Limited","Private Limited","Private (Indian)","Pan-India","Mumbai, Maharashtra","Financial Services (Non-Bank)","Asset management company (AMC)","Unlisted"
"C01416","Helios Capital Asset Management (India) Private Limited","Private Limited","Private (Indian)","Pan-India","Mumbai, Maharashtra","Financial Services (Non-Bank)","Asset management company (AMC)","Unlisted"
"C01417","Bajaj Finserv Asset Management Limited","Public Limited","Private (Indian)","Pan-India","Pune, Maharashtra","Financial Services (Non-Bank)","Asset management company (AMC)","Unlisted"
"C01418","Zerodha Fund House Private Limited","Private Limited","Private (Indian)","Pan-India","Bengaluru, Karnataka","Financial Services (Non-Bank)","Asset management company (AMC)","Unlisted"
"C01419","Jio BlackRock Asset Management Private Limited","Private Limited","Joint Venture","Pan-India","Mumbai, Maharashtra","Financial Services (Non-Bank)","Asset management company (AMC)","Unlisted"
"C01420","Trust Asset Management Private Limited","Private Limited","Private (Indian)","Pan-India","Mumbai, Maharashtra","Financial Services (Non-Bank)","Asset management company (AMC)","Unlisted"
"C01421","360 ONE Asset Management Limited","Public Limited","Private (Indian)","Pan-India","Mumbai, Maharashtra","Financial Services (Non-Bank)","Asset management company (AMC) / AIF / PMS","Unlisted"
"C01422","Samco Asset Management Private Limited","Private Limited","Private (Indian)","Pan-India","Mumbai, Maharashtra","Financial Services (Non-Bank)","Asset management company (AMC)","Unlisted"
"C01423","NJ Asset Management Private Limited","Private Limited","Private (Indian)","Pan-India","Ahmedabad, Gujarat","Financial Services (Non-Bank)","Asset management company (AMC)","Unlisted"
"C01424","Unifi Asset Management Private Limited","Private Limited","Private (Indian)","Pan-India","Mumbai, Maharashtra","Financial Services (Non-Bank)","Asset management company (AMC)","Unlisted"
"C01425","Taurus Asset Management Company Limited","Public Limited","Private (Indian)","Pan-India","Mumbai, Maharashtra","Financial Services (Non-Bank)","Asset management company (AMC)","Unlisted"
"C01426","Quantum Asset Management Company Private Limited","Private Limited","Private (Indian)","Pan-India","Mumbai, Maharashtra","Financial Services (Non-Bank)","Asset management company (AMC)","Unlisted"
"C01427","PPFAS Asset Management Private Limited","Private Limited","Private (Indian)","Pan-India","Mumbai, Maharashtra","Financial Services (Non-Bank)","Asset management company (Parag Parikh)","Unlisted"
"C01428","JM Financial Asset Management Limited","Public Limited","Private (Indian)","Pan-India","Mumbai, Maharashtra","Financial Services (Non-Bank)","Asset management company (AMC)","Unlisted"
"C01429","Shriram Asset Management Company Limited","Public Limited","Private (Indian)","Pan-India","Mumbai, Maharashtra","Financial Services (Non-Bank)","Asset management company (AMC)","Unlisted"
"C01430","Choice Asset Management Limited","Public Limited","Private (Indian)","Pan-India","Mumbai, Maharashtra","Financial Services (Non-Bank)","Asset management company (AMC)","Unlisted"
"C01433","National Stock Exchange of India Limited","Public Limited","Private (Indian)","Pan-India","Mumbai, Maharashtra","Financial Services (Non-Bank)","Stock exchange","Unlisted"
"C01436","Metropolitan Stock Exchange of India Limited","Public Limited","Private (Indian)","Pan-India","Mumbai, Maharashtra","Financial Services (Non-Bank)","Stock exchange","Unlisted"
"C01438","NSE International Exchange (IFSC) Limited","Public Limited","Private (Indian)","Pan-India","Gandhinagar, Gujarat","Financial Services (Non-Bank)","Stock exchange (GIFT City)","Unlisted"
"C01439","National Commodity & Derivatives Exchange Limited","Public Limited","Private (Indian)","Pan-India","Mumbai, Maharashtra","Financial Services (Non-Bank)","Commodity exchange","Unlisted"
"C01440","Indian Commodity Exchange Limited","Public Limited","Private (Indian)","Pan-India","Mumbai, Maharashtra","Financial Services (Non-Bank)","Commodity exchange","Unlisted"
"C01441","Indian Clearing Corporation Limited","Public Limited","Private (Indian)","Pan-India","Mumbai, Maharashtra","Financial Services (Non-Bank)","Clearing corporation","Unlisted"
"C01442","NSE Clearing Limited","Public Limited","Private (Indian)","Pan-India","Mumbai, Maharashtra","Financial Services (Non-Bank)","Clearing corporation","Unlisted"
"C01443","National Securities Depository Limited","Public Limited","Private (Indian)","Pan-India","Mumbai, Maharashtra","Financial Services (Non-Bank)","Depository","Listed-NSE+BSE"
"C01445","Clearing Corporation of India Limited","Public Limited","Private (Indian)","Pan-India","Mumbai, Maharashtra","Financial Services (Non-Bank)","Clearing corporation (money/G-sec markets)","Unlisted"
"C01447","Power Exchange India Limited","Public Limited","Private (Indian)","Pan-India","Mumbai, Maharashtra","Financial Services (Non-Bank)","Power exchange","Unlisted"
"C01449","National Payments Corporation of India","Section 8 Company","Private (Indian)","Pan-India","Mumbai, Maharashtra","Financial Services (Non-Bank)","Payments system operator (UPI/RuPay)","Unlisted"
"C01450","Stock Holding Corporation of India Limited","Government Company (PSU)","Central PSU","Pan-India","Mumbai, Maharashtra","Financial Services (Non-Bank)","Depository participant / custodian","Unlisted"
"C01451","Zerodha Broking Limited","Public Limited","Private (Indian)","Pan-India","Bengaluru, Karnataka","Financial Services (Non-Bank)","Stock broker / DP","Unlisted"
"C01452","Nextbillion Technology Private Limited","Private Limited","Private (Indian)","Pan-India","Bengaluru, Karnataka","Financial Services (Non-Bank)","Stock broker (Groww)","Unlisted"
"C01453","RKSV Securities India Private Limited","Private Limited","Private (Indian)","Pan-India","Mumbai, Maharashtra","Financial Services (Non-Bank)","Stock broker (Upstox)","Unlisted"
"C01454","ICICI Securities Limited","Public Limited","Private (Indian)","Pan-India","Mumbai, Maharashtra","Financial Services (Non-Bank)","Stock broker (merged into ICICI Bank 2024)","Delisted/Unknown"
"C01455","HDFC Securities Limited","Public Limited","Private (Indian)","Pan-India","Mumbai, Maharashtra","Financial Services (Non-Bank)","Stock broker / DP","Unlisted"
"C01456","Kotak Securities Limited","Public Limited","Private (Indian)","Pan-India","Mumbai, Maharashtra","Financial Services (Non-Bank)","Stock broker / DP","Unlisted"
"C01457","Axis Securities Limited","Public Limited","Private (Indian)","Pan-India","Mumbai, Maharashtra","Financial Services (Non-Bank)","Stock broker / DP","Unlisted"
"C01458","SBICAP Securities Limited","Public Limited","Central PSU","Pan-India","Mumbai, Maharashtra","Financial Services (Non-Bank)","Stock broker / DP","Unlisted"
"C01459","Sharekhan Limited","Public Limited","MNC Subsidiary","Pan-India","Mumbai, Maharashtra","Financial Services (Non-Bank)","Stock broker / DP","Unlisted"
"C01461","Raise Securities Private Limited","Private Limited","Private (Indian)","Pan-India","Mumbai, Maharashtra","Financial Services (Non-Bank)","Stock broker (Dhan)","Unlisted"
"C01462","Fyers Securities Private Limited","Private Limited","Private (Indian)","Pan-India","Bengaluru, Karnataka","Financial Services (Non-Bank)","Stock broker","Unlisted"
"C01464","Choice Equity Broking Private Limited","Private Limited","Private (Indian)","Pan-India","Mumbai, Maharashtra","Financial Services (Non-Bank)","Stock broker","Unlisted"
"C01465","Religare Broking Limited","Public Limited","Private (Indian)","Pan-India","New Delhi, Delhi","Financial Services (Non-Bank)","Stock broker","Unlisted"
"C01468","Edelweiss Broking Limited","Public Limited","Private (Indian)","Pan-India","Mumbai, Maharashtra","Financial Services (Non-Bank)","Stock broker","Unlisted"
"C01469","Nirmal Bang Securities Private Limited","Private Limited","Private (Indian)","Pan-India","Mumbai, Maharashtra","Financial Services (Non-Bank)","Stock broker","Unlisted"
"C01470","Prabhudas Lilladher Private Limited","Private Limited","Private (Indian)","Pan-India","Mumbai, Maharashtra","Financial Services (Non-Bank)","Stock broker","Unlisted"
"C01473","Alice Blue Financial Services Private Limited","Private Limited","Private (Indian)","Pan-India","Bengaluru, Karnataka","Financial Services (Non-Bank)","Stock broker","Unlisted"
"C01476","Centrum Broking Limited","Public Limited","Private (Indian)","Pan-India","Mumbai, Maharashtra","Financial Services (Non-Bank)","Stock broker","Unlisted"
"C01481","Dolat Capital Market Private Limited","Private Limited","Private (Indian)","Pan-India","Mumbai, Maharashtra","Financial Services (Non-Bank)","Stock broker","Unlisted"
"C01482","Systematix Shares and Stocks (India) Limited","Public Limited","Private (Indian)","Pan-India","Mumbai, Maharashtra","Financial Services (Non-Bank)","Stock broker","Unlisted"
"C01484","Bonanza Portfolio Limited","Public Limited","Private (Indian)","Pan-India","Mumbai, Maharashtra","Financial Services (Non-Bank)","Stock broker","Unlisted"
"C01485","Mirae Asset Capital Markets (India) Private Limited","Private Limited","MNC Subsidiary","Pan-India","Mumbai, Maharashtra","Financial Services (Non-Bank)","Stock broker","Unlisted"
"C01486","JM Financial Services Limited","Public Limited","Private (Indian)","Pan-India","Mumbai, Maharashtra","Financial Services (Non-Bank)","Stock broker","Unlisted"
"C01487","Motilal Oswal Securities Limited","Public Limited","Private (Indian)","Pan-India","Mumbai, Maharashtra","Financial Services (Non-Bank)","Stock broker (part of MOFSL)","Unlisted"
"C01488","Jainam Broking Limited","Public Limited","Private (Indian)","Pan-India","Surat, Gujarat","Financial Services (Non-Bank)","Stock broker","Unlisted"
"C01489","Trustline Securities Limited","Public Limited","Private (Indian)","Pan-India","Mumbai, Maharashtra","Financial Services (Non-Bank)","Stock broker","Unlisted"
"C01490","Tradebulls Securities Private Limited","Private Limited","Private (Indian)","Pan-India","Mumbai, Maharashtra","Financial Services (Non-Bank)","Stock broker","Unlisted"
"C01491","Paytm Money Limited","Public Limited","Private (Indian)","Pan-India","Bengaluru, Karnataka","Financial Services (Non-Bank)","Stock broker / investment platform","Unlisted"
"C01492","Morgan Stanley India Company Private Limited","Private Limited","MNC Subsidiary","Pan-India","Mumbai, Maharashtra","Financial Services (Non-Bank)","Merchant banker / broker","Unlisted"
"C01493","J.P. Morgan India Private Limited","Private Limited","MNC Subsidiary","Pan-India","Mumbai, Maharashtra","Financial Services (Non-Bank)","Merchant banker / broker","Unlisted"
"C01494","Citigroup Global Markets India Private Limited","Private Limited","MNC Subsidiary","Pan-India","Mumbai, Maharashtra","Financial Services (Non-Bank)","Merchant banker / broker","Unlisted"
"C01495","Jefferies India Private Limited","Private Limited","MNC Subsidiary","Pan-India","Mumbai, Maharashtra","Financial Services (Non-Bank)","Merchant banker / broker","Unlisted"
"C01496","UBS Securities India Private Limited","Private Limited","MNC Subsidiary","Pan-India","Mumbai, Maharashtra","Financial Services (Non-Bank)","Merchant banker / broker","Unlisted"
"C01497","CLSA India Private Limited","Private Limited","MNC Subsidiary","Pan-India","Mumbai, Maharashtra","Financial Services (Non-Bank)","Broker / merchant banker","Unlisted"
"C01498","Axis Capital Limited","Public Limited","Private (Indian)","Pan-India","Mumbai, Maharashtra","Financial Services (Non-Bank)","Merchant banker / investment bank","Unlisted"
"C01499","Kotak Mahindra Capital Company Limited","Public Limited","Private (Indian)","Pan-India","Mumbai, Maharashtra","Financial Services (Non-Bank)","Merchant banker / investment bank","Unlisted"
"C01500","SBI Capital Markets Limited","Government Company (PSU)","Central PSU","Pan-India","Mumbai, Maharashtra","Financial Services (Non-Bank)","Merchant banker / investment bank","Unlisted"
"C01502","Ambit Private Limited","Private Limited","Private (Indian)","Pan-India","Mumbai, Maharashtra","Financial Services (Non-Bank)","Merchant banker / research","Unlisted"
"C01503","Elara Capital (India) Private Limited","Private Limited","Private (Indian)","Pan-India","Mumbai, Maharashtra","Financial Services (Non-Bank)","Merchant banker / broker","Unlisted"
"C01504","Equirus Capital Private Limited","Private Limited","Private (Indian)","Pan-India","Mumbai, Maharashtra","Financial Services (Non-Bank)","Merchant banker","Unlisted"
"C01505","Motilal Oswal Investment Advisors Limited","Public Limited","Private (Indian)","Pan-India","Mumbai, Maharashtra","Financial Services (Non-Bank)","Merchant banker","Unlisted"
"C01506","Yes Securities (India) Limited","Public Limited","Private (Indian)","Pan-India","Mumbai, Maharashtra","Financial Services (Non-Bank)","Merchant banker / broker","Unlisted"
"C01509","Saffron Capital Advisors Private Limited","Private Limited","Private (Indian)","Pan-India","Mumbai, Maharashtra","Financial Services (Non-Bank)","Merchant banker","Unlisted"
"C01510","Unistone Capital Private Limited","Private Limited","Private (Indian)","Pan-India","Mumbai, Maharashtra","Financial Services (Non-Bank)","Merchant banker","Unlisted"
"C01511","Pantomath Capital Advisors Private Limited","Private Limited","Private (Indian)","Pan-India","Mumbai, Maharashtra","Financial Services (Non-Bank)","Merchant banker","Unlisted"
"C01512","Hem Securities Limited","Public Limited","Private (Indian)","Pan-India","Mumbai, Maharashtra","Financial Services (Non-Bank)","Merchant banker / broker","Unlisted"
"C01513","Beeline Capital Advisors Private Limited","Private Limited","Private (Indian)","Pan-India","Ahmedabad, Gujarat","Financial Services (Non-Bank)","Merchant banker","Unlisted"
"C01514","Intensive Fiscal Services Private Limited","Private Limited","Private (Indian)","Pan-India","Mumbai, Maharashtra","Financial Services (Non-Bank)","Merchant banker","Unlisted"
"C01515","Vivro Financial Services Private Limited","Private Limited","Private (Indian)","Pan-India","Mumbai, Maharashtra","Financial Services (Non-Bank)","Merchant banker","Unlisted"
"C01516","Inga Capital Private Limited","Private Limited","Private (Indian)","Pan-India","Mumbai, Maharashtra","Financial Services (Non-Bank)","Merchant banker","Unlisted"
"C01517","BOB Capital Markets Limited","Government Company (PSU)","Central PSU","Pan-India","Mumbai, Maharashtra","Financial Services (Non-Bank)","Merchant banker / broker","Unlisted"
"C01518","PNB Investment Services Limited","Public Limited","Central PSU","Pan-India","New Delhi, Delhi","Financial Services (Non-Bank)","Merchant banker","Unlisted"
"C01519","Avendus Capital Private Limited","Private Limited","Private (Indian)","Pan-India","Mumbai, Maharashtra","Financial Services (Non-Bank)","Investment bank / merchant banker","Unlisted"
"C01521","CRISIL Ratings Limited","Public Limited","MNC Subsidiary","Pan-India","Mumbai, Maharashtra","Financial Services (Non-Bank)","Credit rating agency","Unlisted"
"C01524","India Ratings and Research Private Limited","Private Limited","MNC Subsidiary","Pan-India","Mumbai, Maharashtra","Financial Services (Non-Bank)","Credit rating agency (Fitch)","Unlisted"
"C01525","Brickwork Ratings India Private Limited","Private Limited","Private (Indian)","Pan-India","Bengaluru, Karnataka","Financial Services (Non-Bank)","Credit rating agency","Unlisted"
"C01526","Acuite Ratings & Research Limited","Public Limited","Private (Indian)","Pan-India","Mumbai, Maharashtra","Financial Services (Non-Bank)","Credit rating agency","Unlisted"
"C01527","Infomerics Valuation and Rating Limited","Public Limited","Private (Indian)","Pan-India","New Delhi, Delhi","Financial Services (Non-Bank)","Credit rating agency","Unlisted"
"C01528","Equitymaster Agora Research Private Limited","Private Limited","Private (Indian)","Pan-India","Mumbai, Maharashtra","Financial Services (Non-Bank)","Research analyst / investment adviser","Unlisted"
"C01529","Value Research India Private Limited","Private Limited","Private (Indian)","Pan-India","New Delhi, Delhi","Financial Services (Non-Bank)","Investment adviser / research","Unlisted"
"C01530","Morningstar Investment Adviser India Private Limited","Private Limited","MNC Subsidiary","Pan-India","Mumbai, Maharashtra","Financial Services (Non-Bank)","Investment adviser","Unlisted"
"C01531","Smallcase Technologies","Private Limited","Private (Indian)","Pan-India","Bengaluru","Financial Services / Fintech","Investing platform","Unlisted"
"C01532","Scripbox","Other","Private (Indian)","Pan-India","Bengaluru, Karnataka","Financial Services (Non-Bank)","Investment adviser / MF platform","Unlisted"
"C01534","INDmoney","Private Limited","Private (Indian)","Pan-India","Gurugram","Financial Services / Fintech","Wealth","Unlisted"
"C01535","ASK Investment Managers Limited","Public Limited","Private (Indian)","Pan-India","Mumbai, Maharashtra","Financial Services (Non-Bank)","PMS / AIF manager","Unlisted"
"C01536","Marcellus Investment Managers Private Limited","Private Limited","Private (Indian)","Pan-India","Mumbai, Maharashtra","Financial Services (Non-Bank)","PMS / AIF manager","Unlisted"
"C01537","Alchemy Capital Management Private Limited","Private Limited","Private (Indian)","Pan-India","Mumbai, Maharashtra","Financial Services (Non-Bank)","PMS / AIF manager","Unlisted"
"C01538","Buoyant Capital Private Limited","Private Limited","Private (Indian)","Pan-India","Mumbai, Maharashtra","Financial Services (Non-Bank)","PMS / AIF manager","Unlisted"
"C01539","Carnelian Asset Management & Advisors Private Limited","Private Limited","Private (Indian)","Pan-India","Mumbai, Maharashtra","Financial Services (Non-Bank)","PMS / AIF manager","Unlisted"
"C01540","Negen Capital Services Private Limited","Private Limited","Private (Indian)","Pan-India","Mumbai, Maharashtra","Financial Services (Non-Bank)","PMS manager","Unlisted"
"C01541","Abakkus Asset Manager Private Limited","Private Limited","Private (Indian)","Pan-India","Mumbai, Maharashtra","Financial Services (Non-Bank)","PMS / AIF manager","Unlisted"
"C01543","Aequitas Investment Consultancy Private Limited","Private Limited","Private (Indian)","Pan-India","Mumbai, Maharashtra","Financial Services (Non-Bank)","PMS manager","Unlisted"
"C01544","Sameeksha Capital Private Limited","Private Limited","Private (Indian)","Pan-India","Mumbai, Maharashtra","Financial Services (Non-Bank)","PMS / AIF manager","Unlisted"
"C01545","Stallion Asset Private Limited","Private Limited","Private (Indian)","Pan-India","Mumbai, Maharashtra","Financial Services (Non-Bank)","PMS / AIF manager","Unlisted"
"C01547","ICICI Venture Funds Management Company Limited","Public Limited","Private (Indian)","Pan-India","Mumbai, Maharashtra","Financial Services (Non-Bank)","AIF manager","Unlisted"
"C01833","Macrotech Developers Limited","Public Limited","Private (Indian)","Maharashtra","Mumbai, Maharashtra","Real Estate","Residential","Listed-NSE+BSE"
"C02545","Lintas India Private Limited (Lowe Lintas)","Private Limited","MNC Subsidiary","Maharashtra","Mumbai","Media & Entertainment (Broadcasting, OTT, Print, Advertising, Films, Gaming)","Advertising Agency","Unlisted"
"C02640","Princeton Digital Group India Private Limited","Private Limited","MNC Subsidiary","Maharashtra","Mumbai","Data Centres & Cloud","Data Centre Services","Unlisted"
"C02667","Amazon Retail India Private Limited","Private Limited","MNC Subsidiary","Pan-India","Karnataka","Retail & E-commerce","Retail","Unlisted"
"C02772","Deloitte Touche Tohmatsu India LLP","LLP","MNC Subsidiary","Pan-India","Maharashtra","Professional Services","Audit & Consulting","Unlisted"
"C02773","PricewaterhouseCoopers Private Limited","Private Limited","MNC Subsidiary","Pan-India","Delhi","Professional Services","Consulting","Unlisted"
"C02774","Ernst & Young LLP","LLP","MNC Subsidiary","Pan-India","Haryana","Professional Services","Audit & Consulting","Unlisted"
"C02775","KPMG Assurance and Consulting Services LLP","LLP","MNC Subsidiary","Pan-India","Maharashtra","Professional Services","Audit & Consulting","Unlisted"
"C02776","McKinsey Knowledge Centre India Private Limited","Private Limited","MNC Subsidiary","Pan-India","Haryana","Professional Services","GCC / Consulting","Unlisted"
"C02777","Bain Capability Center India Private Limited","Private Limited","MNC Subsidiary","Pan-India","Haryana","Professional Services","GCC / Consulting","Unlisted"
"C02778","Boston Consulting Group India Private Limited","Private Limited","MNC Subsidiary","Pan-India","Haryana","Professional Services","Consulting","Unlisted"
"C02779","Capgemini Technology Services India Limited","Public Limited","MNC Subsidiary","Pan-India","Maharashtra","Information Technology","IT Services","Unlisted"
"C02780","Shell India Markets Private Limited","Private Limited","MNC Subsidiary","Pan-India","Karnataka","Oil & Gas","Fuels Marketing","Unlisted"
"C02781","BP India Services Private Limited","Private Limited","MNC Subsidiary","Pan-India","Maharashtra","Oil & Gas","GCC","Unlisted"
"C02782","TotalEnergies Marketing India Private Limited","Private Limited","MNC Subsidiary","Pan-India","Maharashtra","Oil & Gas","Lubricants","Unlisted"
"C02783","Baker Hughes India Private Limited","Private Limited","MNC Subsidiary","Pan-India","Maharashtra","Oil & Gas","Oilfield Services","Unlisted"
"C02784","Xiaomi Technology India Private Limited","Private Limited","MNC Subsidiary","Pan-India","Karnataka","Consumer Electronics","Smartphones","Unlisted"
"C02785","Oppo Mobiles India Private Limited","Private Limited","MNC Subsidiary","Pan-India","Uttar Pradesh","Consumer Electronics","Smartphones","Unlisted"
"C02786","Vivo Mobile India Private Limited","Private Limited","MNC Subsidiary","Pan-India","Uttar Pradesh","Consumer Electronics","Smartphones","Unlisted"
"C02787","Realme Mobiles India Private Limited","Private Limited","MNC Subsidiary","Pan-India","Karnataka","Consumer Electronics","Smartphones","Unlisted"
"C02788","OnePlus Technology (Shenzhen) India Private Limited","Private Limited","MNC Subsidiary","Pan-India","Karnataka","Consumer Electronics","Smartphones","Unlisted"
"C02789","Huawei Telecommunications (India) Company Private Limited","Private Limited","MNC Subsidiary","Pan-India","Haryana","Telecom","Equipment","Unlisted"
"C02790","ZTE Telecom India Private Limited","Private Limited","MNC Subsidiary","Pan-India","Haryana","Telecom","Equipment","Unlisted"
"C02791","Ericsson India Private Limited","Private Limited","MNC Subsidiary","Pan-India","Haryana","Telecom","Equipment","Unlisted"
"C02792","Nokia Solutions and Networks India Private Limited","Private Limited","MNC Subsidiary","Pan-India","Tamil Nadu","Telecom","Equipment","Unlisted"
"C02793","IKEA Trading (India) Private Limited","Private Limited","MNC Subsidiary","Pan-India","Maharashtra","Retail & E-commerce","Home Furnishing","Unlisted"
"C02794","H&M Hennes & Mauritz Retail Private Limited","Private Limited","MNC Subsidiary","Pan-India","Delhi","Retail & E-commerce","Apparel","Unlisted"
"C02795","Decathlon Sports India Private Limited","Private Limited","MNC Subsidiary","Pan-India","Karnataka","Retail & E-commerce","Sporting Goods","Unlisted"
"C02796","DHL Express (India) Private Limited","Private Limited","MNC Subsidiary","Pan-India","Delhi","Logistics","Express","Unlisted"
"C02797","FedEx Express Transportation and Supply Chain Services (India) Private Limited","Private Limited","MNC Subsidiary","Pan-India","Maharashtra","Logistics","Express","Unlisted"
"C02798","United Parcel Service India Private Limited","Private Limited","MNC Subsidiary","Pan-India","Haryana","Logistics","Express","Unlisted"
"C02799","Maersk Global Service Centres (India) Private Limited","Private Limited","MNC Subsidiary","Pan-India","Maharashtra","Logistics","GCC","Unlisted"
"C02800","MSC Agency (India) Private Limited","Private Limited","MNC Subsidiary","Pan-India","Maharashtra","Logistics","Shipping","Unlisted"
"C02801","DP World Private Limited","Private Limited","MNC Subsidiary","Pan-India","Maharashtra","Logistics","Ports","Unlisted"
"C02802","Airbus India Private Limited","Private Limited","MNC Subsidiary","Pan-India","Karnataka","Aerospace & Defence","Aerospace","Unlisted"
"C02803","Boeing India Private Limited","Private Limited","MNC Subsidiary","Pan-India","Karnataka","Aerospace & Defence","Aerospace","Unlisted"
"C02804","Lockheed Martin India Private Limited","Private Limited","MNC Subsidiary","Pan-India","Delhi","Aerospace & Defence","Defence","Unlisted"
"C02805","Honeywell Technology Solutions Lab Private Limited","Private Limited","MNC Subsidiary","Pan-India","Karnataka","Information Technology","GCC","Unlisted"
"C02806","Rolls-Royce India Private Limited","Private Limited","MNC Subsidiary","Pan-India","Delhi","Aerospace & Defence","Engines","Unlisted"
"C02807","Jaguar Land Rover India Limited","Public Limited","MNC Subsidiary","Pan-India","Maharashtra","Automobile","Passenger Vehicles","Unlisted"
"C02808","Airbnb India Private Limited","Private Limited","MNC Subsidiary","Pan-India","Karnataka","Travel & Hospitality","Online Platform","Unlisted"
"C02809","Booking.com India Private Limited","Private Limited","MNC Subsidiary","Pan-India","Haryana","Travel & Hospitality","Online Travel","Unlisted"
"C02810","Cushman & Wakefield India Private Limited","Private Limited","MNC Subsidiary","Pan-India","Maharashtra","Real Estate","Services","Unlisted"
"C02811","Citibank N.A. - India branches","Foreign Company Branch","MNC Subsidiary","Pan-India","Maharashtra","Banking","Foreign Bank Branch","Unlisted"
"C02812","HSBC (The Hongkong and Shanghai Banking Corporation Limited) - India branches","Foreign Company Branch","MNC Subsidiary","Pan-India","Maharashtra","Banking","Foreign Bank Branch","Unlisted"
"C02813","Standard Chartered Bank - India branches","Foreign Company Branch","MNC Subsidiary","Pan-India","Maharashtra","Banking","Foreign Bank Branch","Unlisted"
"C02814","Deutsche Bank AG - India branches","Foreign Company Branch","MNC Subsidiary","Pan-India","Maharashtra","Banking","Foreign Bank Branch","Unlisted"
"C02815","Barclays Bank PLC - India branches","Foreign Company Branch","MNC Subsidiary","Pan-India","Maharashtra","Banking","Foreign Bank Branch","Unlisted"
"C02816","Bank of America N.A. - India branches","Foreign Company Branch","MNC Subsidiary","Pan-India","Maharashtra","Banking","Foreign Bank Branch","Unlisted"
"C02817","JPMorgan Chase Bank N.A. - India branches","Foreign Company Branch","MNC Subsidiary","Pan-India","Maharashtra","Banking","Foreign Bank Branch","Unlisted"
"C02818","BNP Paribas - India branches","Foreign Company Branch","MNC Subsidiary","Pan-India","Maharashtra","Banking","Foreign Bank Branch","Unlisted"
"C02819","Societe Generale - India branches","Foreign Company Branch","MNC Subsidiary","Pan-India","Maharashtra","Banking","Foreign Bank Branch","Unlisted"
"C02820","MUFG Bank Ltd - India branches","Foreign Company Branch","MNC Subsidiary","Pan-India","Maharashtra","Banking","Foreign Bank Branch","Unlisted"
"C02821","Mizuho Bank Ltd - India branches","Foreign Company Branch","MNC Subsidiary","Pan-India","Maharashtra","Banking","Foreign Bank Branch","Unlisted"
"C02822","Sumitomo Mitsui Banking Corporation - India branches","Foreign Company Branch","MNC Subsidiary","Pan-India","Maharashtra","Banking","Foreign Bank Branch","Unlisted"
"C02823","Credit Agricole Corporate and Investment Bank - India branches","Foreign Company Branch","MNC Subsidiary","Pan-India","Maharashtra","Banking","Foreign Bank Branch","Unlisted"
"C02824","Bank of China Ltd - India branches","Foreign Company Branch","MNC Subsidiary","Pan-India","Maharashtra","Banking","Foreign Bank Branch","Unlisted"
"C02825","Industrial and Commercial Bank of China Ltd - India branches","Foreign Company Branch","MNC Subsidiary","Pan-India","Maharashtra","Banking","Foreign Bank Branch","Unlisted"
"C02826","Emirates NBD Bank (P.J.S.C.) - India branches","Foreign Company Branch","MNC Subsidiary","Pan-India","Maharashtra","Banking","Foreign Bank Branch","Unlisted"
"C02827","Doha Bank Q.P.S.C. - India branches","Foreign Company Branch","MNC Subsidiary","Pan-India","Maharashtra","Banking","Foreign Bank Branch","Unlisted"
"C02828","Qatar National Bank (Q.P.S.C.) - India branches","Foreign Company Branch","MNC Subsidiary","Pan-India","Maharashtra","Banking","Foreign Bank Branch","Unlisted"
"C02829","First Abu Dhabi Bank PJSC - India branches","Foreign Company Branch","MNC Subsidiary","Pan-India","Maharashtra","Banking","Foreign Bank Branch","Unlisted"
"C02830","Mashreq Bank PSC - India branches","Foreign Company Branch","MNC Subsidiary","Pan-India","Maharashtra","Banking","Foreign Bank Branch","Unlisted"
"C02831","Abu Dhabi Commercial Bank PJSC - India branches","Foreign Company Branch","MNC Subsidiary","Pan-India","Maharashtra","Banking","Foreign Bank Branch","Unlisted"
"C02832","Bank of Bahrain and Kuwait B.S.C. - India branches","Foreign Company Branch","MNC Subsidiary","Pan-India","Maharashtra","Banking","Foreign Bank Branch","Unlisted"
"C02833","Sonali Bank PLC - India branches","Foreign Company Branch","MNC Subsidiary","Pan-India","Maharashtra","Banking","Foreign Bank Branch","Unlisted"
"C02834","Woori Bank - India branches","Foreign Company Branch","MNC Subsidiary","Pan-India","Maharashtra","Banking","Foreign Bank Branch","Unlisted"
"C02835","Shinhan Bank - India branches","Foreign Company Branch","MNC Subsidiary","Pan-India","Maharashtra","Banking","Foreign Bank Branch","Unlisted"
"C02836","KEB Hana Bank - India branches","Foreign Company Branch","MNC Subsidiary","Pan-India","Maharashtra","Banking","Foreign Bank Branch","Unlisted"
"C02837","Australia and New Zealand Banking Group Limited - India branches","Foreign Company Branch","MNC Subsidiary","Pan-India","Maharashtra","Banking","Foreign Bank Branch","Unlisted"
"C02838","Commonwealth Bank of Australia - India branches","Foreign Company Branch","MNC Subsidiary","Pan-India","Maharashtra","Banking","Foreign Bank Branch","Unlisted"
"C02839","Westpac Banking Corporation - India branches","Foreign Company Branch","MNC Subsidiary","Pan-India","Maharashtra","Banking","Foreign Bank Branch","Unlisted"
"C02840","Bank of Ceylon - India branches","Foreign Company Branch","MNC Subsidiary","Pan-India","Maharashtra","Banking","Foreign Bank Branch","Unlisted"
"C02841","Sberbank - India branches","Foreign Company Branch","MNC Subsidiary","Pan-India","Maharashtra","Banking","Foreign Bank Branch","Unlisted"
"C02842","DBS Bank India Limited","Public Limited","MNC Subsidiary","Pan-India","Maharashtra","Banking","Wholly Owned Subsidiary Bank","Unlisted"
"C02843","Schlumberger Asia Services Limited - India Branch","Foreign Company Branch","MNC Subsidiary","Pan-India","Maharashtra","Oil & Gas","Oilfield Services","Unlisted"
"C02844","Halliburton Offshore Services Inc. - India Branch","Foreign Company Branch","MNC Subsidiary","Pan-India","Maharashtra","Oil & Gas","Oilfield Services","Unlisted"
"C02846","Rane Madras Ltd","Public Limited","Private (Indian)","Tamil Nadu","Chennai","Automobile","Auto Components","Listed-BSE"
"C02847","Rane Brake Lining Ltd","Public Limited","Private (Indian)","Tamil Nadu","Chennai","Automobile","Auto Components","Listed-BSE"
"C02848","Rane Engine Valve Ltd","Public Limited","Private (Indian)","Tamil Nadu","Chennai","Automobile","Auto Components","Listed-BSE"
"C02852","Napino Auto & Electronics Ltd","Public Limited","Private (Indian)","Haryana","Manesar","Automobile","Auto Components","Listed-BSE"
"C02853","SKH Metals Ltd","Public Limited","Private (Indian)","Haryana","Gurugram","Automobile","Auto Components","Listed-BSE"
"C02854","Krishna Maruti Ltd","Private Limited","Private (Indian)","Haryana","Gurugram","Automobile","Auto Components","Unlisted"
"C02855","Highway Industries Ltd","Public Limited","Private (Indian)","Punjab","Ludhiana","Automobile","Auto Components","Listed-BSE"
"C02862","Machino Plastics Ltd","Public Limited","Private (Indian)","Haryana","Faridabad","Automobile","Auto Components","Listed-BSE"
"C02864","Victor Gaskets India Ltd","Private Limited","Private (Indian)","Maharashtra","Pune","Automobile","Auto Components","Unlisted"
"C02865","Roots Industries India Ltd","Private Limited","Private (Indian)","Tamil Nadu","Coimbatore","Automobile","Auto Components","Unlisted"
"C02866","Roots Multiclean Ltd","Public Limited","Private (Indian)","Tamil Nadu","Coimbatore","Automobile","Auto Components","Listed-BSE"
"C02867","JMT Auto Ltd","Public Limited","Private (Indian)","Jharkhand","Jamshedpur","Automobile","Auto Components","Listed-BSE"
"C02869","Fenner (India) Ltd","Public Limited","Private (Indian)","Tamil Nadu","Chennai","Capital Goods & Engineering","Belts/Power Transmission","Listed-BSE"
"C02871","Amtek Auto Ltd","Public Limited","Private (Indian)","Punjab","Ludhiana","Automobile","Auto Components","Listed-BSE"
"C02873","Neel Metal Products Ltd","Private Limited","Private (Indian)","Haryana","Manesar","Automobile","Auto Components","Unlisted"
"C02875","Bosch Chassis Systems India Ltd","Public Limited","Private (Indian)","Maharashtra","Nashik","Automobile","Auto Components","Listed-BSE"
"C02877","Oswal Woollen Mills Ltd","Public Limited","Private (Indian)","Punjab","Ludhiana","Textiles & Apparel","Woollen/Hosiery","Listed-BSE"
"C02878","Abhishek Industries Ltd","Public Limited","Private (Indian)","Punjab","Barnala","Textiles & Apparel","Textiles","Listed-BSE"
"C02882","Century Textiles and Industries Ltd","Public Limited","Private (Indian)","Maharashtra","Mumbai","Textiles & Apparel","Textiles","Listed-BSE"
"C02884","KG Denim Ltd","Public Limited","Private (Indian)","Tamil Nadu","Coimbatore","Textiles & Apparel","Denim","Listed-BSE"
"C02887","SEL Manufacturing Company Ltd","Public Limited","Private (Indian)","Punjab","Ludhiana","Textiles & Apparel","Textiles","Listed-BSE"
"C02888","Vardhman Yarns and Threads Ltd","Public Limited","Private (Indian)","Punjab","Ludhiana","Textiles & Apparel","Threads","Listed-BSE"
"C02892","JCT Ltd","Public Limited","Private (Indian)","Punjab","Phagwara","Textiles & Apparel","Textiles","Listed-BSE"
"C02893","Gangotri Textiles Ltd","Public Limited","Private (Indian)","Tamil Nadu","Coimbatore","Textiles & Apparel","Textiles","Listed-BSE"
"C02894","Bombay Rayon Fashions Ltd","Public Limited","Private (Indian)","Maharashtra","Mumbai","Textiles & Apparel","Apparel Fabric","Listed-BSE"
"C02896","Duke Fashions (India) Ltd","Private Limited","Private (Indian)","Punjab","Ludhiana","Textiles & Apparel","Hosiery/Knitwear","Unlisted"
"C02897","Eastman Exports Global Clothing Pvt Ltd","Private Limited","Private (Indian)","Tamil Nadu","Tirupur","Textiles & Apparel","Knitwear Export","Unlisted"
"C02898","SNQS International Socks Pvt Ltd","Private Limited","Private (Indian)","Tamil Nadu","Tirupur","Textiles & Apparel","Hosiery/Socks","Unlisted"
"C02899","Poppys Knitwear Pvt Ltd","Private Limited","Private (Indian)","Tamil Nadu","Tirupur","Textiles & Apparel","Knitwear Export","Unlisted"
"C02900","Warsaw International Ltd","Private Limited","Private (Indian)","Tamil Nadu","Tirupur","Textiles & Apparel","Knitwear Export","Unlisted"
"C02901","Ambattur Clothing Company Ltd","Private Limited","Private (Indian)","Tamil Nadu","Chennai","Textiles & Apparel","Knitwear Export","Unlisted"
"C02902","K M Knitwear Pvt Ltd","Private Limited","Private (Indian)","Tamil Nadu","Tirupur","Textiles & Apparel","Hosiery/Knitwear","Unlisted"
"C02903","Best Corporation Ltd","Private Limited","Private (Indian)","Tamil Nadu","Tirupur","Textiles & Apparel","Knitwear Export","Unlisted"
"C02908","Alfa Laval (India) Ltd","Public Limited","Private (Indian)","Maharashtra","Pune","Capital Goods & Engineering","Heat Exchangers","Listed-BSE"
"C02912","Rimjhim Ispat Ltd","Public Limited","Private (Indian)","Uttar Pradesh","Kanpur","Metals & Steel","Steel","Listed-BSE"
"C02913","India Pistons Ltd","Public Limited","Private (Indian)","Tamil Nadu","Chennai","Automobile","Auto Components","Listed-BSE"
"C02916","Meghmani Finechem Ltd","Public Limited","Private (Indian)","Gujarat","Ahmedabad","Chemicals & Fertilisers","Chlor-Alkali","Listed-BSE"
"C02917","Clariant Chemicals (India) Ltd","Public Limited","Private (Indian)","Maharashtra","Mumbai","Chemicals & Fertilisers","Specialty Chemicals","Listed-BSE"
"C02926","Sadhana Nitro Chem Ltd","Public Limited","Private (Indian)","Maharashtra","Mumbai","Chemicals & Fertilisers","Dyes/Specialty Chemicals","Listed-BSE"
"C02931","Wim Plast Ltd","Public Limited","Private (Indian)","Gujarat","Vapi","Consumer Durables & Appliances","Moulded Furniture","Listed-BSE"
"C02932","Jain Irrigation Systems Ltd","Public Limited","Private (Indian)","Maharashtra","Jalgaon","Capital Goods & Engineering","Irrigation/Plastic Pipes","Listed-BSE"
"C02933","Sintex Plastics Technology Ltd","Public Limited","Private (Indian)","Gujarat","Kalol","Capital Goods & Engineering","Plastic Products","Listed-BSE"
"C02936","Huhtamaki PPL Ltd","Public Limited","Private (Indian)","Maharashtra","Mumbai","Paper, Packaging & Printing","Flexible Packaging","Listed-BSE"
"C02938","Positive Packaging Industries Ltd","Public Limited","Private (Indian)","Maharashtra","Mumbai","Paper, Packaging & Printing","Packaging","Listed-BSE"
"C02939","Cosmo Films Ltd","Public Limited","Private (Indian)","Uttar Pradesh","Noida","Paper, Packaging & Printing","BOPP Films","Listed-BSE"
"C02940","Parksons Packaging Ltd","Public Limited","Private (Indian)","Maharashtra","Mumbai","Paper, Packaging & Printing","Carton Packaging","Listed-BSE"
"C02941","Manjushree Technopack Ltd","Public Limited","Private (Indian)","Karnataka","Bengaluru","Paper, Packaging & Printing","Rigid Plastic Packaging","Listed-BSE"
"C02942","Hindustan Tin Works Ltd","Public Limited","Private (Indian)","Delhi","New Delhi","Paper, Packaging & Printing","Tin/Metal Packaging","Listed-BSE"
"C02944","Ludlow Jute & Specialities Ltd","Public Limited","Private (Indian)","West Bengal","Kolkata","Paper, Packaging & Printing","Jute Packaging","Listed-BSE"
"C02947","Manipal Technologies Ltd","Public Limited","Private (Indian)","Karnataka","Manipal","Paper, Packaging & Printing","Printing/Security Printing","Listed-BSE"
"C02948","International Print-O-Pac Ltd","Public Limited","Private (Indian)","Delhi","New Delhi","Paper, Packaging & Printing","Flexible Packaging Printing","Listed-BSE"
"C02952","C&S Electric Ltd","Public Limited","Private (Indian)","Delhi","New Delhi","Capital Goods & Engineering","Switchgear","Listed-BSE"
"C02957","DFM Foods Ltd","Public Limited","Private (Indian)","Delhi","New Delhi","Food Processing & Beverages","Snacks","Listed-BSE"
"C02959","Kwality Ltd","Public Limited","Private (Indian)","Haryana","Faridabad","Food Processing & Beverages","Dairy","Listed-BSE"
"C02960","Suguna Foods Pvt Ltd","Private Limited","Private (Indian)","Tamil Nadu","Coimbatore","Food Processing & Beverages","Poultry","Unlisted"
"C02961","Tata Coffee Ltd","Public Limited","Private (Indian)","Karnataka","Bengaluru","Food Processing & Beverages","Coffee","Listed-BSE"
"C02969","Dharampal Satyapal Ltd","Private Limited","Private (Indian)","Delhi","New Delhi","Food Processing & Beverages","Food/Confectionery/Tobacco","Unlisted"
"C02970","Surya Food & Agro Ltd","Public Limited","Private (Indian)","Delhi","New Delhi","Food Processing & Beverages","Biscuits/Namkeen","Listed-BSE"
"C02971","Anmol Industries Ltd","Private Limited","Private (Indian)","West Bengal","Kolkata","Food Processing & Beverages","Biscuits","Unlisted"
"C02973","Capital Foods Ltd","Public Limited","Private (Indian)","Maharashtra","Mumbai","Food Processing & Beverages","Sauces/Condiments","Listed-BSE"
"C02979","Simpolo Vitrified Pvt Ltd","Private Limited","Private (Indian)","Gujarat","Morbi","Cement & Building Materials","Vitrified Tiles","Unlisted"
"C02982","Farida Prime Tannery Pvt Ltd","Private Limited","Private (Indian)","Tamil Nadu","Ambur","Leather & Footwear","Leather Tanning/Footwear","Unlisted"
"C02983","Aero Club","Private Limited","Private (Indian)","Delhi","New Delhi","Leather & Footwear","Footwear/Leather Goods","Unlisted"
"C02985","Featherlite Products Pvt Ltd","Private Limited","Private (Indian)","Karnataka","Bengaluru","Consumer Durables & Appliances","Office Furniture","Unlisted"
"C02986","Spacewood Furnishers Pvt Ltd","Private Limited","Private (Indian)","Maharashtra","Nagpur","Consumer Durables & Appliances","Modular Furniture","Unlisted"
"C02987","Durian Industries Ltd","Public Limited","Private (Indian)","Maharashtra","Mumbai","Consumer Durables & Appliances","Furniture","Listed-BSE"
"C02988","Style Spa Furniture Ltd","Public Limited","Private (Indian)","Delhi","New Delhi","Consumer Durables & Appliances","Furniture","Listed-BSE"
"C02989","Godrej & Boyce Mfg Co Ltd","Private Limited","Private (Indian)","Maharashtra","Mumbai","Consumer Durables & Appliances","Diversified Manufacturing/Furniture","Unlisted"
"C02990","Hindustan Hardy Spicer Ltd","Public Limited","Private (Indian)","Uttar Pradesh","Ghaziabad","Automobile","Auto Components","Listed-BSE"
"C02992","Jyoti Ltd","Private Limited","Private (Indian)","Gujarat","Vadodara","Capital Goods & Engineering","Electric Motors/Pumps","Unlisted"
"C02993","Surya Roshni Steel Pipes Division","Public Limited","Private (Indian)","Delhi","New Delhi","Metals & Steel","Steel Pipes","Listed-BSE"
"C02995","Hero Cycles Ltd","Public Limited","Private (Indian)","Punjab","Ludhiana","Automobile","Bicycles","Listed-BSE"
"C02996","Avon Cycles Ltd","Public Limited","Private (Indian)","Punjab","Ludhiana","Automobile","Bicycles","Listed-BSE"
"C02998","Kaff Appliances (India) Pvt Ltd","Private Limited","Private (Indian)","Uttar Pradesh","Noida","Consumer Durables & Appliances","Kitchen Appliances","Unlisted"
"C02999","Jaquar and Company Pvt Ltd","Private Limited","Private (Indian)","Rajasthan","Bhiwadi","Cement & Building Materials","Bathware/Fittings","Unlisted"
"C03000","Razorpay","Private Limited","Private (Indian)","Pan-India","Bengaluru","Financial Services / Fintech","Payments","Unlisted"
"C03001","CRED","Private Limited","Private (Indian)","Pan-India","Bengaluru","Financial Services / Fintech","Credit/rewards","Unlisted"
"C03002","Zerodha","Private Limited","Private (Indian)","Pan-India","Bengaluru","Financial Services / Fintech","Stock broking","Unlisted"
"C03003","Upstox","Private Limited","Private (Indian)","Pan-India","Mumbai","Financial Services / Fintech","Stock broking","Unlisted"
"C03004","Juspay","Private Limited","Private (Indian)","Pan-India","Bengaluru","Financial Services / Fintech","Payments infrastructure","Unlisted"
"C03005","Slice","Private Limited","Private (Indian)","Pan-India","Bengaluru","Financial Services / Fintech","Neobank","Unlisted"
"C03006","Jupiter Money","Private Limited","Private (Indian)","Pan-India","Bengaluru","Financial Services / Fintech","Neobank","Unlisted"
"C03007","Navi Technologies","Private Limited","Private (Indian)","Pan-India","Bengaluru","Financial Services / Fintech","Lending/insurance","Unlisted"
"C03008","BharatPe","Private Limited","Private (Indian)","Pan-India","New Delhi","Financial Services / Fintech","Merchant payments/lending","Unlisted"
"C03009","PayU India","Private Limited","Private (Indian)","Pan-India","Gurugram","Financial Services / Fintech","Payments","Unlisted"
"C03010","Perfios","Private Limited","Private (Indian)","Pan-India","Bengaluru","Financial Services / Fintech","Fintech SaaS","Unlisted"
"C03011","OfBusiness","Private Limited","Private (Indian)","Pan-India","Gurugram","Financial Services / Fintech","B2B commerce/lending","Unlisted"
"C03012","Zeta","Private Limited","Private (Indian)","Pan-India","Bengaluru","Financial Services / Fintech","Banking tech","Unlisted"
"C03013","Open Financial Technologies","Private Limited","Private (Indian)","Pan-India","Bengaluru","Financial Services / Fintech","Neobanking","Unlisted"
"C03014","InCred Holdings","Private Limited","Private (Indian)","Pan-India","Mumbai","Financial Services / Fintech","NBFC","Unlisted"
"C03015","Lendingkart Technologies","Private Limited","Private (Indian)","Pan-India","Ahmedabad","Financial Services / Fintech","MSME lending","Unlisted"
"C03016","Finnov Private Limited (KreditBee)","Private Limited","Private (Indian)","Pan-India","Bengaluru","Financial Services / Fintech","Consumer lending","Unlisted"
"C03017","MoneyTap","Private Limited","Private (Indian)","Pan-India","Bengaluru","Financial Services / Fintech","Credit line","Unlisted"
"C03018","Turtlemint","Private Limited","Private (Indian)","Pan-India","Mumbai","Financial Services / Fintech","Insurtech","Unlisted"
"C03019","InsuranceDekho (Girnar Insurance Brokers)","Private Limited","Private (Indian)","Pan-India","Gurugram","Financial Services / Fintech","Insurtech","Unlisted"
"C03020","Fibe (EarlySalary Services)","Private Limited","Private (Indian)","Pan-India","Pune","Financial Services / Fintech","Consumer lending","Unlisted"
"C03021","Uni Cards","Private Limited","Private (Indian)","Pan-India","Bengaluru","Financial Services / Fintech","Credit cards/BNPL","Unlisted"
"C03022","Fi Money (Epifi Technologies)","Private Limited","Private (Indian)","Pan-India","Bengaluru","Financial Services / Fintech","Neobank","Unlisted"
"C03023","Kissht (OnEMI Technology Solutions)","Private Limited","Private (Indian)","Pan-India","Mumbai","Financial Services / Fintech","Consumer lending","Unlisted"
"C03024","Dhan (Raise Securities)","Private Limited","Private (Indian)","Pan-India","Mumbai","Financial Services / Fintech","Broking","Unlisted"
"C03025","Jar App","Private Limited","Private (Indian)","Pan-India","Bengaluru","Financial Services / Fintech","Digital gold savings","Unlisted"
"C03026","Easebuzz","Private Limited","Private (Indian)","Pan-India","Pune","Financial Services / Fintech","Payments","Unlisted"
"C03027","PayNearby (Nearby Technologies)","Private Limited","Private (Indian)","Pan-India","Mumbai","Financial Services / Fintech","Assisted fintech","Unlisted"
"C03028","Rupeek Fintech","Private Limited","Private (Indian)","Pan-India","Bengaluru","Financial Services / Fintech","Gold loans","Unlisted"
"C03029","Niyo Solutions","Private Limited","Private (Indian)","Pan-India","Bengaluru","Financial Services / Fintech","Neobank","Unlisted"
"C03030","Yubi (CredAvenue)","Private Limited","Private (Indian)","Pan-India","Bengaluru","Financial Services / Fintech","Debt marketplace","Unlisted"
"C03031","Snapmint","Private Limited","Private (Indian)","Pan-India","Gurugram","Financial Services / Fintech","BNPL","Unlisted"
"C03032","StashFin","Private Limited","Private (Indian)","Pan-India","Gurugram","Financial Services / Fintech","Consumer lending","Unlisted"
"C03033","Mintifi","Private Limited","Private (Indian)","Pan-India","Mumbai","Financial Services / Fintech","Supply chain finance","Unlisted"
"C03034","Vayana Network","Private Limited","Private (Indian)","Pan-India","Mumbai","Financial Services / Fintech","Trade finance","Unlisted"
"C03035","Flipkart Internet Private Limited","Private Limited","MNC Subsidiary","Pan-India","Bengaluru","E-commerce / Retail","Marketplace","Unlisted"
"C03036","Myntra Designs","Private Limited","MNC Subsidiary","Pan-India","Bengaluru","E-commerce / Retail","Fashion e-commerce","Unlisted"
"C03037","Cleartrip","Private Limited","MNC Subsidiary","Pan-India","Bengaluru","E-commerce / Retail","Online travel","Unlisted"
"C03038","Zepto (KiranaKart Technologies)","Private Limited","Private (Indian)","Pan-India","Mumbai","E-commerce / Retail","Quick commerce","Unlisted"
"C03039","Supermarket Grocery Supplies (BigBasket)","Private Limited","Private (Indian)","Pan-India","Bengaluru","E-commerce / Retail","Online grocery","Unlisted"
"C03040","Udaan","Private Limited","Private (Indian)","Pan-India","Bengaluru","E-commerce / Retail","B2B commerce","Unlisted"
"C03041","Snapdeal (AceVector)","Private Limited","Private (Indian)","Pan-India","New Delhi","E-commerce / Retail","Marketplace","Unlisted"
"C03042","Licious (Delightful Gourmet)","Private Limited","Private (Indian)","Pan-India","Bengaluru","E-commerce / Retail","Meat D2C","Unlisted"
"C03043","FreshToHome Foods","Private Limited","Private (Indian)","Pan-India","Bengaluru","E-commerce / Retail","Fish/meat D2C","Unlisted"
"C03044","Purplle","Private Limited","Private (Indian)","Pan-India","Mumbai","E-commerce / Retail","Beauty","Unlisted"
"C03045","Pepperfry","Private Limited","Private (Indian)","Pan-India","Mumbai","E-commerce / Retail","Furniture","Unlisted"
"C03046","Urban Ladder Home Decor Solutions","Private Limited","Private (Indian)","Pan-India","Bengaluru","E-commerce / Retail","Furniture","Unlisted"
"C03047","Bewakoof (Ecom Ventures)","Private Limited","Private (Indian)","Pan-India","Mumbai","E-commerce / Retail","Fashion D2C","Unlisted"
"C03048","The Sleep Company","Private Limited","Private (Indian)","Pan-India","Gurugram","E-commerce / Retail","Mattress D2C","Unlisted"
"C03049","Mokobara","Private Limited","Private (Indian)","Pan-India","Gurugram","E-commerce / Retail","Luggage D2C","Unlisted"
"C03050","GIVA","Private Limited","Private (Indian)","Pan-India","Bengaluru","E-commerce / Retail","Jewellery D2C","Unlisted"
"C03051","Cars24 Services","Private Limited","Private (Indian)","Pan-India","Gurugram","E-commerce / Retail","Used cars","Unlisted"
"C03052","Spinny","Private Limited","Private (Indian)","Pan-India","Gurugram","E-commerce / Retail","Used cars","Unlisted"
"C03053","CarDekho (Girnar Software)","Private Limited","Private (Indian)","Pan-India","Jaipur","E-commerce / Retail","Auto classifieds","Unlisted"
"C03054","Droom Technology","Private Limited","Private (Indian)","Pan-India","Gurugram","E-commerce / Retail","Auto marketplace","Unlisted"
"C03055","Quikr India","Private Limited","Private (Indian)","Pan-India","Bengaluru","E-commerce / Retail","Classifieds","Unlisted"
"C03056","NoBroker Technologies","Private Limited","Private (Indian)","Pan-India","Bengaluru","E-commerce / Retail","Real estate tech","Unlisted"
"C03057","Square Yards (Square Yards Consulting)","Private Limited","Private (Indian)","Pan-India","Gurugram","E-commerce / Retail","Real estate tech","Unlisted"
"C03058","Zolo Stays","Private Limited","Private (Indian)","Pan-India","Bengaluru","E-commerce / Retail","Co-living","Unlisted"
"C03059","Tata Digital","Private Limited","Private (Indian)","Pan-India","Mumbai","E-commerce / Retail","Super-app/e-commerce","Unlisted"
"C03060","Tata Unistore (Croma)","Private Limited","Private (Indian)","Pan-India","Mumbai","E-commerce / Retail","Electronics retail","Unlisted"
"C03061","Zetwerk Manufacturing Businesses","Private Limited","Private (Indian)","Pan-India","Bengaluru","Manufacturing","B2B manufacturing marketplace","Unlisted"
"C03062","Ninjacart (Thirdwatch)","Private Limited","Private (Indian)","Pan-India","Bengaluru","Agriculture / Food","Agri supply chain","Unlisted"
"C03063","DeHaat (Green Agrevolution)","Private Limited","Private (Indian)","Pan-India","Patna","Agriculture / Food","Agri input/output","Unlisted"
"C03064","Agrim Wholesale","Private Limited","Private (Indian)","Pan-India","Gurugram","Agriculture / Food","Agri inputs B2B","Unlisted"
"C03065","Arya.ag (Arya Collateral)","Private Limited","Private (Indian)","Pan-India","Gurugram","Agriculture / Food","Agri fintech","Unlisted"
"C03066","Gramophone (Gramophone Agri)","Private Limited","Private (Indian)","Pan-India","Indore","Agriculture / Food","Agri inputs","Unlisted"
"C03067","Waycool Foods","Private Limited","Private (Indian)","Pan-India","Chennai","Agriculture / Food","Fresh supply chain","Unlisted"
"C03068","Country Delight (Country Delight Agritech)","Private Limited","Private (Indian)","Pan-India","Gurugram","Agriculture / Food","Dairy subscription","Unlisted"
"C03069","Sahyadri Farms Post Harvest Care","Private Limited","Private (Indian)","Pan-India","Nashik","Agriculture / Food","Farmer produce company","Unlisted"
"C03070","Bighaat (Bighaat Agri)","Private Limited","Private (Indian)","Pan-India","Bengaluru","Agriculture / Food","Agri inputs","Unlisted"
"C03071","BYJU'S (Think & Learn Private Limited)","Private Limited","Private (Indian)","Pan-India","Bengaluru","Education / Edtech","K-12 edtech","Unlisted"
"C03072","Eruditus Executive Education","Private Limited","Private (Indian)","Pan-India","Mumbai","Education / Edtech","Executive ed","Unlisted"
"C03073","Unacademy (Sorting Hat Technologies)","Private Limited","Private (Indian)","Pan-India","Bengaluru","Education / Edtech","Test prep","Unlisted"
"C03074","Scaler (InterviewBit)","Private Limited","Private (Indian)","Pan-India","Bengaluru","Education / Edtech","Upskilling","Unlisted"
"C03075","Leverage Edu","Private Limited","Private (Indian)","Pan-India","New Delhi","Education / Edtech","Study abroad","Unlisted"
"C03076","Teachmint","Private Limited","Private (Indian)","Pan-India","Bengaluru","Education / Edtech","School SaaS","Unlisted"
"C03077","Cuemath","Private Limited","Private (Indian)","Pan-India","Bengaluru","Education / Edtech","Maths tutoring","Unlisted"
"C03078","Coding Ninjas","Private Limited","Private (Indian)","Pan-India","Gurugram","Education / Edtech","Coding","Unlisted"
"C03079","Great Learning (Great Lakes)","Private Limited","Private (Indian)","Pan-India","Gurugram","Education / Edtech","Upskilling","Unlisted"
"C03080","Zoho Corporation","Private Limited","Private (Indian)","Pan-India","Chennai","IT / Software","Enterprise SaaS","Unlisted"
"C03081","Darwinbox Digital Solutions","Private Limited","Private (Indian)","Pan-India","Hyderabad","IT / Software","HR SaaS","Unlisted"
"C03083","Sarvam AI","Private Limited","Private (Indian)","Pan-India","Bengaluru","IT / Software","Generative AI","Unlisted"
"C03084","Krutrim (Ola Krutrim SI Designs)","Private Limited","Private (Indian)","Pan-India","Bengaluru","IT / Software","Generative AI","Unlisted"
"C03085","Tessolve Semiconductor","Private Limited","Private (Indian)","Pan-India","Bengaluru","IT / Software","Semiconductor engineering","Unlisted"
"C03086","Mindgrove Technologies","Private Limited","Private (Indian)","Pan-India","Chennai","IT / Software","Semiconductors","Unlisted"
"C03087","InMobi Technology Services","Private Limited","Private (Indian)","Pan-India","Bengaluru","IT / Software","Adtech","Unlisted"
"C03088","Rapido (Roppen Transportation)","Private Limited","Private (Indian)","Pan-India","Bengaluru","Mobility / Transport","Ride hailing","Unlisted"
"C03089","ANI Technologies (Ola)","Private Limited","Private (Indian)","Pan-India","Bengaluru","Mobility / Transport","Ride hailing","Unlisted"
"C03090","BluSmart Mobility","Private Limited","Private (Indian)","Pan-India","Gurugram","Mobility / Transport","EV ride hailing","Unlisted"
"C03091","Yulu Bikes","Private Limited","Private (Indian)","Pan-India","Bengaluru","Mobility / Transport","Micromobility","Unlisted"
"C03092","Bounce (Wheelocity)","Private Limited","Private (Indian)","Pan-India","Bengaluru","Mobility / Transport","Micromobility","Unlisted"
"C03093","Vogo Automotive","Private Limited","Private (Indian)","Pan-India","Bengaluru","Mobility / Transport","Rentals","Unlisted"
"C03094","Porter (SMV Jaipur Transportation)","Private Limited","Private (Indian)","Pan-India","Bengaluru","Logistics","Intra-city logistics","Unlisted"
"C03096","Rivigo Services","Private Limited","Private (Indian)","Pan-India","Gurugram","Logistics","Logistics","Unlisted"
"C03098","Xpressbees (Busybees Logistics)","Private Limited","Private (Indian)","Pan-India","Pune","Logistics","Courier","Unlisted"
"C03099","Euler Motors","Private Limited","Private (Indian)","Pan-India","New Delhi","Automotive / EV","Electric CV","Unlisted"
"C03100","Simple Energy","Private Limited","Private (Indian)","Pan-India","Bengaluru","Automotive / EV","E-scooters","Unlisted"
"C03101","Ultraviolette Automotive","Private Limited","Private (Indian)","Pan-India","Bengaluru","Automotive / EV","E-motorcycles","Unlisted"
"C03102","Log9 Materials","Private Limited","Private (Indian)","Pan-India","Bengaluru","Automotive / EV","Battery","Unlisted"
"C03103","River (Rivot Motors)","Private Limited","Private (Indian)","Pan-India","Bengaluru","Automotive / EV","E-scooters","Unlisted"
"C03104","Exponent Energy","Private Limited","Private (Indian)","Pan-India","Bengaluru","Automotive / EV","Fast charging","Unlisted"
"C03105","Okinawa Autotech","Private Limited","Private (Indian)","Pan-India","Gurugram","Automotive / EV","E-scooters","Unlisted"
"C03106","Greaves Electric Mobility","Private Limited","Private (Indian)","Pan-India","Ranipet","Automotive / EV","E-2W/3W","Unlisted"
"C03107","Lohum Cleantech","Private Limited","Private (Indian)","Pan-India","Greater Noida","Energy / Cleantech","Battery recycling","Unlisted"
"C03108","Oyo (Oravel Stays / PRISM)","Private Limited","Private (Indian)","Pan-India","Gurugram","Travel / Hospitality","Hotels","Unlisted"
"C03109","Treebo Hospitality Ventures","Private Limited","Private (Indian)","Pan-India","Bengaluru","Travel / Hospitality","Budget hotels","Unlisted"
"C03110","Zostel Hospitality","Private Limited","Private (Indian)","Pan-India","Indore","Travel / Hospitality","Hostels","Unlisted"
"C03111","Fabhotels (Casa2 Stays)","Private Limited","Private (Indian)","Pan-India","New Delhi","Travel / Hospitality","Hotels","Unlisted"
"C03112","PharmEasy (API Holdings)","Private Limited","Private (Indian)","Pan-India","Mumbai","Healthcare","E-pharmacy","Unlisted"
"C03113","Practo Technologies","Private Limited","Private (Indian)","Pan-India","Bengaluru","Healthcare","Digital health","Unlisted"
"C03114","Innovaccer India","Private Limited","Private (Indian)","Pan-India","Noida","Healthcare","Health data","Unlisted"
"C03115","HealthifyMe","Private Limited","Private (Indian)","Pan-India","Bengaluru","Healthcare","Wellness app","Unlisted"
"C03116","Pristyn Care","Private Limited","Private (Indian)","Pan-India","Gurugram","Healthcare","Surgery care","Unlisted"
"C03117","Truemeds","Private Limited","Private (Indian)","Pan-India","Mumbai","Healthcare","E-pharmacy","Unlisted"
"C03118","Even Healthcare","Private Limited","Private (Indian)","Pan-India","Bengaluru","Healthcare","Health insurance/care","Unlisted"
"C03119","Redcliffe Labs","Private Limited","Private (Indian)","Pan-India","Noida","Healthcare","Diagnostics","Unlisted"
"C03120","Healthians (Expedition Wellness)","Private Limited","Private (Indian)","Pan-India","Gurugram","Healthcare","Diagnostics","Unlisted"
"C03121","Qure.ai","Private Limited","Private (Indian)","Pan-India","Mumbai","Healthcare","AI radiology","Unlisted"
"C03122","Cloudphysician Healthcare","Private Limited","Private (Indian)","Pan-India","Bengaluru","Healthcare","Tele-ICU","Unlisted"
"C03123","Dozee (Turtle Shell Technologies)","Private Limited","Private (Indian)","Pan-India","Bengaluru","Healthcare","Remote monitoring","Unlisted"
"C03124","Curefit Healthcare (Cult.fit)","Private Limited","Private (Indian)","Pan-India","Bengaluru","Healthcare","Fitness/wellness","Unlisted"
"C03125","Tata 1mg Technologies","Private Limited","Private (Indian)","Pan-India","Gurugram","Healthcare","E-pharmacy","Unlisted"
"C03126","Dream Sports (Dream11)","Private Limited","Private (Indian)","Pan-India","Mumbai","Gaming / Media","Fantasy sports","Unlisted"
"C03127","Galactus Funware (MPL)","Private Limited","Private (Indian)","Pan-India","Bengaluru","Gaming / Media","Real-money gaming","Unlisted"
"C03128","Games24x7","Private Limited","Private (Indian)","Pan-India","Mumbai","Gaming / Media","Real-money gaming","Unlisted"
"C03129","Head Digital Works (A23)","Private Limited","Private (Indian)","Pan-India","Bengaluru","Gaming / Media","Card games","Unlisted"
"C03130","Zupee Studio","Private Limited","Private (Indian)","Pan-India","Gurugram","Gaming / Media","Skill gaming","Unlisted"
"C03131","Pocket FM","Private Limited","Private (Indian)","Pan-India","Bengaluru","Gaming / Media","Audio streaming","Unlisted"
"C03132","Kuku FM","Private Limited","Private (Indian)","Pan-India","Mumbai","Gaming / Media","Audio","Unlisted"
"C03133","ShareChat (Mohalla Tech)","Private Limited","Private (Indian)","Pan-India","Bengaluru","Gaming / Media","Social media","Unlisted"
"C03134","Glance","Private Limited","Private (Indian)","Pan-India","Bengaluru","Gaming / Media","Lockscreen media","Unlisted"
"C03135","Dailyhunt (VerSe Innovation)","Private Limited","Private (Indian)","Pan-India","Bengaluru","Gaming / Media","Content platform","Unlisted"
"C03136","Loco (Ink Research)","Private Limited","Private (Indian)","Pan-India","Bengaluru","Gaming / Media","Game streaming","Unlisted"
"C03137","Raphe mPhibr","Private Limited","Private (Indian)","Pan-India","Gurugram","Aerospace & Defence","Defence drones","Unlisted"
"C03138","Digantara Industries","Private Limited","Private (Indian)","Pan-India","Bengaluru","Aerospace & Defence","Space situational awareness","Unlisted"
"C03139","Tonbo Imaging","Private Limited","Private (Indian)","Pan-India","Bengaluru","Aerospace & Defence","Electro-optics","Unlisted"
"C03140","Big Bang Boom Solutions","Private Limited","Private (Indian)","Pan-India","Bengaluru","Aerospace & Defence","Anti-drone/AI defence","Unlisted"
"C03141","Skyroot Aerospace","Private Limited","Private (Indian)","Pan-India","Hyderabad","Aerospace & Defence","Launch vehicles","Unlisted"
"C03142","Agnikul Cosmos","Private Limited","Private (Indian)","Pan-India","Chennai","Aerospace & Defence","Launch vehicles","Unlisted"
"C03143","Pixxel Space Technologies","Private Limited","Private (Indian)","Pan-India","Bengaluru","Aerospace & Defence","Hyperspectral satellites","Unlisted"
"C03144","Dhruva Space","Private Limited","Private (Indian)","Pan-India","Hyderabad","Aerospace & Defence","Satellite systems","Unlisted"
"C03145","Bellatrix Aerospace","Private Limited","Private (Indian)","Pan-India","Bengaluru","Aerospace & Defence","Space propulsion","Unlisted"
"C03146","Garuda Aerospace","Private Limited","Private (Indian)","Pan-India","Chennai","Aerospace & Defence","Drones","Unlisted"
"C03147","Throttle Aerospace Systems","Private Limited","Private (Indian)","Pan-India","Bengaluru","Aerospace & Defence","Drones","Unlisted"
"C03148","NewSpace Research and Technologies","Private Limited","Private (Indian)","Pan-India","Bengaluru","Aerospace & Defence","Drones","Unlisted"
"C03149","Sagar Defence Engineering","Private Limited","Private (Indian)","Pan-India","Pune","Aerospace & Defence","Unmanned maritime systems","Unlisted"
"C03150","General Aeronautics","Private Limited","Private (Indian)","Pan-India","Bengaluru","Aerospace & Defence","Agri/defence drones","Unlisted"
"C03152","Alpha Design Technologies","Private Limited","Private (Indian)","Pan-India","Bengaluru","Aerospace & Defence","Defence electronics","Unlisted"
"C03153","Sarla Aviation","Private Limited","Private (Indian)","Pan-India","Bengaluru","Aerospace & Defence","eVTOL","Unlisted"
"C03154","The ePlane Company","Private Limited","Private (Indian)","Pan-India","Chennai","Aerospace & Defence","eVTOL","Unlisted"
"C03155","Imagine Marketing (boAt)","Private Limited","Private (Indian)","Pan-India","New Delhi","Consumer Goods / D2C","Audio wearables","Unlisted"
"C03156","Wow! Momo Foods","Private Limited","Private (Indian)","Pan-India","Kolkata","Consumer Goods / D2C","QSR","Unlisted"
"C03157","Rebel Foods","Private Limited","Private (Indian)","Pan-India","Mumbai","Consumer Goods / D2C","Cloud kitchens","Unlisted"
"C03158","Curefoods India","Private Limited","Private (Indian)","Pan-India","Bengaluru","Consumer Goods / D2C","Cloud kitchens","Unlisted"
"C03159","Sleepy Owl Coffee","Private Limited","Private (Indian)","Pan-India","Mumbai","Consumer Goods / D2C","Coffee D2C","Unlisted"
"C03160","Bombay Shaving Company","Private Limited","Private (Indian)","Pan-India","Mumbai","Consumer Goods / D2C","Grooming D2C","Unlisted"
"C03161","The Whole Truth Foods","Private Limited","Private (Indian)","Pan-India","Mumbai","Consumer Goods / D2C","Food D2C","Unlisted"
"C03162","Third Wave Coffee Roasters","Private Limited","Private (Indian)","Pan-India","Bengaluru","Consumer Goods / D2C","Cafes","Unlisted"
"C03163","Blue Tokai Coffee Roasters","Private Limited","Private (Indian)","Pan-India","New Delhi","Consumer Goods / D2C","Cafes","Unlisted"
"C03164","Bira 91 (B9 Beverages)","Private Limited","Private (Indian)","Pan-India","New Delhi","Consumer Goods / D2C","Beer","Unlisted"
"C03165","Paper Boat (Hector Beverages)","Private Limited","Private (Indian)","Pan-India","Gurugram","Consumer Goods / D2C","Beverages","Unlisted"
"C03166","Epigamia (Drums Food International)","Private Limited","Private (Indian)","Pan-India","Mumbai","Consumer Goods / D2C","Yogurt","Unlisted"
"C03167","Sugar Cosmetics (Vellvette Lifestyle)","Private Limited","Private (Indian)","Pan-India","Mumbai","Consumer Goods / D2C","Beauty D2C","Unlisted"
"C03168","Haldiram's Snacks Food","Private Limited","Private (Indian)","Pan-India","Nagpur","Consumer Goods / D2C","Snacks","Unlisted"
"C03169","Bikanervala Foods","Private Limited","Private (Indian)","Pan-India","New Delhi","Consumer Goods / D2C","Snacks","Unlisted"
"C03170","Parle Products","Private Limited","Private (Indian)","Pan-India","Mumbai","Consumer Goods / D2C","Biscuits/FMCG","Unlisted"
"C03171","Balaji Wafers","Private Limited","Private (Indian)","Pan-India","Rajkot","Consumer Goods / D2C","Snacks","Unlisted"
"C03172","Bisleri International","Private Limited","Private (Indian)","Pan-India","Mumbai","Consumer Goods / D2C","Packaged water","Unlisted"
"C03173","CavinKare","Private Limited","Private (Indian)","Pan-India","Chennai","Consumer Goods / D2C","Personal care","Unlisted"
"C03174","Tata Sons","Private Limited","Private (Indian)","Pan-India","Mumbai","Conglomerate","Holding company","Unlisted"
"C03175","Tata Advanced Systems","Private Limited","Private (Indian)","Pan-India","Hyderabad","Aerospace & Defence","Aerospace/defence mfg","Unlisted"
"C03176","Tata Electronics","Private Limited","Private (Indian)","Pan-India","Bengaluru","Electronics / Semiconductors","Electronics mfg","Unlisted"
"C03177","Tata Projects","Private Limited","Private (Indian)","Pan-India","Hyderabad","Infrastructure / Construction","EPC","Unlisted"
"C03178","Tata Realty and Infrastructure","Private Limited","Private (Indian)","Pan-India","Gurugram","Real Estate","Developer","Unlisted"
"C03179","Tata Play","Private Limited","Private (Indian)","Pan-India","Mumbai","Media / Telecom","DTH","Unlisted"
"C03180","Tata International","Private Limited","Private (Indian)","Pan-India","Mumbai","Trading / Conglomerate","Trading","Unlisted"
"C03181","Tata Autocomp Systems","Private Limited","Private (Indian)","Pan-India","Pune","Automotive","Components","Unlisted"
"C03182","Tata Cleantech Capital","Private Limited","Private (Indian)","Pan-India","Mumbai","Financial Services / Fintech","Infra finance","Unlisted"
"C03183","Tata Medical and Diagnostics (Tata MD)","Private Limited","Private (Indian)","Pan-India","Mumbai","Healthcare","Diagnostics","Unlisted"
"C03184","Reliance Jio Platforms","Private Limited","Private (Indian)","Pan-India","Mumbai","Telecom / Digital","Telecom holding","Unlisted"
"C03185","Reliance Retail Ventures","Private Limited","Private (Indian)","Pan-India","Mumbai","E-commerce / Retail","Retail","Unlisted"
"C03186","Adani Airport Holdings","Private Limited","Private (Indian)","Pan-India","Ahmedabad","Aviation","Airports","Unlisted"
"C03187","Adani Defence & Aerospace","Private Limited","Private (Indian)","Pan-India","Ahmedabad","Aerospace & Defence","Defence","Unlisted"
"C03188","Adani New Industries","Private Limited","Private (Indian)","Pan-India","Ahmedabad","Energy / Cleantech","Green hydrogen/solar mfg","Unlisted"
"C03189","Godrej & Boyce Manufacturing Company","Private Limited","Private (Indian)","Pan-India","Mumbai","Conglomerate","Engineering/appliances","Unlisted"
"C03190","Hero Future Energies","Private Limited","Private (Indian)","Pan-India","New Delhi","Energy / Cleantech","Renewables","Unlisted"
"C03192","RMZ Corp","Private Limited","Private (Indian)","Pan-India","Bengaluru","Real Estate","Developer","Unlisted"
"C03193","K Raheja Corp","Private Limited","Private (Indian)","Pan-India","Mumbai","Real Estate","Developer","Unlisted"
"C03194","Embassy Group","Private Limited","Private (Indian)","Pan-India","Bengaluru","Real Estate","Developer","Unlisted"
"C03195","Hiranandani Communities","Private Limited","Private (Indian)","Pan-India","Mumbai","Real Estate","Developer","Unlisted"
"C03196","Shapoorji Pallonji and Company","Private Limited","Private (Indian)","Pan-India","Mumbai","Conglomerate","Construction/real estate","Unlisted"
"C03197","Shapoorji Pallonji Real Estate","Private Limited","Private (Indian)","Pan-India","Mumbai","Real Estate","Developer","Unlisted"
"C03198","Essar Capital","Private Limited","Private (Indian)","Pan-India","Mumbai","Conglomerate","Holding","Unlisted"
"C03199","Dalmia Bharat Group","Private Limited","Private (Indian)","Pan-India","New Delhi","Conglomerate","Holding","Unlisted"
"C03200","Murugappa Group (Murugappa Holdings)","Private Limited","Private (Indian)","Pan-India","Chennai","Conglomerate","Holding","Unlisted"
"C03201","JSW Paints","Private Limited","Private (Indian)","Pan-India","Mumbai","Consumer Goods / D2C","Paints","Unlisted"
"C03202","Mahindra Last Mile Mobility","Private Limited","Private (Indian)","Pan-India","Mumbai","Automotive / EV","Three-wheelers","Unlisted"
"C03203","Mahindra Susten","Private Limited","Private (Indian)","Pan-India","Mumbai","Energy / Cleantech","Renewables","Unlisted"
"C03204","Gujarat Cooperative Milk Marketing Federation (Amul)","Cooperative Society","Cooperative","Gujarat","Anand","Agriculture / Food","Dairy federation","Unlisted"
"C03205","Kaira District Cooperative Milk Producers' Union (Amul Dairy)","Cooperative Society","Cooperative","Gujarat","Anand","Agriculture / Food","Dairy union","Unlisted"
"C03206","Karnataka Cooperative Milk Producers' Federation (Nandini)","Cooperative Society","Cooperative","Karnataka","Bengaluru","Agriculture / Food","Dairy federation","Unlisted"
"C03207","Kerala Cooperative Milk Marketing Federation (Milma)","Cooperative Society","Cooperative","Kerala","Thiruvananthapuram","Agriculture / Food","Dairy federation","Unlisted"
"C03208","Tamil Nadu Cooperative Milk Producers' Federation (Aavin)","Cooperative Society","Cooperative","Tamil Nadu","Chennai","Agriculture / Food","Dairy federation","Unlisted"
"C03209","Punjab State Cooperative Milk Producers' Federation (Verka)","Cooperative Society","Cooperative","Punjab","Chandigarh","Agriculture / Food","Dairy federation","Unlisted"
"C03210","Rajasthan Cooperative Dairy Federation (Saras)","Cooperative Society","Cooperative","Rajasthan","Jaipur","Agriculture / Food","Dairy federation","Unlisted"
"C03211","Bihar State Milk Cooperative Federation (Sudha / COMFED)","Cooperative Society","Cooperative","Bihar","Patna","Agriculture / Food","Dairy federation","Unlisted"
"C03212","Kolhapur Zilla Sahakari Dudh Utpadak Sangh (Gokul)","Cooperative Society","Cooperative","Maharashtra","Kolhapur","Agriculture / Food","Dairy union","Unlisted"
"C03213","Indian Farmers Fertiliser Cooperative (IFFCO)","Cooperative Society","Cooperative","Pan-India","New Delhi","Fertilisers","Fertiliser cooperative","Unlisted"
"C03214","Krishak Bharati Cooperative (KRIBHCO)","Cooperative Society","Cooperative","Pan-India","New Delhi","Fertilisers","Fertiliser cooperative","Unlisted"
"C03215","National Agricultural Cooperative Marketing Federation of India (NAFED)","Cooperative Society","Cooperative","Pan-India","New Delhi","Agriculture / Food","Marketing federation","Unlisted"
"C03216","National Cooperative Consumers' Federation (NCCF)","Cooperative Society","Cooperative","Pan-India","New Delhi","E-commerce / Retail","Consumer federation","Unlisted"
"C03217","National Dairy Development Board","Statutory Corporation","Central PSU","Pan-India","Anand","Agriculture / Food","Dairy development","Unlisted"
"C03218","Mother Dairy Fruit & Vegetable","Private Limited","Central PSU","Pan-India","New Delhi","Agriculture / Food","Dairy (NDDB subsidiary)","Unlisted"
"C03219","Shri Mahila Griha Udyog Lijjat Papad","Trust/Society","Trust/Society","Pan-India","Mumbai","Consumer Goods / D2C","Women's cooperative-style enterprise","Unlisted"
"C03220","Mumbai Indians (Indiawin Sports)","Private Limited","Private (Indian)","Maharashtra","Mumbai","Sports","IPL/WPL franchise","Unlisted"
"C03221","Royal Challengers Bengaluru (Royal Challengers Sports)","Private Limited","Private (Indian)","Karnataka","Bengaluru","Sports","IPL/WPL franchise","Unlisted"
"C03222","Delhi Capitals (JSW GMR Cricket)","Private Limited","Private (Indian)","Delhi","New Delhi","Sports","IPL/WPL franchise","Unlisted"
"C03223","Rajasthan Royals (Royal Multisport)","Private Limited","Private (Indian)","Rajasthan","Jaipur","Sports","IPL franchise","Unlisted"
"C03224","Punjab Kings (KPH Dream Cricket)","Private Limited","Private (Indian)","Punjab","Mohali","Sports","IPL franchise","Unlisted"
"C03225","Gujarat Titans (Irelia Sports)","Private Limited","Private (Indian)","Gujarat","Ahmedabad","Sports","IPL franchise","Unlisted"
"C03226","Lucknow Super Giants (RPSG Sports)","Private Limited","Private (Indian)","Uttar Pradesh","Lucknow","Sports","IPL franchise","Unlisted"
"C03227","Kolkata Knight Riders (Knight Riders Sports)","Private Limited","Private (Indian)","West Bengal","Kolkata","Sports","IPL franchise","Unlisted"
"C03228","Sunrisers Hyderabad (Sun TV Network franchise)","Private Limited","Private (Indian)","Telangana","Hyderabad","Sports","IPL franchise (Sun TV group; legal entity to verify)","Unlisted"
"C03229","UP Warriorz","Private Limited","Private (Indian)","Uttar Pradesh","Lucknow","Sports","WPL franchise","Unlisted"
"C03230","Bengaluru FC","Private Limited","Private (Indian)","Karnataka","Bengaluru","Sports","ISL club","Unlisted"
"C03231","Chennaiyin FC","Private Limited","Private (Indian)","Tamil Nadu","Chennai","Sports","ISL club","Unlisted"
"C03232","SC Delhi","Private Limited","Private (Indian)","Delhi","New Delhi","Sports","ISL club","Unlisted"
"C03233","East Bengal FC (East Bengal Club Pvt Ltd)","Private Limited","Private (Indian)","West Bengal","Kolkata","Sports","ISL club","Unlisted"
"C03234","FC Goa","Private Limited","Private (Indian)","Goa","Margao","Sports","ISL club","Unlisted"
"C03235","Inter Kashi FC","Private Limited","Private (Indian)","Uttar Pradesh","Varanasi","Sports","ISL club","Unlisted"
"C03236","Jamshedpur FC","Private Limited","Private (Indian)","Jharkhand","Jamshedpur","Sports","ISL club","Unlisted"
"C03237","Kerala Blasters FC (Magnum Sports)","Private Limited","Private (Indian)","Kerala","Kochi","Sports","ISL club","Unlisted"
"C03238","Mohammedan SC","Private Limited","Private (Indian)","West Bengal","Kolkata","Sports","ISL club","Unlisted"
"C03239","Mohun Bagan Super Giant (Kolkata Games & Sports)","Private Limited","Private (Indian)","West Bengal","Kolkata","Sports","ISL club","Unlisted"
"C03240","Mumbai City FC","Private Limited","Private (Indian)","Maharashtra","Mumbai","Sports","ISL club","Unlisted"
"C03241","NorthEast United FC","Private Limited","Private (Indian)","Assam","Guwahati","Sports","ISL club","Unlisted"
"C03242","Odisha FC","Private Limited","Private (Indian)","Odisha","Bhubaneswar","Sports","ISL club","Unlisted"
"C03243","Punjab FC (RoundGlass Sports)","Private Limited","Private (Indian)","Punjab","Mohali","Sports","ISL club","Unlisted"
"C03244","Bengaluru Bulls","Private Limited","Private (Indian)","Karnataka","Bengaluru","Sports","Pro Kabaddi League franchise","Unlisted"
"C03245","Jaipur Pink Panthers","Private Limited","Private (Indian)","Rajasthan","Jaipur","Sports","Pro Kabaddi League franchise","Unlisted"
"C03246","U Mumba","Private Limited","Private (Indian)","Maharashtra","Mumbai","Sports","Pro Kabaddi League franchise","Unlisted"
"C03247","Patna Pirates","Private Limited","Private (Indian)","Bihar","Patna","Sports","Pro Kabaddi League franchise","Unlisted"
"C03248","Puneri Paltan","Private Limited","Private (Indian)","Maharashtra","Pune","Sports","Pro Kabaddi League franchise","Unlisted"
"C03249","Tamil Thalaivas","Private Limited","Private (Indian)","Tamil Nadu","Chennai","Sports","Pro Kabaddi League franchise","Unlisted"
"C03250","Telugu Titans","Private Limited","Private (Indian)","Telangana","Hyderabad","Sports","Pro Kabaddi League franchise","Unlisted"
"C03251","Bengal Warriorz","Private Limited","Private (Indian)","West Bengal","Kolkata","Sports","Pro Kabaddi League franchise","Unlisted"
"C03252","Dabang Delhi K.C.","Private Limited","Private (Indian)","Delhi","New Delhi","Sports","Pro Kabaddi League franchise","Unlisted"
"C03253","Haryana Steelers","Private Limited","Private (Indian)","Haryana","Panchkula","Sports","Pro Kabaddi League franchise","Unlisted"
"C03254","Gujarat Giants (Kabaddi)","Private Limited","Private (Indian)","Gujarat","Ahmedabad","Sports","Pro Kabaddi League franchise","Unlisted"
"C03255","UP Yoddhas","Private Limited","Private (Indian)","Uttar Pradesh","Noida","Sports","Pro Kabaddi League franchise","Unlisted"
"C03256","Board of Control for Cricket in India (BCCI)","Trust/Society","Trust/Society","Pan-India","Mumbai","Sports","National cricket board","Unlisted"
"C03257","Football Sports Development Limited (FSDL)","Private Limited","Private (Indian)","Pan-India","Mumbai","Sports","ISL organiser","Unlisted"
"C03258","Mashal Sports","Private Limited","Private (Indian)","Pan-India","Mumbai","Sports","Pro Kabaddi League organiser","Unlisted"
"C03259","All India Football Federation","Trust/Society","Trust/Society","Pan-India","New Delhi","Sports","National sports federation","Unlisted"
"C03260","Hockey India","Trust/Society","Trust/Society","Pan-India","New Delhi","Sports","National sports federation","Unlisted"
"C03261","Indian Olympic Association","Trust/Society","Trust/Society","Pan-India","New Delhi","Sports","National sports federation","Unlisted"
"C03262","Badminton Association of India","Trust/Society","Trust/Society","Pan-India","Lucknow","Sports","National sports federation","Unlisted"
"C03263","Reliance Foundation","Section 8 Company","Trust/Society","Pan-India","","Social Sector / NGO","Non-profit","Unlisted"
"C03264","Infosys Foundation","Section 8 Company","Trust/Society","Pan-India","","Social Sector / NGO","Non-profit","Unlisted"
"C03265","Azim Premji Foundation","Section 8 Company","Trust/Society","Pan-India","","Social Sector / NGO","Non-profit","Unlisted"
