"id","name","entity_type","ownership","state_region","hq","sector_raw","sub_sector_raw","listing"
"C04029","UP Export Corporation Limited","Government Company (PSU)","State PSU","Uttar Pradesh","Lucknow","Industrial Development","Export promotion","Unlisted"
"C04030","UP State Sugar Corporation Limited","Government Company (PSU)","State PSU","Uttar Pradesh","Lucknow","Agriculture & Food","Sugar","Unlisted"
"C04031","UP State Spinning Company Limited","Government Company (PSU)","State PSU","Uttar Pradesh","Kanpur","Textiles & Handloom","Spinning","Unlisted"
"C04032","UP State Bridge Corporation Limited","Government Company (PSU)","State PSU","Uttar Pradesh","Lucknow","Infrastructure","Bridges","Unlisted"
"C04033","UP Rajkiya Nirman Nigam Limited","Government Company (PSU)","State PSU","Uttar Pradesh","Lucknow","Infrastructure","Construction","Unlisted"
"C04034","UP Cooperative Federation (PCF)","Cooperative Society","Cooperative","Uttar Pradesh","Lucknow","Agriculture & Food","Coop federation","Unlisted"
"C04035","UP Cooperative Dairy Federation (Parag)","Cooperative Society","Cooperative","Uttar Pradesh","Lucknow","Agriculture & Food","Dairy federation","Unlisted"
"C04036","UP Cooperative Bank Limited","Cooperative Society","Cooperative","Uttar Pradesh","Lucknow","Financial Services","Cooperative bank","Unlisted"
"C04037","UP Cooperative Sugar Factories Federation","Cooperative Society","Cooperative","Uttar Pradesh","Lucknow","Agriculture & Food","Sugar coop federation","Unlisted"
"C04038","UP Cooperative Spinning Mills Federation","Cooperative Society","Cooperative","Uttar Pradesh","Kanpur","Textiles & Handloom","Spinning","Unlisted"
"C04039","UP Cooperative Village Development Bank","Cooperative Society","Cooperative","Uttar Pradesh","Lucknow","Financial Services","Cooperative bank","Unlisted"
"C04040","UP Metro Rail Corporation Limited","Government Company (PSU)","Joint Venture","Uttar Pradesh","Lucknow","Transport","Metro rail","Unlisted"
"C04041","UP Expressways Industrial Development Authority (UPEIDA)","Statutory Corporation","State PSU","Uttar Pradesh","Lucknow","Infrastructure","Expressways","Unlisted"
"C04042","Noida Metro Rail Corporation Limited","Government Company (PSU)","Joint Venture","Uttar Pradesh","Noida","Transport","Metro rail","Unlisted"
"C04043","New Okhla Industrial Development Authority (NOIDA)","Statutory Corporation","State PSU","Uttar Pradesh","Noida","Infrastructure","Urban development","Unlisted"
"C04044","Greater Noida Industrial Development Authority","Statutory Corporation","State PSU","Uttar Pradesh","Greater Noida","Infrastructure","Urban development","Unlisted"
"C04045","Yamuna Expressway Industrial Development Authority","Statutory Corporation","State PSU","Uttar Pradesh","Greater Noida","Infrastructure","Urban development","Unlisted"
"C04046","Lucknow Development Authority","Statutory Corporation","State PSU","Uttar Pradesh","Lucknow","Infrastructure","Urban development","Unlisted"
"C04047","UP Avas Vikas Parishad","Statutory Corporation","State PSU","Uttar Pradesh","Lucknow","Infrastructure","Housing","Unlisted"
"C04048","UP Jal Nigam","Statutory Corporation","State PSU","Uttar Pradesh","Lucknow","Infrastructure","Water","Unlisted"
"C04049","UP Medical Supplies Corporation Limited","Government Company (PSU)","State PSU","Uttar Pradesh","Lucknow","Healthcare","Medical procurement","Unlisted"
"C04050","UP Police Awas Nigam","Government Company (PSU)","State PSU","Uttar Pradesh","Lucknow","Infrastructure","Housing","Unlisted"
"C04051","UP Electronics Corporation Limited (UPLC)","Government Company (PSU)","State PSU","Uttar Pradesh","Lucknow","Technology","Electronics","Unlisted"
"C04052","UP Small Industries Corporation Limited","Government Company (PSU)","State PSU","Uttar Pradesh","Kanpur","Industrial Development","MSME","Unlisted"
"C04053","UP Forest Corporation","Statutory Corporation","State PSU","Uttar Pradesh","Lucknow","Agriculture & Food","Forestry","Unlisted"
"C04054","UP Beej Vikas Nigam","Government Company (PSU)","State PSU","Uttar Pradesh","Lucknow","Agriculture & Food","Seeds","Unlisted"
"C04055","UP Agro Industrial Corporation Limited","Government Company (PSU)","State PSU","Uttar Pradesh","Lucknow","Agriculture & Food","Agro","Unlisted"
"C04056","UP Bhumi Sudhar Nigam","Government Company (PSU)","State PSU","Uttar Pradesh","Lucknow","Agriculture & Food","Land reclamation","Unlisted"
"C04057","UP Scheduled Castes Finance and Development Corporation","Government Company (PSU)","State PSU","Uttar Pradesh","Lucknow","Financial Services","Development finance","Unlisted"
"C04058","UP Minorities Finance and Development Corporation","Government Company (PSU)","State PSU","Uttar Pradesh","Lucknow","Financial Services","Development finance","Unlisted"
"C04059","UP Backward Classes Finance and Development Corporation","Government Company (PSU)","State PSU","Uttar Pradesh","Lucknow","Financial Services","Development finance","Unlisted"
"C04060","Jaypee Infratech Limited","Public Limited","Private (Indian)","Uttar Pradesh","Noida","Real Estate","Infrastructure / real estate","Delisted/Unknown"
"C04061","Gujarat State Road Transport Corporation","Statutory Corporation","State PSU","Gujarat","Ahmedabad","Transport","Bus transport","Unlisted"
"C04062","Gujarat Urja Vikas Nigam Limited","Government Company (PSU)","State PSU","Gujarat","Vadodara","Power","Bulk power purchase","Unlisted"
"C04063","Gujarat State Electricity Corporation Limited","Government Company (PSU)","State PSU","Gujarat","Vadodara","Power","Generation","Unlisted"
"C04064","Gujarat Energy Transmission Corporation Limited","Government Company (PSU)","State PSU","Gujarat","Vadodara","Power","Transmission","Unlisted"
"C04065","Uttar Gujarat Vij Company Limited","Government Company (PSU)","State PSU","Gujarat","Mehsana","Power","Distribution","Unlisted"
"C04066","Dakshin Gujarat Vij Company Limited","Government Company (PSU)","State PSU","Gujarat","Surat","Power","Distribution","Unlisted"
"C04067","Madhya Gujarat Vij Company Limited","Government Company (PSU)","State PSU","Gujarat","Vadodara","Power","Distribution","Unlisted"
"C04068","Paschim Gujarat Vij Company Limited","Government Company (PSU)","State PSU","Gujarat","Rajkot","Power","Distribution","Unlisted"
"C04069","Gujarat Industrial Development Corporation","Statutory Corporation","State PSU","Gujarat","Gandhinagar","Industrial Development","Industrial development","Unlisted"
"C04070","Gujarat State Financial Services Limited","Government Company (PSU)","State PSU","Gujarat","Gandhinagar","Financial Services","Financial services","Unlisted"
"C04071","Gujarat State Investments Limited","Government Company (PSU)","State PSU","Gujarat","Gandhinagar","Financial Services","Investments","Unlisted"
"C04072","Gujarat State Petroleum Corporation Limited","Government Company (PSU)","State PSU","Gujarat","Gandhinagar","Power","Oil & gas","Unlisted"
"C04073","Gujarat Maritime Board","Statutory Corporation","State PSU","Gujarat","Gandhinagar","Transport","Ports","Unlisted"
"C04074","Gujarat Tourism Corporation Limited","Government Company (PSU)","State PSU","Gujarat","Gandhinagar","Tourism & Hospitality","Tourism","Unlisted"
"C04075","Gujarat State Civil Supplies Corporation Limited","Government Company (PSU)","State PSU","Gujarat","Gandhinagar","Agriculture & Food","Civil supplies","Unlisted"
"C04076","Gujarat State Warehousing Corporation","Statutory Corporation","State PSU","Gujarat","Ahmedabad","Agriculture & Food","Warehousing","Unlisted"
"C04077","Gujarat State Handloom and Handicrafts Development Corporation (Gurjari)","Government Company (PSU)","State PSU","Gujarat","Gandhinagar","Textiles & Handloom","Handloom","Unlisted"
"C04078","Gujarat Small Industries Corporation Limited","Government Company (PSU)","State PSU","Gujarat","Ahmedabad","Industrial Development","MSME","Unlisted"
"C04079","Gujarat State Financial Corporation","Statutory Corporation","State PSU","Gujarat","Ahmedabad","Financial Services","State finance corporation","Unlisted"
"C04080","Gujarat Agro Industries Corporation Limited","Government Company (PSU)","State PSU","Gujarat","Gandhinagar","Agriculture & Food","Agro inputs","Unlisted"
"C04081","Gujarat State Land Development Corporation","Government Company (PSU)","State PSU","Gujarat","Gandhinagar","Agriculture & Food","Land development","Unlisted"
"C04082","Gujarat Metro Rail Corporation Limited","Government Company (PSU)","Joint Venture","Gujarat","Gandhinagar","Transport","Metro rail","Unlisted"
"C04083","Gujarat International Finance Tec-City Company Limited","Government Company (PSU)","Joint Venture","Gujarat","Gandhinagar","Financial Services","Financial city","Unlisted"
"C04084","Gujarat Water Supply and Sewerage Board","Statutory Corporation","State PSU","Gujarat","Gandhinagar","Infrastructure","Water","Unlisted"
"C04085","Gujarat Housing Board","Statutory Corporation","State PSU","Gujarat","Gandhinagar","Infrastructure","Housing","Unlisted"
"C04086","Gujarat Livelihood Promotion Company","Government Company (PSU)","State PSU","Gujarat","Gandhinagar","Infrastructure","Livelihood","Unlisted"
"C04087","Sardar Sarovar Narmada Nigam Limited","Government Company (PSU)","State PSU","Gujarat","Gandhinagar","Infrastructure","Irrigation & hydro","Unlisted"
"C04088","Gujarat State Cooperative Bank Limited","Cooperative Society","Cooperative","Gujarat","Ahmedabad","Financial Services","Cooperative bank","Unlisted"
"C04089","Gujarat State Co-operative Cotton Federation","Cooperative Society","Cooperative","Gujarat","Ahmedabad","Textiles & Handloom","Cotton coop federation","Unlisted"
"C04090","Gujarat State Cooperative Marketing Federation (GUJCOMASOL)","Cooperative Society","Cooperative","Gujarat","Gandhinagar","Agriculture & Food","Coop federation","Unlisted"
"C04091","Gujarat Sugar Cooperative Federation","Cooperative Society","Cooperative","Gujarat","Ahmedabad","Agriculture & Food","Sugar","Unlisted"
"C04093","Nirma Limited","Public Limited","Private (Indian)","Gujarat","Ahmedabad","Consumer","FMCG","Unlisted"
"C04095","Maharashtra State Road Transport Corporation","Statutory Corporation","State PSU","Maharashtra","Mumbai","Transport","Bus transport","Unlisted"
"C04096","Maharashtra State Electricity Distribution Company Limited","Government Company (PSU)","State PSU","Maharashtra","Mumbai","Power","Distribution","Unlisted"
"C04097","Maharashtra State Power Generation Company Limited","Government Company (PSU)","State PSU","Maharashtra","Mumbai","Power","Generation","Unlisted"
"C04098","Maharashtra State Electricity Transmission Company Limited","Government Company (PSU)","State PSU","Maharashtra","Mumbai","Power","Transmission","Unlisted"
"C04099","Maharashtra Industrial Development Corporation","Statutory Corporation","State PSU","Maharashtra","Mumbai","Industrial Development","Industrial development","Unlisted"
"C04100","City and Industrial Development Corporation of Maharashtra (CIDCO)","Government Company (PSU)","State PSU","Maharashtra","Navi Mumbai","Infrastructure","Urban development","Unlisted"
"C04101","State Industrial and Investment Corporation of Maharashtra (SICOM)","Government Company (PSU)","State PSU","Maharashtra","Mumbai","Financial Services","State finance corporation","Unlisted"
"C04102","Maharashtra State Financial Corporation","Statutory Corporation","State PSU","Maharashtra","Mumbai","Financial Services","State finance corporation","Unlisted"
"C04103","Maharashtra Tourism Development Corporation","Government Company (PSU)","State PSU","Maharashtra","Mumbai","Tourism & Hospitality","Tourism","Unlisted"
"C04104","Maharashtra State Warehousing Corporation","Statutory Corporation","State PSU","Maharashtra","Pune","Agriculture & Food","Warehousing","Unlisted"
"C04105","Maharashtra State Handloom Corporation","Government Company (PSU)","State PSU","Maharashtra","Nagpur","Textiles & Handloom","Handloom","Unlisted"
"C04106","Maharashtra State Cooperative Bank Limited","Cooperative Society","Cooperative","Maharashtra","Mumbai","Financial Services","Cooperative bank","Unlisted"
"C04107","Maharashtra State Cooperative Cotton Growers Marketing Federation","Cooperative Society","Cooperative","Maharashtra","Mumbai","Textiles & Handloom","Cotton","Unlisted"
"C04108","Maharashtra State Cooperative Marketing Federation","Cooperative Society","Cooperative","Maharashtra","Mumbai","Agriculture & Food","Coop federation","Unlisted"
"C04109","Maharashtra Rajya Sahakari Dudh Mahasangh (Mahanand)","Cooperative Society","Cooperative","Maharashtra","Mumbai","Agriculture & Food","Dairy federation","Unlisted"
"C04110","Maharashtra State Cooperative Sugar Factories Federation","Cooperative Society","Cooperative","Maharashtra","Mumbai","Agriculture & Food","Sugar","Unlisted"
"C04111","Maharashtra Metro Rail Corporation Limited (Maha-Metro)","Government Company (PSU)","Joint Venture","Maharashtra","Nagpur","Transport","Metro rail","Unlisted"
"C04112","Mumbai Metro Rail Corporation Limited","Government Company (PSU)","Joint Venture","Maharashtra","Mumbai","Transport","Metro rail","Unlisted"
"C04113","Mumbai Metropolitan Region Development Authority","Statutory Corporation","State PSU","Maharashtra","Mumbai","Infrastructure","Urban development","Unlisted"
"C04114","Maharashtra Airport Development Company Limited","Government Company (PSU)","State PSU","Maharashtra","Mumbai","Transport","Airports","Unlisted"
"C04115","Maharashtra State Road Development Corporation Limited","Government Company (PSU)","State PSU","Maharashtra","Mumbai","Infrastructure","Roads","Unlisted"
"C04116","Maharashtra Housing and Area Development Authority (MHADA)","Statutory Corporation","State PSU","Maharashtra","Mumbai","Infrastructure","Housing","Unlisted"
"C04117","Slum Rehabilitation Authority Maharashtra","Statutory Corporation","State PSU","Maharashtra","Mumbai","Infrastructure","Housing","Unlisted"
"C04118","Maharashtra Agro Industries Development Corporation","Government Company (PSU)","State PSU","Maharashtra","Mumbai","Agriculture & Food","Agro","Unlisted"
"C04119","Maharashtra State Seeds Corporation Limited (Mahabeej)","Government Company (PSU)","State PSU","Maharashtra","Akola","Agriculture & Food","Seeds","Unlisted"
"C04120","Maharashtra Small Scale Industries Development Corporation","Government Company (PSU)","State PSU","Maharashtra","Mumbai","Industrial Development","MSME","Unlisted"
"C04121","Maharashtra Krishi Udyog Vikas Mahamandal","Government Company (PSU)","State PSU","Maharashtra","Mumbai","Agriculture & Food","Agri-industry","Unlisted"
"C04122","Forest Development Corporation of Maharashtra","Government Company (PSU)","State PSU","Maharashtra","Nagpur","Agriculture & Food","Forestry","Unlisted"
"C04123","Maharashtra Electronics Corporation Limited (MELTRON)","Government Company (PSU)","State PSU","Maharashtra","Mumbai","Technology","Electronics","Unlisted"
"C04124","Maharashtra State Mining Corporation Limited","Government Company (PSU)","State PSU","Maharashtra","Nagpur","Mining","Mining","Unlisted"
"C04125","Maharashtra Police Housing and Welfare Corporation","Government Company (PSU)","State PSU","Maharashtra","Mumbai","Infrastructure","Housing","Unlisted"
"C04126","Maharashtra Medical Goods Procurement Authority","Other","State PSU","Maharashtra","Mumbai","Healthcare","Procurement","Unlisted"
"C04127","Maharashtra Maritime Board","Statutory Corporation","State PSU","Maharashtra","Mumbai","Transport","Ports","Unlisted"
"C04128","Brihanmumbai Electric Supply and Transport Undertaking (BEST)","Other","State PSU","Maharashtra","Mumbai","Power","Power & bus","Unlisted"
"C04129","Annasaheb Patil Arthik Magas Vikas Mahamandal","Government Company (PSU)","State PSU","Maharashtra","Mumbai","Financial Services","Development finance","Unlisted"
"C04130","Mahatma Phule Backward Class Development Corporation","Government Company (PSU)","State PSU","Maharashtra","Mumbai","Financial Services","Development finance","Unlisted"
"C04131","Maharashtra State Infrastructure Development Corporation","Government Company (PSU)","State PSU","Maharashtra","Mumbai","Infrastructure","Infrastructure","Unlisted"
"C04132","Goa Electricity Department","Other","State PSU","Goa","Panaji","Power","Power utility","Unlisted"
"C04133","Kadamba Transport Corporation Limited","Government Company (PSU)","State PSU","Goa","Panaji","Transport","Bus transport","Unlisted"
"C04134","Goa Industrial Development Corporation","Statutory Corporation","State PSU","Goa","Panaji","Industrial Development","Industrial development","Unlisted"
"C04135","Goa State Infrastructure Development Corporation","Government Company (PSU)","State PSU","Goa","Panaji","Infrastructure","Infrastructure","Unlisted"
"C04136","Goa Tourism Development Corporation","Government Company (PSU)","State PSU","Goa","Panaji","Tourism & Hospitality","Tourism","Unlisted"
"C04137","Goa State Cooperative Bank Limited","Cooperative Society","Cooperative","Goa","Panaji","Financial Services","Cooperative bank","Unlisted"
"C04138","Goa Dairy (Goa State Cooperative Milk Producers Union)","Cooperative Society","Cooperative","Goa","Ponda","Agriculture & Food","Dairy","Unlisted"
"C04139","Goa Handicrafts, Rural and Small Scale Industries Development Corporation","Government Company (PSU)","State PSU","Goa","Panaji","Industrial Development","Handicrafts / MSME","Unlisted"
"C04140","Goa State Scheduled Tribes Finance and Development Corporation","Government Company (PSU)","State PSU","Goa","Panaji","Financial Services","Development finance","Unlisted"
"C04141","Goa Antibiotics and Pharmaceuticals Limited","Government Company (PSU)","State PSU","Goa","Ponda","Pharmaceuticals","Antibiotics","Unlisted"
"C04142","Goa Forest Development Corporation","Government Company (PSU)","State PSU","Goa","Panaji","Agriculture & Food","Forestry","Unlisted"
"C04143","Goa State Horticultural Corporation Limited","Government Company (PSU)","State PSU","Goa","Panaji","Agriculture & Food","Horticulture","Unlisted"
"C04144","Goa Housing Board","Statutory Corporation","State PSU","Goa","Panaji","Infrastructure","Housing","Unlisted"
"C04145","Goa Waste Management Corporation","Government Company (PSU)","State PSU","Goa","Panaji","Infrastructure","Waste","Unlisted"
"C04146","Goa State Civil Supplies Corporation Limited","Government Company (PSU)","State PSU","Goa","Panaji","Agriculture & Food","Civil supplies","Unlisted"
"C04149","Fomento Resources Private Limited","Private Limited","Private (Indian)","Goa","Goa","Mining","Mining","Unlisted"
"C04150","Chowgule and Company Private Limited","Private Limited","Private (Indian)","Goa","Goa","Logistics","Diversified","Unlisted"
"C04151","Dempo Industries Private Limited","Private Limited","Private (Indian)","Goa","Panaji","Diversified","Mining / shipping / media","Unlisted"
"C04152","Mormugao Port Authority","Statutory Corporation","Central PSU","Goa","Vasco da Gama","Logistics","Port","Unlisted"
"C04153","Madhya Pradesh Power Generating Company Limited","Government Company (PSU)","State PSU","Madhya Pradesh","Jabalpur","Power","Generation","Unlisted"
"C04154","Madhya Pradesh Power Transmission Company Limited","Government Company (PSU)","State PSU","Madhya Pradesh","Jabalpur","Power","Transmission","Unlisted"
"C04155","Madhya Pradesh Power Management Company Limited","Government Company (PSU)","State PSU","Madhya Pradesh","Jabalpur","Power","Power procurement","Unlisted"
"C04156","Madhya Pradesh Madhya Kshetra Vidyut Vitaran Company Limited","Government Company (PSU)","State PSU","Madhya Pradesh","Bhopal","Power","Distribution","Unlisted"
"C04157","Madhya Pradesh Paschim Kshetra Vidyut Vitaran Company Limited","Government Company (PSU)","State PSU","Madhya Pradesh","Indore","Power","Distribution","Unlisted"
"C04158","Madhya Pradesh Poorv Kshetra Vidyut Vitaran Company Limited","Government Company (PSU)","State PSU","Madhya Pradesh","Jabalpur","Power","Distribution","Unlisted"
"C04159","Madhya Pradesh State Road Transport Corporation","Statutory Corporation","State PSU","Madhya Pradesh","Bhopal","Transport","Bus transport","Unlisted"
"C04160","Madhya Pradesh Audyogik Kendra Vikas Nigam","Government Company (PSU)","State PSU","Madhya Pradesh","Bhopal","Industrial Development","Industrial development","Unlisted"
"C04161","Madhya Pradesh Financial Corporation (MP State Industrial Development Corp Ltd)","Statutory Corporation","State PSU","Madhya Pradesh","Bhopal","Financial Services","State finance corporation","Unlisted"
"C04162","Madhya Pradesh Tourism Development Corporation","Government Company (PSU)","State PSU","Madhya Pradesh","Bhopal","Tourism & Hospitality","Tourism","Unlisted"
"C04163","Madhya Pradesh State Civil Supplies Corporation Limited","Government Company (PSU)","State PSU","Madhya Pradesh","Bhopal","Agriculture & Food","Civil supplies","Unlisted"
"C04164","Madhya Pradesh State Warehousing and Logistics Corporation","Statutory Corporation","State PSU","Madhya Pradesh","Bhopal","Agriculture & Food","Warehousing","Unlisted"
"C04165","Madhya Pradesh State Agro Industries Development Corporation","Government Company (PSU)","State PSU","Madhya Pradesh","Bhopal","Agriculture & Food","Agro","Unlisted"
"C04166","Madhya Pradesh State Mining Corporation Limited","Government Company (PSU)","State PSU","Madhya Pradesh","Bhopal","Mining","Mining","Unlisted"
"C04167","Madhya Pradesh Laghu Udyog Nigam","Government Company (PSU)","State PSU","Madhya Pradesh","Bhopal","Industrial Development","MSME","Unlisted"
"C04168","Madhya Pradesh State Electronics Development Corporation Limited","Government Company (PSU)","State PSU","Madhya Pradesh","Bhopal","Technology","Electronics","Unlisted"
"C04169","Madhya Pradesh State Handloom and Handicrafts Development Corporation (Mrignayani)","Government Company (PSU)","State PSU","Madhya Pradesh","Bhopal","Textiles & Handloom","Handicrafts","Unlisted"
"C04170","Madhya Pradesh State Forest Development Corporation","Government Company (PSU)","State PSU","Madhya Pradesh","Bhopal","Agriculture & Food","Forestry","Unlisted"
"C04171","Madhya Pradesh Metro Rail Company Limited","Government Company (PSU)","Joint Venture","Madhya Pradesh","Bhopal","Transport","Metro rail","Unlisted"
"C04172","Madhya Pradesh Road Development Corporation Limited","Government Company (PSU)","State PSU","Madhya Pradesh","Bhopal","Infrastructure","Roads","Unlisted"
"C04173","Madhya Pradesh Housing and Infrastructure Development Board","Statutory Corporation","State PSU","Madhya Pradesh","Bhopal","Infrastructure","Housing","Unlisted"
"C04174","Madhya Pradesh State Cooperative Dairy Federation (Sanchi)","Cooperative Society","Cooperative","Madhya Pradesh","Bhopal","Agriculture & Food","Dairy federation","Unlisted"
"C04175","Madhya Pradesh Rajya Sahakari Bank Maryadit (Apex Bank)","Cooperative Society","Cooperative","Madhya Pradesh","Bhopal","Financial Services","Cooperative bank","Unlisted"
"C04176","MARKFED Madhya Pradesh State Cooperative Marketing Federation","Cooperative Society","Cooperative","Madhya Pradesh","Bhopal","Agriculture & Food","Coop federation","Unlisted"
"C04177","Madhya Pradesh Rajya Beej Evam Farm Vikas Nigam","Government Company (PSU)","State PSU","Madhya Pradesh","Bhopal","Agriculture & Food","Seeds","Unlisted"
"C04178","Madhya Pradesh Pichhda Varg Evam Alpsankhyak Vitta Vikas Nigam","Government Company (PSU)","State PSU","Madhya Pradesh","Bhopal","Financial Services","Development finance","Unlisted"
"C04179","Madhya Pradesh Trade and Investment Facilitation Corporation Limited (TRIFAC)","Government Company (PSU)","State PSU","Madhya Pradesh","Bhopal","Industrial Development","Investment promotion","Unlisted"
"C04180","Madhya Pradesh Medical Services (MP Public Health Services Corporation)","Government Company (PSU)","State PSU","Madhya Pradesh","Bhopal","Healthcare","Procurement","Unlisted"
"C04181","Madhya Pradesh Urban Development Company Limited","Government Company (PSU)","State PSU","Madhya Pradesh","Bhopal","Infrastructure","Urban","Unlisted"
"C04182","Bhopal Smart City Development Corporation Limited","Government Company (PSU)","State PSU","Madhya Pradesh","Bhopal","Infrastructure","Smart city SPV","Unlisted"
"C04183","Indore Smart City Development Limited","Government Company (PSU)","State PSU","Madhya Pradesh","Indore","Infrastructure","Smart city SPV","Unlisted"
"C04184","Atal Indore City Transport Services Limited","Government Company (PSU)","State PSU","Madhya Pradesh","Indore","Transport","Bus transport","Unlisted"
"C04185","Pithampur Auto Cluster Limited","Public Limited","Private (Indian)","Madhya Pradesh","Pithampur","Industrial","Industrial cluster","Unlisted"
"C04186","Chhattisgarh State Power Generation Company Limited","Government Company (PSU)","State PSU","Chhattisgarh","Raipur","Power","Generation","Unlisted"
"C04187","Chhattisgarh State Power Transmission Company Limited","Government Company (PSU)","State PSU","Chhattisgarh","Raipur","Power","Transmission","Unlisted"
"C04188","Chhattisgarh State Power Distribution Company Limited","Government Company (PSU)","State PSU","Chhattisgarh","Raipur","Power","Distribution","Unlisted"
"C04189","Chhattisgarh State Power Trading Company Limited","Government Company (PSU)","State PSU","Chhattisgarh","Raipur","Power","Trading","Unlisted"
"C04190","Chhattisgarh State Power Holding Company Limited","Government Company (PSU)","State PSU","Chhattisgarh","Raipur","Power","Holding","Unlisted"
"C04191","Chhattisgarh State Industrial Development Corporation Limited","Government Company (PSU)","State PSU","Chhattisgarh","Raipur","Industrial Development","Industrial development","Unlisted"
"C04192","Chhattisgarh Infrastructure Development Corporation Limited","Government Company (PSU)","State PSU","Chhattisgarh","Raipur","Infrastructure","Infrastructure","Unlisted"
"C04193","Chhattisgarh State Civil Supplies Corporation Limited (Nagrik Apurti Nigam)","Government Company (PSU)","State PSU","Chhattisgarh","Raipur","Agriculture & Food","Civil supplies","Unlisted"
"C04194","Chhattisgarh State Warehousing Corporation","Statutory Corporation","State PSU","Chhattisgarh","Raipur","Agriculture & Food","Warehousing","Unlisted"
"C04195","Chhattisgarh Tourism Board","Statutory Corporation","State PSU","Chhattisgarh","Raipur","Tourism & Hospitality","Tourism","Unlisted"
"C04196","Chhattisgarh Mineral Development Corporation Limited","Government Company (PSU)","State PSU","Chhattisgarh","Raipur","Mining","Mining","Unlisted"
"C04197","Chhattisgarh State Minor Forest Produce Cooperative Federation","Cooperative Society","Cooperative","Chhattisgarh","Raipur","Agriculture & Food","Forest produce","Unlisted"
"C04198","Chhattisgarh State Cooperative Bank (Apex Bank) Maryadit","Cooperative Society","Cooperative","Chhattisgarh","Raipur","Financial Services","Cooperative bank","Unlisted"
"C04199","Chhattisgarh Rajya Sahakari Vipnan Sangh (MARKFED)","Cooperative Society","Cooperative","Chhattisgarh","Raipur","Agriculture & Food","Coop federation","Unlisted"
"C04200","Chhattisgarh State Cooperative Dairy Federation","Cooperative Society","Cooperative","Chhattisgarh","Raipur","Agriculture & Food","Dairy federation","Unlisted"
"C04201","Chhattisgarh Housing Board","Statutory Corporation","State PSU","Chhattisgarh","Raipur","Infrastructure","Housing","Unlisted"
"C04202","Chhattisgarh Handloom Development and Marketing Federation","Cooperative Society","Cooperative","Chhattisgarh","Raipur","Textiles & Handloom","Handloom","Unlisted"
"C04203","Chhattisgarh State Road Transport Corporation","Statutory Corporation","State PSU","Chhattisgarh","Raipur","Transport","Bus transport","Unlisted"
"C04204","Chhattisgarh Medical Services Corporation Limited","Government Company (PSU)","State PSU","Chhattisgarh","Raipur","Healthcare","Procurement","Unlisted"
"C04205","Chhattisgarh State Electronics Development Corporation","Government Company (PSU)","State PSU","Chhattisgarh","Raipur","Technology","Electronics","Unlisted"
"C04206","Chhattisgarh Rajya Beej Evam Krishi Vikas Nigam","Government Company (PSU)","State PSU","Chhattisgarh","Raipur","Agriculture & Food","Seeds","Unlisted"
"C04207","Naya Raipur Development Authority","Statutory Corporation","State PSU","Chhattisgarh","Naya Raipur","Infrastructure","Urban development","Unlisted"
"C04208","Chhattisgarh Renewable Energy Development Agency (CREDA)","Other","State PSU","Chhattisgarh","Raipur","Power","Renewable","Unlisted"
"C04209","Chhattisgarh Biofuel Development Authority","Other","State PSU","Chhattisgarh","Raipur","Power","Biofuel","Unlisted"
"C04210","Raipur Smart City Limited","Government Company (PSU)","State PSU","Chhattisgarh","Raipur","Infrastructure","Smart city SPV","Unlisted"
"C04211","Chhattisgarh Scheduled Caste Finance and Development Corporation","Government Company (PSU)","State PSU","Chhattisgarh","Raipur","Financial Services","Development finance","Unlisted"
"C04213","BALCO (Bharat Aluminium Company Limited)","Public Limited","Private (Indian)","Chhattisgarh","Korba","Metals","Aluminium","Unlisted"
"C04214","DNH and DD Power Distribution Corporation Limited","Government Company (PSU)","State PSU","Dadra and Nagar Haveli and Daman and Diu","Silvassa","Power","Distribution","Unlisted"
"C04215","Dadra and Nagar Haveli Industrial Development Corporation","Government Company (PSU)","State PSU","Dadra and Nagar Haveli and Daman and Diu","Silvassa","Industrial Development","Industrial development","Unlisted"
"C04216","Daman and Diu and Dadra and Nagar Haveli Tourism Corporation (DDDNH Tourism)","Government Company (PSU)","State PSU","Dadra and Nagar Haveli and Daman and Diu","Daman","Tourism & Hospitality","Tourism","Unlisted"
"C04217","Daman and Diu Industrial Development Corporation","Government Company (PSU)","State PSU","Dadra and Nagar Haveli and Daman and Diu","Daman","Industrial Development","Industrial development","Unlisted"
"C04218","Dadra and Nagar Haveli Co-operative Bank (DNH District Cooperative Bank)","Cooperative Society","Cooperative","Dadra and Nagar Haveli and Daman and Diu","Silvassa","Financial Services","Cooperative bank","Unlisted"
"C04219","Dadra and Nagar Haveli and Daman and Diu Administration Transport Undertaking","Other","State PSU","Dadra and Nagar Haveli and Daman and Diu","Daman","Transport","Bus transport","Unlisted"
"C04220","Bangalore Electricity Supply Company Limited (BESCOM)","Government Company (PSU)","State PSU","Karnataka","Bengaluru","Power","Distribution","Unlisted"
"C04221","Mangalore Electricity Supply Company Limited (MESCOM)","Government Company (PSU)","State PSU","Karnataka","Mangaluru","Power","Distribution","Unlisted"
"C04222","Hubli Electricity Supply Company Limited (HESCOM)","Government Company (PSU)","State PSU","Karnataka","Hubballi","Power","Distribution","Unlisted"
"C04223","Gulbarga Electricity Supply Company Limited (GESCOM)","Government Company (PSU)","State PSU","Karnataka","Kalaburagi","Power","Distribution","Unlisted"
"C04224","Chamundeshwari Electricity Supply Corporation Limited (CESC Mysore)","Government Company (PSU)","State PSU","Karnataka","Mysuru","Power","Distribution","Unlisted"
"C04225","Karnataka Power Transmission Corporation Limited (KPTCL)","Government Company (PSU)","State PSU","Karnataka","Bengaluru","Power","Transmission","Unlisted"
"C04226","Karnataka Power Corporation Limited (KPCL)","Government Company (PSU)","State PSU","Karnataka","Bengaluru","Power","Generation","Unlisted"
"C04227","Karnataka Renewable Energy Development Limited (KREDL)","Government Company (PSU)","State PSU","Karnataka","Bengaluru","Power","Renewable energy","Unlisted"
"C04228","Visvesvaraya Vidyut Nigam Limited (VVNL)","Government Company (PSU)","State PSU","Karnataka","Bengaluru","Power","Holding/Finance","Unlisted"
"C04229","Karnataka Vidyuth Karkhane Limited (KAVIKA)","Government Company (PSU)","State PSU","Karnataka","Bengaluru","Manufacturing","Electrical equipment","Unlisted"
"C04230","Karnataka State Road Transport Corporation (KSRTC)","Statutory Corporation","State PSU","Karnataka","Bengaluru","Transport","Road transport","Unlisted"
"C04231","Bangalore Metropolitan Transport Corporation (BMTC)","Statutory Corporation","State PSU","Karnataka","Bengaluru","Transport","Urban bus transport","Unlisted"
"C04232","North Western Karnataka Road Transport Corporation (NWKRTC)","Statutory Corporation","State PSU","Karnataka","Hubballi","Transport","Road transport","Unlisted"
"C04233","Kalyana Karnataka Road Transport Corporation (KKRTC)","Statutory Corporation","State PSU","Karnataka","Kalaburagi","Transport","Road transport","Unlisted"
"C04234","Bangalore Metro Rail Corporation Limited (BMRCL)","Government Company (PSU)","Joint Venture","Karnataka","Bengaluru","Transport","Metro rail","Unlisted"
"C04235","Karnataka State Industrial and Infrastructure Development Corporation (KSIIDC)","Government Company (PSU)","State PSU","Karnataka","Bengaluru","Industrial Development","Infrastructure finance","Unlisted"
"C04236","Karnataka Industrial Areas Development Board (KIADB)","Statutory Corporation","State PSU","Karnataka","Bengaluru","Industrial Development","Industrial estates","Unlisted"
"C04237","Karnataka State Financial Corporation (KSFC)","Statutory Corporation","State PSU","Karnataka","Bengaluru","Banking & Financial Services","State finance corporation","Unlisted"
"C04238","Karnataka State Small Industries Development Corporation (KSSIDC)","Government Company (PSU)","State PSU","Karnataka","Bengaluru","Industrial Development","MSME support","Unlisted"
"C04239","Karnataka Urban Infrastructure Development and Finance Corporation (KUIDFC)","Government Company (PSU)","State PSU","Karnataka","Bengaluru","Infrastructure","Urban infrastructure finance","Unlisted"
"C04240","Karnataka State Tourism Development Corporation (KSTDC)","Government Company (PSU)","State PSU","Karnataka","Bengaluru","Tourism","Tourism development","Unlisted"
"C04241","Karnataka State Warehousing Corporation","Statutory Corporation","State PSU","Karnataka","Bengaluru","Warehousing & Logistics","Warehousing","Unlisted"
"C04242","Karnataka Food and Civil Supplies Corporation Limited","Government Company (PSU)","State PSU","Karnataka","Bengaluru","Food & Civil Supplies","Public distribution","Unlisted"
"C04243","Karnataka State Beverages Corporation Limited (KSBCL)","Government Company (PSU)","State PSU","Karnataka","Bengaluru","Retail & Distribution","Liquor wholesale","Unlisted"
"C04244","Karnataka Handloom Development Corporation Limited","Government Company (PSU)","State PSU","Karnataka","Bengaluru","Textiles & Handloom","Handloom","Unlisted"
"C04245","Karnataka State Handicrafts Development Corporation Limited (Cauvery)","Government Company (PSU)","State PSU","Karnataka","Bengaluru","Textiles & Handloom","Handicrafts","Unlisted"
"C04246","Karnataka Silk Industries Corporation Limited (KSIC)","Government Company (PSU)","State PSU","Karnataka","Bengaluru","Textiles & Handloom","Silk","Unlisted"
"C04247","Karnataka Soaps and Detergents Limited (KSDL)","Government Company (PSU)","State PSU","Karnataka","Bengaluru","Manufacturing","FMCG","Unlisted"
"C04248","Mysore Paints and Varnish Limited","Government Company (PSU)","State PSU","Karnataka","Mysuru","Manufacturing","Paints","Unlisted"
"C04249","Mysore Sales International Limited (MSIL)","Government Company (PSU)","State PSU","Karnataka","Bengaluru","Retail & Distribution","Liquor retail","Unlisted"
"C04250","Mysore Minerals Limited","Government Company (PSU)","State PSU","Karnataka","Bengaluru","Mining","Minerals","Unlisted"
"C04251","Karnataka State Electronics Development Corporation Limited (KEONICS)","Government Company (PSU)","State PSU","Karnataka","Bengaluru","Information Technology","Electronics","Unlisted"
"C04252","Karnataka State Seeds Corporation Limited","Government Company (PSU)","State PSU","Karnataka","Bengaluru","Agriculture","Seeds","Unlisted"
"C04253","Karnataka Agro Industries Corporation Limited","Government Company (PSU)","State PSU","Karnataka","Bengaluru","Agriculture","Agri inputs and machinery","Unlisted"
"C04254","Karnataka Forest Development Corporation Limited","Government Company (PSU)","State PSU","Karnataka","Bengaluru","Forestry","Forest produce","Unlisted"
"C04255","Karnataka Rural Infrastructure Development Limited (KRIDL)","Government Company (PSU)","State PSU","Karnataka","Bengaluru","Infrastructure","Construction","Unlisted"
"C04256","Karnataka Housing Board","Statutory Corporation","State PSU","Karnataka","Bengaluru","Housing","Housing","Unlisted"
"C04257","Bangalore Water Supply and Sewerage Board (BWSSB)","Statutory Corporation","State PSU","Karnataka","Bengaluru","Utilities","Water and sewerage","Unlisted"
"C04258","Karnataka Milk Federation (KMF - Nandini)","Cooperative Society","Cooperative","Karnataka","Bengaluru","Dairy","Dairy federation","Unlisted"
"C04259","Karnataka State Co-operative Apex Bank Limited","Cooperative Society","Cooperative","Karnataka","Bengaluru","Banking & Financial Services","Cooperative bank","Unlisted"
"C04260","Kerala State Electricity Board Limited (KSEB Ltd)","Government Company (PSU)","State PSU","Kerala","Thiruvananthapuram","Power","Generation, transmission and distribution","Unlisted"
"C04261","Kerala State Road Transport Corporation (KSRTC)","Statutory Corporation","State PSU","Kerala","Thiruvananthapuram","Transport","Road transport","Unlisted"
"C04262","Kochi Metro Rail Limited (KMRL)","Government Company (PSU)","Joint Venture","Kerala","Kochi","Transport","Metro rail","Unlisted"
"C04263","Cochin International Airport Limited (CIAL)","Government Company (PSU)","State PSU","Kerala","Nedumbassery","Aviation","Airport operator","Unlisted"
"C04264","Kerala State Industrial Development Corporation (KSIDC)","Government Company (PSU)","State PSU","Kerala","Thiruvananthapuram","Industrial Development","Industrial finance","Unlisted"
"C04265","Kerala Industrial Infrastructure Development Corporation (KINFRA)","Government Company (PSU)","State PSU","Kerala","Thiruvananthapuram","Industrial Development","Industrial parks","Unlisted"
"C04266","Kerala Financial Corporation (KFC)","Statutory Corporation","State PSU","Kerala","Thiruvananthapuram","Banking & Financial Services","State finance corporation","Unlisted"
"C04267","Kerala Tourism Development Corporation (KTDC)","Government Company (PSU)","State PSU","Kerala","Thiruvananthapuram","Tourism","Tourism development","Unlisted"
"C04268","Kerala State Civil Supplies Corporation Limited (Supplyco)","Government Company (PSU)","State PSU","Kerala","Kochi","Food & Civil Supplies","Public distribution","Unlisted"
"C04269","Kerala State Warehousing Corporation","Statutory Corporation","State PSU","Kerala","Thiruvananthapuram","Warehousing & Logistics","Warehousing","Unlisted"
"C04270","Kerala State Handloom Development Corporation Limited","Government Company (PSU)","State PSU","Kerala","Thiruvananthapuram","Textiles & Handloom","Handloom","Unlisted"
"C04271","Kerala State Handicrafts Development Corporation (Kairali)","Government Company (PSU)","State PSU","Kerala","Thiruvananthapuram","Textiles & Handloom","Handicrafts","Unlisted"
"C04272","Kerala State Cashew Development Corporation Limited","Government Company (PSU)","State PSU","Kerala","Kollam","Agriculture","Cashew processing","Unlisted"
"C04273","Kerala State Cashew Workers Apex Industrial Cooperative Society (CAPEX)","Cooperative Society","Cooperative","Kerala","Kollam","Agriculture","Cashew processing","Unlisted"
"C04274","Kerala State Coir Corporation Limited","Government Company (PSU)","State PSU","Kerala","Alappuzha","Textiles & Handloom","Coir","Unlisted"
"C04275","Kerala State Drugs and Pharmaceuticals Limited (KSDP)","Government Company (PSU)","State PSU","Kerala","Alappuzha","Pharmaceuticals","Drug manufacturing","Unlisted"
"C04276","Kerala Automobiles Limited","Government Company (PSU)","State PSU","Kerala","Thiruvananthapuram","Automotive","Three-wheelers","Unlisted"
"C04277","Kerala State Electronics Development Corporation Limited (KELTRON)","Government Company (PSU)","State PSU","Kerala","Thiruvananthapuram","Information Technology","Electronics","Unlisted"
"C04278","Kerala Minerals and Metals Limited (KMML)","Government Company (PSU)","State PSU","Kerala","Chavara","Mining","Titanium dioxide","Unlisted"
"C04279","Kerala Clays and Ceramics Products Limited","Government Company (PSU)","State PSU","Kerala","Kundara","Manufacturing","Ceramics","Unlisted"
"C04280","Malabar Cements Limited","Government Company (PSU)","State PSU","Kerala","Walayar","Manufacturing","Cement","Unlisted"
"C04281","Travancore Titanium Products Limited","Government Company (PSU)","State PSU","Kerala","Thiruvananthapuram","Manufacturing","Chemicals","Unlisted"
"C04282","Steel Industrials Kerala Limited (SILK)","Government Company (PSU)","State PSU","Kerala","Thrissur","Manufacturing","Steel products","Unlisted"
"C04283","Kerala Forest Development Corporation Limited","Government Company (PSU)","State PSU","Kerala","Thiruvananthapuram","Forestry","Forest produce","Unlisted"
"C04284","Kerala Water Authority","Statutory Corporation","State PSU","Kerala","Thiruvananthapuram","Utilities","Water supply","Unlisted"
"C04285","Kerala State Housing Board","Statutory Corporation","State PSU","Kerala","Thiruvananthapuram","Housing","Housing","Unlisted"
"C04286","Kerala Co-operative Milk Marketing Federation (KCMMF - Milma)","Cooperative Society","Cooperative","Kerala","Thiruvananthapuram","Dairy","Dairy federation","Unlisted"
"C04287","Kerala Bank (Kerala State Cooperative Bank Limited)","Cooperative Society","Cooperative","Kerala","Thiruvananthapuram","Banking & Financial Services","Cooperative bank","Unlisted"
"C04288","Consumerfed (Kerala State Cooperative Consumers Federation)","Cooperative Society","Cooperative","Kerala","Thiruvananthapuram","Retail & Distribution","Consumer cooperative","Unlisted"
"C04289","Kerala State Beverages (Manufacturing & Marketing) Corporation Limited (BEVCO)","Government Company (PSU)","State PSU","Kerala","Thiruvananthapuram","Retail & Distribution","Liquor wholesale","Unlisted"
"C04290","Tamil Nadu Power Distribution Corporation Limited (TNPDCL)","Government Company (PSU)","State PSU","Tamil Nadu","Chennai","Power","Distribution","Unlisted"
"C04291","Tamil Nadu Power Generation Corporation Limited (TNPGCL)","Government Company (PSU)","State PSU","Tamil Nadu","Chennai","Power","Generation","Unlisted"
"C04292","Tamil Nadu Green Energy Corporation Limited (TNGECL)","Government Company (PSU)","State PSU","Tamil Nadu","Chennai","Power","Renewable energy","Unlisted"
"C04293","Tamil Nadu Transmission Corporation Limited (TANTRANSCO)","Government Company (PSU)","State PSU","Tamil Nadu","Chennai","Power","Transmission","Unlisted"
"C04294","Tamil Nadu Industrial Development Corporation Limited (TIDCO)","Government Company (PSU)","State PSU","Tamil Nadu","Chennai","Industrial Development","Industrial promotion","Unlisted"
"C04295","State Industries Promotion Corporation of Tamil Nadu Limited (SIPCOT)","Government Company (PSU)","State PSU","Tamil Nadu","Chennai","Industrial Development","Industrial parks","Unlisted"
"C04296","Tamil Nadu Industrial Investment Corporation Limited (TIIC)","Government Company (PSU)","State PSU","Tamil Nadu","Chennai","Banking & Financial Services","State finance corporation","Unlisted"
"C04297","Tamil Nadu Small Industries Development Corporation Limited (TANSIDCO)","Government Company (PSU)","State PSU","Tamil Nadu","Chennai","Industrial Development","MSME support","Unlisted"
"C04298","Tamil Nadu Power Finance and Infrastructure Development Corporation Limited","Government Company (PSU)","State PSU","Tamil Nadu","Chennai","Banking & Financial Services","Infrastructure finance","Unlisted"
"C04299","Tamil Nadu Urban Infrastructure Financial Services Limited (TNUIFSL)","Government Company (PSU)","State PSU","Tamil Nadu","Chennai","Infrastructure","Urban infrastructure finance","Unlisted"
"C04300","Tamil Nadu Road Development Company Limited (TNRDC)","Government Company (PSU)","State PSU","Tamil Nadu","Chennai","Infrastructure","Roads","Unlisted"
"C04301","Tamil Nadu State Marketing Corporation Limited (TASMAC)","Government Company (PSU)","State PSU","Tamil Nadu","Chennai","Retail & Distribution","Liquor wholesale and retail","Unlisted"
"C04302","Tamil Nadu State Transport Corporation Limited (Kumbakonam)","Government Company (PSU)","State PSU","Tamil Nadu","Kumbakonam","Transport","Road transport","Unlisted"
"C04303","Metropolitan Transport Corporation (Chennai) Limited","Government Company (PSU)","State PSU","Tamil Nadu","Chennai","Transport","Urban bus transport","Unlisted"
"C04304","State Express Transport Corporation (Tamil Nadu) Limited","Government Company (PSU)","State PSU","Tamil Nadu","Chennai","Transport","Long-distance bus transport","Unlisted"
"C04305","Chennai Metro Rail Limited (CMRL)","Government Company (PSU)","Joint Venture","Tamil Nadu","Chennai","Transport","Metro rail","Unlisted"
"C04306","Tamil Nadu Civil Supplies Corporation (TNCSC)","Government Company (PSU)","State PSU","Tamil Nadu","Chennai","Food & Civil Supplies","Public distribution","Unlisted"
"C04307","Tamil Nadu State Warehousing Corporation","Statutory Corporation","State PSU","Tamil Nadu","Chennai","Warehousing & Logistics","Warehousing","Unlisted"
"C04308","Tamil Nadu Tourism Development Corporation (TTDC)","Government Company (PSU)","State PSU","Tamil Nadu","Chennai","Tourism","Tourism development","Unlisted"
"C04309","Tamil Nadu Handloom Weavers Cooperative Society (Co-optex)","Cooperative Society","Cooperative","Tamil Nadu","Chennai","Textiles & Handloom","Handloom","Unlisted"
"C04310","Tamil Nadu Handicrafts Development Corporation (Poompuhar)","Government Company (PSU)","State PSU","Tamil Nadu","Chennai","Textiles & Handloom","Handicrafts","Unlisted"
"C04311","Tamil Nadu Tea Plantation Corporation Limited (TANTEA)","Government Company (PSU)","State PSU","Tamil Nadu","Coonoor","Agriculture","Tea plantation","Unlisted"
"C04312","Tamil Nadu Co-operative Milk Producers Federation (Aavin)","Cooperative Society","Cooperative","Tamil Nadu","Chennai","Dairy","Dairy federation","Unlisted"
"C04313","Tamil Nadu Medical Services Corporation Limited (TNMSC)","Government Company (PSU)","State PSU","Tamil Nadu","Chennai","Healthcare","Medical procurement","Unlisted"
"C04314","Arasu Cable TV Corporation Limited","Government Company (PSU)","State PSU","Tamil Nadu","Chennai","Media & Telecom","Cable TV","Unlisted"
"C04315","Tamil Nadu Cements Corporation Limited (TANCEM)","Government Company (PSU)","State PSU","Tamil Nadu","Chennai","Manufacturing","Cement","Unlisted"
"C04316","Tamil Nadu Minerals Limited (TAMIN)","Government Company (PSU)","State PSU","Tamil Nadu","Chennai","Mining","Granite and minerals","Unlisted"
"C04317","Electronics Corporation of Tamil Nadu Limited (ELCOT)","Government Company (PSU)","State PSU","Tamil Nadu","Chennai","Information Technology","Electronics and IT","Unlisted"
"C04318","Tamil Nadu Adi Dravidar Housing and Development Corporation (TAHDCO)","Government Company (PSU)","State PSU","Tamil Nadu","Chennai","Social Welfare","Development finance","Unlisted"
"C04319","Tamil Nadu Forest Plantation Corporation Limited","Government Company (PSU)","State PSU","Tamil Nadu","Chennai","Forestry","Plantations","Unlisted"
"C04320","Tamil Nadu Housing Board","Statutory Corporation","State PSU","Tamil Nadu","Chennai","Housing","Housing","Unlisted"
"C04321","Tamil Nadu State Apex Cooperative Bank Limited (TNSC Bank)","Cooperative Society","Cooperative","Tamil Nadu","Chennai","Banking & Financial Services","Cooperative bank","Unlisted"
"C04323","Andhra Pradesh Power Generation Corporation Limited (APGENCO)","Government Company (PSU)","State PSU","Andhra Pradesh","Vijayawada","Power","Generation","Unlisted"
"C04324","Transmission Corporation of Andhra Pradesh Limited (APTRANSCO)","Government Company (PSU)","State PSU","Andhra Pradesh","Vijayawada","Power","Transmission","Unlisted"
"C04325","Andhra Pradesh Southern Power Distribution Company Limited (APSPDCL)","Government Company (PSU)","State PSU","Andhra Pradesh","Tirupati","Power","Distribution","Unlisted"
"C04326","Andhra Pradesh Eastern Power Distribution Company Limited (APEPDCL)","Government Company (PSU)","State PSU","Andhra Pradesh","Visakhapatnam","Power","Distribution","Unlisted"
"C04327","Andhra Pradesh Central Power Distribution Company Limited (APCPDCL)","Government Company (PSU)","State PSU","Andhra Pradesh","Vijayawada","Power","Distribution","Unlisted"
"C04328","New and Renewable Energy Development Corporation of Andhra Pradesh (NREDCAP)","Government Company (PSU)","State PSU","Andhra Pradesh","Vijayawada","Power","Renewable energy","Unlisted"
"C04329","Andhra Pradesh State Road Transport Corporation (APSRTC)","Statutory Corporation","State PSU","Andhra Pradesh","Vijayawada","Transport","Road transport","Unlisted"
"C04330","Andhra Pradesh Industrial Infrastructure Corporation Limited (APIIC)","Government Company (PSU)","State PSU","Andhra Pradesh","Vijayawada","Industrial Development","Industrial parks","Unlisted"
"C04331","Andhra Pradesh State Financial Corporation (APSFC)","Statutory Corporation","State PSU","Andhra Pradesh","Vijayawada","Banking & Financial Services","State finance corporation","Unlisted"
"C04332","Andhra Pradesh Mineral Development Corporation (APMDC)","Government Company (PSU)","State PSU","Andhra Pradesh","Vijayawada","Mining","Minerals","Unlisted"
"C04333","Andhra Pradesh Tourism Development Corporation (APTDC)","Government Company (PSU)","State PSU","Andhra Pradesh","Vijayawada","Tourism","Tourism development","Unlisted"
"C04550","Aravind Laboratories Private Limited","Private Limited","Private (Indian)","Tamil Nadu","Madurai, Tamil Nadu","FMCG","Ayurvedic/personal care products","Unlisted"
"C04551","Arun Ice Creams (Arun Confectionaries Private Limited)","Private Limited","Private (Indian)","Tamil Nadu","Chennai, Tamil Nadu","Food Processing & Beverages","Ice cream","Unlisted"
"C04552","Asia MotorWorks Limited","Private Limited","Private (Indian)","Haryana","Faridabad, Haryana","Automobile (OEMs, Auto Components, EV, Dealerships)","Commercial vehicles","Unlisted"
"C04553","Binani Industries Limited","Public Limited","Private (Indian)","Maharashtra","Mumbai, Maharashtra","Cement & Building Materials","Cement/zinc holding co","Delisted/Unknown"
"C04555","Brihans Natural Products Limited","Public Limited","Private (Indian)","Maharashtra","Pune, Maharashtra","FMCG","Ayurvedic/herbal products","Listed-BSE"
"C04556","Canteen Stores Department","Statutory Corporation","Central PSU","Pan-India","New Delhi","Retail (Offline, Organised Retail, Jewellery)","Defence retail canteens","Unlisted"
"C04557","Central Registry of Securitisation Asset Reconstruction and Security Interest (CERSAI)","Government Company (PSU)","Central PSU","Pan-India","New Delhi","Asset Reconstruction & Financial Services (ARCs, Credit Bureaus, Investment Advisers)","Security-interest registry","Unlisted"
"C04558","Classic Legends Private Limited","Private Limited","Joint Venture","Maharashtra","Pune, Maharashtra","Automobile (OEMs, Auto Components, EV, Dealerships)","Motorcycle brand revival (Jawa/BSA/Yezdi)","Unlisted"
"C04559","Cochin Minerals and Rutile Limited","Public Limited","Private (Indian)","Kerala","Kochi, Kerala","Coal & Mining (Coal, Metals, Minerals)","Mineral processing (rutile)","Listed-BSE"
"C04560","Cosco (India) Limited","Public Limited","Private (Indian)","Delhi","New Delhi","Sports (Leagues, Federations, Fitness)","Sports goods","Listed-BSE"
"C04561","Cottage Industries Exposition Limited","Government Company (PSU)","Central PSU","Delhi","New Delhi","Textiles & Apparel","Handicrafts retail (Central Cottage Industries Emporium)","Unlisted"
"C04562","D S Kulkarni Developers Limited","Public Limited","Private (Indian)","Maharashtra","Pune, Maharashtra","Real Estate (Developers, REITs/InvITs, Brokers)","Real estate developer","Delisted/Unknown"
"C04563","Daijiworld Media Private Limited","Private Limited","Private (Indian)","Karnataka","Mangaluru, Karnataka","Media & Entertainment (Broadcasting, OTT, Print, Advertising, Films, Gaming)","Online news media","Unlisted"
"C04564","Deccan Charters Private Limited","Private Limited","Private (Indian)","Karnataka","Bengaluru, Karnataka","Aviation (Airlines, Airports, MRO, Ground Handling)","Charter aviation/flying school","Unlisted"
"C04566","EKA Mobility (Pinnacle Mobility Solutions Private Limited)","Private Limited","Private (Indian)","Maharashtra","Pune, Maharashtra","Automobile (OEMs, Auto Components, EV, Dealerships)","Electric commercial vehicles","Unlisted"
"C04567","ETV Network Private Limited","Private Limited","Private (Indian)","Telangana","Hyderabad, Telangana","Media & Entertainment (Broadcasting, OTT, Print, Advertising, Films, Gaming)","TV broadcasting","Unlisted"
"C04568","EdCIL (India) Limited","Government Company (PSU)","Central PSU","Delhi","New Delhi","Education (Schools, Higher Education, Ed-tech, Coaching)","Education consultancy PSU","Unlisted"
"C04569","Energy Efficiency Services Limited","Government Company (PSU)","Central PSU","Pan-India","New Delhi","Power (Generation, Transmission, Distribution, Trading)","Energy efficiency implementation","Unlisted"
"C04570","Essel Propack Limited","Public Limited","Private (Indian)","Maharashtra","Mumbai, Maharashtra","Paper, Packaging & Printing","Packaging (laminated tubes)","Listed-NSE+BSE"
"C04571","Ferns N Petals Private Limited","Private Limited","Private (Indian)","Delhi","New Delhi","Retail (Offline, Organised Retail, Jewellery)","Florist/gifting","Unlisted"
"C04573","Forest Essentials Private Limited","Private Limited","Private (Indian)","Delhi","New Delhi","FMCG","Ayurvedic personal care","Unlisted"
"C04574","Funskool (India) Limited","Private Limited","Joint Venture","Tamil Nadu","Chennai, Tamil Nadu","Consumer Durables & Appliances","Toys","Unlisted"
"C04575","GKB Opticals Private Limited","Private Limited","Private (Indian)","West Bengal","Kolkata, West Bengal","Retail (Offline, Organised Retail, Jewellery)","Eyewear retail","Unlisted"
"C04576","GVK Industries Limited","Private Limited","Private (Indian)","Andhra Pradesh","Hyderabad, Telangana","Power (Generation, Transmission, Distribution, Trading)","Power generation SEZ","Unlisted"
"C04577","RSPL Limited","Private Limited","Private (Indian)","Uttar Pradesh","Kanpur, Uttar Pradesh","FMCG","Detergents (Ghadi)","Unlisted"
"C04578","The Good Glamm Group","Private Limited","Private (Indian)","Maharashtra","Mumbai, Maharashtra","E-commerce (Marketplaces, Quick Commerce)","Beauty/content commerce","Unlisted"
"C04579","Goodricke Group Limited","Public Limited","Private (Indian)","West Bengal","Kolkata, West Bengal","Food Processing & Beverages","Tea plantations","Listed-BSE"
"C04580","Grid Controller of India Limited","Government Company (PSU)","Central PSU","Pan-India","New Delhi","Power (Generation, Transmission, Distribution, Trading)","National grid operation","Unlisted"
"C04581","Hamdard Laboratories India","Trust/Society","Trust/Society","Delhi","New Delhi","Pharma (Formulations, API, CDMO)","Unani medicines (Wakf entity)","Unlisted"
"C04582","Havmor Ice Cream Private Limited","Private Limited","MNC Subsidiary","Gujarat","Ahmedabad, Gujarat","Food Processing & Beverages","Ice cream","Unlisted"
"C04583","Heubach Colorants India Limited","Public Limited","MNC Subsidiary","Maharashtra","Mumbai, Maharashtra","Chemicals & Fertilisers (Specialty, Petrochemicals, Agro-chemicals)","Pigments/colorants","Listed-NSE+BSE"
"C04584","The Himalaya Drug Company","Private Limited","Private (Indian)","Karnataka","Bengaluru, Karnataka","Pharma (Formulations, API, CDMO)","Herbal/Ayurvedic products","Unlisted"
"C04585","Mount Everest Mineral Water Limited","Public Limited","Private (Indian)","Sikkim","Sikkim","Food Processing & Beverages","Packaged mineral water (Himalayan)","Listed-BSE"
"C04586","Hindustan Motors Limited","Public Limited","Private (Indian)","West Bengal","Kolkata, West Bengal","Automobile (OEMs, Auto Components, EV, Dealerships)","Automobiles (historic; largely dormant)","Listed-BSE"
"C04587","Hindustan National Glass & Industries Limited","Public Limited","Private (Indian)","West Bengal","Kolkata, West Bengal","Cement & Building Materials","Glass containers","Delisted/Unknown"
"C04588","Hindustan Pencils Private Limited","Private Limited","Private (Indian)","Maharashtra","Mumbai, Maharashtra","Paper, Packaging & Printing","Stationery (Nataraj/Apsara)","Unlisted"
"C04589","House of Abhinandan Lodha","Private Limited","Private (Indian)","Maharashtra","Mumbai, Maharashtra","Real Estate (Developers, REITs/InvITs, Brokers)","Real estate/land parcels","Unlisted"
"C04591","ICT Academy of Tamil Nadu","Section 8 Company","Trust/Society","Tamil Nadu","Chennai, Tamil Nadu","Section 8/NGO (Section 8 Companies, Trusts, Societies)","IT skill development","Unlisted"
"C04592","iD Fresh Food (India) Private Limited","Private Limited","Private (Indian)","Karnataka","Bengaluru, Karnataka","Food Processing & Beverages","Ready-to-cook food (idli/dosa batter)","Unlisted"
"C04593","Inox Air Products Private Limited","Private Limited","Joint Venture","Gujarat","Vadodara, Gujarat","Chemicals & Fertilisers (Specialty, Petrochemicals, Agro-chemicals)","Industrial gases","Unlisted"
"C04594","Intex Technologies (India) Limited","Private Limited","Private (Indian)","Delhi","New Delhi","Electronics & Semiconductors (ESDM)","Consumer electronics/mobile phones","Unlisted"
"C04595","Indian Immunologicals Limited","Private Limited","Central PSU","Telangana","Hyderabad, Telangana","Biotechnology & Life Sciences","Vaccines","Unlisted"
"C04596","India Kawasaki Motors Private Limited","Private Limited","Joint Venture","Maharashtra","Pune, Maharashtra","Automobile (OEMs, Auto Components, EV, Dealerships)","Two-wheelers","Unlisted"
"C04597","India Grid Trust","Other","Private (Indian)","Pan-India","Mumbai, Maharashtra","Power (Generation, Transmission, Distribution, Trading)","Power transmission InvIT","Listed-NSE+BSE"
"C04598","Jammu and Kashmir Infrastructure Development Finance Corporation Limited","Government Company (PSU)","State PSU","Jammu and Kashmir","Srinagar, Jammu and Kashmir","Government/PSU Holding & Public Administration (CPSEs, State PSUs, Statutory Corporations)","Infrastructure finance","Unlisted"
"C04599","Jayem Automotives Private Limited","Private Limited","Private (Indian)","Tamil Nadu","Coimbatore, Tamil Nadu","Automobile (OEMs, Auto Components, EV, Dealerships)","EV/automotive engineering","Unlisted"
"C04600","Jet Airways (India) Limited","Public Limited","Private (Indian)","Maharashtra","Mumbai, Maharashtra","Aviation (Airlines, Airports, MRO, Ground Handling)","Airline (under revival)","Delisted/Unknown"
"C04601","Kalaignar TV Private Limited","Private Limited","Private (Indian)","Tamil Nadu","Chennai, Tamil Nadu","Media & Entertainment (Broadcasting, OTT, Print, Advertising, Films, Gaming)","TV broadcasting","Unlisted"
"C04602","Kalnirnay Panchang Private Limited","Private Limited","Private (Indian)","Maharashtra","Mumbai, Maharashtra","Paper, Packaging & Printing","Almanac/calendar publishing","Unlisted"
"C04603","Karbonn Mobiles India Private Limited","Private Limited","Private (Indian)","Delhi","New Delhi","Electronics & Semiconductors (ESDM)","Mobile phones","Unlisted"
"C04604","Karnataka Vikas Grameena Bank","Other","Central PSU","Karnataka","Dharwad, Karnataka","Banking - Regional Rural Banks","Regional Rural Bank","Unlisted"
"C04605","Kerala Electrical and Allied Engineering Company Limited","Government Company (PSU)","State PSU","Kerala","Kochi, Kerala","Capital Goods & Engineering (Machinery, Industrial Equipment)","Electrical equipment","Unlisted"
"C04606","Kerala Irrigation Infrastructure Development Corporation Limited","Government Company (PSU)","State PSU","Kerala","Thiruvananthapuram, Kerala","Water, Waste Management & Environmental Services","Irrigation infrastructure","Unlisted"
"C04607","Kerala Rail Development Corporation Limited","Government Company (PSU)","State PSU","Kerala","Thiruvananthapuram, Kerala","Railways (Railway PSUs, Rolling Stock, Rail Infrastructure)","Rail infrastructure (K-Rail)","Unlisted"
"C04608","Kerala Small Industries Development Corporation Limited","Government Company (PSU)","State PSU","Kerala","Thiruvananthapuram, Kerala","Government/PSU Holding & Public Administration (CPSEs, State PSUs, Statutory Corporations)","MSME support (SIDCO)","Unlisted"
"C04609","Kerala Soaps and Oils Limited","Government Company (PSU)","State PSU","Kerala","Kanjikode, Kerala","FMCG","Soaps and oils","Unlisted"
"C04610","Kerala State Development Corporation for Christian Converts from Scheduled Castes and the Recommended Communities Limited","Government Company (PSU)","State PSU","Kerala","Thiruvananthapuram, Kerala","Government/PSU Holding & Public Administration (CPSEs, State PSUs, Statutory Corporations)","Welfare finance","Unlisted"
"C04611","Kerala State Industrial Enterprises Limited","Government Company (PSU)","State PSU","Kerala","Thiruvananthapuram, Kerala","Government/PSU Holding & Public Administration (CPSEs, State PSUs, Statutory Corporations)","Industrial holding (KSIE)","Unlisted"
"C04612","Keventers","Private Limited","Private (Indian)","Delhi","New Delhi","Food Processing & Beverages","Milkshakes/dairy retail","Unlisted"
"C04613","Khoday India Limited","Private Limited","Private (Indian)","Karnataka","Bengaluru, Karnataka","FMCG","Alcoholic beverages","Unlisted"
"C04614","Langpi Dehangi Rural Bank","Other","Central PSU","Assam","Diphu, Assam","Banking - Regional Rural Banks","Regional Rural Bank","Unlisted"
"C04615","Lava International Limited","Private Limited","Private (Indian)","Uttar Pradesh","Noida, Uttar Pradesh","Electronics & Semiconductors (ESDM)","Mobile phones","Unlisted"
"C04616","Zapdog Solutions Private Limited","Private Limited","Private (Indian)","Delhi","Gurugram, Haryana","E-commerce (Marketplaces, Quick Commerce)","Fashion e-commerce (LimeRoad)","Unlisted"
"C04617","Luxor Writing Instruments Private Limited","Private Limited","Private (Indian)","Delhi","New Delhi","Paper, Packaging & Printing","Pens/writing instruments","Unlisted"
"C04618","MDH Private Limited","Private Limited","Private (Indian)","Delhi","New Delhi","Food Processing & Beverages","Spices","Unlisted"
"C04619","Maharashtra Knowledge Corporation Limited","Government Company (PSU)","State PSU","Maharashtra","Pune, Maharashtra","Education (Schools, Higher Education, Ed-tech, Coaching)","IT/skill education (MKCL)","Unlisted"
"C04620","Maharashtra State Textile Corporation Limited","Government Company (PSU)","State PSU","Maharashtra","Mumbai, Maharashtra","Textiles & Apparel","Textile mills holding","Unlisted"
"C04621","Malabar Gold Private Limited","Private Limited","Private (Indian)","Kerala","Kozhikode, Kerala","Gems & Jewellery","Jewellery retail","Unlisted"
"C04622","Martin Burn Limited","Public Limited","Private (Indian)","West Bengal","Kolkata, West Bengal","Capital Goods & Engineering (Machinery, Industrial Equipment)","Engineering/holding co","Listed-BSE"
"C04623","Matter Motor Works Private Limited","Private Limited","Private (Indian)","Gujarat","Ahmedabad, Gujarat","Automobile (OEMs, Auto Components, EV, Dealerships)","Electric motorcycles","Unlisted"
"C04624","Meat Products of India Limited","Government Company (PSU)","State PSU","Kerala","Koothattukulam, Kerala","Fisheries, Dairy & Animal Husbandry","Meat processing","Unlisted"
"C04626","Micromax Informatics Limited","Private Limited","Private (Indian)","Haryana","Gurugram, Haryana","Electronics & Semiconductors (ESDM)","Mobile phones/electronics","Unlisted"
"C04627","Milk Mantra Dairy Private Limited","Private Limited","Private (Indian)","Odisha","Bhubaneswar, Odisha","Fisheries, Dairy & Animal Husbandry","Dairy products","Unlisted"
"C04628","Mufti Jeans Company Private Limited","Private Limited","Private (Indian)","Maharashtra","Mumbai, Maharashtra","Textiles & Apparel","Apparel brand","Unlisted"
"C04629","Mysore Paper Mills Limited","Public Limited","State PSU","Karnataka","Bhadravathi, Karnataka","Paper, Packaging & Printing","Paper mill","Delisted/Unknown"
"C04630","National Engineering Industries Limited","Public Limited","Private (Indian)","Rajasthan","Jaipur, Rajasthan","Automobile (OEMs, Auto Components, EV, Dealerships)","Bearings (NBC Bearings)","Listed-BSE"
"C04631","NGEF Limited","Public Limited","State PSU","Karnataka","Bengaluru, Karnataka","Capital Goods & Engineering (Machinery, Industrial Equipment)","Electrical equipment","Delisted/Unknown"
"C04632","Nalli Chinnasami Chetty","Private Limited","Private (Indian)","Tamil Nadu","Chennai, Tamil Nadu","Textiles & Apparel","Silk sarees retail","Unlisted"
"C04633","National Backward Classes Finance and Development Corporation Limited","Government Company (PSU)","Central PSU","Pan-India","New Delhi","Government/PSU Holding & Public Administration (CPSEs, State PSUs, Statutory Corporations)","Development finance (OBC)","Unlisted"
"C04634","National Handicapped Finance and Development Corporation","Government Company (PSU)","Central PSU","Pan-India","Faridabad, Haryana","Government/PSU Holding & Public Administration (CPSEs, State PSUs, Statutory Corporations)","Development finance (PwD)","Unlisted"
"C04635","National High Speed Rail Corporation Limited","Government Company (PSU)","Central PSU","Pan-India","New Delhi","Railways (Railway PSUs, Rolling Stock, Rail Infrastructure)","High-speed rail (bullet train)","Unlisted"
"C04636","National Jute Manufactures Corporation Limited","Government Company (PSU)","Central PSU","West Bengal","Kolkata, West Bengal","Textiles & Apparel","Jute manufacturing","Unlisted"
"C04637","National Minorities Development and Finance Corporation","Government Company (PSU)","Central PSU","Pan-India","New Delhi","Government/PSU Holding & Public Administration (CPSEs, State PSUs, Statutory Corporations)","Development finance (minorities)","Unlisted"
"C04638","National Safai Karamcharis Finance and Development Corporation","Government Company (PSU)","Central PSU","Pan-India","New Delhi","Government/PSU Holding & Public Administration (CPSEs, State PSUs, Statutory Corporations)","Development finance (sanitation workers)","Unlisted"
"C04639","National Scheduled Castes Finance and Development Corporation","Government Company (PSU)","Central PSU","Pan-India","New Delhi","Government/PSU Holding & Public Administration (CPSEs, State PSUs, Statutory Corporations)","Development finance (SC)","Unlisted"
"C04640","National Scheduled Tribes Finance and Development Corporation","Government Company (PSU)","Central PSU","Pan-India","New Delhi","Government/PSU Holding & Public Administration (CPSEs, State PSUs, Statutory Corporations)","Development finance (ST)","Unlisted"
"C04641","Natural Ice Cream","Private Limited","Private (Indian)","Maharashtra","Mumbai, Maharashtra","Food Processing & Beverages","Ice cream","Unlisted"
"C04642","Nippo Batteries Company Limited","Private Limited","Joint Venture","Maharashtra","Mumbai, Maharashtra","Consumer Durables & Appliances","Dry-cell batteries","Unlisted"
"C04643","Nivia Sports International Limited","Private Limited","Private (Indian)","Punjab","Jalandhar, Punjab","Sports (Leagues, Federations, Fitness)","Sports goods","Unlisted"
"C04644","North Eastern Electricity Supply Company of Odisha Limited","Private Limited","State PSU","Odisha","Balasore, Odisha","Power (Generation, Transmission, Distribution, Trading)","Power distribution (NESCO)","Unlisted"
"C04645","Nuziveedu Seeds Limited","Private Limited","Private (Indian)","Telangana","Hyderabad, Telangana","Agriculture (Agri-inputs, Seeds, Agri-tech, Plantations)","Seeds","Unlisted"
"C04646","Odisha Industrial Infrastructure Development Corporation","Government Company (PSU)","State PSU","Odisha","Bhubaneswar, Odisha","Government/PSU Holding & Public Administration (CPSEs, State PSUs, Statutory Corporations)","Industrial infrastructure (IDCO)","Unlisted"
"C04647","Organic India Private Limited","Private Limited","MNC Subsidiary","Uttar Pradesh","Lucknow, Uttar Pradesh","FMCG","Organic/herbal foods","Unlisted"
"C04649","Oushadhi (Pharmaceutical Corporation Indian Medicines) Kerala Limited","Government Company (PSU)","State PSU","Kerala","Thrissur, Kerala","Pharma (Formulations, API, CDMO)","Ayurvedic medicines","Unlisted"
"C04650","Oravel Stays Limited","Private Limited","Private (Indian)","Karnataka","Gurugram, Haryana","Hospitality & Tourism (Hotels, Restaurants, Travel, Airlines Catering)","Budget hotel aggregator (OYO)","Unlisted"
"C04651","PEPSU Road Transport Corporation","Statutory Corporation","State PSU","Punjab","Patiala, Punjab","Roads & Highways (Toll, Concessionaires)","State road transport","Unlisted"
"C04652","PGP Glass Private Limited","Private Limited","Private (Indian)","Maharashtra","Mumbai, Maharashtra","Cement & Building Materials","Glass packaging","Unlisted"
"C04653","Pankajakasthuri Herbals India Private Limited","Private Limited","Private (Indian)","Kerala","Thiruvananthapuram, Kerala","Pharma (Formulations, API, CDMO)","Ayurvedic products","Unlisted"
"C04654","Provogue (India) Limited","Public Limited","Private (Indian)","Maharashtra","Mumbai, Maharashtra","Textiles & Apparel","Apparel retail","Delisted/Unknown"
"C04655","Punj Lloyd Limited","Public Limited","Private (Indian)","Haryana","Gurugram, Haryana","Construction & Infrastructure (EPC, Contractors)","EPC/construction","Delisted/Unknown"
"C04657","RRB Energy Limited","Public Limited","Private (Indian)","Delhi","New Delhi","Renewable Energy (Solar, Wind, Green Hydrogen)","Wind turbines","Listed-BSE"
"C04658","Ramraj Cotton","Private Limited","Private (Indian)","Tamil Nadu","Tiruppur, Tamil Nadu","Textiles & Apparel","Dhoti/textiles retail","Unlisted"
"C04659","Rediff.com India Limited","Public Limited","Private (Indian)","Maharashtra","Mumbai, Maharashtra","Media & Entertainment (Broadcasting, OTT, Print, Advertising, Films, Gaming)","Internet portal","Delisted/Unknown"
"C04660","ReNew Power Private Limited","Private Limited","Private (Indian)","Haryana","Gurugram, Haryana","Renewable Energy (Solar, Wind, Green Hydrogen)","Solar/wind power generation","Unlisted"
"C04661","Rockman Industries Limited","Private Limited","Private (Indian)","Punjab","Ludhiana, Punjab","Automobile (OEMs, Auto Components, EV, Dealerships)","Auto components (castings)","Unlisted"
"C04662","Rolta India Limited","Public Limited","Private (Indian)","Maharashtra","Mumbai, Maharashtra","IT/ITeS (Software, BPO/KPO, GCCs, SaaS)","GIS/engineering software","Delisted/Unknown"
"C04663","Rotomac Global Private Limited","Private Limited","Private (Indian)","Uttar Pradesh","Kanpur, Uttar Pradesh","Paper, Packaging & Printing","Pens/writing instruments","Unlisted"
"C04664","Salora International Limited","Public Limited","Private (Indian)","Delhi","New Delhi","Electronics & Semiconductors (ESDM)","Consumer electronics","Listed-BSE"
"C04665","Saravana Stores","Private Limited","Private (Indian)","Tamil Nadu","Chennai, Tamil Nadu","Retail (Offline, Organised Retail, Jewellery)","Department store retail","Unlisted"
"C04666","Sareen Sports Industries Private Limited","Private Limited","Private (Indian)","Punjab","Jalandhar, Punjab","Sports (Leagues, Federations, Fitness)","Cricket bats (SS brand)","Unlisted"
"C04667","Sarvatra Technologies Private Limited","Private Limited","Private (Indian)","Maharashtra","Pune, Maharashtra","Payments & Fintech (PA/PG, PPI, Account Aggregators, Digital Lending)","Banking/payments software","Unlisted"
"C04668","Security Printing and Minting Corporation of India Limited","Government Company (PSU)","Central PSU","Pan-India","New Delhi","Government/PSU Holding & Public Administration (CPSEs, State PSUs, Statutory Corporations)","Currency/security printing (SPMCIL)","Unlisted"
"C04670","Sikkim Nationalised Transport","Statutory Corporation","State PSU","Sikkim","Gangtok, Sikkim","Roads & Highways (Toll, Concessionaires)","State road transport","Unlisted"
"C04671","Simmtronics Semiconductors Limited","Private Limited","Private (Indian)","Delhi","New Delhi","Electronics & Semiconductors (ESDM)","Memory/electronics products","Unlisted"
"C04672","Solar Energy Corporation of India Limited","Government Company (PSU)","Central PSU","Pan-India","New Delhi","Renewable Energy (Solar, Wind, Green Hydrogen)","Solar power development (SECI)","Unlisted"
"C04673","International Tractors Limited","Private Limited","Private (Indian)","Punjab","Hoshiarpur, Punjab","Automobile (OEMs, Auto Components, EV, Dealerships)","Tractors (Sonalika)","Unlisted"
"C04674","Sonodyne International Private Limited","Private Limited","Private (Indian)","West Bengal","Kolkata, West Bengal","Consumer Durables & Appliances","Audio equipment","Unlisted"
"C04676","Star Air (Ghodawat Enterprises Private Limited)","Private Limited","Private (Indian)","Karnataka","Bengaluru, Karnataka","Aviation (Airlines, Airports, MRO, Ground Handling)","Regional airline","Unlisted"
"C04677","Su-Kam Power Systems Limited","Private Limited","Private (Indian)","Delhi","New Delhi","Consumer Durables & Appliances","Inverters/power backup","Unlisted"
"C04678","Synthite Industries Limited","Private Limited","Private (Indian)","Kerala","Kochi, Kerala","Food Processing & Beverages","Spice oleoresins/extracts","Unlisted"
"C04679","Tally Solutions Private Limited","Private Limited","Private (Indian)","Karnataka","Bengaluru, Karnataka","IT/ITeS (Software, BPO/KPO, GCCs, SaaS)","Accounting software","Unlisted"
"C04680","Tamil Nadu Generation and Distribution Corporation Limited","Government Company (PSU)","State PSU","Tamil Nadu","Chennai, Tamil Nadu","Power (Generation, Transmission, Distribution, Trading)","Power generation & distribution (TANGEDCO)","Unlisted"
"C04681","Tamil Nadu Industrial Explosives Limited","Government Company (PSU)","State PSU","Tamil Nadu","Chennai, Tamil Nadu","Chemicals & Fertilisers (Specialty, Petrochemicals, Agro-chemicals)","Industrial explosives","Unlisted"
"C04682","Tamil Nadu Magnesite Limited","Government Company (PSU)","State PSU","Tamil Nadu","Salem, Tamil Nadu","Coal & Mining (Coal, Metals, Minerals)","Magnesite mining","Unlisted"
"C04683","Tamil Nadu Sugar Corporation Limited","Government Company (PSU)","State PSU","Tamil Nadu","Chennai, Tamil Nadu","Food Processing & Beverages","Sugar mills","Unlisted"
"C04685","Tata Housing Development Company Limited","Private Limited","Private (Indian)","Maharashtra","Mumbai, Maharashtra","Real Estate (Developers, REITs/InvITs, Brokers)","Real estate developer","Unlisted"
"C04686","TajAir Limited","Private Limited","Joint Venture","Maharashtra","Mumbai, Maharashtra","Aviation (Airlines, Airports, MRO, Ground Handling)","Charter aviation","Unlisted"
"C04687","The Kerala Ceramics Limited","Government Company (PSU)","State PSU","Kerala","Kundara, Kerala","Cement & Building Materials","Ceramics","Unlisted"
"C04689","The Postcard Hotel Private Limited","Private Limited","Private (Indian)","Maharashtra","Mumbai, Maharashtra","Hospitality & Tourism (Hotels, Restaurants, Travel, Airlines Catering)","Boutique hotels","Unlisted"
"C04690","Tractors and Farm Equipment Limited","Private Limited","Private (Indian)","Tamil Nadu","Chennai, Tamil Nadu","Automobile (OEMs, Auto Components, EV, Dealerships)","Tractors (TAFE)","Unlisted"
"C04691","Transformers and Electricals Kerala Limited","Government Company (PSU)","State PSU","Kerala","Angamaly, Kerala","Capital Goods & Engineering (Machinery, Industrial Equipment)","Power transformers","Unlisted"
"C04692","Travancore Cochin Chemicals Limited","Government Company (PSU)","State PSU","Kerala","Udyogamandal, Kerala","Chemicals & Fertilisers (Specialty, Petrochemicals, Agro-chemicals)","Caustic soda/chlor-alkali","Unlisted"
"C04693","Troikaa Pharmaceuticals Limited","Private Limited","Private (Indian)","Gujarat","Ahmedabad, Gujarat","Pharma (Formulations, API, CDMO)","Formulations","Unlisted"
"C04695","Uttarakhand Transport Corporation","Statutory Corporation","State PSU","Uttarakhand","Dehradun, Uttarakhand","Roads & Highways (Toll, Concessionaires)","State road transport","Unlisted"
"C04696","Vicco Laboratories","Private Limited","Private (Indian)","Maharashtra","Mumbai, Maharashtra","FMCG","Ayurvedic personal care","Unlisted"
"C04697","Videocon Industries Limited","Public Limited","Private (Indian)","Maharashtra","Mumbai, Maharashtra","Consumer Durables & Appliances","Consumer electronics (holding co.)","Delisted/Unknown"
"C04698","Vijay Sales","Private Limited","Private (Indian)","Maharashtra","Mumbai, Maharashtra","Retail (Offline, Organised Retail, Jewellery)","Consumer electronics retail","Unlisted"
"C04699","Voltas Beko Home Appliances Private Limited","Private Limited","Joint Venture","Maharashtra","Mumbai, Maharashtra","Consumer Durables & Appliances","Home appliances JV","Unlisted"
"C04701","Wildcraft India Private Limited","Private Limited","Private (Indian)","Karnataka","Bengaluru, Karnataka","Textiles & Apparel","Outdoor gear/apparel","Unlisted"
"C04702","Zandu Realty Limited","Public Limited","Private (Indian)","Maharashtra","Mumbai, Maharashtra","Real Estate (Developers, REITs/InvITs, Brokers)","Real estate (formerly Zandu Pharmaceutical Works)","Listed-BSE"
"C04703","A. H. Wheeler and Co. Private Limited","Private Limited","Private (Indian)","Uttar Pradesh","Allahabad","Retail (Offline, Organised Retail, Jewellery)","Railway bookstalls","Unlisted"
"C04704","AGS Entertainment Private Limited","Private Limited","Private (Indian)","Tamil Nadu","Chennai","Media & Entertainment (Broadcasting, OTT, Print, Advertising, Films, Gaming)","Film production","Unlisted"
"C04705","AVM Productions","Partnership Firm","Private (Indian)","Tamil Nadu","Chennai","Media & Entertainment (Broadcasting, OTT, Print, Advertising, Films, Gaming)","Film production","Unlisted"
"C04706","Aashirvad Cinemas","Private Limited","Private (Indian)","Kerala","Kerala","Media & Entertainment (Broadcasting, OTT, Print, Advertising, Films, Gaming)","Cinema exhibition","Unlisted"
"C04707","Adyar Ananda Bhavan","Private Limited","Private (Indian)","Tamil Nadu","Chennai","Food Processing & Beverages","Sweets/restaurants","Unlisted"
"C04708","Air Charter Services Private Limited","Private Limited","Private (Indian)","Maharashtra","Mumbai","Aviation (Airlines, Airports, MRO, Ground Handling)","Charter services","Unlisted"
"C04709","Akshayakalpa Organic Farms Private Limited","Private Limited","Private (Indian)","Karnataka","Tiptur","Fisheries, Dairy & Animal Husbandry","Organic dairy","Unlisted"
"C04710","Alliance Air (Airline Allied Services Limited)","Government Company (PSU)","Central PSU","Pan-India","New Delhi","Aviation (Airlines, Airports, MRO, Ground Handling)","Regional airline","Unlisted"
"C04711","Amartex Industries Limited","Public Limited","Private (Indian)","Punjab","Dhuri","Textiles & Apparel","","Listed-BSE"
"C04712","Amco Batteries Limited","Private Limited","MNC Subsidiary","Karnataka","Bengaluru","Automobile (OEMs, Auto Components, EV, Dealerships)","Batteries","Unlisted"
"C04713","Amkette Analytics Limited","Private Limited","Private (Indian)","Delhi","Delhi","Consumer Durables & Appliances","","Unlisted"
"C04714","Amrapali Jewels Private Limited","Private Limited","Private (Indian)","Rajasthan","Jaipur","Gems & Jewellery","","Unlisted"
"C04715","Ananda Publishers Private Limited","Private Limited","Private (Indian)","West Bengal","Kolkata","Media & Entertainment (Broadcasting, OTT, Print, Advertising, Films, Gaming)","Publishing","Unlisted"
"C04716","Andhra Pradesh Airports Development Corporation Limited","Government Company (PSU)","State PSU","Andhra Pradesh","Vijayawada","Aviation (Airlines, Airports, MRO, Ground Handling)","Airport development","Unlisted"
"C04717","Andhra Pradesh State FiberNet Limited","Government Company (PSU)","State PSU","Andhra Pradesh","Amaravati","Telecom (Telecom Services, Equipment, Towers, ISPs)","Broadband","Unlisted"
"C04718","Annapurna Studios Private Limited","Private Limited","Private (Indian)","Telangana","Hyderabad","Media & Entertainment (Broadcasting, OTT, Print, Advertising, Films, Gaming)","Film production","Unlisted"
"C04719","Anokhi (India) Private Limited","Private Limited","Private (Indian)","Rajasthan","Jaipur","Textiles & Apparel","","Unlisted"
"C04720","Arun Icecreams","Proprietorship","Private (Indian)","Tamil Nadu","Coimbatore","Food Processing & Beverages","Ice cream","Unlisted"
"C04721","Arunachal Pradesh State Transport Services","Statutory Corporation","State PSU","Arunachal Pradesh","Itanagar","Logistics & Warehousing","Road transport","Unlisted"
"C04722","Arya Vaidya Sala","Trust/Society","Trust/Society","Kerala","Kottakkal","Pharma (Formulations, API, CDMO)","Ayurveda","Unlisted"
"C04723","Asian Cinemas Private Limited","Private Limited","Private (Indian)","Telangana","Hyderabad","Media & Entertainment (Broadcasting, OTT, Print, Advertising, Films, Gaming)","Cinema exhibition","Unlisted"
"C04724","Asianet News Network Private Limited","Private Limited","Private (Indian)","Kerala","Thiruvananthapuram","Media & Entertainment (Broadcasting, OTT, Print, Advertising, Films, Gaming)","News broadcasting","Unlisted"
"C04725","Asianet Satellite Communications Limited","Private Limited","Private (Indian)","Kerala","Kochi","Media & Entertainment (Broadcasting, OTT, Print, Advertising, Films, Gaming)","Cable TV","Unlisted"
"C04726","Atlas Jewellery India Private Limited","Private Limited","Private (Indian)","Kerala","Kozhikode","Gems & Jewellery","","Unlisted"
"C04727","Quintillion Business Media Private Limited","Private Limited","Private (Indian)","Delhi","New Delhi","Media & Entertainment (Broadcasting, OTT, Print, Advertising, Films, Gaming)","Business news (BQ Prime)","Unlisted"
"C04728","Bagmane Developers Private Limited","Private Limited","Private (Indian)","Karnataka","Bengaluru","Real Estate (Developers, REITs/InvITs, Brokers)","","Unlisted"
"C04729","Bahrisons Booksellers","Partnership Firm","Private (Indian)","Delhi","New Delhi","Retail (Offline, Organised Retail, Jewellery)","Bookstore","Unlisted"
"C04730","Sri Baidyanath Ayurved Bhawan Private Limited","Private Limited","Private (Indian)","Uttar Pradesh","Jhansi","Pharma (Formulations, API, CDMO)","Ayurveda","Unlisted"
"C04731","Bajaao Retail Private Limited","Private Limited","Private (Indian)","Maharashtra","Mumbai","E-commerce (Marketplaces, Quick Commerce)","Musical instruments","Unlisted"
"C04732","Ballarpur Industries Limited","Public Limited","Private (Indian)","Maharashtra","Mumbai","Paper, Packaging & Printing","","Listed-BSE"
"C04733","Bandhan Life Insurance Limited","Private Limited","Private (Indian)","West Bengal","Kolkata","Insurance (Life, General, Health, Reinsurance, Brokers/Surveyors)","Life insurance","Unlisted"
"C04734","Barbeque Nation Hospitality Limited","Public Limited","Private (Indian)","Karnataka","Bengaluru","Hospitality & Tourism (Hotels, Restaurants, Travel, Airlines Catering)","Restaurants","Listed-NSE+BSE"
"C04735","Bengal Chemicals and Pharmaceuticals Limited","Government Company (PSU)","Central PSU","West Bengal","Kolkata","Pharma (Formulations, API, CDMO)","","Unlisted"
"C04736","Bengaluru Metropolitan Transport Corporation","Statutory Corporation","State PSU","Karnataka","Bengaluru","Logistics & Warehousing","Public bus transport","Unlisted"
"C04737","Bharat Gas Resources Limited","Government Company (PSU)","Central PSU","Maharashtra","Mumbai","Oil & Gas (Upstream, Midstream, Downstream, CGD, Retail Fuel)","City gas distribution","Unlisted"
"C04738","Bharat PetroResources Limited","Government Company (PSU)","Central PSU","Maharashtra","Mumbai","Oil & Gas (Upstream, Midstream, Downstream, CGD, Retail Fuel)","Upstream E&P","Unlisted"
"C04739","Bharathi Puthakalayam","Partnership Firm","Private (Indian)","Tamil Nadu","Chennai","Media & Entertainment (Broadcasting, OTT, Print, Advertising, Films, Gaming)","Publishing","Unlisted"
"C04740","Bramhani Industries Limited","Public Limited","Private (Indian)","Odisha","Odisha","Metals & Steel (Steel, Aluminium, Copper, Foundries)","Steel","Unlisted"
"C04741","Brihan Maharashtra Sugar Syndicate Limited","Public Limited","Private (Indian)","Maharashtra","Pune","Food Processing & Beverages","Sugar","Listed-BSE"
"C04742","Braithwaite, Burn & Jessop Construction Company Limited","Government Company (PSU)","Central PSU","West Bengal","Kolkata","Construction & Infrastructure (EPC, Contractors)","","Unlisted"
"C04743","G. D. Pharmaceuticals Private Limited","Private Limited","Private (Indian)","West Bengal","Kolkata","Pharma (Formulations, API, CDMO)","OTC","Unlisted"
"C04744","Kali Mark Private Limited","Private Limited","Private (Indian)","Tamil Nadu","Chennai","Food Processing & Beverages","Soft drinks","Unlisted"
"C04745","Perfetti Van Melle India Private Limited","Private Limited","MNC Subsidiary","Haryana","Manesar","FMCG","Confectionery","Unlisted"
"C04746","Candico (India) Limited","Public Limited","Private (Indian)","West Bengal","Kolkata","Food Processing & Beverages","Confectionery","Listed-BSE"
"C04748","Carnival Technologies Private Limited","Private Limited","Private (Indian)","Maharashtra","Mumbai","Media & Entertainment (Broadcasting, OTT, Print, Advertising, Films, Gaming)","Cinema exhibition","Unlisted"
"C04749","Celkon Mobiles India Private Limited","Private Limited","Private (Indian)","Telangana","Hyderabad","Consumer Durables & Appliances","Mobile phones","Unlisted"
"C04750","Centre for Railway Information Systems","Trust/Society","Trust/Society","Delhi","New Delhi","Railways (Railway PSUs, Rolling Stock, Rail Infrastructure)","IT systems","Unlisted"
"C04751","The Chennai Silks","Private Limited","Private (Indian)","Tamil Nadu","Chennai","Retail (Offline, Organised Retail, Jewellery)","Sarees/textiles","Unlisted"
"C04752","Chitale Bandhu Mithaiwale","Partnership Firm","Private (Indian)","Maharashtra","Pune","Food Processing & Beverages","Sweets","Unlisted"
"C04753","Cinevistaas Limited","Public Limited","Private (Indian)","Maharashtra","Mumbai","Media & Entertainment (Broadcasting, OTT, Print, Advertising, Films, Gaming)","","Listed-BSE"
"C04754","Blink Commerce Private Limited","Private Limited","Private (Indian)","Delhi","Gurugram","E-commerce (Marketplaces, Quick Commerce)","Quick commerce","Unlisted"
"C04755","Bonn Nutrients Private Limited","Private Limited","Private (Indian)","Punjab","Panchkula","Food Processing & Beverages","Bread/bakery","Unlisted"
"C04756","Club One Air Private Limited","Private Limited","Private (Indian)","Delhi","New Delhi","Aviation (Airlines, Airports, MRO, Ground Handling)","Charter airline","Unlisted"
"C04757","Comviva Technologies Limited","Private Limited","Private (Indian)","Karnataka","Bengaluru","Telecom (Telecom Services, Equipment, Towers, ISPs)","Telecom software","Unlisted"
"C04758","Crossword Bookstores Limited","Private Limited","Private (Indian)","Maharashtra","Mumbai","Retail (Offline, Organised Retail, Jewellery)","Bookstore chain","Unlisted"
"C04759","Cybage Software Private Limited","Private Limited","Private (Indian)","Maharashtra","Pune","IT/ITeS (Software, BPO/KPO, GCCs, SaaS)","","Unlisted"
"C04760","DC Books Private Limited","Private Limited","Private (Indian)","Kerala","Kottayam","Media & Entertainment (Broadcasting, OTT, Print, Advertising, Films, Gaming)","Publishing","Unlisted"
"C04761","Delhi Press Patra Prakashan Private Limited","Private Limited","Private (Indian)","Delhi","New Delhi","Media & Entertainment (Broadcasting, OTT, Print, Advertising, Films, Gaming)","Publishing","Unlisted"
"C04762","Ushodaya Enterprises Private Limited","Private Limited","Private (Indian)","Telangana","Hyderabad","Media & Entertainment (Broadcasting, OTT, Print, Advertising, Films, Gaming)","TV broadcasting (ETV Network)","Unlisted"
"C04763","ArcelorMittal Nippon Steel India Limited","Private Limited","Joint Venture","Gujarat","Mumbai","Metals & Steel (Steel, Aluminium, Copper, Foundries)","Steel","Unlisted"
"C04764","Exotel Techcom Private Limited","Private Limited","Private (Indian)","Karnataka","Bengaluru","Telecom (Telecom Services, Equipment, Towers, ISPs)","Cloud telephony","Unlisted"
"C04765","Export Credit Guarantee Corporation of India Limited","Government Company (PSU)","Central PSU","Maharashtra","Mumbai","Insurance (Life, General, Health, Reinsurance, Brokers/Surveyors)","Export credit insurance","Unlisted"
"C04766","Eylex Films Private Limited","Private Limited","Private (Indian)","Delhi","New Delhi","Media & Entertainment (Broadcasting, OTT, Print, Advertising, Films, Gaming)","Cinema exhibition (Eylex Cinemas)","Unlisted"
"C04767","Fabindia Overseas Private Limited","Private Limited","Private (Indian)","Delhi","New Delhi","Textiles & Apparel","Retail","Unlisted"
"C04768","Ferro Alloys Corporation Limited","Public Limited","Private (Indian)","Odisha","Bhubaneswar","Metals & Steel (Steel, Aluminium, Copper, Foundries)","Ferro alloys","Unlisted"
"C04769","Fluentgrid Limited","Private Limited","Private (Indian)","Andhra Pradesh","Visakhapatnam","Power (Generation, Transmission, Distribution, Trading)","Smart grid software","Unlisted"
"C04770","Foradian Technologies Private Limited","Private Limited","Private (Indian)","Karnataka","Bengaluru","Education (Schools, Higher Education, Ed-tech, Coaching)","Ed-tech (Fedena)","Unlisted"
"C04771","Freshworks Technologies Private Limited","Private Limited","MNC Subsidiary","Tamil Nadu","Chennai","IT/ITeS (Software, BPO/KPO, GCCs, SaaS)","SaaS","Unlisted"
"C04772","Fujitsu Consulting India Private Limited","Private Limited","MNC Subsidiary","Karnataka","Bengaluru","IT/ITeS (Software, BPO/KPO, GCCs, SaaS)","","Unlisted"
"C04773","Furlenco (Rent Alpha Private Limited)","Private Limited","Private (Indian)","Karnataka","Bengaluru","E-commerce (Marketplaces, Quick Commerce)","Furniture rental","Unlisted"
"C04774","Furtados Music Private Limited","Private Limited","Private (Indian)","Maharashtra","Mumbai","Retail (Offline, Organised Retail, Jewellery)","Musical instruments","Unlisted"
"C04775","FusionCharts (InfoSoft Global Private Limited)","Private Limited","Private (Indian)","Karnataka","Bengaluru","IT/ITeS (Software, BPO/KPO, GCCs, SaaS)","Charting software","Unlisted"
"C04776","Shopsense Retail Technologies Private Limited","Private Limited","Private (Indian)","Maharashtra","Mumbai","E-commerce (Marketplaces, Quick Commerce)","Retail-tech (Fynd)","Unlisted"
"C04777","G Pulla Reddy Sweets","Proprietorship","Private (Indian)","Telangana","Hyderabad","Food Processing & Beverages","Sweets","Unlisted"
"C04778","Geetha Arts","Partnership Firm","Private (Indian)","Telangana","Hyderabad","Media & Entertainment (Broadcasting, OTT, Print, Advertising, Films, Gaming)","Film production","Unlisted"
"C04779","Genpact India Private Limited","Private Limited","MNC Subsidiary","Haryana","Gurugram","IT/ITeS (Software, BPO/KPO, GCCs, SaaS)","BPO/KPO","Unlisted"
"C04780","Globus Stores Private Limited","Private Limited","Private (Indian)","Maharashtra","Mumbai","Retail (Offline, Organised Retail, Jewellery)","Apparel retail","Unlisted"
"C04781","Goldmines Telefilms Private Limited","Private Limited","Private (Indian)","Delhi","New Delhi","Media & Entertainment (Broadcasting, OTT, Print, Advertising, Films, Gaming)","Film distribution","Unlisted"
"C04782","Gujarat State Energy Generation Limited","Government Company (PSU)","State PSU","Gujarat","Gandhinagar","Power (Generation, Transmission, Distribution, Trading)","Power generation JV","Unlisted"
"C04783","HRH Group of Hotels","Private Limited","Private (Indian)","Rajasthan","Udaipur","Hospitality & Tourism (Hotels, Restaurants, Travel, Airlines Catering)","Heritage hotels","Unlisted"
"C04784","Haptik Technologies Private Limited","Private Limited","Private (Indian)","Maharashtra","Mumbai","IT/ITeS (Software, BPO/KPO, GCCs, SaaS)","Conversational AI","Unlisted"
"C04785","Harbinger Knowledge Products Private Limited","Private Limited","Private (Indian)","Maharashtra","Pune","Education (Schools, Higher Education, Ed-tech, Coaching)","Learning technology","Unlisted"
"C04786","Harvest Gold Foods Private Limited","Private Limited","Private (Indian)","Haryana","Faridabad","Food Processing & Beverages","Bakery","Unlisted"
"C04787","Hello Curry","Private Limited","Private (Indian)","Telangana","Hyderabad","Hospitality & Tourism (Hotels, Restaurants, Travel, Airlines Catering)","Food delivery/QSR","Unlisted"
"C04788","Higginbothams Private Limited","Private Limited","Private (Indian)","Tamil Nadu","Chennai","Retail (Offline, Organised Retail, Jewellery)","Bookstore","Unlisted"
"C04789","Himalaya Wellness Company","Private Limited","Private (Indian)","Karnataka","Bengaluru","Pharma (Formulations, API, CDMO)","Ayurveda/FMCG","Unlisted"
"C04790","Grexit Software Private Limited","Private Limited","Private (Indian)","Karnataka","Bengaluru","IT/ITeS (Software, BPO/KPO, GCCs, SaaS)","Email productivity SaaS (Hiver)","Unlisted"
"C04791","REA India Private Limited","Private Limited","MNC Subsidiary","Maharashtra","Mumbai","Real Estate (Developers, REITs/InvITs, Brokers)","Real estate portal (Housing.com)","Unlisted"
"C04792","IBall","Private Limited","Private (Indian)","Maharashtra","Mumbai","Consumer Durables & Appliances","Consumer electronics","Unlisted"
"C04793","ICT Academy","Section 8 Company","Trust/Society","Tamil Nadu","Chennai","Education (Schools, Higher Education, Ed-tech, Coaching)","Skill development","Unlisted"
"C04794","IndianGiftsPortal.com (IGP) Private Limited","Private Limited","Private (Indian)","Delhi","New Delhi","E-commerce (Marketplaces, Quick Commerce)","Gifting","Unlisted"
"C04795","IREL (India) Limited","Government Company (PSU)","Central PSU","Kerala","Kollam","Coal & Mining (Coal, Metals, Minerals)","Rare earths","Unlisted"
"C04796","ITV Network (India) Limited","Private Limited","Private (Indian)","Delhi","New Delhi","Media & Entertainment (Broadcasting, OTT, Print, Advertising, Films, Gaming)","Regional news TV","Unlisted"
"C04797","Infosys Consulting Private Limited","Private Limited","Private (Indian)","Karnataka","Bengaluru","Consulting & Professional Services (CA/CS/Cost firms, Management Consulting, Audit)","IT consulting","Unlisted"
"C04798","Integral Coach Factory","Government Company (PSU)","Central PSU","Tamil Nadu","Chennai","Railways (Railway PSUs, Rolling Stock, Rail Infrastructure)","Rolling stock manufacturing","Unlisted"
"C04799","Intuit India Product Development Center Private Limited","Private Limited","MNC Subsidiary","Karnataka","Bengaluru","IT/ITeS (Software, BPO/KPO, GCCs, SaaS)","","Unlisted"
"C04800","Jaipan Industries Private Limited","Private Limited","Private (Indian)","Delhi","New Delhi","Consumer Durables & Appliances","Kitchen appliances","Unlisted"
"C04801","Janaadhar (India) Private Limited","Private Limited","Private (Indian)","Karnataka","Bengaluru","Real Estate (Developers, REITs/InvITs, Brokers)","","Unlisted"
"C04802","Jos Alukkas India Private Limited","Private Limited","Private (Indian)","Kerala","Thrissur","Gems & Jewellery","","Unlisted"
"C04803","Jumbo King Foods Private Limited","Private Limited","Private (Indian)","Maharashtra","Mumbai","Hospitality & Tourism (Hotels, Restaurants, Travel, Airlines Catering)","QSR (vada pav)","Unlisted"
"C04804","K. C. Das Grandsons","Partnership Firm","Private (Indian)","West Bengal","Kolkata","Food Processing & Beverages","Sweets (rasgulla)","Unlisted"
"C04805","KDDI India Private Limited","Private Limited","MNC Subsidiary","Maharashtra","Mumbai","Telecom (Telecom Services, Equipment, Towers, ISPs)","","Unlisted"
"C04806","KLG Systel Limited","Public Limited","Private (Indian)","Delhi","New Delhi","IT/ITeS (Software, BPO/KPO, GCCs, SaaS)","","Listed-BSE"
"C04807","K. P. Namboodiri's Vaidyasala","Private Limited","Private (Indian)","Kerala","Thrissur","Pharma (Formulations, API, CDMO)","Ayurveda/cosmetics","Unlisted"
"C04808","KRG Studios Private Limited","Private Limited","Private (Indian)","Tamil Nadu","Chennai","Media & Entertainment (Broadcasting, OTT, Print, Advertising, Films, Gaming)","Film production","Unlisted"
"C04809","Kalnirnay Prakashan Private Limited","Private Limited","Private (Indian)","Maharashtra","Mumbai","Media & Entertainment (Broadcasting, OTT, Print, Advertising, Films, Gaming)","Publishing (almanac)","Unlisted"
"C04810","Kalyan Silks","Private Limited","Private (Indian)","Kerala","Thrissur","Retail (Offline, Organised Retail, Jewellery)","Sarees/textiles","Unlisted"
"C04811","Karachi Bakery Private Limited","Private Limited","Private (Indian)","Telangana","Hyderabad","Food Processing & Beverages","Bakery","Unlisted"
"C04812","Katha (NGO)","Trust/Society","Trust/Society","Delhi","New Delhi","Education (Schools, Higher Education, Ed-tech, Coaching)","Literacy NGO","Unlisted"
"C04813","Kaveri Grameena Bank","Government Company (PSU)","Joint Venture","Karnataka","Mysuru","Banking - Regional Rural Banks","","Unlisted"
"C04814","Kavithalayaa Productions","Private Limited","Private (Indian)","Tamil Nadu","Chennai","Media & Entertainment (Broadcasting, OTT, Print, Advertising, Films, Gaming)","Film production","Unlisted"
"C04815","Kerala Fibre Optic Network Limited","Government Company (PSU)","State PSU","Kerala","Thiruvananthapuram","Telecom (Telecom Services, Equipment, Towers, ISPs)","Broadband","Unlisted"
"C04816","Kerala Grameena Bank","Government Company (PSU)","Joint Venture","Kerala","Thiruvananthapuram","Banking - Regional Rural Banks","","Unlisted"
"C04817","Kerala Urban Road Transport Corporation","Statutory Corporation","State PSU","Kerala","Thiruvananthapuram","Logistics & Warehousing","Urban bus transport","Unlisted"
"C04818","Khadi and Village Industries Commission","Statutory Corporation","Central PSU","Maharashtra","Mumbai","Textiles & Apparel","Khadi/handicrafts","Unlisted"
"C04819","Kerala Communicators Cable Limited","Private Limited","Private (Indian)","Kerala","Kochi","Media & Entertainment (Broadcasting, OTT, Print, Advertising, Films, Gaming)","Cable/OTT (Klikk)","Unlisted"
"C04820","Krishna Grameena Bank","Government Company (PSU)","Joint Venture","Karnataka","Gulbarga","Banking - Regional Rural Banks","","Unlisted"
"C04821","Laxmi Misthan Bhandar (LMB Hotel)","Proprietorship","Private (Indian)","Rajasthan","Jaipur","Hospitality & Tourism (Hotels, Restaurants, Travel, Airlines Catering)","Restaurant/sweets","Unlisted"
"C04822","Lahari Music","Private Limited","Private (Indian)","Karnataka","Bengaluru","Media & Entertainment (Broadcasting, OTT, Print, Advertising, Films, Gaming)","Music label","Unlisted"
"C04823","Lifestyle International (India) Private Limited","Private Limited","MNC Subsidiary","Karnataka","Bengaluru","Retail (Offline, Organised Retail, Jewellery)","Department stores","Unlisted"
"C04824","Style North Star Private Limited","Private Limited","Private (Indian)","Haryana","Gurugram","E-commerce (Marketplaces, Quick Commerce)","Fashion e-commerce (LimeRoad)","Unlisted"
"C04825","Limtex Tea & Industries Limited","Public Limited","Private (Indian)","West Bengal","Kolkata","Agriculture (Agri-inputs, Seeds, Agri-tech, Plantations)","Tea","Listed-BSE"
"C04826","Logix Group","Private Limited","Private (Indian)","Uttar Pradesh","Noida","Real Estate (Developers, REITs/InvITs, Brokers)","","Unlisted"
"C04827","Lohia Machinery Limited","Public Limited","Private (Indian)","Uttar Pradesh","Noida","Capital Goods & Engineering (Machinery, Industrial Equipment)","Textile machinery","Listed-BSE"
"C04828","LuLu Group India","Private Limited","MNC Subsidiary","Kerala","Kochi","Retail (Offline, Organised Retail, Jewellery)","Hypermarkets/malls","Unlisted"
"C04829","Luxmi Estates & Developers Private Limited","Private Limited","Private (Indian)","West Bengal","Kolkata","Real Estate (Developers, REITs/InvITs, Brokers)","","Unlisted"
"C04830","Maddock Films Private Limited","Private Limited","Private (Indian)","Maharashtra","Mumbai","Media & Entertainment (Broadcasting, OTT, Print, Advertising, Films, Gaming)","Film production","Unlisted"
"C04831","Madhura Audio","Private Limited","Private (Indian)","Kerala","Kochi","Media & Entertainment (Broadcasting, OTT, Print, Advertising, Films, Gaming)","Music label","Unlisted"
"C04832","Magicpin (Samast Technologies Private Limited)","Private Limited","Private (Indian)","Delhi","Gurugram","E-commerce (Marketplaces, Quick Commerce)","Hyperlocal discovery/rewards","Unlisted"
"C04833","Makuta VFX Private Limited","Private Limited","Private (Indian)","Karnataka","Bengaluru","Media & Entertainment (Broadcasting, OTT, Print, Advertising, Films, Gaming)","VFX studio","Unlisted"
"C04835","Mass Appeal India","Private Limited","Joint Venture","Maharashtra","Mumbai","Media & Entertainment (Broadcasting, OTT, Print, Advertising, Films, Gaming)","Music label (hip-hop)","Unlisted"
"C04836","Maulana Azad Minorities Financial Development Corporation Limited","Government Company (PSU)","Central PSU","Delhi","New Delhi","Government/PSU Holding & Public Administration (CPSEs, State PSUs, Statutory Corporations)","Financial services for minorities","Unlisted"
"C04837","Cholayil Private Limited","Private Limited","Private (Indian)","Tamil Nadu","Chennai","FMCG","Ayurvedic soap (Medimix)","Unlisted"
"C04838","Mehta Publishing House","Private Limited","Private (Indian)","Maharashtra","Pune","Media & Entertainment (Broadcasting, OTT, Print, Advertising, Films, Gaming)","Publishing","Unlisted"
"C04839","Microland Limited","Private Limited","Private (Indian)","Karnataka","Bengaluru","IT/ITeS (Software, BPO/KPO, GCCs, SaaS)","IT infrastructure services","Unlisted"
"C04840","Miraj Entertainment Limited","Private Limited","Private (Indian)","Madhya Pradesh","Indore","Media & Entertainment (Broadcasting, OTT, Print, Advertising, Films, Gaming)","Cinema exhibition","Unlisted"
"C04841","Monginis Foods Private Limited","Private Limited","Private (Indian)","Maharashtra","Mumbai","Food Processing & Beverages","Bakery/cakes","Unlisted"
"C04842","Motilal Banarsidass Publishers Private Limited","Private Limited","Private (Indian)","Delhi","New Delhi","Media & Entertainment (Broadcasting, OTT, Print, Advertising, Films, Gaming)","Publishing","Unlisted"
"C04843","MovieTime Cinemas Private Limited","Private Limited","Private (Indian)","Gujarat","Ahmedabad","Media & Entertainment (Broadcasting, OTT, Print, Advertising, Films, Gaming)","Cinema exhibition","Unlisted"
"C04844","Little Genie Fashion Industries Private Limited","Private Limited","Private (Indian)","Maharashtra","Mumbai","Textiles & Apparel","Menswear (Mufti)","Unlisted"
"C04845","Munshiram Manoharlal Publishers Private Limited","Private Limited","Private (Indian)","Delhi","New Delhi","Media & Entertainment (Broadcasting, OTT, Print, Advertising, Films, Gaming)","Publishing","Unlisted"
"C04846","MyGate Technologies Private Limited","Private Limited","Private (Indian)","Karnataka","Bengaluru","IT/ITeS (Software, BPO/KPO, GCCs, SaaS)","Gated community management app","Unlisted"
"C04847","VoiceTree Technologies Private Limited","Private Limited","Private (Indian)","Delhi","New Delhi","IT/ITeS (Software, BPO/KPO, GCCs, SaaS)","Cloud telephony (MyOperator)","Unlisted"
"C04848","Nahoum & Sons","Proprietorship","Private (Indian)","West Bengal","Kolkata","Food Processing & Beverages","Bakery/confectionery","Unlisted"
"C04849","Ottimo Foods Private Limited (Natural Ice Cream)","Private Limited","Private (Indian)","Maharashtra","Mumbai","Food Processing & Beverages","Ice cream","Unlisted"
"C04850","Navajivan Trust","Trust/Society","Trust/Society","Gujarat","Ahmedabad","Media & Entertainment (Broadcasting, OTT, Print, Advertising, Films, Gaming)","Publishing","Unlisted"
"C04851","Ness Digital Engineering India Private Limited","Private Limited","MNC Subsidiary","Maharashtra","Pune","IT/ITeS (Software, BPO/KPO, GCCs, SaaS)","","Unlisted"
"C04852","Nivia Sports","Private Limited","Private (Indian)","Delhi","New Delhi","Others","Sports goods","Unlisted"
"C04853","Notion Press Media Private Limited","Private Limited","Private (Indian)","Tamil Nadu","Chennai","Media & Entertainment (Broadcasting, OTT, Print, Advertising, Films, Gaming)","Self-publishing platform","Unlisted"
"C04854","OMICS International","Private Limited","Private (Indian)","Telangana","Hyderabad","Media & Entertainment (Broadcasting, OTT, Print, Advertising, Films, Gaming)","Academic publishing","Unlisted"
"C04855","Pharmaceutical Corporation (Indian Medicines) Kerala Limited","Government Company (PSU)","State PSU","Kerala","Thrissur","Pharma (Formulations, API, CDMO)","Ayurveda","Unlisted"
"C04856","Oxford Bookstores","Private Limited","Private (Indian)","West Bengal","Kolkata","Retail (Offline, Organised Retail, Jewellery)","Bookstore chain","Unlisted"
"C04857","Phool.co (Helpusgreen Private Limited)","Private Limited","Private (Indian)","Uttar Pradesh","Kanpur","FMCG","Flower-waste recycled products","Unlisted"
"C04858","POSCO India Private Limited","Private Limited","MNC Subsidiary","Maharashtra","Mumbai","Metals & Steel (Steel, Aluminium, Copper, Foundries)","","Unlisted"
"C04859","PTC Media Group (PTC Punjabi)","Private Limited","Private (Indian)","Punjab","Mohali","Media & Entertainment (Broadcasting, OTT, Print, Advertising, Films, Gaming)","Punjabi TV channel","Unlisted"
"C04860","Parle Agro Private Limited","Private Limited","Private (Indian)","Maharashtra","Mumbai","FMCG","Beverages (Frooti, Appy)","Unlisted"
"C04861","Parsi Dairy Farm","Proprietorship","Private (Indian)","Maharashtra","Mumbai","Food Processing & Beverages","Dairy","Unlisted"
"C04862","Pescafresh Ventures Private Limited","Private Limited","Private (Indian)","Maharashtra","Mumbai","E-commerce (Marketplaces, Quick Commerce)","Seafood delivery","Unlisted"
"C04863","Phonon Communications Private Limited","Private Limited","Private (Indian)","Haryana","Gurugram","IT/ITeS (Software, BPO/KPO, GCCs, SaaS)","Conversational AI","Unlisted"
"C04864","Planet Marathi OTT Private Limited","Private Limited","Private (Indian)","Maharashtra","Mumbai","Media & Entertainment (Broadcasting, OTT, Print, Advertising, Films, Gaming)","OTT platform","Unlisted"
"C04865","Planet41","Private Limited","Private (Indian)","Gujarat","Ahmedabad","E-commerce (Marketplaces, Quick Commerce)","Fashion e-commerce","Unlisted"
"C04866","Poompuhar Shipping Corporation Limited","Government Company (PSU)","State PSU","Tamil Nadu","Chennai","Shipping/Ports (Shipping Lines, Major/Non-Major Ports, Logistics at Ports)","Shipping","Unlisted"
"C04867","Pratilipi Private Limited","Private Limited","Private (Indian)","Karnataka","Bengaluru","Media & Entertainment (Broadcasting, OTT, Print, Advertising, Films, Gaming)","Self-publishing/content platform","Unlisted"
"C04868","Premier Automobiles Limited","Public Limited","Private (Indian)","Maharashtra","Mumbai","Automobile (OEMs, Auto Components, EV, Dealerships)","","Listed-BSE"
"C04869","Qube Cinema Technologies Private Limited","Private Limited","Private (Indian)","Tamil Nadu","Chennai","Media & Entertainment (Broadcasting, OTT, Print, Advertising, Films, Gaming)","Digital cinema technology","Unlisted"
"C04870","Rajesh Masala Private Limited","Private Limited","Private (Indian)","Gujarat","Ahmedabad","FMCG","Spices","Unlisted"
"C04871","Real Ispat and Power Limited","Private Limited","Private (Indian)","Chhattisgarh","Raipur","Metals & Steel (Steel, Aluminium, Copper, Foundries)","Steel","Unlisted"
"C04872","Recykal Technologies Private Limited","Private Limited","Private (Indian)","Telangana","Hyderabad","Water, Waste Management & Environmental Services","Recycling marketplace","Unlisted"
"C04873","SAS Institute (India) Private Limited","Private Limited","MNC Subsidiary","Maharashtra","Mumbai","IT/ITeS (Software, BPO/KPO, GCCs, SaaS)","Analytics software","Unlisted"
"C04874","SAS Motors Limited","Public Limited","Private (Indian)","Punjab","Hoshiarpur","Automobile (OEMs, Auto Components, EV, Dealerships)","Tractors/vehicles","Unlisted"
"C04875","SBM Bank (India) Limited","Foreign Company Branch","MNC Subsidiary","Maharashtra","Mumbai","Banking (Commercial/Public/Private/Small Finance/Payments Banks)","","Unlisted"
"C04876","SPI Cinemas Private Limited","Private Limited","Private (Indian)","Tamil Nadu","Chennai","Media & Entertainment (Broadcasting, OTT, Print, Advertising, Films, Gaming)","Cinema exhibition (Sathyam Cinemas)","Unlisted"
"C04877","SRMB Srijan Private Limited","Private Limited","Private (Indian)","West Bengal","Kolkata","Metals & Steel (Steel, Aluminium, Copper, Foundries)","TMT bars","Unlisted"
"C04878","Sahithya Pravarthaka Co-operative Society Limited","Cooperative Society","Cooperative","Kerala","Kottayam","Media & Entertainment (Broadcasting, OTT, Print, Advertising, Films, Gaming)","Book publishing cooperative","Unlisted"
"C04879","Sant Muktabai Sahakari Sakhar Karkhana","Cooperative Society","Cooperative","Maharashtra","Muktainagar","Food Processing & Beverages","Sugar cooperative","Unlisted"
"C04880","Sapat Food Products Private Limited","Private Limited","Private (Indian)","Maharashtra","Nashik","Food Processing & Beverages","Sweets/farsan","Unlisted"
"C04881","Sapna Book House Private Limited","Private Limited","Private (Indian)","Karnataka","Bengaluru","Retail (Offline, Organised Retail, Jewellery)","Bookstore chain","Unlisted"
"C04882","Saravana Selvarathnam Retail Private Limited","Private Limited","Private (Indian)","Tamil Nadu","Chennai","Retail (Offline, Organised Retail, Jewellery)","Textiles/electronics retail","Unlisted"
"C04883","Hotel Saravana Bhavan","Private Limited","Private (Indian)","Tamil Nadu","Chennai","Hospitality & Tourism (Hotels, Restaurants, Travel, Airlines Catering)","Restaurant chain","Unlisted"
"C04884","Sarita Handa Exports Private Limited","Private Limited","Private (Indian)","Delhi","New Delhi","Textiles & Apparel","Home furnishings","Unlisted"
"C04885","Satyam Audios","Private Limited","Private (Indian)","Telangana","Hyderabad","Media & Entertainment (Broadcasting, OTT, Print, Advertising, Films, Gaming)","Music label","Unlisted"
"C04886","Seniority (Nivaan Care Private Limited)","Private Limited","Private (Indian)","Maharashtra","Mumbai","E-commerce (Marketplaces, Quick Commerce)","Elder-care products/services","Unlisted"
"C04887","Shanthi Feeds Private Limited","Private Limited","Private (Indian)","Andhra Pradesh","Guntur","Agriculture (Agri-inputs, Seeds, Agri-tech, Plantations)","Poultry feed","Unlisted"
"C04888","Spenta Multimedia Private Limited","Private Limited","Private (Indian)","Maharashtra","Mumbai","Media & Entertainment (Broadcasting, OTT, Print, Advertising, Films, Gaming)","Publishing","Unlisted"
"C04889","Sri Krishna Sweets Private Limited","Private Limited","Private (Indian)","Tamil Nadu","Chennai","Food Processing & Beverages","Sweets","Unlisted"
"C04890","Sri Vijaya Visakha Milk Producers Company Limited","Cooperative Society","Cooperative","Andhra Pradesh","Visakhapatnam","Fisheries, Dairy & Animal Husbandry","Dairy cooperative","Unlisted"
"C04891","Strand Life Sciences Private Limited","Private Limited","Private (Indian)","Karnataka","Bengaluru","Biotechnology & Life Sciences","Genomics/diagnostics","Unlisted"
"C04892","Studio Green","Private Limited","Private (Indian)","Tamil Nadu","Chennai","Media & Entertainment (Broadcasting, OTT, Print, Advertising, Films, Gaming)","Film production","Unlisted"
"C04893","Stylumia Intelligence Technologies Private Limited","Private Limited","Private (Indian)","Karnataka","Bengaluru","IT/ITeS (Software, BPO/KPO, GCCs, SaaS)","Fashion-tech AI","Unlisted"
"C04894","Suresh Productions","Private Limited","Private (Indian)","Telangana","Hyderabad","Media & Entertainment (Broadcasting, OTT, Print, Advertising, Films, Gaming)","Film production","Unlisted"
"C04895","ARG Outlier Media Private Limited","Private Limited","Private (Indian)","Delhi","New Delhi","Media & Entertainment (Broadcasting, OTT, Print, Advertising, Films, Gaming)","News broadcasting (TV9 Bharatvarsh)","Unlisted"
"C04896","TYKA Sports International","Private Limited","Private (Indian)","Delhi","New Delhi","Others","Sports goods","Unlisted"
"C04897","Taj Air Limited","Private Limited","Private (Indian)","Maharashtra","Mumbai","Aviation (Airlines, Airports, MRO, Ground Handling)","Charter airline","Unlisted"
"C04898","Tamil Nadu Arasu Cable TV Corporation Limited","Government Company (PSU)","State PSU","Tamil Nadu","Chennai","Media & Entertainment (Broadcasting, OTT, Print, Advertising, Films, Gaming)","Cable TV","Unlisted"
"C04899","Tharangini Records","Private Limited","Private (Indian)","Kerala","Thiruvananthapuram","Media & Entertainment (Broadcasting, OTT, Print, Advertising, Films, Gaming)","Music label","Unlisted"
"C04900","The Grand Sweets and Snacks","Proprietorship","Private (Indian)","Tamil Nadu","Chennai","Food Processing & Beverages","Sweets/snacks","Unlisted"
"C04901","Postcard Hotels and Resorts Private Limited","Private Limited","Private (Indian)","Maharashtra","Mumbai","Hospitality & Tourism (Hotels, Restaurants, Travel, Airlines Catering)","Boutique hotels","Unlisted"
"C04902","The Residency Group of Hotels","Private Limited","Private (Indian)","Tamil Nadu","Chennai","Hospitality & Tourism (Hotels, Restaurants, Travel, Airlines Catering)","Hotels","Unlisted"
"C04903","Thenandal Studio Limited","Private Limited","Private (Indian)","Tamil Nadu","Chennai","Media & Entertainment (Broadcasting, OTT, Print, Advertising, Films, Gaming)","Film production","Unlisted"
"C04904","Think Music India Private Limited","Private Limited","MNC Subsidiary","Tamil Nadu","Chennai","Media & Entertainment (Broadcasting, OTT, Print, Advertising, Films, Gaming)","Music label","Unlisted"
"C04905","Thoughtworks Technologies India Private Limited","Private Limited","MNC Subsidiary","Karnataka","Bengaluru","IT/ITeS (Software, BPO/KPO, GCCs, SaaS)","IT consulting","Unlisted"
"C04906","Tikona Infinet Limited","Private Limited","Private (Indian)","Maharashtra","Mumbai","Telecom (Telecom Services, Equipment, Towers, ISPs)","Broadband ISP","Unlisted"
"C04907","Trident Arts","Private Limited","Private (Indian)","Tamil Nadu","Chennai","Media & Entertainment (Broadcasting, OTT, Print, Advertising, Films, Gaming)","Film production/distribution","Unlisted"
"C04908","Tulika Books","Private Limited","Private (Indian)","Delhi","New Delhi","Media & Entertainment (Broadcasting, OTT, Print, Advertising, Films, Gaming)","Publishing","Unlisted"
"C04909","UST Global (India) Private Limited","Private Limited","Private (Indian)","Kerala","Thiruvananthapuram","IT/ITeS (Software, BPO/KPO, GCCs, SaaS)","","Unlisted"
"C04910","Uttar Bihar Gramin Bank","Government Company (PSU)","Joint Venture","Bihar","Muzaffarpur","Banking - Regional Rural Banks","","Unlisted"
"C04911","Vaidyaratnam Oushadhasala Private Limited","Private Limited","Private (Indian)","Kerala","Thrissur","Pharma (Formulations, API, CDMO)","Ayurveda","Unlisted"
"C04912","Veena Music","Private Limited","Private (Indian)","Kerala","Kochi","Media & Entertainment (Broadcasting, OTT, Print, Advertising, Films, Gaming)","Music label","Unlisted"
"C04913","Virtuous Retail South Asia Private Limited","Private Limited","Private (Indian)","Karnataka","Bengaluru","Real Estate (Developers, REITs/InvITs, Brokers)","Retail malls","Unlisted"
"C04914","Vyjayanthi Movies","Private Limited","Private (Indian)","Telangana","Hyderabad","Media & Entertainment (Broadcasting, OTT, Print, Advertising, Films, Gaming)","Film production","Unlisted"
"C04915","Yazdani Bakery and Cafe","Proprietorship","Private (Indian)","Maharashtra","Mumbai","Food Processing & Beverages","Bakery","Unlisted"
"C04916","Yellow.ai (Bitonic Technology Labs Private Limited)","Private Limited","Private (Indian)","Karnataka","Bengaluru","IT/ITeS (Software, BPO/KPO, GCCs, SaaS)","Conversational AI","Unlisted"
"C04917","Yokohama Off-Highway Tires (India) Private Limited","Private Limited","MNC Subsidiary","Haryana","Gurugram","Automobile (OEMs, Auto Components, EV, Dealerships)","Off-highway tyres","Unlisted"
"C04918","Zinda Tilismath","Private Limited","Private (Indian)","Telangana","Hyderabad","Pharma (Formulations, API, CDMO)","Unani medicine","Unlisted"
