"id","name","entity_type","ownership","state_region","hq","sector_raw","sub_sector_raw","listing"
"C03266","GiveIndia (Give Foundation)","Section 8 Company","Trust/Society","Pan-India","","Social Sector / NGO","Non-profit","Unlisted"
"C03267","HCL Foundation","Section 8 Company","Trust/Society","Pan-India","","Social Sector / NGO","Non-profit","Unlisted"
"C03268","Bharti Foundation","Trust/Society","Trust/Society","Pan-India","","Social Sector / NGO","Non-profit","Unlisted"
"C03269","Akshaya Patra Foundation","Trust/Society","Trust/Society","Pan-India","","Social Sector / NGO","Non-profit","Unlisted"
"C03270","Pratham Education Foundation","Section 8 Company","Trust/Society","Pan-India","","Social Sector / NGO","Non-profit","Unlisted"
"C03271","Teach For India","Trust/Society","Trust/Society","Pan-India","","Social Sector / NGO","Non-profit","Unlisted"
"C03272","Smile Foundation","Trust/Society","Trust/Society","Pan-India","","Social Sector / NGO","Non-profit","Unlisted"
"C03273","Child Rights and You (CRY)","Trust/Society","Trust/Society","Pan-India","","Social Sector / NGO","Non-profit","Unlisted"
"C03274","Goonj","Trust/Society","Trust/Society","Pan-India","","Social Sector / NGO","Non-profit","Unlisted"
"C03275","HelpAge India","Trust/Society","Trust/Society","Pan-India","","Social Sector / NGO","Non-profit","Unlisted"
"C03276","Sir Dorabji Tata Trust","Trust/Society","Trust/Society","Pan-India","","Social Sector / NGO","Non-profit","Unlisted"
"C03277","Sir Ratan Tata Trust","Trust/Society","Trust/Society","Pan-India","","Social Sector / NGO","Non-profit","Unlisted"
"C03278","Piramal Foundation","Trust/Society","Trust/Society","Pan-India","","Social Sector / NGO","Non-profit","Unlisted"
"C03279","Isha Foundation","Trust/Society","Trust/Society","Pan-India","","Social Sector / NGO","Non-profit","Unlisted"
"C03280","Art of Living Foundation","Trust/Society","Trust/Society","Pan-India","","Social Sector / NGO","Non-profit","Unlisted"
"C03281","Sewa International","Trust/Society","Trust/Society","Pan-India","","Social Sector / NGO","Non-profit","Unlisted"
"C03282","Ekal Vidyalaya Foundation of India","Trust/Society","Trust/Society","Pan-India","","Social Sector / NGO","Non-profit","Unlisted"
"C03283","Sankara Eye Foundation India","Trust/Society","Trust/Society","Pan-India","","Social Sector / NGO","Non-profit","Unlisted"
"C03284","L V Prasad Eye Institute","Trust/Society","Trust/Society","Pan-India","","Social Sector / NGO","Non-profit","Unlisted"
"C03285","Aravind Eye Care System","Trust/Society","Trust/Society","Pan-India","","Social Sector / NGO","Non-profit","Unlisted"
"C03286","Bhagwan Mahaveer Viklang Sahayata Samiti (Jaipur Foot)","Trust/Society","Trust/Society","Pan-India","","Social Sector / NGO","Non-profit","Unlisted"
"C03287","Ramakrishna Mission","Trust/Society","Trust/Society","Pan-India","","Social Sector / NGO","Non-profit","Unlisted"
"C03288","Dr. Reddy's Foundation","Section 8 Company","Trust/Society","Pan-India","","Social Sector / NGO","Non-profit","Unlisted"
"C03289","Nanhi Kali (K.C. Mahindra Education Trust)","Trust/Society","Trust/Society","Pan-India","","Social Sector / NGO","Non-profit","Unlisted"
"C03290","Self Employed Women's Association (SEWA)","Trust/Society","Trust/Society","Pan-India","","Social Sector / NGO","Non-profit","Unlisted"
"C03291","Deshpande Foundation India","Section 8 Company","Trust/Society","Pan-India","","Social Sector / NGO","Non-profit","Unlisted"
"C03292","Shiv Nadar Foundation","Trust/Society","Trust/Society","Pan-India","","Social Sector / NGO","Non-profit","Unlisted"
"C03293","Priyagold Biscuits (Surya Food & Agro Ltd)","Public Limited","Private (Indian)","Uttar Pradesh","Noida","FMCG","Biscuits & confectionery","Unlisted"
"C03294","Haldiram Snacks Private Limited","Private Limited","Private (Indian)","Delhi; Rajasthan; Uttar Pradesh","New Delhi/Nagpur","Food Processing & Beverages","Namkeen & snacks","Unlisted"
"C03296","Creamline Dairy Products Limited","Private Limited","Private (Indian)","Andhra Pradesh; Telangana","Hyderabad","Fisheries, Dairy & Animal Husbandry","Dairy (Jersey brand)","Unlisted"
"C03299","Modern Dairies Limited","Private Limited","Private (Indian)","Punjab; Haryana","Ludhiana","Fisheries, Dairy & Animal Husbandry","Dairy","Unlisted"
"C03300","Prabhat Dairy Limited","Public Limited","Private (Indian)","Maharashtra","Ahmednagar","Fisheries, Dairy & Animal Husbandry","Dairy","Delisted/Unknown"
"C03301","Sri Sri Tattva (Patanjali Ayurved competitor - regional)","Private Limited","Private (Indian)","Karnataka","Bengaluru","FMCG","Ayurveda/wellness products","Unlisted"
"C03302","Wagh Bakri Tea Group (Gujarat Tea Processors & Packers Ltd)","Private Limited","Private (Indian)","Gujarat","Ahmedabad","Food Processing & Beverages","Tea","Unlisted"
"C03303","Girnar Food & Beverages Private Limited","Private Limited","Private (Indian)","Madhya Pradesh","Indore","Food Processing & Beverages","Tea","Unlisted"
"C03304","Society Tea (Kanan Devan Hills Plantations Company)","Private Limited","Trust/Society","Kerala","Munnar","Agriculture (Agri-inputs, Seeds, Agri-tech, Plantations)","Tea plantations","Unlisted"
"C03305","MTR Foods Private Limited","Private Limited","MNC Subsidiary","Karnataka","Bengaluru","Food Processing & Beverages","Ready-to-eat & spices","Unlisted"
"C03306","Aachi Masala Foods Private Limited","Private Limited","Private (Indian)","Tamil Nadu","Chennai","Food Processing & Beverages","Spices & masalas","Unlisted"
"C03307","Ramdev Food Products Private Limited","Private Limited","Private (Indian)","Gujarat","Gandhinagar","Food Processing & Beverages","Spices & namkeen","Unlisted"
"C03308","Everest Food Products Private Limited","Private Limited","Private (Indian)","Maharashtra","Mumbai","Food Processing & Beverages","Spices","Unlisted"
"C03309","Suhana Masala (Aashirwad Industries)","Private Limited","Private (Indian)","Maharashtra","Nashik","Food Processing & Beverages","Spices","Unlisted"
"C03310","Priya Foods (Foods, Fats and Fertilisers Ltd)","Private Limited","Private (Indian)","Andhra Pradesh; Telangana","Hyderabad","Food Processing & Beverages","Pickles & spices","Unlisted"
"C03311","Mother's Recipe (Chordia Foods Private Limited)","Private Limited","Private (Indian)","Maharashtra","Mumbai","Food Processing & Beverages","Pickles & ready to eat","Unlisted"
"C03312","Rasna Private Limited","Private Limited","Private (Indian)","Gujarat","Ahmedabad","Food Processing & Beverages","Soft drink concentrates","Unlisted"
"C03313","Manpasand Beverages Limited","Public Limited","Private (Indian)","Gujarat","Vadodara","Food Processing & Beverages","Fruit drinks","Delisted/Unknown"
"C03314","Godrej Tyson Foods Limited","Private Limited","Joint Venture","Maharashtra","Mumbai","Food Processing & Beverages","Processed poultry","Unlisted"
"C03316","Gemini Edibles & Fats India Private Limited","Private Limited","Private (Indian)","Andhra Pradesh; Telangana","Hyderabad","Food Processing & Beverages","Edible oils (Freedom brand)","Unlisted"
"C03319","Nature's Basket Limited","Private Limited","Private (Indian)","Maharashtra","Mumbai","Retail (Offline, Organised Retail, Jewellery)","Gourmet supermarket","Unlisted"
"C03320","Ratnadeep Super Market Private Limited","Private Limited","Private (Indian)","Telangana; Andhra Pradesh","Hyderabad","Retail (Offline, Organised Retail, Jewellery)","Supermarket chain","Unlisted"
"C03321","Heritage Fresh (Heritage Foods Retail)","Private Limited","Private (Indian)","Andhra Pradesh; Telangana","Hyderabad","Retail (Offline, Organised Retail, Jewellery)","Retail stores","Unlisted"
"C03322","More Retail Private Limited (Amazon-Samara)","Private Limited","Joint Venture","Maharashtra; Karnataka","Bengaluru","Retail (Offline, Organised Retail, Jewellery)","Supermarket chain","Unlisted"
"C03323","Metro Cash & Carry India Private Limited","Private Limited","MNC Subsidiary","Maharashtra; Karnataka; Punjab","Bengaluru","Retail (Offline, Organised Retail, Jewellery)","Wholesale cash & carry","Unlisted"
"C03324","Namdhari's Fresh (Namdhari Seeds Private Limited)","Private Limited","Private (Indian)","Karnataka","Bengaluru","Retail (Offline, Organised Retail, Jewellery)","Fresh produce retail","Unlisted"
"C03325","Nilgiris Dairy Farm Private Limited","Private Limited","Private (Indian)","Tamil Nadu; Karnataka","Bengaluru","Retail (Offline, Organised Retail, Jewellery)","Supermarket & dairy retail","Unlisted"
"C03326","Foodworld / FoodWorld Supermarkets (Trinethra Super Retail)","Private Limited","Private (Indian)","Tamil Nadu","Chennai","Retail (Offline, Organised Retail, Jewellery)","Supermarket chain","Unlisted"
"C03327","Vijetha Super Market Private Limited","Private Limited","Private (Indian)","Telangana; Andhra Pradesh","Hyderabad","Retail (Offline, Organised Retail, Jewellery)","Supermarket chain","Unlisted"
"C03328","Star Bazaar (Trent Hypermarket Private Limited)","Private Limited","Joint Venture","Maharashtra; Karnataka","Mumbai","Retail (Offline, Organised Retail, Jewellery)","Hypermarket chain","Unlisted"
"C03331","Big Bazaar (Future Retail Limited) - legacy","Public Limited","Private (Indian)","Maharashtra","Mumbai","Retail (Offline, Organised Retail, Jewellery)","Hypermarket chain (defunct)","Delisted/Unknown"
"C03332","Loot (LOT Mobiles) - Karnataka retail","Private Limited","Private (Indian)","Karnataka","Bengaluru","Retail (Offline, Organised Retail, Jewellery)","Electronics retail","Unlisted"
"C03333","Poorvika Mobiles Private Limited","Private Limited","Private (Indian)","Tamil Nadu; Andhra Pradesh; Telangana; Karnataka","Chennai","Retail (Offline, Organised Retail, Jewellery)","Mobile & electronics retail","Unlisted"
"C03334","Sangeetha Mobiles Private Limited","Private Limited","Private (Indian)","Karnataka; Tamil Nadu; Andhra Pradesh; Telangana","Bengaluru","Retail (Offline, Organised Retail, Jewellery)","Mobile retail chain","Unlisted"
"C03335","Univercell Telecommunications India Private Limited","Private Limited","Private (Indian)","Tamil Nadu; Karnataka; Andhra Pradesh","Chennai","Retail (Offline, Organised Retail, Jewellery)","Mobile retail chain","Unlisted"
"C03336","Big C Mobiles Private Limited","Private Limited","Private (Indian)","Telangana; Andhra Pradesh","Hyderabad","Retail (Offline, Organised Retail, Jewellery)","Mobile retail chain","Unlisted"
"C03337","Sathya Agencies","Private Limited","Private (Indian)","Tamil Nadu","Coimbatore","Retail (Offline, Organised Retail, Jewellery)","Consumer electronics retail","Unlisted"
"C03338","Vivek's Service Centre Private Limited (Viveks Limited)","Public Limited","Private (Indian)","Tamil Nadu","Chennai","Retail (Offline, Organised Retail, Jewellery)","Consumer durables retail","Listed-BSE"
"C03339","Vasanth & Co","Private Limited","Private (Indian)","Tamil Nadu","Chennai","Retail (Offline, Organised Retail, Jewellery)","Consumer electronics retail","Unlisted"
"C03340","Bhima Jewellers","Private Limited","Private (Indian)","Kerala","Thrissur","Gems & Jewellery","Jewellery retail chain","Unlisted"
"C03341","Joyalukkas India Private Limited","Private Limited","Private (Indian)","Kerala","Thrissur","Gems & Jewellery","Jewellery retail chain","Unlisted"
"C03342","Malabar Gold and Diamonds (Malabar Group)","Private Limited","Private (Indian)","Kerala","Kozhikode","Gems & Jewellery","Jewellery retail chain","Unlisted"
"C03343","Alukkas Jewellery","Private Limited","Private (Indian)","Kerala","Thrissur","Gems & Jewellery","Jewellery retail chain","Unlisted"
"C03344","Josco Jewellers","Private Limited","Private (Indian)","Kerala","Ernakulam","Gems & Jewellery","Jewellery retail chain","Unlisted"
"C03345","PC Chandra Jewellers Private Limited","Private Limited","Private (Indian)","West Bengal","Kolkata","Gems & Jewellery","Jewellery retail chain","Unlisted"
"C03346","Anjali Jewellers","Private Limited","Private (Indian)","West Bengal","Kolkata","Gems & Jewellery","Jewellery retail chain","Unlisted"
"C03347","Waman Hari Pethe Sons Private Limited","Private Limited","Private (Indian)","Maharashtra","Mumbai","Gems & Jewellery","Jewellery retail","Unlisted"
"C03350","GRT Jewellers (India) Private Limited","Private Limited","Private (Indian)","Tamil Nadu","Chennai","Gems & Jewellery","Jewellery retail chain","Unlisted"
"C03352","NAC Jewellers","Private Limited","Private (Indian)","Tamil Nadu","Chennai","Gems & Jewellery","Jewellery retail chain","Unlisted"
"C03353","Kirtilals Jewellers","Private Limited","Private (Indian)","Tamil Nadu","Coimbatore","Gems & Jewellery","Jewellery retail chain","Unlisted"
"C03354","Prince Jewellery and Diamonds","Private Limited","Private (Indian)","Tamil Nadu","Chennai","Gems & Jewellery","Jewellery retail chain","Unlisted"
"C03355","Khazana Jewellery (Kamal Jewellery House)","Private Limited","Private (Indian)","Telangana; Andhra Pradesh","Hyderabad","Gems & Jewellery","Jewellery retail chain","Unlisted"
"C03356","Malabar Diamond Gallery","Private Limited","Private (Indian)","Tamil Nadu; Kerala","Chennai","Gems & Jewellery","Jewellery retail chain","Unlisted"
"C03357","Meenakshi Jewellers","Private Limited","Private (Indian)","Karnataka","Bengaluru","Gems & Jewellery","Jewellery retail chain","Unlisted"
"C03358","Anand Jewellers (Anand Jewels)","Private Limited","Private (Indian)","Madhya Pradesh","Indore","Gems & Jewellery","Jewellery retail chain","Unlisted"
"C03359","Popley Group / Popley Eternal","Private Limited","Private (Indian)","Maharashtra","Mumbai","Gems & Jewellery","Jewellery manufacture & retail","Unlisted"
"C03360","Zaveri Bazaar based - Manubhai Jewellers","Private Limited","Private (Indian)","Gujarat","Ahmedabad","Gems & Jewellery","Jewellery retail chain","Unlisted"
"C03361","S. Kumars Nationwide Limited","Public Limited","Private (Indian)","Maharashtra","Mumbai","Textiles & Apparel","Worsted fabric","Delisted/Unknown"
"C03365","Sintex Industries Limited (textiles arm)","Public Limited","Private (Indian)","Gujarat","Ahmedabad","Textiles & Apparel","Textiles & plastics","Listed-BSE"
"C03366","Sri Lakshmi Saraswathi Textiles (Chennimalai) Limited","Private Limited","Private (Indian)","Tamil Nadu","Erode","Textiles & Apparel","Spinning mills","Unlisted"
"C03368","Vijayeswari Textiles Limited","Public Limited","Private (Indian)","Tamil Nadu","Coimbatore","Textiles & Apparel","Spinning mills","Listed-BSE"
"C03370","Malwa Cotton Spinning Mills Limited","Private Limited","Private (Indian)","Punjab","Ludhiana","Textiles & Apparel","Cotton spinning","Delisted/Unknown"
"C03371","Garden Silk Mills Limited","Private Limited","Private (Indian)","Gujarat","Surat","Textiles & Apparel","Synthetic textiles","Delisted/Unknown"
"C03373","Orient Craft Limited","Private Limited","Private (Indian)","Haryana; Delhi","Gurugram","Textiles & Apparel","Garment exports","Unlisted"
"C03374","Shahi Exports Private Limited","Private Limited","Private (Indian)","Karnataka; Delhi","Bengaluru","Textiles & Apparel","Garment exports","Unlisted"
"C03375","SSF (Silver Spark Apparel Limited - K.M. Knitwear group)","Private Limited","Private (Indian)","Tamil Nadu","Tirupur","Textiles & Apparel","Knitwear manufacture","Unlisted"
"C03377","Cotton County Retail Ventures Limited","Public Limited","Private (Indian)","Punjab","Ludhiana","Textiles & Apparel","Garment retail","Listed-BSE"
"C03378","Kanodia Global Limited (Vero Moda distr.)","Public Limited","Private (Indian)","Delhi","New Delhi","Textiles & Apparel","Apparel distribution","Listed-BSE"
"C03381","Megha Engineering & Infrastructures Limited","Private Limited","Private (Indian)","Telangana","Hyderabad","Construction & Infrastructure (EPC, Contractors)","Irrigation & infra EPC","Unlisted"
"C03382","IVRCL Limited","Public Limited","Private (Indian)","Telangana","Hyderabad","Construction & Infrastructure (EPC, Contractors)","Infrastructure EPC","Delisted/Unknown"
"C03386","Bengal Shrachi (Shrachi Group)","Private Limited","Private (Indian)","West Bengal","Kolkata","Real Estate (Developers, REITs/InvITs, Brokers)","Real estate development","Unlisted"
"C03387","PS Group (PS Srijan Realty)","Private Limited","Private (Indian)","West Bengal","Kolkata","Real Estate (Developers, REITs/InvITs, Brokers)","Real estate development","Unlisted"
"C03388","Merlin Group (Merlin Projects Limited)","Private Limited","Private (Indian)","West Bengal","Kolkata","Real Estate (Developers, REITs/InvITs, Brokers)","Real estate development","Unlisted"
"C03390","Puravankara's peer - Salarpuria Sattva Group","Private Limited","Private (Indian)","Karnataka","Bengaluru","Real Estate (Developers, REITs/InvITs, Brokers)","Real estate development","Unlisted"
"C03391","Mantri Developers Private Limited","Private Limited","Private (Indian)","Karnataka","Bengaluru","Real Estate (Developers, REITs/InvITs, Brokers)","Real estate development","Unlisted"
"C03392","Casagrand Builder Private Limited","Private Limited","Private (Indian)","Tamil Nadu; Karnataka; Andhra Pradesh","Chennai","Real Estate (Developers, REITs/InvITs, Brokers)","Real estate development","Unlisted"
"C03393","Appaswamy Real Estates","Private Limited","Private (Indian)","Tamil Nadu","Chennai","Real Estate (Developers, REITs/InvITs, Brokers)","Real estate development","Unlisted"
"C03394","Ceebros Property Development Private Limited","Private Limited","Private (Indian)","Tamil Nadu","Chennai","Real Estate (Developers, REITs/InvITs, Brokers)","Real estate development","Unlisted"
"C03395","My Home Group / My Home Constructions Private Limited","Private Limited","Private (Indian)","Telangana","Hyderabad","Real Estate (Developers, REITs/InvITs, Brokers)","Real estate & cement","Unlisted"
"C03396","Aparna Constructions & Estates Private Limited","Private Limited","Private (Indian)","Telangana","Hyderabad","Real Estate (Developers, REITs/InvITs, Brokers)","Real estate development","Unlisted"
"C03397","Rajapushpa Properties Private Limited","Private Limited","Private (Indian)","Telangana","Hyderabad","Real Estate (Developers, REITs/InvITs, Brokers)","Real estate development","Unlisted"
"C03398","PBEL (Phoenix Group Hyderabad)","Private Limited","Joint Venture","Telangana","Hyderabad","Real Estate (Developers, REITs/InvITs, Brokers)","Real estate development","Unlisted"
"C03399","Hiranandani Group (House of Hiranandani)","Private Limited","Private (Indian)","Maharashtra; Tamil Nadu","Mumbai","Real Estate (Developers, REITs/InvITs, Brokers)","Real estate development","Unlisted"
"C03401","Kalpataru Group (Kalpataru Limited)","Public Limited","Private (Indian)","Maharashtra","Mumbai","Real Estate (Developers, REITs/InvITs, Brokers)","Real estate development","Unlisted"
"C03403","Runwal Group","Private Limited","Private (Indian)","Maharashtra","Mumbai","Real Estate (Developers, REITs/InvITs, Brokers)","Real estate development","Unlisted"
"C03405","Panchshil Realty","Private Limited","Private (Indian)","Maharashtra","Pune","Real Estate (Developers, REITs/InvITs, Brokers)","Commercial real estate","Unlisted"
"C03406","Gera Developments Private Limited","Private Limited","Private (Indian)","Maharashtra","Pune","Real Estate (Developers, REITs/InvITs, Brokers)","Real estate development","Unlisted"
"C03407","Nahar Group Pune (Nahar Amrit Shakti)","Private Limited","Private (Indian)","Maharashtra","Pune","Real Estate (Developers, REITs/InvITs, Brokers)","Real estate development","Unlisted"
"C03408","Shapoorji Pallonji Infrastructure Capital Company Private Limited","Private Limited","Private (Indian)","Maharashtra","Mumbai","Construction & Infrastructure (EPC, Contractors)","Infra investment & EPC","Unlisted"
"C03410","B.G. Shirke Construction Technology Private Limited","Private Limited","Private (Indian)","Maharashtra","Pune","Construction & Infrastructure (EPC, Contractors)","Precast construction","Unlisted"
"C03411","Shree Ram Urban Infrastructure Limited","Public Limited","Private (Indian)","Maharashtra","Mumbai","Real Estate (Developers, REITs/InvITs, Brokers)","Real estate development","Listed-BSE"
"C03412","Ansal Housing Limited","Public Limited","Private (Indian)","Delhi; Haryana; Uttar Pradesh","New Delhi","Real Estate (Developers, REITs/InvITs, Brokers)","Real estate development","Listed-BSE"
"C03413","Supertech Limited","Private Limited","Private (Indian)","Uttar Pradesh; Delhi","Noida","Real Estate (Developers, REITs/InvITs, Brokers)","Real estate development","Unlisted"
"C03414","Amrapali Group","Private Limited","Private (Indian)","Uttar Pradesh; Delhi","Noida","Real Estate (Developers, REITs/InvITs, Brokers)","Real estate development","Unlisted"
"C03415","Gaursons India Private Limited (Gaur Group)","Private Limited","Private (Indian)","Uttar Pradesh","Noida","Real Estate (Developers, REITs/InvITs, Brokers)","Real estate development","Unlisted"
"C03416","ATS Infrastructure Limited","Private Limited","Private (Indian)","Uttar Pradesh; Delhi","Noida","Real Estate (Developers, REITs/InvITs, Brokers)","Real estate development","Unlisted"
"C03418","Emaar MGF Land Limited","Private Limited","Joint Venture","Haryana; Delhi","Gurugram","Real Estate (Developers, REITs/InvITs, Brokers)","Real estate development","Unlisted"
"C03419","BPTP Limited","Private Limited","Private (Indian)","Haryana; Delhi","Faridabad","Real Estate (Developers, REITs/InvITs, Brokers)","Real estate development","Unlisted"
"C03420","Vatika Group (Vatika Limited)","Private Limited","Private (Indian)","Haryana","Gurugram","Real Estate (Developers, REITs/InvITs, Brokers)","Real estate development","Unlisted"
"C03421","Raheja Developers Limited","Private Limited","Private (Indian)","Haryana; Delhi","Gurugram","Real Estate (Developers, REITs/InvITs, Brokers)","Real estate development","Unlisted"
"C03422","Ireo Private Limited","Private Limited","Private (Indian)","Haryana","Gurugram","Real Estate (Developers, REITs/InvITs, Brokers)","Real estate development","Unlisted"
"C03423","SARE Homes (SARE Gurgaon Realty)","Private Limited","Joint Venture","Haryana","Gurugram","Real Estate (Developers, REITs/InvITs, Brokers)","Real estate development","Unlisted"
"C03426","Kun Motor Company Private Limited","Private Limited","Private (Indian)","Tamil Nadu","Chennai","Automobile (OEMs, Auto Components, EV, Dealerships)","Automobile dealership (Hyundai)","Unlisted"
"C03427","Sundaram Motors (TVS Group dealership arm)","Private Limited","Private (Indian)","Tamil Nadu","Chennai","Automobile (OEMs, Auto Components, EV, Dealerships)","Automobile dealership","Unlisted"
"C03428","T V Sundram Iyengar & Sons Private Limited","Private Limited","Private (Indian)","Tamil Nadu","Madurai","Automobile (OEMs, Auto Components, EV, Dealerships)","Automobile distribution & dealership","Unlisted"
"C03429","Varun Motors (Varun Group)","Private Limited","Private (Indian)","Telangana; Andhra Pradesh","Hyderabad","Automobile (OEMs, Auto Components, EV, Dealerships)","Automobile dealership (Maruti Suzuki)","Unlisted"
"C03430","Deccan Auto Ancillaries Private Limited","Private Limited","Private (Indian)","Telangana","Hyderabad","Automobile (OEMs, Auto Components, EV, Dealerships)","Auto components","Unlisted"
"C03431","Malabar Cars Private Limited","Private Limited","Private (Indian)","Kerala","Kozhikode","Automobile (OEMs, Auto Components, EV, Dealerships)","Automobile dealership","Unlisted"
"C03432","Kairali Motors (Kairali Steels & Motors)","Private Limited","Private (Indian)","Kerala","Thiruvananthapuram","Automobile (OEMs, Auto Components, EV, Dealerships)","Automobile dealership","Unlisted"
"C03433","Khivraj Motors Private Limited","Private Limited","Private (Indian)","Tamil Nadu","Chennai","Automobile (OEMs, Auto Components, EV, Dealerships)","Automobile dealership (Toyota)","Unlisted"
"C03434","Malayalam Motors (P) Ltd","Private Limited","Private (Indian)","Kerala","Kochi","Automobile (OEMs, Auto Components, EV, Dealerships)","Automobile dealership","Unlisted"
"C03435","Prerana Motors Private Limited","Private Limited","Private (Indian)","Karnataka","Bengaluru","Automobile (OEMs, Auto Components, EV, Dealerships)","Automobile dealership (Maruti Suzuki)","Unlisted"
"C03436","Nexa Bengaluru (Trident Hyundai group)","Private Limited","Private (Indian)","Karnataka","Bengaluru","Automobile (OEMs, Auto Components, EV, Dealerships)","Automobile dealership","Unlisted"
"C03437","Trident Hyundai (Trident Automobiles)","Private Limited","Private (Indian)","Karnataka","Bengaluru","Automobile (OEMs, Auto Components, EV, Dealerships)","Automobile dealership (Hyundai)","Unlisted"
"C03438","Advaith Motors Private Limited","Private Limited","Private (Indian)","Karnataka; Telangana","Bengaluru","Automobile (OEMs, Auto Components, EV, Dealerships)","Automobile dealership (Maruti Suzuki, Volkswagen)","Unlisted"
"C03439","Group Kalyani (Kalyani Motors Private Limited)","Private Limited","Private (Indian)","Karnataka","Bengaluru","Automobile (OEMs, Auto Components, EV, Dealerships)","Automobile dealership (Maruti Suzuki)","Unlisted"
"C03440","Capital Automobiles (Capital Motors Group)","Private Limited","Private (Indian)","Delhi; Uttar Pradesh","New Delhi","Automobile (OEMs, Auto Components, EV, Dealerships)","Automobile dealership","Unlisted"
"C03441","Uttam Toyota (Uttam Motors)","Private Limited","Private (Indian)","Delhi","New Delhi","Automobile (OEMs, Auto Components, EV, Dealerships)","Automobile dealership (Toyota)","Unlisted"
"C03442","DDU Motors (DD Motors Group)","Private Limited","Private (Indian)","Uttar Pradesh","Lucknow","Automobile (OEMs, Auto Components, EV, Dealerships)","Automobile dealership","Unlisted"
"C03444","Saboo Motors (SML Isuzu dealership)","Private Limited","Private (Indian)","Punjab","Ludhiana","Automobile (OEMs, Auto Components, EV, Dealerships)","Automobile dealership","Unlisted"
"C03445","Vipul Motors Private Limited","Private Limited","Private (Indian)","Delhi; Haryana","New Delhi","Automobile (OEMs, Auto Components, EV, Dealerships)","Automobile dealership (Maruti Suzuki)","Unlisted"
"C03446","Hetero Drugs Limited","Private Limited","Private (Indian)","Telangana; Andhra Pradesh","Hyderabad","Pharma (Formulations, API, CDMO)","Generic formulations & API","Unlisted"
"C03447","Sri Krishna Pharmaceuticals Limited","Public Limited","Private (Indian)","Andhra Pradesh; Telangana","Hyderabad","Pharma (Formulations, API, CDMO)","Formulations","Listed-BSE"
"C03448","Bharat Biotech International Limited","Private Limited","Private (Indian)","Telangana","Hyderabad","Biotechnology & Life Sciences","Vaccines","Unlisted"
"C03449","Biological E. Limited","Private Limited","Private (Indian)","Telangana","Hyderabad","Biotechnology & Life Sciences","Vaccines & biologics","Unlisted"
"C03450","Shantha Biotechnics Private Limited","Private Limited","MNC Subsidiary","Telangana","Hyderabad","Biotechnology & Life Sciences","Vaccines","Unlisted"
"C03451","Mylan Laboratories Limited (regional origin Hyderabad)","Private Limited","MNC Subsidiary","Telangana","Hyderabad","Pharma (Formulations, API, CDMO)","Generic formulations","Unlisted"
"C03452","Optimus Pharma Private Limited","Private Limited","Private (Indian)","Telangana","Hyderabad","Pharma (Formulations, API, CDMO)","API manufacturing","Unlisted"
"C03454","USV Private Limited","Private Limited","Private (Indian)","Maharashtra","Mumbai","Pharma (Formulations, API, CDMO)","Formulations & API","Unlisted"
"C03456","Serum Institute of India Private Limited","Private Limited","Private (Indian)","Maharashtra","Pune","Biotechnology & Life Sciences","Vaccines","Unlisted"
"C03457","Gennova Biopharmaceuticals Limited","Private Limited","Private (Indian)","Maharashtra","Pune","Biotechnology & Life Sciences","Biopharmaceuticals","Unlisted"
"C03458","Bharat Serums and Vaccines Limited","Private Limited","Private (Indian)","Maharashtra","Mumbai","Biotechnology & Life Sciences","Biologics & vaccines","Unlisted"
"C03459","Intas Pharmaceuticals Limited","Private Limited","Private (Indian)","Gujarat","Ahmedabad","Pharma (Formulations, API, CDMO)","Formulations & biosimilars","Unlisted"
"C03461","Cadila Pharmaceuticals Limited","Private Limited","Private (Indian)","Gujarat","Ahmedabad","Pharma (Formulations, API, CDMO)","Formulations","Unlisted"
"C03462","Claris Lifesciences Limited","Public Limited","Private (Indian)","Gujarat","Ahmedabad","Pharma (Formulations, API, CDMO)","Injectables","Delisted/Unknown"
"C03463","Elder Pharmaceuticals Limited","Public Limited","Private (Indian)","Gujarat; Maharashtra","Mumbai","Pharma (Formulations, API, CDMO)","Formulations","Listed-BSE"
"C03466","Panjon Limited (Anglo-French Drugs group)","Public Limited","Private (Indian)","Delhi","New Delhi","Pharma (Formulations, API, CDMO)","Formulations","Listed-BSE"
"C03468","Eenadu (Ushodaya Enterprises Private Limited)","Private Limited","Private (Indian)","Telangana; Andhra Pradesh","Hyderabad","Media & Entertainment (Broadcasting, OTT, Print, Advertising, Films, Gaming)","Telugu newspaper & TV","Unlisted"
"C03469","Sakshi Media Group","Private Limited","Private (Indian)","Andhra Pradesh; Telangana","Hyderabad","Media & Entertainment (Broadcasting, OTT, Print, Advertising, Films, Gaming)","Telugu newspaper & TV","Unlisted"
"C03470","Andhra Jyothy (Telugu One Media)","Private Limited","Private (Indian)","Andhra Pradesh; Telangana","Hyderabad","Media & Entertainment (Broadcasting, OTT, Print, Advertising, Films, Gaming)","Telugu newspaper","Unlisted"
"C03471","Malayala Manorama Company Private Limited","Private Limited","Private (Indian)","Kerala","Kottayam","Media & Entertainment (Broadcasting, OTT, Print, Advertising, Films, Gaming)","Malayalam newspaper & TV","Unlisted"
"C03472","Mathrubhumi Printing & Publishing Company Limited","Public Limited","Private (Indian)","Kerala","Kozhikode","Media & Entertainment (Broadcasting, OTT, Print, Advertising, Films, Gaming)","Malayalam newspaper & TV","Unlisted"
"C03473","Kerala Kaumudi Private Limited","Private Limited","Private (Indian)","Kerala","Thiruvananthapuram","Media & Entertainment (Broadcasting, OTT, Print, Advertising, Films, Gaming)","Malayalam newspaper","Unlisted"
"C03474","Deshabhimani Publications","Private Limited","Trust/Society","Kerala","Kozhikode","Media & Entertainment (Broadcasting, OTT, Print, Advertising, Films, Gaming)","Malayalam newspaper","Unlisted"
"C03475","Asianet Communications Limited","Private Limited","Private (Indian)","Kerala","Kochi","Media & Entertainment (Broadcasting, OTT, Print, Advertising, Films, Gaming)","Malayalam TV channel","Unlisted"
"C03476","Dinakaran (Kal Publications Private Limited)","Private Limited","Private (Indian)","Tamil Nadu","Chennai","Media & Entertainment (Broadcasting, OTT, Print, Advertising, Films, Gaming)","Tamil newspaper","Unlisted"
"C03477","Daily Thanthi (Thanthi Trust)","Private Limited","Trust/Society","Tamil Nadu","Chennai","Media & Entertainment (Broadcasting, OTT, Print, Advertising, Films, Gaming)","Tamil newspaper & TV","Unlisted"
"C03478","Vikatan Group","Private Limited","Private (Indian)","Tamil Nadu","Chennai","Media & Entertainment (Broadcasting, OTT, Print, Advertising, Films, Gaming)","Tamil publishing","Unlisted"
"C03479","Jaya TV (Jaya Media Private Limited)","Private Limited","Private (Indian)","Tamil Nadu","Chennai","Media & Entertainment (Broadcasting, OTT, Print, Advertising, Films, Gaming)","Tamil TV channel","Unlisted"
"C03480","Anandabazar Patrika (ABP Group / ABP Private Limited)","Private Limited","Private (Indian)","West Bengal","Kolkata","Media & Entertainment (Broadcasting, OTT, Print, Advertising, Films, Gaming)","Bengali newspaper & TV","Unlisted"
"C03481","Bartaman Private Limited","Private Limited","Private (Indian)","West Bengal","Kolkata","Media & Entertainment (Broadcasting, OTT, Print, Advertising, Films, Gaming)","Bengali newspaper","Unlisted"
"C03482","Sangbad Pratidin (Pratidin Prakashani Private Limited)","Private Limited","Private (Indian)","West Bengal","Kolkata","Media & Entertainment (Broadcasting, OTT, Print, Advertising, Films, Gaming)","Bengali newspaper","Unlisted"
"C03485","Rajasthan Patrika Private Limited","Private Limited","Private (Indian)","Rajasthan; Madhya Pradesh; Chhattisgarh; Uttar Pradesh","Jaipur","Media & Entertainment (Broadcasting, OTT, Print, Advertising, Films, Gaming)","Hindi newspaper","Unlisted"
"C03486","Prabhat Khabar (Aryavart Cultural Association)","Private Limited","Trust/Society","Jharkhand; Bihar","Ranchi","Media & Entertainment (Broadcasting, OTT, Print, Advertising, Films, Gaming)","Hindi newspaper","Unlisted"
"C03487","Ajit Samachar Private Limited","Private Limited","Private (Indian)","Punjab","Jalandhar","Media & Entertainment (Broadcasting, OTT, Print, Advertising, Films, Gaming)","Punjabi newspaper","Unlisted"
"C03488","Punjab Kesari (Hind Samachar Group)","Private Limited","Private (Indian)","Punjab; Haryana; Himachal Pradesh; Delhi","Jalandhar","Media & Entertainment (Broadcasting, OTT, Print, Advertising, Films, Gaming)","Hindi/Punjabi newspaper","Unlisted"
"C03489","Sakal Media Group (Sakal Papers Private Limited)","Private Limited","Private (Indian)","Maharashtra","Pune","Media & Entertainment (Broadcasting, OTT, Print, Advertising, Films, Gaming)","Marathi newspaper","Unlisted"
"C03490","Gujarat Samachar (Gujarat Samachar Private Limited)","Private Limited","Private (Indian)","Gujarat","Ahmedabad","Media & Entertainment (Broadcasting, OTT, Print, Advertising, Films, Gaming)","Gujarati newspaper","Unlisted"
"C03491","Prajavani (The Printers Mysore Limited)","Public Limited","Private (Indian)","Karnataka","Bengaluru","Media & Entertainment (Broadcasting, OTT, Print, Advertising, Films, Gaming)","Kannada newspaper","Listed-BSE"
"C03492","Kannada Prabha (Express Group regional unit)","Private Limited","Private (Indian)","Karnataka","Bengaluru","Media & Entertainment (Broadcasting, OTT, Print, Advertising, Films, Gaming)","Kannada newspaper","Unlisted"
"C03493","Vishwavani Publications","Private Limited","Private (Indian)","Karnataka","Bengaluru","Media & Entertainment (Broadcasting, OTT, Print, Advertising, Films, Gaming)","Kannada newspaper","Unlisted"
"C03494","Suvarna News (Asianet Suvarna)","Private Limited","MNC Subsidiary","Karnataka","Bengaluru","Media & Entertainment (Broadcasting, OTT, Print, Advertising, Films, Gaming)","Kannada TV channel","Unlisted"
"C03495","Odisha TV Private Limited","Private Limited","Private (Indian)","Odisha","Bhubaneswar","Media & Entertainment (Broadcasting, OTT, Print, Advertising, Films, Gaming)","Odia TV channel","Unlisted"
"C03496","Samaja Newspaper (Odisha)","Private Limited","Trust/Society","Odisha","Bhubaneswar","Media & Entertainment (Broadcasting, OTT, Print, Advertising, Films, Gaming)","Odia newspaper","Unlisted"
"C03497","Assam Tribune Private Limited","Private Limited","Private (Indian)","Assam","Guwahati","Media & Entertainment (Broadcasting, OTT, Print, Advertising, Films, Gaming)","English/Assamese newspaper","Unlisted"
"C03498","Dainik Asam / Asomiya Pratidin (Pratidin Time Media)","Private Limited","Private (Indian)","Assam","Guwahati","Media & Entertainment (Broadcasting, OTT, Print, Advertising, Films, Gaming)","Assamese newspaper & TV","Unlisted"
"C03499","Northeast Live Media","Private Limited","Private (Indian)","Assam","Guwahati","Media & Entertainment (Broadcasting, OTT, Print, Advertising, Films, Gaming)","Regional news portal","Unlisted"
"C03500","Upper Ganges Sugar & Industries Limited","Public Limited","Private (Indian)","Uttar Pradesh; West Bengal","Kolkata","Food Processing & Beverages","Sugar","Listed-BSE"
"C03502","Dharani Sugars & Chemicals Limited","Public Limited","Private (Indian)","Tamil Nadu","Chennai","Food Processing & Beverages","Sugar","Listed-BSE"
"C03509","Gayatri Bio Organics Limited","Public Limited","Private (Indian)","Andhra Pradesh; Telangana","Hyderabad","Food Processing & Beverages","Sugar & bio-organics","Listed-BSE"
"C03510","Penna Cement Industries Limited","Private Limited","Private (Indian)","Andhra Pradesh; Telangana","Hyderabad","Cement & Building Materials","Cement manufacturing","Unlisted"
"C03512","Zuari Cement Limited (My Home group)","Private Limited","Private (Indian)","Andhra Pradesh; Telangana","Hyderabad","Cement & Building Materials","Cement manufacturing","Unlisted"
"C03513","My Home Industries Private Limited","Private Limited","Private (Indian)","Telangana; Andhra Pradesh","Hyderabad","Cement & Building Materials","Cement manufacturing","Unlisted"
"C03514","Bheema Cements Limited","Public Limited","Private (Indian)","Telangana","Hyderabad","Cement & Building Materials","Cement manufacturing","Listed-BSE"
"C03515","Priyadarshini Cement Limited","Public Limited","Private (Indian)","Andhra Pradesh","Guntur","Cement & Building Materials","Cement manufacturing","Listed-BSE"
"C03516","Panyam Cements and Mineral Industries Limited","Public Limited","Private (Indian)","Andhra Pradesh","Kurnool","Cement & Building Materials","Cement manufacturing","Listed-BSE"
"C03517","Chettinad Cement Corporation Private Limited","Private Limited","Private (Indian)","Tamil Nadu","Chennai","Cement & Building Materials","Cement manufacturing","Unlisted"
"C03519","Coromandel's peer - Sri Vishnu Cement Limited","Public Limited","Private (Indian)","Andhra Pradesh","Guntur","Cement & Building Materials","Cement manufacturing","Listed-BSE"
"C03522","Cachar Cements Limited","Private Limited","Private (Indian)","Assam","Silchar","Cement & Building Materials","Cement manufacturing","Unlisted"
"C03524","Udaipur Cement Works Limited","Public Limited","Private (Indian)","Rajasthan","Udaipur","Cement & Building Materials","Cement manufacturing","Listed-BSE"
"C03526","Gujarat Sidhee Cement Limited","Public Limited","Private (Indian)","Gujarat","Porbandar","Cement & Building Materials","Cement manufacturing","Listed-BSE"
"C03527","Kalyanpur Cements Limited","Public Limited","Private (Indian)","Bihar; Jharkhand","Kolkata","Cement & Building Materials","Cement manufacturing","Listed-BSE"
"C03528","Diamond Cement (M.P. Ltd)","Private Limited","Private (Indian)","Madhya Pradesh; Chhattisgarh","Satna","Cement & Building Materials","Cement manufacturing","Unlisted"
"C03529","Vinay Cement Limited","Public Limited","Private (Indian)","Bihar","Kolkata","Cement & Building Materials","Cement manufacturing","Listed-BSE"
"C03530","Chhattisgarh's Vandana Global Limited (cement/steel)","Public Limited","Private (Indian)","Chhattisgarh","Raipur","Cement & Building Materials","Cement & steel","Listed-BSE"
"C03531","KSK Energy Ventures Limited","Public Limited","Private (Indian)","Andhra Pradesh; Telangana","Hyderabad","Power (Generation, Transmission, Distribution, Trading)","Power generation","Delisted/Unknown"
"C03533","Lanco Infratech Limited","Public Limited","Private (Indian)","Telangana; Andhra Pradesh","Hyderabad","Power (Generation, Transmission, Distribution, Trading)","Power generation & EPC","Delisted/Unknown"
"C03534","Sembcorp Energy India Limited (regional Andhra ops)","Private Limited","Joint Venture","Andhra Pradesh","Hyderabad","Power (Generation, Transmission, Distribution, Trading)","Power generation","Unlisted"
"C03535","Meenakshi Energy Limited","Private Limited","Private (Indian)","Andhra Pradesh","Hyderabad","Power (Generation, Transmission, Distribution, Trading)","Power generation","Unlisted"
"C03536","Konaseema Gas Power Limited","Private Limited","Private (Indian)","Andhra Pradesh","Amalapuram","Power (Generation, Transmission, Distribution, Trading)","Gas-based power generation","Unlisted"
"C03537","Essar Power Gujarat Limited","Private Limited","Private (Indian)","Gujarat","Ahmedabad","Power (Generation, Transmission, Distribution, Trading)","Power generation","Unlisted"
"C03538","Sai Wardha Power Generation Limited","Private Limited","Private (Indian)","Maharashtra","Nagpur","Power (Generation, Transmission, Distribution, Trading)","Power generation","Unlisted"
"C03539","Indiabulls Power Limited","Public Limited","Private (Indian)","Maharashtra; Chhattisgarh","Mumbai","Power (Generation, Transmission, Distribution, Trading)","Power generation","Listed-NSE+BSE"
"C03540","VS Lignite Power Private Limited","Private Limited","Private (Indian)","Rajasthan","Barmer","Power (Generation, Transmission, Distribution, Trading)","Power generation","Unlisted"
"C03541","KSK Mahanadi Power Company Limited","Private Limited","Private (Indian)","Chhattisgarh","Raipur","Power (Generation, Transmission, Distribution, Trading)","Power generation","Unlisted"
"C03542","Ind-Barath Power Infra Limited","Public Limited","Private (Indian)","Tamil Nadu; Andhra Pradesh","Chennai","Power (Generation, Transmission, Distribution, Trading)","Power generation","Listed-BSE"
"C03546","Damodar Valley affiliate Maithon Power Limited","Private Limited","Joint Venture","Jharkhand; West Bengal","Kolkata","Power (Generation, Transmission, Distribution, Trading)","Power generation","Unlisted"
"C03549","Bengal Finance & Investment Private Limited (RPG group NBFC)","Private Limited","Private (Indian)","West Bengal","Kolkata","NBFC (Deposit/Non-Deposit, HFC, MFI, Infrastructure Finance, Core Investment Cos)","NBFC investment company","Unlisted"
"C03550","Bandhan Financial Services Private Limited","Private Limited","Private (Indian)","West Bengal","Kolkata","NBFC (Deposit/Non-Deposit, HFC, MFI, Infrastructure Finance, Core Investment Cos)","Microfinance NBFC","Unlisted"
"C03551","Village Financial Services Limited","Private Limited","Private (Indian)","West Bengal","Kolkata","NBFC (Deposit/Non-Deposit, HFC, MFI, Infrastructure Finance, Core Investment Cos)","Microfinance NBFC","Unlisted"
"C03552","Parry Agro Industries Limited (Murugappa Group)","Public Limited","Private (Indian)","Kerala; Tamil Nadu","Chennai","Agriculture (Agri-inputs, Seeds, Agri-tech, Plantations)","Tea & coffee plantations","Listed-BSE"
"C03553","Tube Products of India Limited (Murugappa Group)","Private Limited","Private (Indian)","Tamil Nadu","Chennai","Capital Goods & Engineering (Machinery, Industrial Equipment)","Precision steel tubes","Unlisted"
"C03554","Chola MS Risk Services Limited (Murugappa Group)","Private Limited","Private (Indian)","Tamil Nadu","Chennai","Financial Services (Non-Bank)","Risk management services","Unlisted"
"C03555","Cholamandalam Securities Limited (Murugappa Group)","Private Limited","Private (Indian)","Tamil Nadu","Chennai","Securities/Capital Markets (Brokers, Exchanges, Depositories, AMCs, Mutual Funds, RTAs, Merchant Bankers, AIFs, PMS, Rating Agencies)","Stock broking","Unlisted"
"C03556","Ambadi Enterprises Limited (Murugappa Group holding co.)","Private Limited","Private (Indian)","Tamil Nadu","Chennai","Diversified Conglomerates/Holding Companies","Group holding company","Unlisted"
"C03557","TVS Automobile Solutions Private Limited","Private Limited","Private (Indian)","Tamil Nadu","Chennai","Automobile (OEMs, Auto Components, EV, Dealerships)","Multi-brand vehicle service","Unlisted"
"C03558","Lucas-TVS Limited","Private Limited","Joint Venture","Tamil Nadu","Chennai","Automobile (OEMs, Auto Components, EV, Dealerships)","Auto electrical components","Unlisted"
"C03559","Brakes India Private Limited (TVS Group)","Private Limited","Private (Indian)","Tamil Nadu","Chennai","Automobile (OEMs, Auto Components, EV, Dealerships)","Auto brake systems","Unlisted"
"C03560","Harita Seating Systems Limited (TVS Group)","Private Limited","Private (Indian)","Tamil Nadu","Chennai","Automobile (OEMs, Auto Components, EV, Dealerships)","Automotive seating","Unlisted"
"C03561","TVS Housing Private Limited","Private Limited","Private (Indian)","Tamil Nadu","Chennai","Real Estate (Developers, REITs/InvITs, Brokers)","Real estate development","Unlisted"
"C03562","Southern Roadways Private Limited (TVS Group)","Private Limited","Private (Indian)","Tamil Nadu","Chennai","Logistics & Warehousing","Freight & logistics","Unlisted"
"C03563","Simpson & Co. Limited (Amalgamations Group)","Private Limited","Private (Indian)","Tamil Nadu","Chennai","Automobile (OEMs, Auto Components, EV, Dealerships)","Diesel engines","Unlisted"
"C03564","Addison & Co. Limited (Amalgamations Group)","Public Limited","Private (Indian)","Tamil Nadu","Chennai","Capital Goods & Engineering (Machinery, Industrial Equipment)","Cutting tools","Listed-BSE"
"C03565","Sundaram Industries Private Limited (Amalgamations Group)","Private Limited","Private (Indian)","Tamil Nadu","Madurai","Automobile (OEMs, Auto Components, EV, Dealerships)","Tyre retreading & rubber","Unlisted"
"C03566","Shapoorji Pallonji Energy (Solar) Private Limited","Private Limited","Private (Indian)","Maharashtra","Mumbai","Renewable Energy (Solar, Wind, Green Hydrogen)","Solar power development","Unlisted"
"C03567","Forbes & Company Limited (Shapoorji Pallonji Group)","Public Limited","Private (Indian)","Maharashtra","Mumbai","Diversified Conglomerates/Holding Companies","Engineering & trading","Listed-BSE"
"C03568","Forbes Facility Services Private Limited","Private Limited","Private (Indian)","Maharashtra","Mumbai","Private Security & Facility Management","Facility management","Unlisted"
"C03570","Gokak Textiles Limited (Shapoorji Pallonji Group)","Private Limited","Private (Indian)","Karnataka","Gokak","Textiles & Apparel","Textile manufacturing","Unlisted"
"C03571","SP Robotic Works Private Limited","Private Limited","Private (Indian)","Tamil Nadu","Chennai","Education (Schools, Higher Education, Ed-tech, Coaching)","STEM/robotics education","Unlisted"
"C03572","CESC Ventures Limited (RP-Sanjiv Goenka Group)","Public Limited","Private (Indian)","West Bengal","Kolkata","Diversified Conglomerates/Holding Companies","Group investment holding","Listed-NSE+BSE"
"C03573","Spencer's International Hotels Limited (RPSG Group)","Private Limited","Private (Indian)","West Bengal","Kolkata","Hospitality & Tourism (Hotels, Restaurants, Travel, Airlines Catering)","Hotels","Unlisted"
"C03574","Guiltfree Industries Limited (RPSG Group - Too Yumm snacks)","Private Limited","Private (Indian)","West Bengal","Kolkata","Food Processing & Beverages","Snacks (Too Yumm)","Unlisted"
"C03580","Manipal Hospitals (Manipal Health Enterprises Private Limited)","Private Limited","Private (Indian)","Karnataka","Bengaluru","Healthcare","Hospitals","Unlisted"
"C03581","Columbia Asia Hospitals Private Limited","Private Limited","Private (Indian)","Karnataka","Bengaluru","Healthcare","Hospitals","Unlisted"
"C03582","Cloudnine Hospitals (Cloudnine Healthcare Limited)","Public Limited","Private (Indian)","Karnataka","Bengaluru","Healthcare","Maternity hospitals","Unlisted"
"C03583","Sir Ganga Ram Hospital Society","Trust/Society","Trust/Society","Delhi","New Delhi","Healthcare","Hospitals","Unlisted"
"C03584","Christian Medical College, Vellore","Trust/Society","Trust/Society","Tamil Nadu","Vellore","Healthcare","Hospitals & medical education","Unlisted"
"C03585","Tata Memorial Centre","Trust/Society","Trust/Society","Maharashtra","Mumbai","Healthcare","Cancer hospitals","Unlisted"
"C03586","SRL Limited (SRL Diagnostics)","Public Limited","Private (Indian)","Maharashtra","Mumbai","Healthcare","Diagnostics","Unlisted"
"C03587","Agilus Diagnostics Limited","Public Limited","Private (Indian)","Haryana","Gurugram","Healthcare","Diagnostics","Unlisted"
"C03588","Apollo Diagnostics","Private Limited","Private (Indian)","Telangana","Hyderabad","Healthcare","Diagnostics","Unlisted"
"C03589","Neuberg Diagnostics Private Limited","Private Limited","Private (Indian)","Tamil Nadu","Chennai","Healthcare","Diagnostics","Unlisted"
"C03590","Tenet Diagnostics (Tenet Health)","Private Limited","Private (Indian)","Karnataka","Bengaluru","Healthcare","Diagnostics","Unlisted"
"C03591","Pathkind Labs","Private Limited","Private (Indian)","Haryana","Gurugram","Healthcare","Diagnostics","Unlisted"
"C03592","Suburban Diagnostics (India) Private Limited","Private Limited","Private (Indian)","Maharashtra","Mumbai","Healthcare","Diagnostics","Unlisted"
"C03593","Tata 1mg (Tata 1mg Technologies Private Limited)","Private Limited","Private (Indian)","Haryana","Gurugram","Healthcare","Online pharmacy","Unlisted"
"C03596","Micro Labs Limited","Public Limited","Private (Indian)","Karnataka","Bengaluru","Pharma","Formulations","Unlisted"
"C03598","Biocon Biologics Limited","Public Limited","Private (Indian)","Karnataka","Bengaluru","Biotechnology & Life Sciences","Biosimilars","Unlisted"
"C03601","Sterling Biotech Limited","Public Limited","Private (Indian)","Gujarat","Vadodara","Biotechnology & Life Sciences","Biotech","Delisted/Unknown"
"C03602","Meril Life Sciences Private Limited","Private Limited","Private (Indian)","Gujarat","Vapi","Medical Devices","Cardiac & orthopaedic devices","Unlisted"
"C03604","Trivitron Healthcare Private Limited","Private Limited","Private (Indian)","Tamil Nadu","Chennai","Medical Devices","Diagnostics equipment","Unlisted"
"C03605","Healthium Medtech Limited","Public Limited","Private (Indian)","Karnataka","Bengaluru","Medical Devices","Surgical products","Unlisted"
"C03606","Translumina Therapeutics Private Limited","Private Limited","Private (Indian)","Haryana","Gurugram","Medical Devices","Stents","Unlisted"
"C03607","SMT (Sahajanand Medical Technologies) Limited","Public Limited","Private (Indian)","Gujarat","Surat","Medical Devices","Stents","Unlisted"
"C03608","Skanray Technologies Limited","Public Limited","Private (Indian)","Karnataka","Mysuru","Medical Devices","Imaging & critical care","Unlisted"
"C03609","Opto Circuits (India) Limited","Public Limited","Private (Indian)","Karnataka","Bengaluru","Medical Devices","Patient monitoring","Listed-NSE+BSE"
"C03610","Sahajanand Laser Technology Limited","Public Limited","Private (Indian)","Gujarat","Gandhinagar","Medical Devices","Lasers","Listed-NSE+BSE"
"C03612","Allied Medical Limited","Public Limited","Private (Indian)","Delhi","New Delhi","Medical Devices","Medical devices","Listed-NSE+BSE"
"C03613","Amrita Vishwa Vidyapeetham","Trust/Society","Trust/Society","Tamil Nadu","Coimbatore","Education","Deemed university","Unlisted"
"C03614","Manipal Academy of Higher Education","Trust/Society","Trust/Society","Karnataka","Manipal","Education","Deemed university","Unlisted"
"C03615","Birla Institute of Technology and Science, Pilani","Trust/Society","Trust/Society","Rajasthan","Pilani","Education","Deemed university","Unlisted"
"C03616","Vellore Institute of Technology","Trust/Society","Trust/Society","Tamil Nadu","Vellore","Education","Private university","Unlisted"
"C03617","SRM Institute of Science and Technology","Trust/Society","Trust/Society","Tamil Nadu","Chennai","Education","Deemed university","Unlisted"
"C03618","Symbiosis International (Deemed University)","Trust/Society","Trust/Society","Maharashtra","Pune","Education","Deemed university","Unlisted"
"C03619","Amity University","Trust/Society","Trust/Society","Uttar Pradesh","Noida","Education","Private university","Unlisted"
"C03620","Ashoka University","Trust/Society","Trust/Society","Haryana","Sonipat","Education","Private university","Unlisted"
"C03621","O.P. Jindal Global University","Trust/Society","Trust/Society","Haryana","Sonipat","Education","Private university","Unlisted"
"C03622","Shiv Nadar University","Trust/Society","Trust/Society","Uttar Pradesh","Greater Noida","Education","Private university","Unlisted"
"C03623","Lovely Professional University","Trust/Society","Trust/Society","Punjab","Phagwara","Education","Private university","Unlisted"
"C03624","Chitkara University","Trust/Society","Trust/Society","Punjab","Rajpura","Education","Private university","Unlisted"
"C03625","Narsee Monjee Institute of Management Studies","Trust/Society","Trust/Society","Maharashtra","Mumbai","Education","Deemed university","Unlisted"
"C03626","Christ University","Trust/Society","Trust/Society","Karnataka","Bengaluru","Education","Deemed university","Unlisted"
"C03627","Azim Premji University","Trust/Society","Trust/Society","Karnataka","Bengaluru","Education","Private university","Unlisted"
"C03628","Indian School of Business","Trust/Society","Trust/Society","Telangana","Hyderabad","Education","Business school","Unlisted"
"C03629","Tata Institute of Social Sciences","Trust/Society","Trust/Society","Maharashtra","Mumbai","Education","Deemed university","Unlisted"
"C03630","Kalinga Institute of Industrial Technology","Trust/Society","Trust/Society","Odisha","Bhubaneswar","Education","Deemed university","Unlisted"
"C03631","Sikkim Manipal University","Trust/Society","Trust/Society","Sikkim","Gangtok","Education","Private university","Unlisted"
"C03632","Aligarh Muslim University","Trust/Society","Trust/Society","Uttar Pradesh","Aligarh","Education","Central university","Unlisted"
"C03633","Jamia Hamdard","Trust/Society","Trust/Society","Delhi","New Delhi","Education","Deemed university","Unlisted"
"C03634","Delhi Public School Society","Trust/Society","Trust/Society","Delhi","New Delhi","Education","Schools","Unlisted"
"C03635","The Doon School","Trust/Society","Trust/Society","Uttarakhand","Dehradun","Education","Schools","Unlisted"
"C03636","Ryan International Group of Institutions","Trust/Society","Trust/Society","Maharashtra","Mumbai","Education","Schools","Unlisted"
"C03637","Podar Education Network","Trust/Society","Trust/Society","Maharashtra","Mumbai","Education","Schools","Unlisted"
"C03638","Narayana Educational Institutions","Private Limited","Private (Indian)","Telangana","Hyderabad","Education","Coaching & schools","Unlisted"
"C03639","Sri Chaitanya Educational Institutions","Private Limited","Private (Indian)","Telangana","Hyderabad","Education","Schools & junior colleges","Unlisted"
"C03640","Allen Career Institute Private Limited","Private Limited","Private (Indian)","Rajasthan","Kota","Education","Coaching","Unlisted"
"C03641","Aakash Educational Services Limited","Public Limited","Private (Indian)","Delhi","New Delhi","Education","Coaching","Unlisted"
"C03642","FIITJEE Limited","Public Limited","Private (Indian)","Delhi","New Delhi","Education","Coaching","Unlisted"
"C03643","Physics Wallah Limited","Public Limited","Private (Indian)","Uttar Pradesh","Noida","Education","Edtech","Unlisted"
"C03644","Simplilearn Solutions Private Limited","Private Limited","Private (Indian)","Karnataka","Bengaluru","Education","Edtech","Unlisted"
"C03645","Eruditus Learning Solutions Private Limited","Private Limited","Private (Indian)","Maharashtra","Mumbai","Education","Edtech","Unlisted"
"C03646","Toppr (Toppr Technologies Private Limited)","Private Limited","Private (Indian)","Maharashtra","Mumbai","Education","Edtech","Unlisted"
"C03647","Teachmint Technologies Private Limited","Private Limited","Private (Indian)","Karnataka","Bengaluru","Education","Edtech","Unlisted"
"C03648","Nextwave (Next Education India)","Private Limited","Private (Indian)","Karnataka","Bengaluru","Education","Schools tech","Unlisted"
"C03650","Career Point Limited","Public Limited","Private (Indian)","Rajasthan","Kota","Education","Coaching","Listed-NSE+BSE"
"C03651","Educomp Solutions Limited","Public Limited","Private (Indian)","Haryana","Gurugram","Education","Edtech","Delisted/Unknown"
"C03653","Cyril Amarchand Mangaldas","Partnership Firm","Private (Indian)","Maharashtra","Mumbai","Legal Services","Law firm","Unlisted"
"C03654","AZB & Partners","Partnership Firm","Private (Indian)","Maharashtra","Mumbai","Legal Services","Law firm","Unlisted"
"C03655","Trilegal","Partnership Firm","Private (Indian)","Karnataka","Bengaluru","Legal Services","Law firm","Unlisted"
"C03656","Khaitan & Co","LLP","Private (Indian)","Maharashtra","Mumbai","Legal Services","Law firm","Unlisted"
"C03657","Shardul Amarchand Mangaldas & Co","Partnership Firm","Private (Indian)","Delhi","New Delhi","Legal Services","Law firm","Unlisted"
"C03658","J. Sagar Associates","Partnership Firm","Private (Indian)","Delhi","New Delhi","Legal Services","Law firm","Unlisted"
"C03659","Luthra & Luthra Law Offices India","Partnership Firm","Private (Indian)","Delhi","New Delhi","Legal Services","Law firm","Unlisted"
"C03660","Lakshmikumaran & Sridharan Attorneys","Partnership Firm","Private (Indian)","Delhi","New Delhi","Legal Services","Law firm","Unlisted"
"C03661","Economic Laws Practice","Partnership Firm","Private (Indian)","Maharashtra","Mumbai","Legal Services","Law firm","Unlisted"
"C03662","Talwar Thakore & Associates","Partnership Firm","Private (Indian)","Maharashtra","Mumbai","Legal Services","Law firm","Unlisted"
"C03663","Induslaw","Partnership Firm","Private (Indian)","Karnataka","Bengaluru","Legal Services","Law firm","Unlisted"
"C03664","Fox Mandal & Associates","Partnership Firm","Private (Indian)","Karnataka","Bengaluru","Legal Services","Law firm","Unlisted"
"C03665","Desai & Diwanji","Partnership Firm","Private (Indian)","Maharashtra","Mumbai","Legal Services","Law firm","Unlisted"
"C03666","Wadia Ghandy & Co","Partnership Firm","Private (Indian)","Maharashtra","Mumbai","Legal Services","Law firm","Unlisted"
"C03667","Bharucha & Partners","Partnership Firm","Private (Indian)","Delhi","New Delhi","Legal Services","Law firm","Unlisted"
"C03668","Anand and Anand","Partnership Firm","Private (Indian)","Uttar Pradesh","Noida","Legal Services","Intellectual property law firm","Unlisted"
"C03669","Remfry & Sagar","Partnership Firm","Private (Indian)","Haryana","Gurugram","Legal Services","Intellectual property law firm","Unlisted"
"C03670","S&R Associates","Partnership Firm","Private (Indian)","Delhi","New Delhi","Legal Services","Law firm","Unlisted"
"C03671","Phoenix Legal","Partnership Firm","Private (Indian)","Delhi","New Delhi","Legal Services","Law firm","Unlisted"
"C03672","Singhania & Partners","Partnership Firm","Private (Indian)","Delhi","New Delhi","Legal Services","Law firm","Unlisted"
"C03673","Kochhar & Co","Partnership Firm","Private (Indian)","Haryana","Gurugram","Legal Services","Law firm","Unlisted"
"C03674","Nishith Desai Associates","Partnership Firm","Private (Indian)","Maharashtra","Mumbai","Legal Services","Law firm","Unlisted"
"C03675","Link Legal India Law Services","Partnership Firm","Private (Indian)","Delhi","New Delhi","Legal Services","Law firm","Unlisted"
"C03676","Amarchand & Mangaldas & Suresh A. Shroff & Co","Partnership Firm","Private (Indian)","Maharashtra","Mumbai","Legal Services","Law firm","Unlisted"
"C03677","Deloitte Haskins & Sells LLP","LLP","Private (Indian)","Maharashtra","Mumbai","Consulting & Professional Services","Audit & advisory","Unlisted"
"C03678","S.R. Batliboi & Co. LLP","LLP","Private (Indian)","West Bengal","Kolkata","Consulting & Professional Services","Audit","Unlisted"
"C03679","B S R & Co. LLP","LLP","Private (Indian)","Haryana","Gurugram","Consulting & Professional Services","Audit","Unlisted"
"C03680","Price Waterhouse & Co Chartered Accountants LLP","LLP","Private (Indian)","West Bengal","Kolkata","Consulting & Professional Services","Audit","Unlisted"
"C03681","Walker Chandiok & Co LLP","LLP","Private (Indian)","Delhi","New Delhi","Consulting & Professional Services","Audit","Unlisted"
"C03682","S R B C & CO LLP","LLP","Private (Indian)","West Bengal","Kolkata","Consulting & Professional Services","Audit","Unlisted"
"C03683","Lodha & Co","Partnership Firm","Private (Indian)","West Bengal","Kolkata","Consulting & Professional Services","Chartered accountants","Unlisted"
"C03684","Singhi & Co","Partnership Firm","Private (Indian)","West Bengal","Kolkata","Consulting & Professional Services","Chartered accountants","Unlisted"
"C03685","M P Chitale & Co","Partnership Firm","Private (Indian)","Maharashtra","Mumbai","Consulting & Professional Services","Chartered accountants","Unlisted"
"C03686","Kalyaniwalla & Mistry LLP","LLP","Private (Indian)","Maharashtra","Mumbai","Consulting & Professional Services","Chartered accountants","Unlisted"
"C03687","Haribhakti & Co. LLP","LLP","Private (Indian)","Maharashtra","Mumbai","Consulting & Professional Services","Chartered accountants","Unlisted"
"C03688","Sharp & Tannan","Partnership Firm","Private (Indian)","Maharashtra","Mumbai","Consulting & Professional Services","Chartered accountants","Unlisted"
"C03689","Suresh Surana & Associates LLP","LLP","Private (Indian)","Maharashtra","Mumbai","Consulting & Professional Services","Chartered accountants","Unlisted"
"C03690","Grant Thornton Bharat LLP","LLP","Private (Indian)","Haryana","Gurugram","Consulting & Professional Services","Audit & advisory","Unlisted"
"C03691","BDO India LLP","LLP","Private (Indian)","Maharashtra","Mumbai","Consulting & Professional Services","Audit & advisory","Unlisted"
"C03692","Nangia & Co LLP","LLP","Private (Indian)","Uttar Pradesh","Noida","Consulting & Professional Services","Chartered accountants","Unlisted"
"C03693","Mahajan & Aibara Chartered Accountants","Partnership Firm","Private (Indian)","Maharashtra","Mumbai","Consulting & Professional Services","Chartered accountants","Unlisted"
"C03694","McKinsey & Company India","Foreign Company Branch","MNC Subsidiary","Maharashtra","Mumbai","Consulting & Professional Services","Management consulting","Unlisted"
"C03695","Bain & Company India","Foreign Company Branch","MNC Subsidiary","Delhi","New Delhi","Consulting & Professional Services","Management consulting","Unlisted"
"C03696","Kearney India","Foreign Company Branch","MNC Subsidiary","Maharashtra","Mumbai","Consulting & Professional Services","Management consulting","Unlisted"
"C03697","Zinnov Management Consulting Private Limited","Private Limited","Private (Indian)","Karnataka","Bengaluru","Consulting & Professional Services","Consulting","Unlisted"
"C03698","Jio Star (JioStar Limited)","Public Limited","Private (Indian)","Maharashtra","Mumbai","Media & Entertainment","Broadcasting & streaming","Unlisted"
"C03699","Sony Pictures Networks India Private Limited","Private Limited","Private (Indian)","Maharashtra","Mumbai","Media & Entertainment","Broadcasting","Unlisted"
"C03700","Culver Max Entertainment Private Limited","Private Limited","Private (Indian)","Maharashtra","Mumbai","Media & Entertainment","Broadcasting","Unlisted"
"C03701","ABP Network Private Limited","Private Limited","Private (Indian)","West Bengal","Kolkata","Media & Entertainment","News broadcasting","Unlisted"
"C03703","Republic TV (ARG Outlier Media Private Limited)","Private Limited","Private (Indian)","Maharashtra","Mumbai","Media & Entertainment","News broadcasting","Unlisted"
"C03705","Times Internet Limited","Public Limited","Private (Indian)","Uttar Pradesh","Noida","Media & Entertainment","Digital media","Unlisted"
"C03708","The Hindu Group (Kasturi & Sons Limited)","Public Limited","Private (Indian)","Tamil Nadu","Chennai","Media & Entertainment","Publishing","Unlisted"
"C03709","Sakshi (Jagati Publications Limited)","Public Limited","Private (Indian)","Telangana","Hyderabad","Media & Entertainment","Publishing & broadcasting","Unlisted"
"C03710","T-Series (Super Cassettes Industries Private Limited)","Private Limited","Private (Indian)","Uttar Pradesh","Noida","Media & Entertainment","Music","Unlisted"
"C03711","Yash Raj Films Private Limited","Private Limited","Private (Indian)","Maharashtra","Mumbai","Media & Entertainment","Film production","Unlisted"
"C03712","Dharma Productions Private Limited","Private Limited","Private (Indian)","Maharashtra","Mumbai","Media & Entertainment","Film production","Unlisted"
"C03713","Red Chillies Entertainment Private Limited","Private Limited","Private (Indian)","Maharashtra","Mumbai","Media & Entertainment","Film production","Unlisted"
"C03715","Cinepolis India Private Limited","Private Limited","Private (Indian)","Maharashtra","Mumbai","Media & Entertainment","Multiplexes","Unlisted"
"C03716","BookMyShow (Big Tree Entertainment Private Limited)","Private Limited","Private (Indian)","Maharashtra","Mumbai","Media & Entertainment","Ticketing","Unlisted"
"C03717","Prasar Bharati","Government Company (PSU)","Central PSU","Delhi","New Delhi","Media & Entertainment","Public broadcaster","Unlisted"
"C03718","Reliance Jio Infocomm Limited","Public Limited","Private (Indian)","Maharashtra","Mumbai","Telecom","Telecom services","Unlisted"
"C03723","Sun Direct TV Private Limited","Private Limited","Private (Indian)","Tamil Nadu","Chennai","Telecom","DTH","Unlisted"
"C03724","ACT Fibernet (Atria Convergence Technologies Limited)","Public Limited","Private (Indian)","Karnataka","Bengaluru","Telecom","ISP","Unlisted"
"C03725","Excitel Broadband Private Limited","Private Limited","Private (Indian)","Delhi","New Delhi","Telecom","ISP","Unlisted"
"C03726","Hughes Communications India Private Limited","Private Limited","Private (Indian)","Haryana","Gurugram","Telecom","VSAT & broadband","Unlisted"
"C03727","Sify Technologies Limited","Public Limited","Private (Indian)","Tamil Nadu","Chennai","Telecom","ISP & data centres","Unlisted"
"C03729","Summit Digitel Infrastructure Limited","Public Limited","Private (Indian)","Maharashtra","Mumbai","Telecom","Towers","Unlisted"
"C03736","Treebo Hotels (Ruptub Solutions Private Limited)","Private Limited","Private (Indian)","Karnataka","Bengaluru","Hospitality & Tourism","Hotel aggregator","Unlisted"
"C03737","Radisson Hotel Group India","Foreign Company Branch","MNC Subsidiary","Haryana","Gurugram","Hospitality & Tourism","Hotels","Unlisted"
"C03738","Cox & Kings Limited","Public Limited","Private (Indian)","Maharashtra","Mumbai","Hospitality & Tourism","Travel","Delisted/Unknown"
"C03739","Kesari Tours Private Limited","Private Limited","Private (Indian)","Maharashtra","Mumbai","Hospitality & Tourism","Travel","Unlisted"
"C03740","MakeMyTrip Limited","Foreign Company Branch","MNC Subsidiary","Haryana","Gurugram","Hospitality & Tourism","Online travel","Unlisted"
"C03742","Adani Logistics Limited","Public Limited","Private (Indian)","Gujarat","Ahmedabad","Logistics & Warehousing","Logistics","Unlisted"
"C03748","Ecom Express Limited","Public Limited","Private (Indian)","Haryana","Gurugram","Logistics & Warehousing","E-commerce logistics","Unlisted"
"C03749","Ekart (Flipkart Logistics)","Private Limited","Private (Indian)","Karnataka","Bengaluru","Logistics & Warehousing","E-commerce logistics","Unlisted"
"C03750","DTDC Express Limited","Public Limited","Private (Indian)","Karnataka","Bengaluru","Logistics & Warehousing","Courier","Listed-NSE+BSE"
"C03751","Safexpress Private Limited","Private Limited","Private (Indian)","Delhi","New Delhi","Logistics & Warehousing","Express logistics","Unlisted"
"C03753","Spoton Logistics Private Limited","Private Limited","Private (Indian)","Karnataka","Bengaluru","Logistics & Warehousing","Express logistics","Unlisted"
"C03755","Essar Ports Limited","Public Limited","Private (Indian)","Maharashtra","Mumbai","Shipping/Ports","Port operator","Unlisted"
"C03756","APM Terminals Pipavav","Private Limited","Private (Indian)","Maharashtra","Mumbai","Shipping/Ports","Terminal operator","Unlisted"
"C03757","Chowgule Steamships Limited","Public Limited","Private (Indian)","Goa","Goa","Shipping/Ports","Shipping","Unlisted"
"C03758","Varun Shipping Company Limited","Public Limited","Private (Indian)","Maharashtra","Mumbai","Shipping/Ports","Shipping","Listed-NSE+BSE"
"C03759","Sagarmala Development Company Limited","Government Company (PSU)","Central PSU","Delhi","New Delhi","Shipping/Ports","Port development","Unlisted"
"C03760","Transworld Shipping Services (India) Private Limited","Private Limited","Private (Indian)","Maharashtra","Mumbai","Shipping/Ports","Shipping agency","Unlisted"
"C03763","Piramal Realty","Private Limited","Private (Indian)","Maharashtra","Mumbai","Real Estate","Developer","Unlisted"
"C03764","Wadhwa Group (Wadhwa Group Holdings Private Limited)","Private Limited","Private (Indian)","Maharashtra","Mumbai","Real Estate","Developer","Unlisted"
"C03765","Ashwin Sheth Group","Private Limited","Private (Indian)","Maharashtra","Mumbai","Real Estate","Developer","Unlisted"
"C03766","Ganga Realty","Private Limited","Private (Indian)","Maharashtra","Pune","Real Estate","Developer","Unlisted"
"C03767","Pride Purple Properties","Private Limited","Private (Indian)","Maharashtra","Pune","Real Estate","Developer","Unlisted"
"C03768","Kumar Properties","Private Limited","Private (Indian)","Maharashtra","Pune","Real Estate","Developer","Unlisted"
"C03769","Nirmal Lifestyle Limited","Public Limited","Private (Indian)","Maharashtra","Mumbai","Real Estate","Developer","Listed-NSE+BSE"
"C03770","M3M India Private Limited","Private Limited","Private (Indian)","Haryana","Gurugram","Real Estate","Developer","Unlisted"
"C03771","Tata Housing (Tata Realty and Infrastructure Limited)","Public Limited","Private (Indian)","Maharashtra","Mumbai","Real Estate","Developer","Unlisted"
"C03772","Ambience Group","Private Limited","Private (Indian)","Haryana","Gurugram","Real Estate","Developer","Unlisted"
"C03773","Ambuja Neotia Group","Private Limited","Private (Indian)","West Bengal","Kolkata","Real Estate","Developer","Unlisted"
"C03774","Srijan Realty Private Limited","Private Limited","Private (Indian)","West Bengal","Kolkata","Real Estate","Developer","Unlisted"
"C03775","Siddha Group","Private Limited","Private (Indian)","West Bengal","Kolkata","Real Estate","Developer","Unlisted"
"C03776","Purvankara Provident Housing (Provident Housing Limited)","Public Limited","Private (Indian)","Karnataka","Bengaluru","Real Estate","Developer","Unlisted"
"C03777","Salarpuria Sattva Group","Private Limited","Private (Indian)","Karnataka","Bengaluru","Real Estate","Developer","Unlisted"
"C03778","Total Environment Building Systems Private Limited","Private Limited","Private (Indian)","Karnataka","Bengaluru","Real Estate","Developer","Unlisted"
"C03780","Urban Tree Infrastructure (Ramky Estates)","Private Limited","Private (Indian)","Telangana","Hyderabad","Real Estate","Developer","Unlisted"
"C03781","My Home Group (My Home Constructions Private Limited)","Private Limited","Private (Indian)","Telangana","Hyderabad","Real Estate","Developer","Unlisted"
"C03782","Sumadhura Group","Private Limited","Private (Indian)","Telangana","Hyderabad","Real Estate","Developer","Unlisted"
"C03783","Adani Realty","Private Limited","Private (Indian)","Gujarat","Ahmedabad","Real Estate","Developer","Unlisted"
"C03784","Shivalik Group","Private Limited","Private (Indian)","Gujarat","Ahmedabad","Real Estate","Developer","Unlisted"
"C03785","Goyal & Co and Hariom Group","Private Limited","Private (Indian)","Gujarat","Ahmedabad","Real Estate","Developer","Unlisted"
"C03786","Nitesh Estates Limited","Public Limited","Private (Indian)","Karnataka","Bengaluru","Real Estate","Developer","Unlisted"
"C03787","Air India Express Limited","Public Limited","Private (Indian)","Haryana","Gurugram","Aviation","Airline","Unlisted"
"C03788","Akasa Air (SNV Aviation Private Limited)","Private Limited","Private (Indian)","Maharashtra","Mumbai","Aviation","Airline","Unlisted"
"C03789","Fly91 (Goa Regional Airline)","Private Limited","Private (Indian)","Goa","Goa","Aviation","Regional airline","Unlisted"
"C03790","Blue Dart Aviation Limited","Public Limited","Private (Indian)","Maharashtra","Mumbai","Aviation","Cargo airline","Unlisted"
"C03791","Quikjet Cargo Airlines","Private Limited","Private (Indian)","Karnataka","Bengaluru","Aviation","Cargo airline","Unlisted"
"C03792","Air India SATS Airport Services Private Limited","Private Limited","Private (Indian)","Maharashtra","Mumbai","Aviation","Ground handling","Unlisted"
"C03793","Celebi Delhi Cargo Terminal Management India Private Limited","Private Limited","Private (Indian)","Delhi","New Delhi","Aviation","Cargo handling","Unlisted"
"C03794","Bharat Aerospace Ground Handling (Bird Group)","Private Limited","Private (Indian)","Delhi","New Delhi","Aviation","Ground handling","Unlisted"
"C03795","Delhi International Airport Limited","Public Limited","Private (Indian)","Delhi","New Delhi","Aviation","Airport operator","Unlisted"
"C03796","Mumbai International Airport Limited","Public Limited","Private (Indian)","Maharashtra","Mumbai","Aviation","Airport operator","Unlisted"
"C03797","Bangalore International Airport Limited","Public Limited","Private (Indian)","Karnataka","Bengaluru","Aviation","Airport operator","Unlisted"
"C03798","Hyderabad International Airport Limited","Public Limited","Private (Indian)","Telangana","Hyderabad","Aviation","Airport operator","Unlisted"
"C03799","Navi Mumbai International Airport Limited","Public Limited","Private (Indian)","Maharashtra","Navi Mumbai","Aviation","Airport operator","Unlisted"
"C03800","Noida International Airport Limited","Public Limited","Private (Indian)","Uttar Pradesh","Noida","Aviation","Airport operator","Unlisted"
"C03801","Air Works India (Engineering) Private Limited","Private Limited","Private (Indian)","Maharashtra","Mumbai","Aviation","MRO","Unlisted"
"C03803","Larsen & Toubro Defence (L&T Defence)","Public Limited","Private (Indian)","Maharashtra","Mumbai","Defence & Aerospace","Defence systems","Unlisted"
"C03804","Kalyani Strategic Systems Limited","Public Limited","Private (Indian)","Maharashtra","Pune","Defence & Aerospace","Ammunition & artillery","Unlisted"
"C03805","Reliance Naval and Engineering Limited","Public Limited","Private (Indian)","Gujarat","Mumbai","Defence & Aerospace","Shipbuilding","Delisted/Unknown"
"C03806","Pipavav Defence (Reliance Defence Limited)","Public Limited","Private (Indian)","Maharashtra","Mumbai","Defence & Aerospace","Shipbuilding","Unlisted"
"C03807","Mahindra Defence Systems Limited","Public Limited","Private (Indian)","Maharashtra","Mumbai","Defence & Aerospace","Land systems","Unlisted"
"C03809","SMPP Limited","Public Limited","Private (Indian)","Telangana","Hyderabad","Defence & Aerospace","Ammunition","Listed-NSE+BSE"
"C03811","Indian Premier League (IPL) Governing Council","Trust/Society","Trust/Society","Maharashtra","Mumbai","Sports","Cricket league","Unlisted"
"C03812","Cult.fit (Curefit Healthcare Private Limited)","Private Limited","Private (Indian)","Karnataka","Bengaluru","Sports","Fitness","Unlisted"
"C03813","Gold's Gym India","Private Limited","Private (Indian)","Maharashtra","Mumbai","Sports","Fitness","Unlisted"
"C03814","Anytime Fitness India","Private Limited","Private (Indian)","Maharashtra","Mumbai","Sports","Fitness","Unlisted"
"C03815","Pro Kabaddi League (Mashal Sports Private Limited)","Private Limited","Private (Indian)","Maharashtra","Mumbai","Sports","Kabaddi league","Unlisted"
"C03816","Royal Challengers Sports Private Limited","Private Limited","Private (Indian)","Karnataka","Bengaluru","Sports","Cricket franchise","Unlisted"
"C03817","Delhi Transco Limited","Government Company (PSU)","State PSU","Delhi","New Delhi","Power","Transmission","Unlisted"
"C03818","Indraprastha Power Generation Company Limited","Government Company (PSU)","State PSU","Delhi","New Delhi","Power","Generation","Unlisted"
"C03819","Pragati Power Corporation Limited","Government Company (PSU)","State PSU","Delhi","New Delhi","Power","Generation","Unlisted"
"C03820","Delhi Power Company Limited","Government Company (PSU)","State PSU","Delhi","New Delhi","Power","Holding","Unlisted"
"C03821","Delhi Transport Corporation","Statutory Corporation","State PSU","Delhi","New Delhi","Transport","Bus transport","Unlisted"
"C03822","Delhi Metro Rail Corporation Limited","Government Company (PSU)","Joint Venture","Delhi","New Delhi","Transport","Metro rail","Unlisted"
"C03823","Delhi State Industrial and Infrastructure Development Corporation Limited","Government Company (PSU)","State PSU","Delhi","New Delhi","Industrial Development","Industrial infrastructure","Unlisted"
"C03824","Delhi Financial Corporation","Statutory Corporation","State PSU","Delhi","New Delhi","Financial Services","State finance corporation","Unlisted"
"C03825","Delhi Tourism and Transportation Development Corporation Limited","Government Company (PSU)","State PSU","Delhi","New Delhi","Tourism & Hospitality","Tourism","Unlisted"
"C03826","Delhi State Civil Supplies Corporation Limited","Government Company (PSU)","State PSU","Delhi","New Delhi","Agriculture & Food","Civil supplies","Unlisted"
"C03827","Delhi State Warehousing Corporation","Government Company (PSU)","State PSU","Delhi","New Delhi","Agriculture & Food","Warehousing","Unlisted"
"C03828","Delhi Jal Board","Statutory Corporation","State PSU","Delhi","New Delhi","Infrastructure","Water supply","Unlisted"
"C03829","Delhi Integrated Multi-Modal Transit System Limited","Government Company (PSU)","State PSU","Delhi","New Delhi","Transport","Public transit","Unlisted"
"C03830","Delhi Agricultural Marketing Board","Statutory Corporation","State PSU","Delhi","New Delhi","Agriculture & Food","Agricultural marketing","Unlisted"
"C03831","Delhi Scheduled Castes Cooperative Finance and Development Corporation","Government Company (PSU)","State PSU","Delhi","New Delhi","Financial Services","Development finance","Unlisted"
"C03832","Delhi State Cooperative Bank Limited","Cooperative Society","Cooperative","Delhi","New Delhi","Financial Services","Cooperative bank","Unlisted"
"C03833","Delhi Co-operative Housing Finance Corporation","Cooperative Society","Cooperative","Delhi","New Delhi","Financial Services","Housing finance","Unlisted"
"C03834","Delhi Consumers Cooperative Wholesale Store (Kendriya Bhandar)","Cooperative Society","Cooperative","Delhi","New Delhi","Agriculture & Food","Consumer coop","Unlisted"
"C03835","BSES Rajdhani Power Limited","Public Limited","Private (Indian)","Delhi","New Delhi","Power","Distribution","Unlisted"
"C03836","BSES Yamuna Power Limited","Public Limited","Private (Indian)","Delhi","New Delhi","Power","Distribution","Unlisted"
"C03837","Tata Power Delhi Distribution Limited","Public Limited","Private (Indian)","Delhi","New Delhi","Power","Distribution","Unlisted"
"C03838","Haryana Power Generation Corporation Limited","Government Company (PSU)","State PSU","Haryana","Panchkula","Power","Generation","Unlisted"
"C03839","Haryana Vidyut Prasaran Nigam Limited","Government Company (PSU)","State PSU","Haryana","Panchkula","Power","Transmission","Unlisted"
"C03840","Uttar Haryana Bijli Vitran Nigam Limited","Government Company (PSU)","State PSU","Haryana","Panchkula","Power","Distribution","Unlisted"
"C03841","Dakshin Haryana Bijli Vitran Nigam Limited","Government Company (PSU)","State PSU","Haryana","Hisar","Power","Distribution","Unlisted"
"C03842","Haryana Power Purchase Centre","Other","State PSU","Haryana","Panchkula","Power","Power trading","Unlisted"
"C03843","Haryana State Industrial and Infrastructure Development Corporation Limited","Government Company (PSU)","State PSU","Haryana","Panchkula","Industrial Development","Industrial infrastructure","Unlisted"
"C03844","Haryana Financial Corporation","Statutory Corporation","State PSU","Haryana","Chandigarh","Financial Services","State finance corporation","Unlisted"
"C03845","Haryana Tourism Corporation Limited","Government Company (PSU)","State PSU","Haryana","Panchkula","Tourism & Hospitality","Tourism","Unlisted"
"C03846","Haryana Warehousing Corporation","Statutory Corporation","State PSU","Haryana","Chandigarh","Agriculture & Food","Warehousing","Unlisted"
"C03847","Haryana State Cooperative Supply and Marketing Federation (HAFED)","Cooperative Society","Cooperative","Haryana","Panchkula","Agriculture & Food","Coop federation","Unlisted"
"C03848","Haryana Dairy Development Cooperative Federation (Vita)","Cooperative Society","Cooperative","Haryana","Panchkula","Agriculture & Food","Dairy federation","Unlisted"
"C03849","Haryana State Federation of Consumers Cooperative Wholesale Stores (CONFED)","Cooperative Society","Cooperative","Haryana","Chandigarh","Agriculture & Food","Consumer coop federation","Unlisted"
"C03850","Haryana State Cooperative Apex Bank Limited","Cooperative Society","Cooperative","Haryana","Chandigarh","Financial Services","Cooperative bank","Unlisted"
"C03851","Haryana Handloom and Handicrafts Corporation","Government Company (PSU)","State PSU","Haryana","Chandigarh","Textiles & Handloom","Handloom","Unlisted"
"C03852","Haryana Roadways","Other","State PSU","Haryana","Chandigarh","Transport","Bus transport","Unlisted"
"C03853","Haryana Agro Industries Corporation Limited","Government Company (PSU)","State PSU","Haryana","Chandigarh","Agriculture & Food","Agro inputs","Unlisted"
"C03854","Haryana Forest Development Corporation Limited","Government Company (PSU)","State PSU","Haryana","Chandigarh","Agriculture & Food","Forestry","Unlisted"
"C03855","Haryana State Minor Irrigation and Tubewell Corporation","Government Company (PSU)","State PSU","Haryana","Chandigarh","Infrastructure","Irrigation","Unlisted"
"C03856","Haryana Backward Classes and Economically Weaker Sections Kalyan Nigam","Government Company (PSU)","State PSU","Haryana","Chandigarh","Financial Services","Development finance","Unlisted"
"C03857","Haryana Police Housing Corporation","Government Company (PSU)","State PSU","Haryana","Panchkula","Infrastructure","Housing","Unlisted"
"C03858","Haryana Seeds Development Corporation Limited","Government Company (PSU)","State PSU","Haryana","Panchkula","Agriculture & Food","Seeds","Unlisted"
"C03859","Haryana State Electronics Development Corporation Limited (HARTRON)","Government Company (PSU)","State PSU","Haryana","Panchkula","Technology","IT / Electronics","Unlisted"
"C03860","Haryana Urban Development Authority (HSVP)","Statutory Corporation","State PSU","Haryana","Panchkula","Infrastructure","Urban development","Unlisted"
"C03861","Haryana Rail Infrastructure Development Corporation","Government Company (PSU)","Joint Venture","Haryana","Panchkula","Transport","Rail infrastructure","Unlisted"
"C03862","Haryana Sheep and Wool Development Board","Other","State PSU","Haryana","Hisar","Agriculture & Food","Wool","Unlisted"
"C03864","Punjab State Power Corporation Limited","Government Company (PSU)","State PSU","Punjab","Patiala","Power","Generation & Distribution","Unlisted"
"C03865","Punjab State Transmission Corporation Limited","Government Company (PSU)","State PSU","Punjab","Patiala","Power","Transmission","Unlisted"
"C03866","Punjab Roadways (PUNBUS)","Other","State PSU","Punjab","Chandigarh","Transport","Bus transport","Unlisted"
"C03867","Punjab Roadways Transport Corporation (PRTC)","Government Company (PSU)","State PSU","Punjab","Patiala","Transport","Bus transport","Unlisted"
"C03868","Punjab State Industrial Development Corporation Limited","Government Company (PSU)","State PSU","Punjab","Chandigarh","Industrial Development","Industrial development","Unlisted"
"C03869","Punjab Small Industries and Export Corporation Limited","Government Company (PSU)","State PSU","Punjab","Chandigarh","Industrial Development","MSME support","Unlisted"
"C03870","Punjab Financial Corporation","Statutory Corporation","State PSU","Punjab","Chandigarh","Financial Services","State finance corporation","Unlisted"
"C03871","Punjab State Warehousing Corporation","Statutory Corporation","State PSU","Punjab","Chandigarh","Agriculture & Food","Warehousing","Unlisted"
"C03872","Punjab State Grains Procurement Corporation Limited (PUNGRAIN)","Government Company (PSU)","State PSU","Punjab","Chandigarh","Agriculture & Food","Food grain procurement","Unlisted"
"C03873","Punjab State Civil Supplies Corporation Limited (PUNSUP)","Government Company (PSU)","State PSU","Punjab","Chandigarh","Agriculture & Food","Civil supplies","Unlisted"
"C03874","Punjab State Cooperative Supply and Marketing Federation (MARKFED)","Cooperative Society","Cooperative","Punjab","Chandigarh","Agriculture & Food","Coop federation","Unlisted"
"C03875","Punjab State Cooperative Bank Limited","Cooperative Society","Cooperative","Punjab","Chandigarh","Financial Services","Cooperative bank","Unlisted"
"C03876","Punjab State Federation of Cooperative Sugar Mills (SUGARFED)","Cooperative Society","Cooperative","Punjab","Chandigarh","Agriculture & Food","Sugar coop federation","Unlisted"
"C03877","Punjab Agro Industries Corporation Limited","Government Company (PSU)","State PSU","Punjab","Chandigarh","Agriculture & Food","Agro inputs","Unlisted"
"C03878","Punjab State Container and Warehousing Corporation","Government Company (PSU)","State PSU","Punjab","Chandigarh","Agriculture & Food","Warehousing","Unlisted"
"C03879","Punjab Tourism Development Corporation","Government Company (PSU)","State PSU","Punjab","Chandigarh","Tourism & Hospitality","Tourism","Unlisted"
"C03880","Punjab State Electronics Development and Production Corporation (PSEDC)","Government Company (PSU)","State PSU","Punjab","Chandigarh","Technology","Electronics","Unlisted"
"C03881","Punjab Infrastructure Development Board","Statutory Corporation","State PSU","Punjab","Chandigarh","Infrastructure","Infrastructure financing","Unlisted"
"C03882","Punjab Urban Planning and Development Authority (PUDA)","Statutory Corporation","State PSU","Punjab","Mohali","Infrastructure","Urban development","Unlisted"
"C03883","Punjab Water Supply and Sewerage Board","Statutory Corporation","State PSU","Punjab","Chandigarh","Infrastructure","Water","Unlisted"
"C03884","Punjab Scheduled Castes Land Development and Finance Corporation","Government Company (PSU)","State PSU","Punjab","Chandigarh","Financial Services","Development finance","Unlisted"
"C03885","Punjab Backward Classes Land Development and Finance Corporation","Government Company (PSU)","State PSU","Punjab","Chandigarh","Financial Services","Development finance","Unlisted"
"C03886","Punjab State Bus Stand Management Company","Government Company (PSU)","State PSU","Punjab","Chandigarh","Transport","Bus terminals","Unlisted"
"C03887","Punjab Mandi Board","Statutory Corporation","State PSU","Punjab","Mohali","Agriculture & Food","Agri marketing","Unlisted"
"C03888","Punjab Communications Limited","Government Company (PSU)","State PSU","Punjab","Mohali","Technology","Telecom equipment","Unlisted"
"C03890","Himachal Pradesh State Electricity Board Limited","Government Company (PSU)","State PSU","Himachal Pradesh","Shimla","Power","Distribution & Transmission","Unlisted"
"C03891","HPPCL (Himachal Pradesh Power Corporation Limited)","Government Company (PSU)","State PSU","Himachal Pradesh","Shimla","Power","Hydro generation","Unlisted"
"C03892","Himachal Pradesh Power Transmission Corporation Limited","Government Company (PSU)","State PSU","Himachal Pradesh","Shimla","Power","Transmission","Unlisted"
"C03893","Himachal Road Transport Corporation","Statutory Corporation","State PSU","Himachal Pradesh","Shimla","Transport","Bus transport","Unlisted"
"C03894","Himachal Pradesh State Industrial Development Corporation Limited","Government Company (PSU)","State PSU","Himachal Pradesh","Shimla","Industrial Development","Industrial development","Unlisted"
"C03895","Himachal Pradesh Financial Corporation","Statutory Corporation","State PSU","Himachal Pradesh","Shimla","Financial Services","State finance corporation","Unlisted"
"C03896","Himachal Pradesh Tourism Development Corporation","Government Company (PSU)","State PSU","Himachal Pradesh","Shimla","Tourism & Hospitality","Tourism","Unlisted"
"C03897","Himachal Pradesh State Civil Supplies Corporation Limited","Government Company (PSU)","State PSU","Himachal Pradesh","Shimla","Agriculture & Food","Civil supplies","Unlisted"
"C03898","Himachal Pradesh Horticultural Produce Marketing and Processing Corporation (HPMC)","Government Company (PSU)","State PSU","Himachal Pradesh","Shimla","Agriculture & Food","Horticulture","Unlisted"
"C03899","Himachal Pradesh State Forest Development Corporation","Government Company (PSU)","State PSU","Himachal Pradesh","Shimla","Agriculture & Food","Forestry","Unlisted"
"C03900","Himachal Pradesh State Handicrafts and Handloom Corporation","Government Company (PSU)","State PSU","Himachal Pradesh","Shimla","Textiles & Handloom","Handloom","Unlisted"
"C03901","Himachal Pradesh State Cooperative Bank Limited","Cooperative Society","Cooperative","Himachal Pradesh","Shimla","Financial Services","Cooperative bank","Unlisted"
"C03902","Himachal Pradesh State Cooperative Milk Producers Federation (Milkfed)","Cooperative Society","Cooperative","Himachal Pradesh","Shimla","Agriculture & Food","Dairy federation","Unlisted"
"C03903","HIMFED (Himachal Pradesh State Cooperative Marketing and Consumers Federation)","Cooperative Society","Cooperative","Himachal Pradesh","Shimla","Agriculture & Food","Coop federation","Unlisted"
"C03904","Himachal Pradesh Housing and Urban Development Authority (HIMUDA)","Statutory Corporation","State PSU","Himachal Pradesh","Shimla","Infrastructure","Housing","Unlisted"
"C03905","Himachal Pradesh Scheduled Castes and Tribes Development Corporation","Government Company (PSU)","State PSU","Himachal Pradesh","Shimla","Financial Services","Development finance","Unlisted"
"C03906","Himachal Pradesh Backward Classes Finance and Development Corporation","Government Company (PSU)","State PSU","Himachal Pradesh","Shimla","Financial Services","Development finance","Unlisted"
"C03907","Himachal Pradesh Agro Industries Corporation Limited","Government Company (PSU)","State PSU","Himachal Pradesh","Shimla","Agriculture & Food","Agro inputs","Unlisted"
"C03908","Himachal Pradesh Mineral and Industrial Development Corporation","Government Company (PSU)","State PSU","Himachal Pradesh","Shimla","Mining","Mining","Unlisted"
"C03909","Himachal Pradesh Ex-Servicemen Corporation","Government Company (PSU)","State PSU","Himachal Pradesh","Shimla","Infrastructure","Manpower services","Unlisted"
"C03910","Himachal Pradesh State Electronics Development Corporation (HPSEDC)","Government Company (PSU)","State PSU","Himachal Pradesh","Shimla","Technology","Electronics","Unlisted"
"C03911","Himachal Pradesh Warehousing Corporation (HP State Warehousing)","Statutory Corporation","State PSU","Himachal Pradesh","Shimla","Agriculture & Food","Warehousing","Unlisted"
"C03912","Himachal Pradesh Bus Stand Management and Development Authority","Other","State PSU","Himachal Pradesh","Shimla","Transport","Bus terminals","Unlisted"
"C03914","Malana Power Company Limited","Public Limited","Private (Indian)","Himachal Pradesh","Kullu","Power","Hydro","Unlisted"
"C03915","Uttarakhand Jal Vidyut Nigam Limited","Government Company (PSU)","State PSU","Uttarakhand","Dehradun","Power","Hydro generation","Unlisted"
"C03916","Power Transmission Corporation of Uttarakhand Limited","Government Company (PSU)","State PSU","Uttarakhand","Dehradun","Power","Transmission","Unlisted"
"C03917","Uttarakhand Power Corporation Limited","Government Company (PSU)","State PSU","Uttarakhand","Dehradun","Power","Distribution","Unlisted"
"C03918","Uttarakhand Parivahan Nigam","Statutory Corporation","State PSU","Uttarakhand","Dehradun","Transport","Bus transport","Unlisted"
"C03919","State Infrastructure and Industrial Development Corporation of Uttarakhand Limited (SIIDCUL)","Government Company (PSU)","State PSU","Uttarakhand","Dehradun","Industrial Development","Industrial infrastructure","Unlisted"
"C03920","Uttarakhand Financial Corporation","Statutory Corporation","State PSU","Uttarakhand","Dehradun","Financial Services","State finance corporation","Unlisted"
"C03921","Garhwal Mandal Vikas Nigam","Government Company (PSU)","State PSU","Uttarakhand","Dehradun","Tourism & Hospitality","Tourism","Unlisted"
"C03922","Kumaon Mandal Vikas Nigam","Government Company (PSU)","State PSU","Uttarakhand","Nainital","Tourism & Hospitality","Tourism","Unlisted"
"C03923","Uttarakhand Forest Development Corporation","Government Company (PSU)","State PSU","Uttarakhand","Dehradun","Agriculture & Food","Forestry","Unlisted"
"C03924","Uttarakhand Bhesaj Vikas Sangh","Other","State PSU","Uttarakhand","Dehradun","Agriculture & Food","Herbal","Unlisted"
"C03925","Uttarakhand State Cooperative Bank Limited","Cooperative Society","Cooperative","Uttarakhand","Dehradun","Financial Services","Cooperative bank","Unlisted"
"C03926","Uttarakhand Cooperative Dairy Federation (Aanchal)","Cooperative Society","Cooperative","Uttarakhand","Dehradun","Agriculture & Food","Dairy federation","Unlisted"
"C03927","Uttarakhand Seeds and Tarai Development Corporation","Government Company (PSU)","State PSU","Uttarakhand","Rudrapur","Agriculture & Food","Seeds","Unlisted"
"C03928","Uttarakhand Food and Essential Commodities Corporation","Government Company (PSU)","State PSU","Uttarakhand","Dehradun","Agriculture & Food","Civil supplies","Unlisted"
"C03929","Uttarakhand Handloom and Handicraft Development Council","Other","State PSU","Uttarakhand","Dehradun","Textiles & Handloom","Handloom","Unlisted"
"C03930","Uttarakhand Metro Rail Corporation Limited","Government Company (PSU)","State PSU","Uttarakhand","Dehradun","Transport","Metro rail","Unlisted"
"C03931","Uttarakhand Pey Jal Sansadhan Vikas Evam Nirman Nigam","Government Company (PSU)","State PSU","Uttarakhand","Dehradun","Infrastructure","Drinking water","Unlisted"
"C03932","Uttarakhand Environment Protection and Pollution Control Board","Statutory Corporation","State PSU","Uttarakhand","Dehradun","Infrastructure","Regulator","Unlisted"
"C03933","Tehri Hydro Development Corporation India Limited (THDC)","Government Company (PSU)","Joint Venture","Uttarakhand","Rishikesh","Power","Hydro generation","Listed-NSE+BSE"
"C03934","Patanjali Ayurved Limited","Private Limited","Private (Indian)","Uttarakhand","Haridwar","Consumer","FMCG / Ayurveda","Unlisted"
"C03935","Jammu and Kashmir State Power Development Corporation","Government Company (PSU)","State PSU","Jammu and Kashmir","Srinagar/Jammu","Power","Generation","Unlisted"
"C03936","Jammu and Kashmir Power Transmission Corporation Limited","Government Company (PSU)","State PSU","Jammu and Kashmir","Jammu","Power","Transmission","Unlisted"
"C03937","Jammu Power Distribution Corporation Limited","Government Company (PSU)","State PSU","Jammu and Kashmir","Jammu","Power","Distribution","Unlisted"
"C03938","Kashmir Power Distribution Corporation Limited","Government Company (PSU)","State PSU","Jammu and Kashmir","Srinagar","Power","Distribution","Unlisted"
"C03939","Jammu and Kashmir State Road Transport Corporation","Statutory Corporation","State PSU","Jammu and Kashmir","Srinagar/Jammu","Transport","Bus transport","Unlisted"
"C03940","Jammu and Kashmir State Industrial Development Corporation Limited","Government Company (PSU)","State PSU","Jammu and Kashmir","Jammu","Industrial Development","Industrial development","Unlisted"
"C03941","Jammu and Kashmir Small Scale Industries Development Corporation","Government Company (PSU)","State PSU","Jammu and Kashmir","Srinagar","Industrial Development","MSME","Unlisted"
"C03942","Jammu and Kashmir Handicrafts (Sales and Export) Corporation","Government Company (PSU)","State PSU","Jammu and Kashmir","Srinagar","Textiles & Handloom","Handicrafts","Unlisted"
"C03943","Jammu and Kashmir Handloom Development Corporation","Government Company (PSU)","State PSU","Jammu and Kashmir","Srinagar","Textiles & Handloom","Handloom","Unlisted"
"C03944","Jammu and Kashmir Horticultural Produce Marketing and Processing Corporation","Government Company (PSU)","State PSU","Jammu and Kashmir","Srinagar","Agriculture & Food","Horticulture","Unlisted"
"C03945","Jammu and Kashmir State Forest Corporation","Government Company (PSU)","State PSU","Jammu and Kashmir","Jammu","Agriculture & Food","Forestry","Unlisted"
"C03946","Jammu and Kashmir Cements Limited","Government Company (PSU)","State PSU","Jammu and Kashmir","Srinagar","Cement","Cement","Unlisted"
"C03947","Jammu and Kashmir Agro Industries Development Corporation","Government Company (PSU)","State PSU","Jammu and Kashmir","Srinagar","Agriculture & Food","Agro","Unlisted"
"C03948","Jammu and Kashmir Projects Construction Corporation","Government Company (PSU)","State PSU","Jammu and Kashmir","Srinagar","Infrastructure","Construction","Unlisted"
"C03949","Jammu and Kashmir Tourism Development Corporation","Government Company (PSU)","State PSU","Jammu and Kashmir","Srinagar","Tourism & Hospitality","Tourism","Unlisted"
"C03950","Jammu and Kashmir Minerals Limited","Government Company (PSU)","State PSU","Jammu and Kashmir","Srinagar","Mining","Mining","Unlisted"
"C03951","Jammu and Kashmir State Cooperative Bank Limited","Cooperative Society","Cooperative","Jammu and Kashmir","Srinagar","Financial Services","Cooperative bank","Unlisted"
"C03952","Jammu and Kashmir Cooperative Supply and Marketing Federation","Cooperative Society","Cooperative","Jammu and Kashmir","Srinagar","Agriculture & Food","Coop federation","Unlisted"
"C03953","Jammu and Kashmir Development Finance Corporation","Government Company (PSU)","State PSU","Jammu and Kashmir","Srinagar","Financial Services","State finance corporation","Unlisted"
"C03954","Jammu and Kashmir Medical Supplies Corporation Limited","Government Company (PSU)","State PSU","Jammu and Kashmir","Jammu","Healthcare","Medical supplies","Unlisted"
"C03955","Jammu and Kashmir Housing Board","Statutory Corporation","State PSU","Jammu and Kashmir","Srinagar","Infrastructure","Housing","Unlisted"
"C03956","Jammu and Kashmir Livestock Development Board","Other","State PSU","Jammu and Kashmir","Jammu","Agriculture & Food","Livestock","Unlisted"
"C03957","Jammu and Kashmir Economic Reconstruction Agency","Other","State PSU","Jammu and Kashmir","Srinagar","Infrastructure","Development","Unlisted"
"C03958","Ladakh Power Development Department","Other","State PSU","Ladakh","Leh","Power","Power","Unlisted"
"C03959","Ladakh Renewable Energy Development Agency","Other","State PSU","Ladakh","Leh","Power","Renewable","Unlisted"
"C03960","Ladakh Autonomous Hill Development Council Leh","Other","State PSU","Ladakh","Leh","Infrastructure","Local body","Unlisted"
"C03961","Ladakh Autonomous Hill Development Council Kargil","Other","State PSU","Ladakh","Kargil","Infrastructure","Local body","Unlisted"
"C03962","Ladakh Infrastructure Development Corporation","Government Company (PSU)","State PSU","Ladakh","Leh","Infrastructure","Infrastructure","Unlisted"
"C03963","Ladakh State Road Transport (J&K SRTC Ladakh Division)","Other","State PSU","Ladakh","Leh","Transport","Bus transport","Unlisted"
"C03964","Ladakh Industrial Trade Development Corporation","Government Company (PSU)","State PSU","Ladakh","Leh","Industrial Development","Industrial","Unlisted"
"C03965","Chandigarh Transport Undertaking","Other","State PSU","Chandigarh","Chandigarh","Transport","Bus transport","Unlisted"
"C03966","Chandigarh Industrial and Tourism Development Corporation (CITCO)","Government Company (PSU)","State PSU","Chandigarh","Chandigarh","Tourism & Hospitality","Tourism & industry","Unlisted"
"C03967","Chandigarh Housing Board","Statutory Corporation","State PSU","Chandigarh","Chandigarh","Infrastructure","Housing","Unlisted"
"C03968","Chandigarh Smart City Limited","Government Company (PSU)","State PSU","Chandigarh","Chandigarh","Infrastructure","Smart city SPV","Unlisted"
"C03969","Chandigarh Scheduled Castes Financial Development Corporation","Government Company (PSU)","State PSU","Chandigarh","Chandigarh","Financial Services","Development finance","Unlisted"
"C03970","Chandigarh Administration Electricity Department","Other","State PSU","Chandigarh","Chandigarh","Power","Power","Unlisted"
"C03971","Chandigarh Power Distribution Limited","Private Limited","Private (Indian)","Chandigarh","Chandigarh","Power","Distribution","Unlisted"
"C03972","Chandigarh Cooperative Bank (Chandigarh State Cooperative Bank Limited)","Cooperative Society","Cooperative","Chandigarh","Chandigarh","Financial Services","Cooperative bank","Unlisted"
"C03973","Chandigarh Milk Union (Verka Chandigarh)","Cooperative Society","Cooperative","Chandigarh","Chandigarh","Agriculture & Food","Dairy","Unlisted"
"C03974","Rajasthan Rajya Vidyut Utpadan Nigam Limited","Government Company (PSU)","State PSU","Rajasthan","Jaipur","Power","Generation","Unlisted"
"C03975","Rajasthan Rajya Vidyut Prasaran Nigam Limited","Government Company (PSU)","State PSU","Rajasthan","Jaipur","Power","Transmission","Unlisted"
"C03976","Jaipur Vidyut Vitran Nigam Limited","Government Company (PSU)","State PSU","Rajasthan","Jaipur","Power","Distribution","Unlisted"
"C03977","Ajmer Vidyut Vitran Nigam Limited","Government Company (PSU)","State PSU","Rajasthan","Ajmer","Power","Distribution","Unlisted"
"C03978","Jodhpur Vidyut Vitran Nigam Limited","Government Company (PSU)","State PSU","Rajasthan","Jodhpur","Power","Distribution","Unlisted"
"C03979","Rajasthan Renewable Energy Corporation Limited","Government Company (PSU)","State PSU","Rajasthan","Jaipur","Power","Renewable","Unlisted"
"C03980","Rajasthan State Road Transport Corporation","Statutory Corporation","State PSU","Rajasthan","Jaipur","Transport","Bus transport","Unlisted"
"C03981","Rajasthan State Industrial Development and Investment Corporation Limited (RIICO)","Government Company (PSU)","State PSU","Rajasthan","Jaipur","Industrial Development","Industrial development","Unlisted"
"C03982","Rajasthan Financial Corporation","Statutory Corporation","State PSU","Rajasthan","Jaipur","Financial Services","State finance corporation","Unlisted"
"C03983","Rajasthan State Mines and Minerals Limited","Government Company (PSU)","State PSU","Rajasthan","Udaipur","Mining","Mining","Unlisted"
"C03984","Rajasthan Tourism Development Corporation","Government Company (PSU)","State PSU","Rajasthan","Jaipur","Tourism & Hospitality","Tourism","Unlisted"
"C03985","Rajasthan State Warehousing Corporation","Statutory Corporation","State PSU","Rajasthan","Jaipur","Agriculture & Food","Warehousing","Unlisted"
"C03986","Rajasthan State Ganganagar Sugar Mills Limited","Government Company (PSU)","State PSU","Rajasthan","Sri Ganganagar","Agriculture & Food","Sugar","Unlisted"
"C03987","Rajasthan Small Industries Corporation Limited","Government Company (PSU)","State PSU","Rajasthan","Jaipur","Industrial Development","MSME","Unlisted"
"C03988","Rajasthan State Seeds Corporation Limited","Government Company (PSU)","State PSU","Rajasthan","Jaipur","Agriculture & Food","Seeds","Unlisted"
"C03989","Rajasthan State Agro Industries Corporation Limited","Government Company (PSU)","State PSU","Rajasthan","Jaipur","Agriculture & Food","Agro inputs","Unlisted"
"C03990","Rajasthan State Handloom Development Corporation (Rajasthali)","Government Company (PSU)","State PSU","Rajasthan","Jaipur","Textiles & Handloom","Handloom","Unlisted"
"C03991","Rajasthan State Cooperative Marketing Federation (RAJFED)","Cooperative Society","Cooperative","Rajasthan","Jaipur","Agriculture & Food","Coop federation","Unlisted"
"C03992","Rajasthan State Cooperative Bank Limited","Cooperative Society","Cooperative","Rajasthan","Jaipur","Financial Services","Cooperative bank","Unlisted"
"C03993","Rajasthan Consumer Cooperative Federation (Confed)","Cooperative Society","Cooperative","Rajasthan","Jaipur","Agriculture & Food","Consumer coop","Unlisted"
"C03994","Rajasthan State Bridge and Road Development Corporation","Government Company (PSU)","State PSU","Rajasthan","Jaipur","Infrastructure","Roads","Unlisted"
"C03995","Rajasthan Metro Rail Corporation","Government Company (PSU)","Joint Venture","Rajasthan","Jaipur","Transport","Metro rail","Unlisted"
"C03996","Rajasthan State Petroleum Corporation Limited","Government Company (PSU)","State PSU","Rajasthan","Jaipur","Power","Petroleum","Unlisted"
"C03997","Rajasthan Avas Vikas and Infrastructure Limited (RAVIL)","Government Company (PSU)","State PSU","Rajasthan","Jaipur","Infrastructure","Housing","Unlisted"
"C03998","Rajasthan Housing Board","Statutory Corporation","State PSU","Rajasthan","Jaipur","Infrastructure","Housing","Unlisted"
"C03999","Rajasthan Urban Infrastructure Development Project","Other","State PSU","Rajasthan","Jaipur","Infrastructure","Urban","Unlisted"
"C04000","Rajasthan Medical Services Corporation Limited","Government Company (PSU)","State PSU","Rajasthan","Jaipur","Healthcare","Medical procurement","Unlisted"
"C04001","Rajasthan Skill and Livelihood Development Corporation","Government Company (PSU)","State PSU","Rajasthan","Jaipur","Infrastructure","Skill development","Unlisted"
"C04002","Rajasthan Scheduled Caste Scheduled Tribe Finance and Development Cooperative Corporation","Government Company (PSU)","State PSU","Rajasthan","Jaipur","Financial Services","Development finance","Unlisted"
"C04003","Rajasthan Land Development Corporation","Government Company (PSU)","State PSU","Rajasthan","Jaipur","Agriculture & Food","Land development","Unlisted"
"C04004","Rajasthan Civil Supplies Corporation Limited","Government Company (PSU)","State PSU","Rajasthan","Jaipur","Agriculture & Food","Civil supplies","Unlisted"
"C04005","Rajasthan Rajya Sahakari Spinning and Ginning Mills Federation (Spinfed)","Cooperative Society","Cooperative","Rajasthan","Jaipur","Textiles & Handloom","Spinning","Unlisted"
"C04006","Rajasthan Tribal Area Development Cooperative Federation","Cooperative Society","Cooperative","Rajasthan","Udaipur","Agriculture & Food","Coop federation","Unlisted"
"C04007","Rajasthan Investment Promotion Bureau (RIPS)","Other","State PSU","Rajasthan","Jaipur","Industrial Development","Investment promotion","Unlisted"
"C04008","Rajasthan Livelihood Mission (Rajeevika)","Trust/Society","Trust/Society","Rajasthan","Jaipur","Infrastructure","Livelihood","Unlisted"
"C04009","Wonder Cement Limited","Public Limited","Private (Indian)","Rajasthan","Udaipur","Cement","Cement","Unlisted"
"C04010","Jaipur Rugs Company Private Limited","Private Limited","Private (Indian)","Rajasthan","Jaipur","Textiles","Carpets","Unlisted"
"C04011","Uttar Pradesh Power Corporation Limited","Government Company (PSU)","State PSU","Uttar Pradesh","Lucknow","Power","Transmission & distribution holding","Unlisted"
"C04012","Uttar Pradesh Rajya Vidyut Utpadan Nigam Limited","Government Company (PSU)","State PSU","Uttar Pradesh","Lucknow","Power","Generation","Unlisted"
"C04013","Uttar Pradesh Power Transmission Corporation Limited","Government Company (PSU)","State PSU","Uttar Pradesh","Lucknow","Power","Transmission","Unlisted"
"C04014","Purvanchal Vidyut Vitran Nigam Limited","Government Company (PSU)","State PSU","Uttar Pradesh","Varanasi","Power","Distribution","Unlisted"
"C04015","Madhyanchal Vidyut Vitran Nigam Limited","Government Company (PSU)","State PSU","Uttar Pradesh","Lucknow","Power","Distribution","Unlisted"
"C04016","Dakshinanchal Vidyut Vitran Nigam Limited","Government Company (PSU)","State PSU","Uttar Pradesh","Agra","Power","Distribution","Unlisted"
"C04017","Paschimanchal Vidyut Vitran Nigam Limited","Government Company (PSU)","State PSU","Uttar Pradesh","Meerut","Power","Distribution","Unlisted"
"C04018","Kanpur Electricity Supply Company Limited","Government Company (PSU)","State PSU","Uttar Pradesh","Kanpur","Power","Distribution","Unlisted"
"C04019","UP Jal Vidyut Nigam Limited","Government Company (PSU)","State PSU","Uttar Pradesh","Lucknow","Power","Hydro generation","Unlisted"
"C04020","Uttar Pradesh New and Renewable Energy Development Agency","Other","State PSU","Uttar Pradesh","Lucknow","Power","Renewable","Unlisted"
"C04021","Uttar Pradesh State Road Transport Corporation","Statutory Corporation","State PSU","Uttar Pradesh","Lucknow","Transport","Bus transport","Unlisted"
"C04022","Uttar Pradesh State Industrial Development Authority (UPSIDA)","Statutory Corporation","State PSU","Uttar Pradesh","Kanpur","Industrial Development","Industrial development","Unlisted"
"C04023","Uttar Pradesh State Industrial Development Corporation Limited (UPSIDC)","Government Company (PSU)","State PSU","Uttar Pradesh","Kanpur","Industrial Development","Industrial development","Unlisted"
"C04024","Uttar Pradesh Financial Corporation","Statutory Corporation","State PSU","Uttar Pradesh","Kanpur","Financial Services","State finance corporation","Unlisted"
"C04025","Pradeshiya Industrial and Investment Corporation of UP (PICUP)","Government Company (PSU)","State PSU","Uttar Pradesh","Lucknow","Financial Services","Investment / finance","Unlisted"
"C04026","UP State Warehousing Corporation","Statutory Corporation","State PSU","Uttar Pradesh","Lucknow","Agriculture & Food","Warehousing","Unlisted"
"C04027","UP State Tourism Development Corporation","Government Company (PSU)","State PSU","Uttar Pradesh","Lucknow","Tourism & Hospitality","Tourism","Unlisted"
"C04028","UP Handloom Corporation Limited","Government Company (PSU)","State PSU","Uttar Pradesh","Kanpur","Textiles & Handloom","Handloom","Unlisted"
