"id","name","entity_type","ownership","state_region","hq","sector_raw","sub_sector_raw","listing"
"C00001","Tuni Textile Mills Ltd","Public Limited","Private (Indian)","Pan-India","","Textiles & Apparel","Textiles/yarn/fabric","Listed-BSE"
"C00002","Ashnoor Textile Mills Ltd","Public Limited","Private (Indian)","Pan-India","","Textiles & Apparel","Textiles/yarn/fabric","Listed-BSE"
"C00003","H P Cotton Textile Mills Ltd","Public Limited","Private (Indian)","Pan-India","","Textiles & Apparel","Textiles/yarn/fabric","Listed-BSE"
"C00004","Volant Textile Mills Ltd","Public Limited","Private (Indian)","Pan-India","","Textiles & Apparel","Textiles/yarn/fabric","Listed-BSE"
"C00005","Dhar Textile Mills Ltd","Public Limited","Private (Indian)","Pan-India","","Textiles & Apparel","Textiles/yarn/fabric","Listed-BSE"
"C00006","Hitesh Textile Mills Ltd","Public Limited","Private (Indian)","Pan-India","","Textiles & Apparel","Textiles/yarn/fabric","Listed-BSE"
"C00007","Bindal Textile Mills Ltd","Public Limited","Private (Indian)","Pan-India","","Textiles & Apparel","Textiles/yarn/fabric","Listed-BSE"
"C00008","Suryaamba Spinning Mills Ltd","Public Limited","Private (Indian)","Pan-India","","Textiles & Apparel","Textiles/yarn/fabric","Listed-BSE"
"C00009","Katare Spinning Mills Ltd","Public Limited","Private (Indian)","Pan-India","","Textiles & Apparel","Textiles/yarn/fabric","Listed-BSE"
"C00010","Baroda Dyeing Ltd","Public Limited","Private (Indian)","Gujarat","","Chemicals & Fertilisers (Specialty, Petrochemicals, Agro-chemicals)","Chemicals","Listed-BSE"
"C00011","Shree Vaishnavi Dyeing & Printings Ltd","Public Limited","Private (Indian)","Pan-India","","Chemicals & Fertilisers (Specialty, Petrochemicals, Agro-chemicals)","Chemicals","Listed-BSE"
"C00012","Sri Nachammai Cotton Mills Ltd","Public Limited","Private (Indian)","Tamil Nadu","","Textiles & Apparel","Textiles/yarn/fabric","Listed-BSE"
"C00013","Madhavnagar Cotton Mills Ltd","Public Limited","Private (Indian)","Pan-India","","Textiles & Apparel","Textiles/yarn/fabric","Listed-BSE"
"C00014","Prakash Woollen & Synthetic Mills Ltd","Public Limited","Private (Indian)","Pan-India","","Textiles & Apparel","Textiles/yarn/fabric","Listed-BSE"
"C00015","Modella Woollens Ltd","Public Limited","Private (Indian)","Pan-India","","Textiles & Apparel","Textiles/yarn/fabric","Listed-BSE"
"C00016","Pasupati Haryana Woollens Ltd","Public Limited","Private (Indian)","Haryana","","Textiles & Apparel","Textiles/yarn/fabric","Listed-BSE"
"C00017","Parmeshwari Silk Mills Ltd","Public Limited","Private (Indian)","Pan-India","","Textiles & Apparel","Textiles/yarn/fabric","Listed-BSE"
"C00018","Gini Silk Mills Ltd","Public Limited","Private (Indian)","Pan-India","","Textiles & Apparel","Textiles/yarn/fabric","Listed-BSE"
"C00019","Subhash Silk Mills Ltd","Public Limited","Private (Indian)","Pan-India","","Textiles & Apparel","Textiles/yarn/fabric","Listed-BSE"
"C00020","K K Silk Mills Ltd","Public Limited","Private (Indian)","Pan-India","","Textiles & Apparel","Textiles/yarn/fabric","Listed-BSE"
"C00021","Satyam Silk Mills Ltd","Public Limited","Private (Indian)","Pan-India","","Textiles & Apparel","Textiles/yarn/fabric","Listed-BSE"
"C00022","Kajal Synthetics & Silk Mills Ltd","Public Limited","Private (Indian)","Pan-India","","Textiles & Apparel","Textiles/yarn/fabric","Listed-BSE"
"C00023","Yarn Syndicate Ltd","Public Limited","Private (Indian)","Pan-India","","Textiles & Apparel","Textiles/yarn/fabric","Listed-BSE"
"C00024","Padam Cotton Yarns Ltd","Public Limited","Private (Indian)","Pan-India","","Textiles & Apparel","Textiles/yarn/fabric","Listed-BSE"
"C00025","Oswal Yarns Ltd","Public Limited","Private (Indian)","Pan-India","","Textiles & Apparel","Textiles/yarn/fabric","Listed-BSE"
"C00026","Yarn Syndicate Ltd Partly Paidup","Public Limited","Private (Indian)","Pan-India","","Textiles & Apparel","Textiles/yarn/fabric","Listed-BSE"
"C00027","Adhunik Yarns Ltd","Public Limited","Private (Indian)","Pan-India","","Textiles & Apparel","Textiles/yarn/fabric","Listed-BSE"
"C00028","Shlokka Dyes Ltd","Public Limited","Private (Indian)","Pan-India","","Chemicals & Fertilisers (Specialty, Petrochemicals, Agro-chemicals)","Chemicals","Listed-BSE"
"C00030","Span Dyestuff Industries Ltd","Public Limited","Private (Indian)","Pan-India","","Chemicals & Fertilisers (Specialty, Petrochemicals, Agro-chemicals)","Chemicals","Listed-BSE"
"C00031","Penta Pharmadyes Ltd","Public Limited","Private (Indian)","Pan-India","","Chemicals & Fertilisers (Specialty, Petrochemicals, Agro-chemicals)","Chemicals","Listed-BSE"
"C00032","Hindustan Agro Chemicals Ltd","Public Limited","Private (Indian)","Pan-India","","Chemicals & Fertilisers (Specialty, Petrochemicals, Agro-chemicals)","Chemicals","Listed-BSE"
"C00033","Retina Paints Ltd","Public Limited","Private (Indian)","Pan-India","","Chemicals & Fertilisers (Specialty, Petrochemicals, Agro-chemicals)","Chemicals","Listed-BSE"
"C00034","Laxmipati Engineering Works Ltd","Public Limited","Private (Indian)","Pan-India","","Capital Goods & Engineering (Machinery, Industrial Equipment)","Engineering/machinery","Listed-BSE"
"C00035","Vruddhi Engineering Works Ltd","Public Limited","Private (Indian)","Pan-India","","Capital Goods & Engineering (Machinery, Industrial Equipment)","Engineering/machinery","Listed-BSE"
"C00036","Veejay Lakshmi Engineering Works Ltd","Public Limited","Private (Indian)","Pan-India","","Capital Goods & Engineering (Machinery, Industrial Equipment)","Engineering/machinery","Listed-BSE"
"C00037","Foundry Fuel Products Ltd","Public Limited","Private (Indian)","Pan-India","","Capital Goods & Engineering (Machinery, Industrial Equipment)","Engineering/machinery","Listed-BSE"
"C00038","Super Iron Foundry Ltd","Public Limited","Private (Indian)","Pan-India","","Capital Goods & Engineering (Machinery, Industrial Equipment)","Engineering/machinery","Listed-BSE"
"C00039","Universal Autofoundry Ltd","Public Limited","Private (Indian)","Pan-India","","Capital Goods & Engineering (Machinery, Industrial Equipment)","Engineering/machinery","Listed-BSE"
"C00040","Bihar Foundry & Castings Ltd","Public Limited","Private (Indian)","Bihar","","Capital Goods & Engineering (Machinery, Industrial Equipment)","Engineering/machinery","Listed-BSE"
"C00043","Nitin Castings Ltd","Public Limited","Private (Indian)","Pan-India","","Capital Goods & Engineering (Machinery, Industrial Equipment)","Engineering/machinery","Listed-BSE"
"C00045","Creative Castings Ltd","Public Limited","Private (Indian)","Pan-India","","Capital Goods & Engineering (Machinery, Industrial Equipment)","Engineering/machinery","Listed-BSE"
"C00046","Maiden Forgings Ltd","Public Limited","Private (Indian)","Pan-India","","Capital Goods & Engineering (Machinery, Industrial Equipment)","Engineering/machinery","Listed-BSE"
"C00047","Samrat Forgings Ltd","Public Limited","Private (Indian)","Pan-India","","Capital Goods & Engineering (Machinery, Industrial Equipment)","Engineering/machinery","Listed-BSE"
"C00048","Satani Bearings Ltd","Public Limited","Private (Indian)","Pan-India","","Capital Goods & Engineering (Machinery, Industrial Equipment)","Engineering/machinery","Listed-BSE"
"C00052","Solitaire Machine Tools Ltd","Public Limited","Private (Indian)","Pan-India","","Capital Goods & Engineering (Machinery, Industrial Equipment)","Engineering/machinery","Listed-BSE"
"C00053","Miven Machine Tools Ltd","Public Limited","Private (Indian)","Pan-India","","Capital Goods & Engineering (Machinery, Industrial Equipment)","Engineering/machinery","Listed-BSE"
"C00054","Jeet Machine Tools Ltd","Public Limited","Private (Indian)","Pan-India","","Capital Goods & Engineering (Machinery, Industrial Equipment)","Engineering/machinery","Listed-BSE"
"C00060","Shri Niwas Leasing & Finance Ltd","Public Limited","Private (Indian)","Pan-India","","NBFC (Deposit/Non-Deposit, HFC, MFI, Infrastructure Finance, Core Investment Cos)","NBFC/finance","Listed-BSE"
"C00067","Gujarat Credit Corporation Ltd","Public Limited","Private (Indian)","Gujarat","","NBFC (Deposit/Non-Deposit, HFC, MFI, Infrastructure Finance, Core Investment Cos)","NBFC/finance","Listed-BSE"
"C00072","B & A Packaging India Ltd","Public Limited","Private (Indian)","Pan-India","","Paper, Packaging & Printing","Paper/packaging","Listed-BSE"
"C00088","Gujarat Bonanza Auto & Steel Rolling Ltd","Public Limited","Private (Indian)","Gujarat","","Metals & Steel (Steel, Aluminium, Copper, Foundries)","Metals/steel","Listed-BSE"
"C00098","Lakshana Cotton Spinning Mills Ltd","Public Limited","Private (Indian)","Pan-India","","Textiles & Apparel","Textiles/yarn/fabric","Listed-BSE"
"C00099","G V Electricals Ltd","Public Limited","Private (Indian)","Pan-India","","Capital Goods & Engineering (Machinery, Industrial Equipment)","Electricals","Listed-BSE"
"C00100","Delton Cables Ltd","Public Limited","Private (Indian)","Pan-India","","Capital Goods & Engineering (Machinery, Industrial Equipment)","Electricals","Listed-BSE"
"C00101","JD Cables Ltd","Public Limited","Private (Indian)","Pan-India","","Capital Goods & Engineering (Machinery, Industrial Equipment)","Electricals","Listed-BSE"
"C00103","Accord Transformer & Switchgear Ltd","Public Limited","Private (Indian)","Pan-India","","Capital Goods & Engineering (Machinery, Industrial Equipment)","Engineering/machinery","Listed-BSE"
"C00116","Prime Solvent Extractions Ltd","Public Limited","Private (Indian)","Pan-India","","Food Processing & Beverages","Food/sugar/oils","Listed-BSE"
"C00117","Natural Vanaspati Ltd","Public Limited","Private (Indian)","Pan-India","","Food Processing & Beverages","Food/sugar/oils","Listed-BSE"
"C00121","Rattan Vanaspati Ltd","Public Limited","Private (Indian)","Pan-India","","Food Processing & Beverages","Food/sugar/oils","Listed-BSE"
"C00133","Eco Hotels and Resorts Ltd","Public Limited","Private (Indian)","Pan-India","","Hospitality & Tourism (Hotels, Restaurants, Travel, Airlines Catering)","Hotels/resorts","Listed-BSE"
"C00136","Raghuvir Synthetics Ltd","Public Limited","Private (Indian)","Pan-India","","Textiles & Apparel","Textiles/yarn/fabric","Listed-BSE"
"C00154","Harikanta Overseas Ltd","Public Limited","Private (Indian)","Pan-India","","Import/Export Trading & SEZ/EOU","Trading/export","Listed-BSE"
"C00168","Trezer Oil Agro Tech Ltd","Public Limited","Private (Indian)","Pan-India","","Agriculture (Agri-inputs, Seeds, Agri-tech, Plantations)","Agri/seeds","Listed-BSE"
"C00171","Rajasthan Securities Ltd","Public Limited","Private (Indian)","Rajasthan","","Securities/Capital Markets (Brokers, Exchanges, Depositories, AMCs, Mutual Funds, RTAs, Merchant Bankers, AIFs, PMS, Rating Agencies)","Broking","Listed-BSE"
"C00172","Sar Auto Products Ltd","Public Limited","Private (Indian)","Pan-India","","Others","Diversified","Listed-BSE"
"C00173","Sunita Tools Ltd","Public Limited","Private (Indian)","Pan-India","","Others","Diversified","Listed-BSE"
"C00174","Shining Tools Ltd","Public Limited","Private (Indian)","Pan-India","","Others","Diversified","Listed-BSE"
"C00175","Dhanlaxmi Fabrics Ltd","Public Limited","Private (Indian)","Pan-India","","Others","Diversified","Listed-BSE"
"C00176","Shree Bhavya Fabrics Ltd","Public Limited","Private (Indian)","Pan-India","","Others","Diversified","Listed-BSE"
"C00177","Khator Fibre & Fabrics Ltd","Public Limited","Private (Indian)","Pan-India","","Others","Diversified","Listed-BSE"
"C00178","Lohia Polyester Ltd","Public Limited","Private (Indian)","Pan-India","","Others","Diversified","Listed-BSE"
"C00179","Orbit Polyester Ltd","Public Limited","Private (Indian)","Pan-India","","Others","Diversified","Listed-BSE"
"C00180","Welcure Drugs & Pharmaceuticals Ltd","Public Limited","Private (Indian)","Pan-India","","Pharma (Formulations, API, CDMO)","Pharma/drugs","Listed-BSE"
"C00181","Venmax Drugs & Pharmaceuticals Ltd","Public Limited","Private (Indian)","Pan-India","","Pharma (Formulations, API, CDMO)","Pharma/drugs","Listed-BSE"
"C00182","Anmol Drugs & Pharmaceuticals Ltd","Public Limited","Private (Indian)","Pan-India","","Pharma (Formulations, API, CDMO)","Pharma/drugs","Listed-BSE"
"C00183","Titan Biotech Ltd","Public Limited","Private (Indian)","Pan-India","","Others","Diversified","Listed-BSE"
"C00184","Raksan Transformers Ltd","Public Limited","Private (Indian)","Pan-India","","Capital Goods & Engineering (Machinery, Industrial Equipment)","Engineering/machinery","Listed-BSE"
"C00185","Star Delta Transformers Ltd","Public Limited","Private (Indian)","Pan-India","","Capital Goods & Engineering (Machinery, Industrial Equipment)","Engineering/machinery","Listed-BSE"
"C00186","Alfa Transformers Ltd","Public Limited","Private (Indian)","Pan-India","","Capital Goods & Engineering (Machinery, Industrial Equipment)","Engineering/machinery","Listed-BSE"
"C00187","Accurate Transformers Ltd","Public Limited","Private (Indian)","Pan-India","","Capital Goods & Engineering (Machinery, Industrial Equipment)","Engineering/machinery","Listed-BSE"
"C00188","Rams Transformers Ltd","Public Limited","Private (Indian)","Pan-India","","Capital Goods & Engineering (Machinery, Industrial Equipment)","Engineering/machinery","Listed-BSE"
"C00189","Galvani Batteries Ltd","Public Limited","Private (Indian)","Pan-India","","Others","Diversified","Listed-BSE"
"C00190","Star Housing Finance Ltd","Public Limited","Private (Indian)","Pan-India","","NBFC (Deposit/Non-Deposit, HFC, MFI, Infrastructure Finance, Core Investment Cos)","NBFC/finance","Listed-BSE"
"C00191","United Credit Ltd","Public Limited","Private (Indian)","Pan-India","","NBFC (Deposit/Non-Deposit, HFC, MFI, Infrastructure Finance, Core Investment Cos)","NBFC/finance","Listed-BSE"
"C00192","Scintilla Commercial & Credit Ltd","Public Limited","Private (Indian)","Pan-India","","NBFC (Deposit/Non-Deposit, HFC, MFI, Infrastructure Finance, Core Investment Cos)","NBFC/finance","Listed-BSE"
"C00193","Jayabharat Credit Ltd","Public Limited","Private (Indian)","Pan-India","","NBFC (Deposit/Non-Deposit, HFC, MFI, Infrastructure Finance, Core Investment Cos)","NBFC/finance","Listed-BSE"
"C00194","Hind Securities & Credit Ltd","Public Limited","Private (Indian)","Pan-India","","NBFC (Deposit/Non-Deposit, HFC, MFI, Infrastructure Finance, Core Investment Cos)","NBFC/finance","Listed-BSE"
"C00195","Nicco Uco Alliance Credit Ltd","Public Limited","Private (Indian)","Pan-India","","NBFC (Deposit/Non-Deposit, HFC, MFI, Infrastructure Finance, Core Investment Cos)","NBFC/finance","Listed-BSE"
"C00196","Anand Credit Ltd","Public Limited","Private (Indian)","Pan-India","","NBFC (Deposit/Non-Deposit, HFC, MFI, Infrastructure Finance, Core Investment Cos)","NBFC/finance","Listed-BSE"
"C00197","Vijaya Commercial Credit Ltd","Public Limited","Private (Indian)","Pan-India","","NBFC (Deposit/Non-Deposit, HFC, MFI, Infrastructure Finance, Core Investment Cos)","NBFC/finance","Listed-BSE"
"C00198","Sobhagya Mercantile Ltd","Public Limited","Private (Indian)","Pan-India","","Others","Diversified","Listed-BSE"
"C00199","Chandrima Mercantiles Ltd","Public Limited","Private (Indian)","Pan-India","","Others","Diversified","Listed-BSE"
"C00200","Vivid Mercantile Ltd","Public Limited","Private (Indian)","Pan-India","","Others","Diversified","Listed-BSE"
"C00201","Trio Mercantile & Trading Ltd","Public Limited","Private (Indian)","Pan-India","","Others","Diversified","Listed-BSE"
"C00202","Dune Mercantile Ltd","Public Limited","Private (Indian)","Pan-India","","Others","Diversified","Listed-BSE"
"C00204","Mansoon Trading Company Ltd","Public Limited","Private (Indian)","Pan-India","","Others","Diversified","Listed-BSE"
"C00205","Kanumanek Trading Company Ltd","Public Limited","Private (Indian)","Pan-India","","Others","Diversified","Listed-BSE"
"C00206","N D Metal Industries Ltd","Public Limited","Private (Indian)","Pan-India","","Metals & Steel (Steel, Aluminium, Copper, Foundries)","Metals/steel","Listed-BSE"
"C00207","Raajratna Metal Industries Ltd","Public Limited","Private (Indian)","Pan-India","","Metals & Steel (Steel, Aluminium, Copper, Foundries)","Metals/steel","Listed-BSE"
"C00208","Sampat Aluminium Ltd","Public Limited","Private (Indian)","Pan-India","","Others","Diversified","Listed-BSE"
"C00209","Worldwide Aluminium Ltd","Public Limited","Private (Indian)","Pan-India","","Others","Diversified","Listed-BSE"
"C00210","Universal Prime Aluminium Ltd","Public Limited","Private (Indian)","Pan-India","","Others","Diversified","Listed-BSE"
"C00214","Bharat Zinc Ltd","Public Limited","Private (Indian)","Pan-India","","Others","Diversified","Listed-BSE"
"C00218","Olympic Oil Industries Ltd","Public Limited","Private (Indian)","Pan-India","","Others","Diversified","Listed-BSE"
"C00252","GDL Leasing & Finance Ltd","Public Limited","Private (Indian)","Pan-India","","NBFC (Deposit/Non-Deposit, HFC, MFI, Infrastructure Finance, Core Investment Cos)","NBFC/finance","Listed-BSE"
"C00253","HB Leasing & Finance Co Ltd","Public Limited","Private (Indian)","Pan-India","","NBFC (Deposit/Non-Deposit, HFC, MFI, Infrastructure Finance, Core Investment Cos)","NBFC/finance","Listed-BSE"
"C00254","Franklin Leasing & Finance Ltd","Public Limited","Private (Indian)","Pan-India","","NBFC (Deposit/Non-Deposit, HFC, MFI, Infrastructure Finance, Core Investment Cos)","NBFC/finance","Listed-BSE"
"C00261","Birla Transasia Carpets Ltd","Public Limited","Private (Indian)","Pan-India","","Others","Diversified","Listed-BSE"
"C00274","Kalpa Commercial Ltd","Public Limited","Private (Indian)","Pan-India","","Others","Diversified","Listed-BSE"
"C00280","Sinnar Bidi Udyog Ltd","Public Limited","Private (Indian)","Pan-India","","Others","Diversified","Listed-BSE"
"C00298","Sterling Kalksand Bricks Ltd","Public Limited","Private (Indian)","Pan-India","","Others","Diversified","Listed-BSE"
"C00300","Ambuja Flour Mills Ltd","Public Limited","Private (Indian)","Pan-India","","Others","Diversified","Listed-BSE"
"C00301","Recode Studios Ltd","Public Limited","Private (Indian)","Pan-India","","Others","Diversified","Listed-BSE"
"C00312","Ace Software Exports Ltd","Public Limited","Private (Indian)","Pan-India","","Import/Export Trading & SEZ/EOU","Trading/export","Listed-BSE"
"C00313","Ace Software Exports Ltd Partly Paidup","Public Limited","Private (Indian)","Pan-India","","Import/Export Trading & SEZ/EOU","Trading/export","Listed-BSE"
"C00314","CapitalNumbers Infotech Ltd","Public Limited","Private (Indian)","Pan-India","","Others","Diversified","Listed-BSE"
"C00315","Meta Infotech Ltd","Public Limited","Private (Indian)","Pan-India","","Others","Diversified","Listed-BSE"
"C00316","Monarch Surveyors and Engineering Consultants Ltd","Public Limited","Private (Indian)","Pan-India","","Capital Goods & Engineering (Machinery, Industrial Equipment)","Engineering/machinery","Listed-BSE"
"C00317","Saumya Consultants Ltd","Public Limited","Private (Indian)","Pan-India","","Others","Diversified","Listed-BSE"
"C00318","R R Financial Consultants Ltd","Public Limited","Private (Indian)","Pan-India","","Others","Diversified","Listed-BSE"
"C00320","Regal Entertainment & Consultants Ltd","Public Limited","Private (Indian)","Pan-India","","Others","Diversified","Listed-BSE"
"C00322","Southern Infoconsultants Ltd","Public Limited","Private (Indian)","Pan-India","","Others","Diversified","Listed-BSE"
"C00323","GHV Infra Projects Ltd","Public Limited","Private (Indian)","Pan-India","","Others","Diversified","Listed-BSE"
"C00325","Gyan Developers & Builders Ltd","Public Limited","Private (Indian)","Pan-India","","Others","Diversified","Listed-BSE"
"C00327","International Coach Builders Ltd","Public Limited","Private (Indian)","Pan-India","","Others","Diversified","Listed-BSE"
"C00329","Shrishma Fine Chemicals (Karnataka) Ltd","Public Limited","Private (Indian)","Karnataka","","Chemicals & Fertilisers (Specialty, Petrochemicals, Agro-chemicals)","Chemicals","Listed-BSE"
"C00330","Chiplun Fine Chemicals Ltd","Public Limited","Private (Indian)","Pan-India","","Chemicals & Fertilisers (Specialty, Petrochemicals, Agro-chemicals)","Chemicals","Listed-BSE"
"C00331","Vipul Organics Ltd","Public Limited","Private (Indian)","Pan-India","","Others","Diversified","Listed-BSE"
"C00334","Premier Laminates Ltd","Public Limited","Private (Indian)","Pan-India","","Others","Diversified","Listed-BSE"
"C00335","Binayaka Tex Processors Ltd","Public Limited","Private (Indian)","Pan-India","","Others","Diversified","Listed-BSE"
"C00336","Arun Processors Ltd","Public Limited","Private (Indian)","Pan-India","","Others","Diversified","Listed-BSE"
"C00337","Mazda Fabric Processors Ltd","Public Limited","Private (Indian)","Pan-India","","Others","Diversified","Listed-BSE"
"C00338","Karnataka Chemical Industries Corp Ltd","Public Limited","Private (Indian)","Karnataka","","Chemicals & Fertilisers (Specialty, Petrochemicals, Agro-chemicals)","Chemicals","Listed-BSE"
"C00339","Mukesh Strips Ltd","Public Limited","Private (Indian)","Pan-India","","Others","Diversified","Listed-BSE"
"C00340","Real Strips Ltd","Public Limited","Private (Indian)","Pan-India","","Others","Diversified","Listed-BSE"
"C00341","Stelco Strips Ltd","Public Limited","Private (Indian)","Pan-India","","Others","Diversified","Listed-BSE"
"C00342","Rohini Strips Ltd","Public Limited","Private (Indian)","Pan-India","","Others","Diversified","Listed-BSE"
"C00343","Gwalior Strips Ltd","Public Limited","Private (Indian)","Madhya Pradesh","","Others","Diversified","Listed-BSE"
"C00344","Vermani Steel Strips Ltd","Public Limited","Private (Indian)","Pan-India","","Metals & Steel (Steel, Aluminium, Copper, Foundries)","Metals/steel","Listed-BSE"
"C00345","Derco Cooling Coils Ltd","Public Limited","Private (Indian)","Pan-India","","Others","Diversified","Listed-BSE"
"C00347","Shree Steel Wire Ropes Ltd","Public Limited","Private (Indian)","Pan-India","","Metals & Steel (Steel, Aluminium, Copper, Foundries)","Metals/steel","Listed-BSE"
"C00349","National Peroxide Ltd","Public Limited","Private (Indian)","Pan-India","","Others","Diversified","Listed-BSE"
"C00350","Simplex Mills Company Ltd","Public Limited","Private (Indian)","Pan-India","","Others","Diversified","Listed-BSE"
"C00351","Stanrose Mafatlal Investment & Finance Ltd","Public Limited","Private (Indian)","Pan-India","","NBFC (Deposit/Non-Deposit, HFC, MFI, Infrastructure Finance, Core Investment Cos)","NBFC/finance","Listed-BSE"
"C00352","Mafatlal Engineering Industries Ltd","Public Limited","Private (Indian)","Pan-India","","Capital Goods & Engineering (Machinery, Industrial Equipment)","Engineering/machinery","Listed-BSE"
"C00353","Stanrose Mafatlal Lubechem Ltd","Public Limited","Private (Indian)","Pan-India","","Others","Diversified","Listed-BSE"
"C00359","Vyapar Industries Ltd","Public Limited","Private (Indian)","Pan-India","","Others","Diversified","Listed-BSE"
"C00362","Suraj Products Ltd","Public Limited","Private (Indian)","Odisha","Rourkela","Metals & Steel (Steel, Aluminium, Copper, Foundries)","Sponge iron & TMT","Listed-BSE"
"C00364","Sanco Trans Ltd","Public Limited","Private (Indian)","Tamil Nadu","Chennai","Logistics & Warehousing","CFS & logistics","Listed-BSE"
"C00365","Riddhi Siddhi Gluco Biols Ltd","Public Limited","Private (Indian)","Gujarat","Gandhidham","Food Processing & Beverages","Starch/glucose","Listed-BSE"
"C00427","Mahanadi Coalfields Limited","Government Company (PSU)","Central PSU","Pan-India","Sambalpur","Public Sector Undertakings","Mining","Unlisted"
"C00441","Bridge & Roof Company (India) Limited","Government Company (PSU)","Central PSU","Pan-India","Kolkata","Public Sector Undertakings","Engineering","Unlisted"
"C00442","Scooters India Limited","Government Company (PSU)","Central PSU","Pan-India","Lucknow","Public Sector Undertakings","Automobile","Unlisted"
"C00443","Central Electronics Limited","Government Company (PSU)","Central PSU","Pan-India","Sahibabad","Public Sector Undertakings","Electronics","Unlisted"
"C00448","Educational Consultants India Limited","Government Company (PSU)","Central PSU","Pan-India","Noida","Public Sector Undertakings","Consulting","Listed-NSE+BSE"
"C00467","Brahmaputra Valley Fertilizer Corporation Limited","Government Company (PSU)","Central PSU","Pan-India","Namrup","Public Sector Undertakings","Fertilizers","Unlisted"
"C00469","Hindustan Urvarak & Rasayan Limited","Government Company (PSU)","Central PSU","Pan-India","New Delhi","Public Sector Undertakings","Fertilizers","Unlisted"
"C00479","National Seeds Corporation Limited","Government Company (PSU)","Central PSU","Pan-India","New Delhi","Public Sector Undertakings","Agriculture","Unlisted"
"C00509","Hooghly Cochin Shipyard Limited","Government Company (PSU)","Central PSU","Pan-India","Kolkata","Public Sector Undertakings","Shipbuilding","Unlisted"
"C00510","Kamarajar Port Limited","Government Company (PSU)","Central PSU","Pan-India","Chennai","Public Sector Undertakings","Ports","Unlisted"
"C00512","Munitions India Limited","Government Company (PSU)","Central PSU","Pan-India","Pune","Defence","Ordnance (2021 DPSU)","Unlisted"
"C00513","Armoured Vehicles Nigam Limited","Government Company (PSU)","Central PSU","Pan-India","Chennai","Defence","Ordnance (2021 DPSU)","Unlisted"
"C00522","Employees' Provident Fund Organisation","Statutory Corporation","Central PSU","Pan-India","New Delhi","Financial Services","Social security","Unlisted"
"C00524","Airports Authority of India","Statutory Corporation","Central PSU","Pan-India","New Delhi","Aviation","Airports","Unlisted"
"C00526","Damodar Valley Corporation","Statutory Corporation","Central PSU","Pan-India","Kolkata","Power","Power/water","Unlisted"
"C00585","NSDL Payments Bank Limited","Public Limited","Private (Indian)","Pan-India","Mumbai","Banking","Payments bank","Unlisted"
"C00586","Andhra Pradesh Grameena Bank","Other","Central PSU","Andhra Pradesh","Amaravati","Banking","Regional Rural Bank","Unlisted"
"C00598","Assam Gramin Vikash Bank","Other","Central PSU","Assam","Guwahati","Banking","Regional Rural Bank","Unlisted"
"C00600","Punjab Gramin Bank","Other","Central PSU","Punjab","Kapurthala","Banking","Regional Rural Bank","Unlisted"
"C00601","Himachal Pradesh Gramin Bank","Other","Central PSU","Himachal Pradesh","Mandi","Banking","Regional Rural Bank","Unlisted"
"C00611","Arunachal Pradesh Rural Bank","Other","Central PSU","Arunachal Pradesh","Naharlagun","Banking","Regional Rural Bank","Unlisted"
"C00648","Tata AIG General Insurance Company Limited","Public Limited","Joint Venture","Pan-India","Mumbai","Insurance","General/health insurer","Unlisted"
"C00652","Royal Sundaram General Insurance Company Limited","Public Limited","Private (Indian)","Pan-India","Chennai","Insurance","General/health insurer","Unlisted"
"C00659","Zuno General Insurance Limited","Public Limited","Private (Indian)","Pan-India","Mumbai","Insurance","General/health insurer","Unlisted"
"C00675","SCOR Reinsurance India Branch","Foreign Company Branch","MNC Subsidiary","Maharashtra","Mumbai","Insurance","Reinsurer branch","Unlisted"
"C00676","Lloyd's India (Reinsurance Branch)","Foreign Company Branch","MNC Subsidiary","Maharashtra","Mumbai","Insurance","Reinsurer branch","Unlisted"
"C00677","Pune District Central Cooperative Bank","Cooperative Society","Cooperative","Maharashtra","Pune","Banking - Cooperative Banks (Urban/State/District Cooperative)","District cooperative bank","Unlisted"
"C00678","Mumbai District Central Cooperative Bank","Cooperative Society","Cooperative","Maharashtra","Mumbai","Banking - Cooperative Banks (Urban/State/District Cooperative)","District cooperative bank","Unlisted"
"C00679","Thane District Central Cooperative Bank","Cooperative Society","Cooperative","Maharashtra","Thane","Banking - Cooperative Banks (Urban/State/District Cooperative)","District cooperative bank","Unlisted"
"C00680","Nashik District Central Cooperative Bank","Cooperative Society","Cooperative","Maharashtra","Nashik","Banking - Cooperative Banks (Urban/State/District Cooperative)","District cooperative bank","Unlisted"
"C00681","Kolhapur District Central Cooperative Bank","Cooperative Society","Cooperative","Maharashtra","Kolhapur","Banking - Cooperative Banks (Urban/State/District Cooperative)","District cooperative bank","Unlisted"
"C00683","Satara District Central Cooperative Bank","Cooperative Society","Cooperative","Maharashtra","Satara","Banking - Cooperative Banks (Urban/State/District Cooperative)","District cooperative bank","Unlisted"
"C00684","Solapur District Central Cooperative Bank","Cooperative Society","Cooperative","Maharashtra","Solapur","Banking - Cooperative Banks (Urban/State/District Cooperative)","District cooperative bank","Unlisted"
"C00685","Ahmednagar District Central Cooperative Bank","Cooperative Society","Cooperative","Maharashtra","Ahmednagar","Banking - Cooperative Banks (Urban/State/District Cooperative)","District cooperative bank","Unlisted"
"C00686","Nagpur District Central Cooperative Bank","Cooperative Society","Cooperative","Maharashtra","Nagpur","Banking - Cooperative Banks (Urban/State/District Cooperative)","District cooperative bank","Unlisted"
"C00687","Amravati District Central Cooperative Bank","Cooperative Society","Cooperative","Maharashtra","Amravati","Banking - Cooperative Banks (Urban/State/District Cooperative)","District cooperative bank","Unlisted"
"C00688","Aurangabad District Central Cooperative Bank","Cooperative Society","Cooperative","Maharashtra","Aurangabad","Banking - Cooperative Banks (Urban/State/District Cooperative)","District cooperative bank","Unlisted"
"C00689","Jalgaon District Central Cooperative Bank","Cooperative Society","Cooperative","Maharashtra","Jalgaon","Banking - Cooperative Banks (Urban/State/District Cooperative)","District cooperative bank","Unlisted"
"C00690","Dhule District Central Cooperative Bank","Cooperative Society","Cooperative","Maharashtra","Dhule","Banking - Cooperative Banks (Urban/State/District Cooperative)","District cooperative bank","Unlisted"
"C00691","Buldhana District Central Cooperative Bank","Cooperative Society","Cooperative","Maharashtra","Buldhana","Banking - Cooperative Banks (Urban/State/District Cooperative)","District cooperative bank","Unlisted"
"C00692","Wardha District Central Cooperative Bank","Cooperative Society","Cooperative","Maharashtra","Wardha","Banking - Cooperative Banks (Urban/State/District Cooperative)","District cooperative bank","Unlisted"
"C00693","Yavatmal District Central Cooperative Bank","Cooperative Society","Cooperative","Maharashtra","Yavatmal","Banking - Cooperative Banks (Urban/State/District Cooperative)","District cooperative bank","Unlisted"
"C00694","Osmanabad District Central Cooperative Bank","Cooperative Society","Cooperative","Maharashtra","Osmanabad","Banking - Cooperative Banks (Urban/State/District Cooperative)","District cooperative bank","Unlisted"
"C00695","Latur District Central Cooperative Bank","Cooperative Society","Cooperative","Maharashtra","Latur","Banking - Cooperative Banks (Urban/State/District Cooperative)","District cooperative bank","Unlisted"
"C00696","Beed District Central Cooperative Bank","Cooperative Society","Cooperative","Maharashtra","Beed","Banking - Cooperative Banks (Urban/State/District Cooperative)","District cooperative bank","Unlisted"
"C00697","Parbhani District Central Cooperative Bank","Cooperative Society","Cooperative","Maharashtra","Parbhani","Banking - Cooperative Banks (Urban/State/District Cooperative)","District cooperative bank","Unlisted"
"C00698","Nanded District Central Cooperative Bank","Cooperative Society","Cooperative","Maharashtra","Nanded","Banking - Cooperative Banks (Urban/State/District Cooperative)","District cooperative bank","Unlisted"
"C00699","Ratnagiri District Central Cooperative Bank","Cooperative Society","Cooperative","Maharashtra","Ratnagiri","Banking - Cooperative Banks (Urban/State/District Cooperative)","District cooperative bank","Unlisted"
"C00700","Raigad District Central Cooperative Bank","Cooperative Society","Cooperative","Maharashtra","Alibag","Banking - Cooperative Banks (Urban/State/District Cooperative)","District cooperative bank","Unlisted"
"C00701","Sindhudurg District Central Cooperative Bank","Cooperative Society","Cooperative","Maharashtra","Sindhudurg","Banking - Cooperative Banks (Urban/State/District Cooperative)","District cooperative bank","Unlisted"
"C00702","Akola District Central Cooperative Bank","Cooperative Society","Cooperative","Maharashtra","Akola","Banking - Cooperative Banks (Urban/State/District Cooperative)","District cooperative bank","Unlisted"
"C00703","Gadchiroli District Central Cooperative Bank","Cooperative Society","Cooperative","Maharashtra","Gadchiroli","Banking - Cooperative Banks (Urban/State/District Cooperative)","District cooperative bank","Unlisted"
"C00704","Chandrapur District Central Cooperative Bank","Cooperative Society","Cooperative","Maharashtra","Chandrapur","Banking - Cooperative Banks (Urban/State/District Cooperative)","District cooperative bank","Unlisted"
"C00706","Jalna District Central Cooperative Bank","Cooperative Society","Cooperative","Maharashtra","Jalna","Banking - Cooperative Banks (Urban/State/District Cooperative)","District cooperative bank","Unlisted"
"C00707","Washim District Central Cooperative Bank","Cooperative Society","Cooperative","Maharashtra","Washim","Banking - Cooperative Banks (Urban/State/District Cooperative)","District cooperative bank","Unlisted"
"C00708","Ahmedabad District Central Cooperative Bank","Cooperative Society","Cooperative","Gujarat","Ahmedabad","Banking - Cooperative Banks (Urban/State/District Cooperative)","District cooperative bank","Unlisted"
"C00709","Amreli District Central Cooperative Bank","Cooperative Society","Cooperative","Gujarat","Amreli","Banking - Cooperative Banks (Urban/State/District Cooperative)","District cooperative bank","Unlisted"
"C00710","Banaskantha District Central Cooperative Bank","Cooperative Society","Cooperative","Gujarat","Palanpur","Banking - Cooperative Banks (Urban/State/District Cooperative)","District cooperative bank","Unlisted"
"C00711","Bharuch District Central Cooperative Bank","Cooperative Society","Cooperative","Gujarat","Bharuch","Banking - Cooperative Banks (Urban/State/District Cooperative)","District cooperative bank","Unlisted"
"C00712","Bhavnagar District Central Cooperative Bank","Cooperative Society","Cooperative","Gujarat","Bhavnagar","Banking - Cooperative Banks (Urban/State/District Cooperative)","District cooperative bank","Unlisted"
"C00713","Gandhinagar District Central Cooperative Bank","Cooperative Society","Cooperative","Gujarat","Gandhinagar","Banking - Cooperative Banks (Urban/State/District Cooperative)","District cooperative bank","Unlisted"
"C00714","Jamnagar District Central Cooperative Bank","Cooperative Society","Cooperative","Gujarat","Jamnagar","Banking - Cooperative Banks (Urban/State/District Cooperative)","District cooperative bank","Unlisted"
"C00715","Junagadh District Central Cooperative Bank","Cooperative Society","Cooperative","Gujarat","Junagadh","Banking - Cooperative Banks (Urban/State/District Cooperative)","District cooperative bank","Unlisted"
"C00716","Kheda District Central Cooperative Bank","Cooperative Society","Cooperative","Gujarat","Nadiad","Banking - Cooperative Banks (Urban/State/District Cooperative)","District cooperative bank","Unlisted"
"C00717","Kutch District Central Cooperative Bank","Cooperative Society","Cooperative","Gujarat","Bhuj","Banking - Cooperative Banks (Urban/State/District Cooperative)","District cooperative bank","Unlisted"
"C00718","Panchmahal District Central Cooperative Bank","Cooperative Society","Cooperative","Gujarat","Godhra","Banking - Cooperative Banks (Urban/State/District Cooperative)","District cooperative bank","Unlisted"
"C00719","Rajkot District Central Cooperative Bank","Cooperative Society","Cooperative","Gujarat","Rajkot","Banking - Cooperative Banks (Urban/State/District Cooperative)","District cooperative bank","Unlisted"
"C00720","Sabarkantha District Central Cooperative Bank","Cooperative Society","Cooperative","Gujarat","Himatnagar","Banking - Cooperative Banks (Urban/State/District Cooperative)","District cooperative bank","Unlisted"
"C00721","Surat District Central Cooperative Bank","Cooperative Society","Cooperative","Gujarat","Surat","Banking - Cooperative Banks (Urban/State/District Cooperative)","District cooperative bank","Unlisted"
"C00722","Surendranagar District Central Cooperative Bank","Cooperative Society","Cooperative","Gujarat","Surendranagar","Banking - Cooperative Banks (Urban/State/District Cooperative)","District cooperative bank","Unlisted"
"C00723","Vadodara District Central Cooperative Bank","Cooperative Society","Cooperative","Gujarat","Vadodara","Banking - Cooperative Banks (Urban/State/District Cooperative)","District cooperative bank","Unlisted"
"C00724","Valsad District Central Cooperative Bank","Cooperative Society","Cooperative","Gujarat","Valsad","Banking - Cooperative Banks (Urban/State/District Cooperative)","District cooperative bank","Unlisted"
"C00725","Bangalore District Central Cooperative Bank","Cooperative Society","Cooperative","Karnataka","Bengaluru","Banking - Cooperative Banks (Urban/State/District Cooperative)","District cooperative bank","Unlisted"
"C00726","Mysore District Central Cooperative Bank","Cooperative Society","Cooperative","Karnataka","Mysuru","Banking - Cooperative Banks (Urban/State/District Cooperative)","District cooperative bank","Unlisted"
"C00727","Mandya District Central Cooperative Bank","Cooperative Society","Cooperative","Karnataka","Mandya","Banking - Cooperative Banks (Urban/State/District Cooperative)","District cooperative bank","Unlisted"
"C00728","Hassan District Central Cooperative Bank","Cooperative Society","Cooperative","Karnataka","Hassan","Banking - Cooperative Banks (Urban/State/District Cooperative)","District cooperative bank","Unlisted"
"C00729","Kolar District Central Cooperative Bank","Cooperative Society","Cooperative","Karnataka","Kolar","Banking - Cooperative Banks (Urban/State/District Cooperative)","District cooperative bank","Unlisted"
"C00730","Tumkur District Central Cooperative Bank","Cooperative Society","Cooperative","Karnataka","Tumakuru","Banking - Cooperative Banks (Urban/State/District Cooperative)","District cooperative bank","Unlisted"
"C00731","Shimoga District Central Cooperative Bank","Cooperative Society","Cooperative","Karnataka","Shivamogga","Banking - Cooperative Banks (Urban/State/District Cooperative)","District cooperative bank","Unlisted"
"C00732","Belgaum District Central Cooperative Bank","Cooperative Society","Cooperative","Karnataka","Belagavi","Banking - Cooperative Banks (Urban/State/District Cooperative)","District cooperative bank","Unlisted"
"C00733","Dharwad District Central Cooperative Bank","Cooperative Society","Cooperative","Karnataka","Dharwad","Banking - Cooperative Banks (Urban/State/District Cooperative)","District cooperative bank","Unlisted"
"C00734","Bijapur District Central Cooperative Bank","Cooperative Society","Cooperative","Karnataka","Vijayapura","Banking - Cooperative Banks (Urban/State/District Cooperative)","District cooperative bank","Unlisted"
"C00735","Gulbarga District Central Cooperative Bank","Cooperative Society","Cooperative","Karnataka","Kalaburagi","Banking - Cooperative Banks (Urban/State/District Cooperative)","District cooperative bank","Unlisted"
"C00736","Bellary District Central Cooperative Bank","Cooperative Society","Cooperative","Karnataka","Ballari","Banking - Cooperative Banks (Urban/State/District Cooperative)","District cooperative bank","Unlisted"
"C00737","Raichur District Central Cooperative Bank","Cooperative Society","Cooperative","Karnataka","Raichur","Banking - Cooperative Banks (Urban/State/District Cooperative)","District cooperative bank","Unlisted"
"C00738","Bidar District Central Cooperative Bank","Cooperative Society","Cooperative","Karnataka","Bidar","Banking - Cooperative Banks (Urban/State/District Cooperative)","District cooperative bank","Unlisted"
"C00739","Chitradurga District Central Cooperative Bank","Cooperative Society","Cooperative","Karnataka","Chitradurga","Banking - Cooperative Banks (Urban/State/District Cooperative)","District cooperative bank","Unlisted"
"C00740","Chikmagalur District Central Cooperative Bank","Cooperative Society","Cooperative","Karnataka","Chikkamagaluru","Banking - Cooperative Banks (Urban/State/District Cooperative)","District cooperative bank","Unlisted"
"C00741","Dakshina Kannada District Central Cooperative Bank","Cooperative Society","Cooperative","Karnataka","Mangaluru","Banking - Cooperative Banks (Urban/State/District Cooperative)","District cooperative bank","Unlisted"
"C00742","Uttara Kannada District Central Cooperative Bank","Cooperative Society","Cooperative","Karnataka","Karwar","Banking - Cooperative Banks (Urban/State/District Cooperative)","District cooperative bank","Unlisted"
"C00743","Kodagu District Central Cooperative Bank","Cooperative Society","Cooperative","Karnataka","Madikeri","Banking - Cooperative Banks (Urban/State/District Cooperative)","District cooperative bank","Unlisted"
"C00744","Chennai District Central Cooperative Bank","Cooperative Society","Cooperative","Tamil Nadu","Chennai","Banking - Cooperative Banks (Urban/State/District Cooperative)","District cooperative bank","Unlisted"
"C00745","Coimbatore District Central Cooperative Bank","Cooperative Society","Cooperative","Tamil Nadu","Coimbatore","Banking - Cooperative Banks (Urban/State/District Cooperative)","District cooperative bank","Unlisted"
"C00746","Madurai District Central Cooperative Bank","Cooperative Society","Cooperative","Tamil Nadu","Madurai","Banking - Cooperative Banks (Urban/State/District Cooperative)","District cooperative bank","Unlisted"
"C00747","Salem District Central Cooperative Bank","Cooperative Society","Cooperative","Tamil Nadu","Salem","Banking - Cooperative Banks (Urban/State/District Cooperative)","District cooperative bank","Unlisted"
"C00748","Tirunelveli District Central Cooperative Bank","Cooperative Society","Cooperative","Tamil Nadu","Tirunelveli","Banking - Cooperative Banks (Urban/State/District Cooperative)","District cooperative bank","Unlisted"
"C00749","Tiruchirapalli District Central Cooperative Bank","Cooperative Society","Cooperative","Tamil Nadu","Tiruchirapalli","Banking - Cooperative Banks (Urban/State/District Cooperative)","District cooperative bank","Unlisted"
"C00750","Thanjavur District Central Cooperative Bank","Cooperative Society","Cooperative","Tamil Nadu","Thanjavur","Banking - Cooperative Banks (Urban/State/District Cooperative)","District cooperative bank","Unlisted"
"C00751","Vellore District Central Cooperative Bank","Cooperative Society","Cooperative","Tamil Nadu","Vellore","Banking - Cooperative Banks (Urban/State/District Cooperative)","District cooperative bank","Unlisted"
"C00752","Erode District Central Cooperative Bank","Cooperative Society","Cooperative","Tamil Nadu","Erode","Banking - Cooperative Banks (Urban/State/District Cooperative)","District cooperative bank","Unlisted"
"C00753","Cuddalore District Central Cooperative Bank","Cooperative Society","Cooperative","Tamil Nadu","Cuddalore","Banking - Cooperative Banks (Urban/State/District Cooperative)","District cooperative bank","Unlisted"
"C00754","Dharmapuri District Central Cooperative Bank","Cooperative Society","Cooperative","Tamil Nadu","Dharmapuri","Banking - Cooperative Banks (Urban/State/District Cooperative)","District cooperative bank","Unlisted"
"C00755","Kancheepuram District Central Cooperative Bank","Cooperative Society","Cooperative","Tamil Nadu","Kancheepuram","Banking - Cooperative Banks (Urban/State/District Cooperative)","District cooperative bank","Unlisted"
"C00756","Ramanathapuram District Central Cooperative Bank","Cooperative Society","Cooperative","Tamil Nadu","Ramanathapuram","Banking - Cooperative Banks (Urban/State/District Cooperative)","District cooperative bank","Unlisted"
"C00757","Sivagangai District Central Cooperative Bank","Cooperative Society","Cooperative","Tamil Nadu","Sivagangai","Banking - Cooperative Banks (Urban/State/District Cooperative)","District cooperative bank","Unlisted"
"C00758","Thoothukudi District Central Cooperative Bank","Cooperative Society","Cooperative","Tamil Nadu","Thoothukudi","Banking - Cooperative Banks (Urban/State/District Cooperative)","District cooperative bank","Unlisted"
"C00759","Villupuram District Central Cooperative Bank","Cooperative Society","Cooperative","Tamil Nadu","Villupuram","Banking - Cooperative Banks (Urban/State/District Cooperative)","District cooperative bank","Unlisted"
"C00760","Nagapattinam District Central Cooperative Bank","Cooperative Society","Cooperative","Tamil Nadu","Nagapattinam","Banking - Cooperative Banks (Urban/State/District Cooperative)","District cooperative bank","Unlisted"
"C00761","Pudukkottai District Central Cooperative Bank","Cooperative Society","Cooperative","Tamil Nadu","Pudukkottai","Banking - Cooperative Banks (Urban/State/District Cooperative)","District cooperative bank","Unlisted"
"C00762","Namakkal District Central Cooperative Bank","Cooperative Society","Cooperative","Tamil Nadu","Namakkal","Banking - Cooperative Banks (Urban/State/District Cooperative)","District cooperative bank","Unlisted"
"C00763","Krishnagiri District Central Cooperative Bank","Cooperative Society","Cooperative","Tamil Nadu","Krishnagiri","Banking - Cooperative Banks (Urban/State/District Cooperative)","District cooperative bank","Unlisted"
"C00764","Theni District Central Cooperative Bank","Cooperative Society","Cooperative","Tamil Nadu","Theni","Banking - Cooperative Banks (Urban/State/District Cooperative)","District cooperative bank","Unlisted"
"C00765","Bhopal District Central Cooperative Bank","Cooperative Society","Cooperative","Madhya Pradesh","Bhopal","Banking - Cooperative Banks (Urban/State/District Cooperative)","District cooperative bank","Unlisted"
"C00766","Indore District Central Cooperative Bank","Cooperative Society","Cooperative","Madhya Pradesh","Indore","Banking - Cooperative Banks (Urban/State/District Cooperative)","District cooperative bank","Unlisted"
"C00767","Jabalpur District Central Cooperative Bank","Cooperative Society","Cooperative","Madhya Pradesh","Jabalpur","Banking - Cooperative Banks (Urban/State/District Cooperative)","District cooperative bank","Unlisted"
"C00768","Gwalior District Central Cooperative Bank","Cooperative Society","Cooperative","Madhya Pradesh","Gwalior","Banking - Cooperative Banks (Urban/State/District Cooperative)","District cooperative bank","Unlisted"
"C00769","Ujjain District Central Cooperative Bank","Cooperative Society","Cooperative","Madhya Pradesh","Ujjain","Banking - Cooperative Banks (Urban/State/District Cooperative)","District cooperative bank","Unlisted"
"C00770","Sagar District Central Cooperative Bank","Cooperative Society","Cooperative","Madhya Pradesh","Sagar","Banking - Cooperative Banks (Urban/State/District Cooperative)","District cooperative bank","Unlisted"
"C00772","Jaipur Central Cooperative Bank","Cooperative Society","Cooperative","Rajasthan","Jaipur","Banking - Cooperative Banks (Urban/State/District Cooperative)","District cooperative bank","Unlisted"
"C00774","Udaipur Central Cooperative Bank","Cooperative Society","Cooperative","Rajasthan","Udaipur","Banking - Cooperative Banks (Urban/State/District Cooperative)","District cooperative bank","Unlisted"
"C00775","Kota Central Cooperative Bank","Cooperative Society","Cooperative","Rajasthan","Kota","Banking - Cooperative Banks (Urban/State/District Cooperative)","District cooperative bank","Unlisted"
"C00776","Bikaner Central Cooperative Bank","Cooperative Society","Cooperative","Rajasthan","Bikaner","Banking - Cooperative Banks (Urban/State/District Cooperative)","District cooperative bank","Unlisted"
"C00777","Ajmer Central Cooperative Bank","Cooperative Society","Cooperative","Rajasthan","Ajmer","Banking - Cooperative Banks (Urban/State/District Cooperative)","District cooperative bank","Unlisted"
"C00778","Lucknow District Cooperative Bank","Cooperative Society","Cooperative","Uttar Pradesh","Lucknow","Banking - Cooperative Banks (Urban/State/District Cooperative)","District cooperative bank","Unlisted"
"C00779","Kanpur District Cooperative Bank","Cooperative Society","Cooperative","Uttar Pradesh","Kanpur","Banking - Cooperative Banks (Urban/State/District Cooperative)","District cooperative bank","Unlisted"
"C00780","Meerut District Cooperative Bank","Cooperative Society","Cooperative","Uttar Pradesh","Meerut","Banking - Cooperative Banks (Urban/State/District Cooperative)","District cooperative bank","Unlisted"
"C00781","Agra District Cooperative Bank","Cooperative Society","Cooperative","Uttar Pradesh","Agra","Banking - Cooperative Banks (Urban/State/District Cooperative)","District cooperative bank","Unlisted"
"C00782","Bareilly District Cooperative Bank","Cooperative Society","Cooperative","Uttar Pradesh","Bareilly","Banking - Cooperative Banks (Urban/State/District Cooperative)","District cooperative bank","Unlisted"
"C00783","Gorakhpur District Cooperative Bank","Cooperative Society","Cooperative","Uttar Pradesh","Gorakhpur","Banking - Cooperative Banks (Urban/State/District Cooperative)","District cooperative bank","Unlisted"
"C00784","Varanasi District Cooperative Bank","Cooperative Society","Cooperative","Uttar Pradesh","Varanasi","Banking - Cooperative Banks (Urban/State/District Cooperative)","District cooperative bank","Unlisted"
"C00785","Allahabad District Cooperative Bank","Cooperative Society","Cooperative","Uttar Pradesh","Allahabad","Banking - Cooperative Banks (Urban/State/District Cooperative)","District cooperative bank","Unlisted"
"C00786","Saraswat Cooperative Bank Limited","Cooperative Society","Cooperative","Maharashtra","Mumbai","Banking - Cooperative Banks (Urban/State/District Cooperative)","Urban/scheduled cooperative bank","Unlisted"
"C00787","Cosmos Cooperative Bank Limited","Cooperative Society","Cooperative","Maharashtra","Pune","Banking - Cooperative Banks (Urban/State/District Cooperative)","Urban/scheduled cooperative bank","Unlisted"
"C00788","SVC Cooperative Bank Limited (Shamrao Vithal Co-operative Bank)","Cooperative Society","Cooperative","Maharashtra","Mumbai","Banking - Cooperative Banks (Urban/State/District Cooperative)","Urban/scheduled cooperative bank","Unlisted"
"C00789","TJSB Sahakari Bank Limited","Cooperative Society","Cooperative","Maharashtra","Thane","Banking - Cooperative Banks (Urban/State/District Cooperative)","Urban/scheduled cooperative bank","Unlisted"
"C00790","Abhyudaya Cooperative Bank Limited","Cooperative Society","Cooperative","Maharashtra","Mumbai","Banking - Cooperative Banks (Urban/State/District Cooperative)","Urban/scheduled cooperative bank","Unlisted"
"C00791","NKGSB Cooperative Bank Limited","Cooperative Society","Cooperative","Maharashtra","Mumbai","Banking - Cooperative Banks (Urban/State/District Cooperative)","Urban/scheduled cooperative bank","Unlisted"
"C00792","Janata Sahakari Bank Limited (Pune)","Cooperative Society","Cooperative","Maharashtra","Pune","Banking - Cooperative Banks (Urban/State/District Cooperative)","Urban/scheduled cooperative bank","Unlisted"
"C00793","Kalyan Janata Sahakari Bank Limited","Cooperative Society","Cooperative","Maharashtra","Kalyan","Banking - Cooperative Banks (Urban/State/District Cooperative)","Urban/scheduled cooperative bank","Unlisted"
"C00794","Bharat Cooperative Bank (Mumbai) Limited","Cooperative Society","Cooperative","Maharashtra","Mumbai","Banking - Cooperative Banks (Urban/State/District Cooperative)","Urban/scheduled cooperative bank","Unlisted"
"C00795","Citizen Credit Cooperative Bank Limited","Cooperative Society","Cooperative","Maharashtra","Mumbai","Banking - Cooperative Banks (Urban/State/District Cooperative)","Urban/scheduled cooperative bank","Unlisted"
"C00796","Bassein Catholic Cooperative Bank Limited","Cooperative Society","Cooperative","Maharashtra","Vasai","Banking - Cooperative Banks (Urban/State/District Cooperative)","Urban/scheduled cooperative bank","Unlisted"
"C00797","Zoroastrian Cooperative Bank Limited","Cooperative Society","Cooperative","Maharashtra","Mumbai","Banking - Cooperative Banks (Urban/State/District Cooperative)","Urban/scheduled cooperative bank","Unlisted"
"C00798","Greater Bombay Cooperative Bank Limited","Cooperative Society","Cooperative","Maharashtra","Mumbai","Banking - Cooperative Banks (Urban/State/District Cooperative)","Urban/scheduled cooperative bank","Unlisted"
"C00799","New India Cooperative Bank Limited","Cooperative Society","Cooperative","Maharashtra","Mumbai","Banking - Cooperative Banks (Urban/State/District Cooperative)","Urban/scheduled cooperative bank","Unlisted"
"C00800","Punjab and Maharashtra Cooperative Bank Limited (PMC Bank)","Cooperative Society","Cooperative","Maharashtra","Mumbai","Banking - Cooperative Banks (Urban/State/District Cooperative)","Urban/scheduled cooperative bank","Unlisted"
"C00801","Rupee Cooperative Bank Limited","Cooperative Society","Cooperative","Maharashtra","Pune","Banking - Cooperative Banks (Urban/State/District Cooperative)","Urban/scheduled cooperative bank","Unlisted"
"C00802","Mahanagar Cooperative Bank Limited","Cooperative Society","Cooperative","Maharashtra","Mumbai","Banking - Cooperative Banks (Urban/State/District Cooperative)","Urban/scheduled cooperative bank","Unlisted"
"C00803","Ahmedabad Mercantile Cooperative Bank Limited","Cooperative Society","Cooperative","Gujarat","Ahmedabad","Banking - Cooperative Banks (Urban/State/District Cooperative)","Urban/scheduled cooperative bank","Unlisted"
"C00804","Kalupur Commercial Cooperative Bank Limited","Cooperative Society","Cooperative","Gujarat","Ahmedabad","Banking - Cooperative Banks (Urban/State/District Cooperative)","Urban/scheduled cooperative bank","Unlisted"
"C00805","Rajkot Nagarik Sahakari Bank Limited","Cooperative Society","Cooperative","Gujarat","Rajkot","Banking - Cooperative Banks (Urban/State/District Cooperative)","Urban/scheduled cooperative bank","Unlisted"
"C00806","Mehsana Urban Cooperative Bank Limited","Cooperative Society","Cooperative","Gujarat","Mehsana","Banking - Cooperative Banks (Urban/State/District Cooperative)","Urban/scheduled cooperative bank","Unlisted"
"C00807","Surat People's Cooperative Bank Limited","Cooperative Society","Cooperative","Gujarat","Surat","Banking - Cooperative Banks (Urban/State/District Cooperative)","Urban/scheduled cooperative bank","Unlisted"
"C00808","Nutan Nagarik Sahakari Bank Limited","Cooperative Society","Cooperative","Gujarat","Ahmedabad","Banking - Cooperative Banks (Urban/State/District Cooperative)","Urban/scheduled cooperative bank","Unlisted"
"C00809","Bharuch-Valsad District Cooperative Bank","Cooperative Society","Cooperative","Gujarat","Bharuch","Banking - Cooperative Banks (Urban/State/District Cooperative)","Urban/scheduled cooperative bank","Unlisted"
"C00810","Vishweshwar Sahakari Bank Limited","Cooperative Society","Cooperative","Maharashtra","Pune","Banking - Cooperative Banks (Urban/State/District Cooperative)","Urban/scheduled cooperative bank","Unlisted"
"C00811","Cannanore District Cooperative Bank","Cooperative Society","Cooperative","Kerala","Kannur","Banking - Cooperative Banks (Urban/State/District Cooperative)","Urban/scheduled cooperative bank","Unlisted"
"C00812","Thrissur District Cooperative Bank","Cooperative Society","Cooperative","Kerala","Thrissur","Banking - Cooperative Banks (Urban/State/District Cooperative)","Urban/scheduled cooperative bank","Unlisted"
"C00813","Bombay Mercantile Cooperative Bank Limited","Cooperative Society","Cooperative","Maharashtra","Mumbai","Banking - Cooperative Banks (Urban/State/District Cooperative)","Urban/scheduled cooperative bank","Unlisted"
"C00814","Apna Sahakari Bank Limited","Cooperative Society","Cooperative","Maharashtra","Mumbai","Banking - Cooperative Banks (Urban/State/District Cooperative)","Urban/scheduled cooperative bank","Unlisted"
"C00815","Shamrao Vithal Cooperative Bank (SVC Bank)","Cooperative Society","Cooperative","Maharashtra","Mumbai","Banking - Cooperative Banks (Urban/State/District Cooperative)","Urban/scheduled cooperative bank","Unlisted"
"C00816","Indian Mercantile Cooperative Bank Limited","Cooperative Society","Cooperative","Uttar Pradesh","Lucknow","Banking - Cooperative Banks (Urban/State/District Cooperative)","Urban/scheduled cooperative bank","Unlisted"
"C00817","Nagpur Nagarik Sahakari Bank Limited","Cooperative Society","Cooperative","Maharashtra","Nagpur","Banking - Cooperative Banks (Urban/State/District Cooperative)","Urban/scheduled cooperative bank","Unlisted"
"C00818","Solapur Siddheshwar Sahakari Bank Limited","Cooperative Society","Cooperative","Maharashtra","Solapur","Banking - Cooperative Banks (Urban/State/District Cooperative)","Urban/scheduled cooperative bank","Unlisted"
"C00819","Karnataka State Cooperative Apex Bank Employees' Bank","Cooperative Society","Cooperative","Karnataka","Bengaluru","Banking - Cooperative Banks (Urban/State/District Cooperative)","Urban/scheduled cooperative bank","Unlisted"
"C00820","Vasavi Cooperative Urban Bank Limited","Cooperative Society","Cooperative","Telangana","Hyderabad","Banking - Cooperative Banks (Urban/State/District Cooperative)","Urban/scheduled cooperative bank","Unlisted"
"C00821","Andhra Pradesh Mahesh Cooperative Urban Bank Limited","Cooperative Society","Cooperative","Telangana","Hyderabad","Banking - Cooperative Banks (Urban/State/District Cooperative)","Urban/scheduled cooperative bank","Unlisted"
"C00822","Nizamabad District Cooperative Central Bank","Cooperative Society","Cooperative","Telangana","Nizamabad","Banking - Cooperative Banks (Urban/State/District Cooperative)","Urban/scheduled cooperative bank","Unlisted"
"C00823","Warangal District Cooperative Central Bank","Cooperative Society","Cooperative","Telangana","Warangal","Banking - Cooperative Banks (Urban/State/District Cooperative)","Urban/scheduled cooperative bank","Unlisted"
"C00824","Chittoor District Cooperative Central Bank","Cooperative Society","Cooperative","Andhra Pradesh","Chittoor","Banking - Cooperative Banks (Urban/State/District Cooperative)","Urban/scheduled cooperative bank","Unlisted"
"C00825","Guntur District Cooperative Central Bank","Cooperative Society","Cooperative","Andhra Pradesh","Guntur","Banking - Cooperative Banks (Urban/State/District Cooperative)","Urban/scheduled cooperative bank","Unlisted"
"C00826","Krishna District Cooperative Central Bank","Cooperative Society","Cooperative","Andhra Pradesh","Machilipatnam","Banking - Cooperative Banks (Urban/State/District Cooperative)","Urban/scheduled cooperative bank","Unlisted"
"C00827","Sabarkantha District Co-operative Milk Producers' Union (Sabar Dairy)","Cooperative Society","Cooperative","Gujarat","Himatnagar","Fisheries, Dairy & Animal Husbandry","District milk producers' union","Unlisted"
"C00828","Banaskantha District Co-operative Milk Producers' Union (Banas Dairy)","Cooperative Society","Cooperative","Gujarat","Palanpur","Fisheries, Dairy & Animal Husbandry","District milk producers' union","Unlisted"
"C00829","Mehsana District Co-operative Milk Producers' Union (Dudh Sagar Dairy)","Cooperative Society","Cooperative","Gujarat","Mehsana","Fisheries, Dairy & Animal Husbandry","District milk producers' union","Unlisted"
"C00830","Baroda District Co-operative Milk Producers' Union (Baroda Dairy)","Cooperative Society","Cooperative","Gujarat","Vadodara","Fisheries, Dairy & Animal Husbandry","District milk producers' union","Unlisted"
"C00831","Surat District Co-operative Milk Producers' Union (Sumul Dairy)","Cooperative Society","Cooperative","Gujarat","Surat","Fisheries, Dairy & Animal Husbandry","District milk producers' union","Unlisted"
"C00832","Panchmahal District Co-operative Milk Producers' Union (Panchamrut Dairy)","Cooperative Society","Cooperative","Gujarat","Godhra","Fisheries, Dairy & Animal Husbandry","District milk producers' union","Unlisted"
"C00833","Valsad District Co-operative Milk Producers' Union (Vasudhara Dairy)","Cooperative Society","Cooperative","Gujarat","Valsad","Fisheries, Dairy & Animal Husbandry","District milk producers' union","Unlisted"
"C00834","Bhavnagar District Co-operative Milk Producers' Union (Gopal Dairy)","Cooperative Society","Cooperative","Gujarat","Bhavnagar","Fisheries, Dairy & Animal Husbandry","District milk producers' union","Unlisted"
"C00835","Rajkot District Co-operative Milk Producers' Union (Gopal Dairy Rajkot)","Cooperative Society","Cooperative","Gujarat","Rajkot","Fisheries, Dairy & Animal Husbandry","District milk producers' union","Unlisted"
"C00836","Gandhinagar District Co-operative Milk Producers' Union (Dudhsagar Dairy Kalol)","Cooperative Society","Cooperative","Gujarat","Kalol","Fisheries, Dairy & Animal Husbandry","District milk producers' union","Unlisted"
"C00837","Junagadh District Co-operative Milk Producers' Union","Cooperative Society","Cooperative","Gujarat","Junagadh","Fisheries, Dairy & Animal Husbandry","District milk producers' union","Unlisted"
"C00838","Amreli District Co-operative Milk Producers' Union (Amul Dairy Amreli)","Cooperative Society","Cooperative","Gujarat","Amreli","Fisheries, Dairy & Animal Husbandry","District milk producers' union","Unlisted"
"C00839","Kutch District Co-operative Milk Producers' Union (Sarhad Dairy)","Cooperative Society","Cooperative","Gujarat","Anjar","Fisheries, Dairy & Animal Husbandry","District milk producers' union","Unlisted"
"C00840","Ahmedabad District Co-operative Milk Producers' Union","Cooperative Society","Cooperative","Gujarat","Ahmedabad","Fisheries, Dairy & Animal Husbandry","District milk producers' union","Unlisted"
"C00841","Warana Dudh Utpadak Sahakari Sangh","Cooperative Society","Cooperative","Maharashtra","Kolhapur","Fisheries, Dairy & Animal Husbandry","District milk union","Unlisted"
"C00842","Prabhat Dairy Sahakari Sangh","Cooperative Society","Cooperative","Maharashtra","Ahmednagar","Fisheries, Dairy & Animal Husbandry","District milk union","Unlisted"
"C00843","Kolhapur Zilla Sahakari Doodh Utpadak Sangh (Gokul)","Cooperative Society","Cooperative","Maharashtra","Kolhapur","Fisheries, Dairy & Animal Husbandry","District milk union","Unlisted"
"C00844","Sangli Zilla Sahakari Doodh Utpadak Sangh","Cooperative Society","Cooperative","Maharashtra","Sangli","Fisheries, Dairy & Animal Husbandry","District milk union","Unlisted"
"C00845","Satara Zilla Doodh Utpadak Sahakari Sangh","Cooperative Society","Cooperative","Maharashtra","Satara","Fisheries, Dairy & Animal Husbandry","District milk union","Unlisted"
"C00847","Pune Zilla Sahakari Doodh Utpadak Sangh (Katraj Dairy)","Cooperative Society","Cooperative","Maharashtra","Pune","Fisheries, Dairy & Animal Husbandry","District milk union","Unlisted"
"C00848","Ahmednagar Zilla Doodh Utpadak Sangh","Cooperative Society","Cooperative","Maharashtra","Ahmednagar","Fisheries, Dairy & Animal Husbandry","District milk union","Unlisted"
"C00849","Solapur Zilla Doodh Utpadak Sahakari Sangh","Cooperative Society","Cooperative","Maharashtra","Solapur","Fisheries, Dairy & Animal Husbandry","District milk union","Unlisted"
"C00850","Bangalore Cooperative Milk Producers' Societies Union (BAMUL)","Cooperative Society","Cooperative","Karnataka","Bengaluru","Fisheries, Dairy & Animal Husbandry","District milk producers' union","Unlisted"
"C00851","Mysore District Cooperative Milk Producers' Societies Union (MYMUL)","Cooperative Society","Cooperative","Karnataka","Mysuru","Fisheries, Dairy & Animal Husbandry","District milk producers' union","Unlisted"
"C00852","Hassan District Cooperative Milk Producers' Societies Union (HAMUL)","Cooperative Society","Cooperative","Karnataka","Hassan","Fisheries, Dairy & Animal Husbandry","District milk producers' union","Unlisted"
"C00853","Mandya District Cooperative Milk Producers' Societies Union (MANMUL)","Cooperative Society","Cooperative","Karnataka","Mandya","Fisheries, Dairy & Animal Husbandry","District milk producers' union","Unlisted"
"C00854","Kolar-Chikkaballapur District Cooperative Milk Producers' Societies Union (KOMUL)","Cooperative Society","Cooperative","Karnataka","Kolar","Fisheries, Dairy & Animal Husbandry","District milk producers' union","Unlisted"
"C00855","Shimoga District Cooperative Milk Producers' Societies Union (SHIMUL)","Cooperative Society","Cooperative","Karnataka","Shivamogga","Fisheries, Dairy & Animal Husbandry","District milk producers' union","Unlisted"
"C00856","Dharwad District Cooperative Milk Producers' Societies Union (DHAMUL)","Cooperative Society","Cooperative","Karnataka","Dharwad","Fisheries, Dairy & Animal Husbandry","District milk producers' union","Unlisted"
"C00857","Belgaum District Cooperative Milk Producers' Societies Union (BELMUL)","Cooperative Society","Cooperative","Karnataka","Belagavi","Fisheries, Dairy & Animal Husbandry","District milk producers' union","Unlisted"
"C00858","Tumkur District Cooperative Milk Producers' Societies Union (TUMUL)","Cooperative Society","Cooperative","Karnataka","Tumakuru","Fisheries, Dairy & Animal Husbandry","District milk producers' union","Unlisted"
"C00859","Chitradurga-Davanagere District Cooperative Milk Producers' Societies Union (CAMUL)","Cooperative Society","Cooperative","Karnataka","Davanagere","Fisheries, Dairy & Animal Husbandry","District milk producers' union","Unlisted"
"C00860","Kodagu District Cooperative Milk Producers' Societies Union (KOMUL Kodagu)","Cooperative Society","Cooperative","Karnataka","Madikeri","Fisheries, Dairy & Animal Husbandry","District milk producers' union","Unlisted"
"C00861","Gulbarga-Yadgir District Cooperative Milk Producers' Societies Union (GULMUL)","Cooperative Society","Cooperative","Karnataka","Kalaburagi","Fisheries, Dairy & Animal Husbandry","District milk producers' union","Unlisted"
"C00862","Baramati Agro-Vidnyan (Karad) Cooperative Milk Union","Cooperative Society","Cooperative","Maharashtra","Karad","Fisheries, Dairy & Animal Husbandry","Milk producers' union","Unlisted"
"C00863","Erode District Cooperative Milk Producers' Union","Cooperative Society","Cooperative","Tamil Nadu","Erode","Fisheries, Dairy & Animal Husbandry","Milk producers' union","Unlisted"
"C00864","Coimbatore District Cooperative Milk Producers' Union","Cooperative Society","Cooperative","Tamil Nadu","Coimbatore","Fisheries, Dairy & Animal Husbandry","Milk producers' union","Unlisted"
"C00865","Salem District Cooperative Milk Producers' Union","Cooperative Society","Cooperative","Tamil Nadu","Salem","Fisheries, Dairy & Animal Husbandry","Milk producers' union","Unlisted"
"C00866","Madurai District Cooperative Milk Producers' Union","Cooperative Society","Cooperative","Tamil Nadu","Madurai","Fisheries, Dairy & Animal Husbandry","Milk producers' union","Unlisted"
"C00867","Ernakulam Regional Cooperative Milk Producers' Union (Milma Ernakulam)","Cooperative Society","Cooperative","Kerala","Kochi","Fisheries, Dairy & Animal Husbandry","Milk producers' union","Unlisted"
"C00868","Malabar Regional Cooperative Milk Producers' Union (Milma Malabar)","Cooperative Society","Cooperative","Kerala","Kozhikode","Fisheries, Dairy & Animal Husbandry","Milk producers' union","Unlisted"
"C00869","Trivandrum Regional Cooperative Milk Producers' Union (Milma Trivandrum)","Cooperative Society","Cooperative","Kerala","Thiruvananthapuram","Fisheries, Dairy & Animal Husbandry","Milk producers' union","Unlisted"
"C00870","Alwar Cooperative Milk Union (Saras)","Cooperative Society","Cooperative","Rajasthan","Alwar","Fisheries, Dairy & Animal Husbandry","Milk producers' union","Unlisted"
"C00871","Jaipur Cooperative Milk Producers' Union (Saras)","Cooperative Society","Cooperative","Rajasthan","Jaipur","Fisheries, Dairy & Animal Husbandry","Milk producers' union","Unlisted"
"C00872","Ajmer Cooperative Milk Producers' Union (Saras)","Cooperative Society","Cooperative","Rajasthan","Ajmer","Fisheries, Dairy & Animal Husbandry","Milk producers' union","Unlisted"
"C00873","Ludhiana Milk Union (Verka)","Cooperative Society","Cooperative","Punjab","Ludhiana","Fisheries, Dairy & Animal Husbandry","Milk producers' union","Unlisted"
"C00874","Jalandhar Milk Union (Verka)","Cooperative Society","Cooperative","Punjab","Jalandhar","Fisheries, Dairy & Animal Husbandry","Milk producers' union","Unlisted"
"C00875","Patiala Milk Union (Verka)","Cooperative Society","Cooperative","Punjab","Patiala","Fisheries, Dairy & Animal Husbandry","Milk producers' union","Unlisted"
"C00876","Amritsar Milk Union (Verka)","Cooperative Society","Cooperative","Punjab","Amritsar","Fisheries, Dairy & Animal Husbandry","Milk producers' union","Unlisted"
"C00877","Rajarambapu Patil Sahakari Sakhar Karkhana","Cooperative Society","Cooperative","Maharashtra","Kolhapur","Food Processing & Beverages","Cooperative sugar factory","Unlisted"
"C00878","Chhatrapati Rajaram Sahakari Sakhar Karkhana","Cooperative Society","Cooperative","Maharashtra","Kolhapur","Food Processing & Beverages","Cooperative sugar factory","Unlisted"
"C00879","Warana Sahakari Sakhar Karkhana","Cooperative Society","Cooperative","Maharashtra","Kolhapur","Food Processing & Beverages","Cooperative sugar factory","Unlisted"
"C00882","Datta Shetkari Sahakari Sakhar Karkhana","Cooperative Society","Cooperative","Maharashtra","Kolhapur","Food Processing & Beverages","Cooperative sugar factory","Unlisted"
"C00883","Jawahar Shetkari Sahakari Sakhar Karkhana","Cooperative Society","Cooperative","Maharashtra","Kolhapur","Food Processing & Beverages","Cooperative sugar factory","Unlisted"
"C00884","Sahyadri Sahakari Sakhar Karkhana","Cooperative Society","Cooperative","Maharashtra","Kolhapur","Food Processing & Beverages","Cooperative sugar factory","Unlisted"
"C00885","Ajinkyatara Sahakari Sakhar Karkhana","Cooperative Society","Cooperative","Maharashtra","Kolhapur","Food Processing & Beverages","Cooperative sugar factory","Unlisted"
"C00886","Bhima Sahakari Sakhar Karkhana","Cooperative Society","Cooperative","Maharashtra","Kolhapur","Food Processing & Beverages","Cooperative sugar factory","Unlisted"
"C00887","Kumbhi Kasari Sahakari Sakhar Karkhana","Cooperative Society","Cooperative","Maharashtra","Kolhapur","Food Processing & Beverages","Cooperative sugar factory","Unlisted"
"C00888","Vasantdada Shetkari Sahakari Sakhar Karkhana","Cooperative Society","Cooperative","Maharashtra","Kolhapur","Food Processing & Beverages","Cooperative sugar factory","Unlisted"
"C00889","Someshwar Sahakari Sakhar Karkhana","Cooperative Society","Cooperative","Maharashtra","Kolhapur","Food Processing & Beverages","Cooperative sugar factory","Unlisted"
"C00890","Malegaon Sahakari Sakhar Karkhana","Cooperative Society","Cooperative","Maharashtra","Kolhapur","Food Processing & Beverages","Cooperative sugar factory","Unlisted"
"C00891","Manganga Sahakari Sakhar Karkhana","Cooperative Society","Cooperative","Maharashtra","Kolhapur","Food Processing & Beverages","Cooperative sugar factory","Unlisted"
"C00892","Panchganga Sahakari Sakhar Karkhana","Cooperative Society","Cooperative","Maharashtra","Kolhapur","Food Processing & Beverages","Cooperative sugar factory","Unlisted"
"C00893","Kolhapur Zilla Sahakari Sakhar Karkhana","Cooperative Society","Cooperative","Maharashtra","Kolhapur","Food Processing & Beverages","Cooperative sugar factory","Unlisted"
"C00894","Shri Chhatrapati Shahu Sahakari Sakhar Karkhana","Cooperative Society","Cooperative","Maharashtra","Kolhapur","Food Processing & Beverages","Cooperative sugar factory","Unlisted"
"C00895","Ganesh Sahakari Sakhar Karkhana","Cooperative Society","Cooperative","Maharashtra","Kolhapur","Food Processing & Beverages","Cooperative sugar factory","Unlisted"
"C00896","Marathwada Sahakari Sakhar Karkhana","Cooperative Society","Cooperative","Maharashtra","Kolhapur","Food Processing & Beverages","Cooperative sugar factory","Unlisted"
"C00897","Sitapur Kisan Sahkari Chini Mill Limited","Cooperative Society","Cooperative","Uttar Pradesh","Lucknow","Food Processing & Beverages","Cooperative sugar mill","Unlisted"
"C00898","Bulandshahar Kisan Sahkari Chini Mill Limited","Cooperative Society","Cooperative","Uttar Pradesh","Lucknow","Food Processing & Beverages","Cooperative sugar mill","Unlisted"
"C00899","Rohana Kisan Sahkari Chini Mill Limited","Cooperative Society","Cooperative","Uttar Pradesh","Lucknow","Food Processing & Beverages","Cooperative sugar mill","Unlisted"
"C00900","Ramkola Kisan Sahkari Chini Mill Limited","Cooperative Society","Cooperative","Uttar Pradesh","Lucknow","Food Processing & Beverages","Cooperative sugar mill","Unlisted"
"C00901","Seorahi Kisan Sahkari Chini Mill Limited","Cooperative Society","Cooperative","Uttar Pradesh","Lucknow","Food Processing & Beverages","Cooperative sugar mill","Unlisted"
"C00902","Nawabganj Kisan Sahkari Chini Mill Limited","Cooperative Society","Cooperative","Uttar Pradesh","Lucknow","Food Processing & Beverages","Cooperative sugar mill","Unlisted"
"C00903","Puranpur Kisan Sahkari Chini Mill Limited","Cooperative Society","Cooperative","Uttar Pradesh","Lucknow","Food Processing & Beverages","Cooperative sugar mill","Unlisted"
"C00904","Tilhar Kisan Sahkari Chini Mill Limited","Cooperative Society","Cooperative","Uttar Pradesh","Lucknow","Food Processing & Beverages","Cooperative sugar mill","Unlisted"
"C00905","Baheri Kisan Sahkari Chini Mill Limited","Cooperative Society","Cooperative","Uttar Pradesh","Lucknow","Food Processing & Beverages","Cooperative sugar mill","Unlisted"
"C00906","Bardoli Vibhag Khand Udyog Sahakari Mandali (Bardoli Sugar)","Cooperative Society","Cooperative","Gujarat","Surat","Food Processing & Beverages","Cooperative sugar factory","Unlisted"
"C00907","Gandevi Sugar (Gandevi Sahakari Khand Udyog Mandali)","Cooperative Society","Cooperative","Gujarat","Surat","Food Processing & Beverages","Cooperative sugar factory","Unlisted"
"C00908","Ganesh (Vasudhara) Sahakari Khand Udyog Mandali","Cooperative Society","Cooperative","Gujarat","Surat","Food Processing & Beverages","Cooperative sugar factory","Unlisted"
"C00909","Kamrej Vibhag Sahakari Khand Udyog Mandali","Cooperative Society","Cooperative","Gujarat","Surat","Food Processing & Beverages","Cooperative sugar factory","Unlisted"
"C00910","Maroli Sahakari Khand Udyog Mandali","Cooperative Society","Cooperative","Gujarat","Surat","Food Processing & Beverages","Cooperative sugar factory","Unlisted"
"C00912","Godavari Sahakari Sakkare Karkhane","Cooperative Society","Cooperative","Karnataka","Belagavi","Food Processing & Beverages","Cooperative sugar factory","Unlisted"
"C00913","Malaprabha Sahakari Sakkare Karkhane","Cooperative Society","Cooperative","Karnataka","Belagavi","Food Processing & Beverages","Cooperative sugar factory","Unlisted"
"C00914","Vishwanath Sahakari Sakkare Karkhane","Cooperative Society","Cooperative","Karnataka","Belagavi","Food Processing & Beverages","Cooperative sugar factory","Unlisted"
"C00915","Tamil Nadu Cooperative Sugar Federation (TASCOFED)","Cooperative Society","Cooperative","Tamil Nadu","Chennai","Food Processing & Beverages","Sugar coop federation","Unlisted"
"C00916","National Federation of Cooperative Sugar Factories Limited (NFCSF)","Cooperative Society","Cooperative","Pan-India","New Delhi","Food Processing & Beverages","Apex sugar coop federation","Unlisted"
"C00917","Tamil Nadu Cooperative Spinning Mills Federation (TANSPIN)","Cooperative Society","Cooperative","Tamil Nadu","Chennai","Textiles & Apparel","Spinning mills federation","Unlisted"
"C00918","Andhra Pradesh Cooperative Spinning Mills Federation","Cooperative Society","Cooperative","Andhra Pradesh","Hyderabad","Textiles & Apparel","Spinning mills federation","Unlisted"
"C00919","Maharashtra Rajya Sahakari Kapoos Utpadak Sangh (Cotton Growers' Federation)","Cooperative Society","Cooperative","Maharashtra","Mumbai","Textiles & Apparel","Cotton growers' federation","Unlisted"
"C00920","Karnataka Cooperative Spinning Mills Federation","Cooperative Society","Cooperative","Karnataka","Bengaluru","Textiles & Apparel","Spinning mills federation","Unlisted"
"C00921","Punjab State Cooperative Spinning Mills Federation","Cooperative Society","Cooperative","Punjab","Chandigarh","Textiles & Apparel","Spinning mills federation","Unlisted"
"C00922","Vidarbha Cooperative Marketing Federation (Cotton)","Cooperative Society","Cooperative","Maharashtra","Nagpur","Textiles & Apparel","Cotton marketing federation","Unlisted"
"C00923","Khadi and Village Industries Cooperative Federation","Cooperative Society","Cooperative","Pan-India","Mumbai","Textiles & Apparel","Khadi cooperative federation","Unlisted"
"C00924","Kerala State Handloom Weavers' Cooperative Society (Hantex)","Cooperative Society","Cooperative","Kerala","Thiruvananthapuram","Textiles & Apparel","Handloom apex society","Unlisted"
"C00925","Kerala State Handloom Development Corporation Weavers' Cooperative (Hanveev)","Cooperative Society","Cooperative","Kerala","Kannur","Textiles & Apparel","Handloom weavers cooperative","Unlisted"
"C00926","Himachal Pradesh State Handloom and Handicrafts Corporation Weavers' Cooperative (Bhuttico)","Cooperative Society","Cooperative","Himachal Pradesh","Kullu","Textiles & Apparel","Weavers' cooperative","Unlisted"
"C00927","Nagaland Handloom and Handicrafts Cooperative Federation","Cooperative Society","Cooperative","Nagaland","Kohima","Textiles & Apparel","Handloom cooperative federation","Unlisted"
"C00928","Manipur State Handloom and Handicrafts Cooperative Federation","Cooperative Society","Cooperative","Manipur","Imphal","Textiles & Apparel","Handloom cooperative federation","Unlisted"
"C00929","Assam Cooperative Handloom Weavers' Society","Cooperative Society","Cooperative","Assam","Guwahati","Textiles & Apparel","Handloom weavers' society","Unlisted"
"C00930","Cannanore Cooperative Weavers' Society Limited","Cooperative Society","Cooperative","Kerala","Kannur","Textiles & Apparel","Weavers' cooperative society","Unlisted"
"C00931","Chirala Cooperative Handloom Weavers' Society","Cooperative Society","Cooperative","Andhra Pradesh","Chirala","Textiles & Apparel","Handloom weavers' society","Unlisted"
"C00932","Karnataka State Handloom Weavers' Cooperative Federation","Cooperative Society","Cooperative","Karnataka","Bengaluru","Textiles & Apparel","Handloom weavers' federation","Unlisted"
"C00933","Bihar State Handloom Weavers' Cooperative Federation (Hasudi)","Cooperative Society","Cooperative","Bihar","Patna","Textiles & Apparel","Handloom weavers' federation","Unlisted"
"C00934","Jharkhand State Handloom Weavers' Cooperative Federation","Cooperative Society","Cooperative","Jharkhand","Ranchi","Textiles & Apparel","Handloom weavers' federation","Unlisted"
"C00936","Madhya Pradesh Handloom and Handicrafts Cooperative Federation (Mriganayanee)","Cooperative Society","Cooperative","Madhya Pradesh","Bhopal","Textiles & Apparel","Handloom/handicrafts federation","Unlisted"
"C00937","All India Handloom Fabrics Marketing Cooperative Society","Cooperative Society","Cooperative","Pan-India","Mumbai","Textiles & Apparel","Handloom marketing cooperative","Unlisted"
"C00938","National Federation of Fishers' Cooperatives Limited (FISHCOPFED)","Cooperative Society","Cooperative","Pan-India","New Delhi","Fisheries, Dairy & Animal Husbandry","Apex fisheries cooperative federation","Unlisted"
"C00939","Kerala State Cooperative Federation for Fisheries Development (Matsyafed)","Cooperative Society","Cooperative","Kerala","Thiruvananthapuram","Fisheries, Dairy & Animal Husbandry","Fisheries cooperative federation","Unlisted"
"C00940","Tamil Nadu Fisheries Development Corporation Fishermen Cooperative Federation (TAFCOFED)","Cooperative Society","Cooperative","Tamil Nadu","Chennai","Fisheries, Dairy & Animal Husbandry","Fishermen cooperative federation","Unlisted"
"C00941","Gujarat State Fisheries Cooperative Federation","Cooperative Society","Cooperative","Gujarat","Ahmedabad","Fisheries, Dairy & Animal Husbandry","Fisheries cooperative federation","Unlisted"
"C00942","West Bengal State Cooperative Fish Marketing Federation (Benfish)","Cooperative Society","Cooperative","West Bengal","Kolkata","Fisheries, Dairy & Animal Husbandry","Fish marketing federation","Unlisted"
"C00944","Karnataka State Fishermen's Federation Cooperative","Cooperative Society","Cooperative","Karnataka","Mangaluru","Fisheries, Dairy & Animal Husbandry","Fishermen's cooperative federation","Unlisted"
"C00945","Odisha State Cooperative Fish Producers' Federation","Cooperative Society","Cooperative","Odisha","Bhubaneswar","Fisheries, Dairy & Animal Husbandry","Fisheries cooperative federation","Unlisted"
"C00946","Goa State Fisheries Cooperative Federation","Cooperative Society","Cooperative","Goa","Panaji","Fisheries, Dairy & Animal Husbandry","Fisheries cooperative federation","Unlisted"
"C00947","Maharashtra State Fisheries Cooperative Federation (Mahasagar)","Cooperative Society","Cooperative","Maharashtra","Mumbai","Fisheries, Dairy & Animal Husbandry","Fisheries cooperative federation","Unlisted"
"C00948","Kendriya Bhandar (Central Government Employees Consumer Cooperative Society)","Cooperative Society","Cooperative","Pan-India","New Delhi","Retail (Offline, Organised Retail, Jewellery)","Consumer cooperative store chain","Unlisted"
"C00949","Apna Bazar Cooperative Consumers' Society Limited","Cooperative Society","Cooperative","Maharashtra","Mumbai","Retail (Offline, Organised Retail, Jewellery)","Consumer cooperative store chain","Unlisted"
"C00950","Sahakari Bhandar (Bombay Cooperative Consumers' Wholesale and Retail Society)","Cooperative Society","Cooperative","Maharashtra","Mumbai","Retail (Offline, Organised Retail, Jewellery)","Consumer cooperative store chain","Unlisted"
"C00951","Super Bazar (Delhi Consumer Cooperative Wholesale Store)","Cooperative Society","Cooperative","Delhi","New Delhi","Retail (Offline, Organised Retail, Jewellery)","Consumer cooperative store chain","Unlisted"
"C00952","Karnataka State Cooperative Marketing Federation Consumer Stores (Karnataka Bhandar)","Cooperative Society","Cooperative","Karnataka","Bengaluru","Retail (Offline, Organised Retail, Jewellery)","Consumer cooperative store chain","Unlisted"
"C00953","Andhra Pradesh State Cooperative Marketing Federation Consumer Stores","Cooperative Society","Cooperative","Andhra Pradesh","Hyderabad","Retail (Offline, Organised Retail, Jewellery)","Consumer cooperative store chain","Unlisted"
"C00954","Chandigarh Consumer Cooperative Wholesale Store","Cooperative Society","Cooperative","Chandigarh","Chandigarh","Retail (Offline, Organised Retail, Jewellery)","Consumer cooperative store","Unlisted"
"C00955","Employees' Cooperative Consumer Store (Coal India / PSU township stores)","Cooperative Society","Cooperative","Pan-India","Kolkata","Retail (Offline, Organised Retail, Jewellery)","Consumer cooperative store chain","Unlisted"
"C00956","National Cooperative Union of India (NCUI)","Cooperative Society","Cooperative","Pan-India","New Delhi","Cooperative (Credit/Agri/Dairy/Housing/Multi-State Cooperatives)","National apex cooperative body","Unlisted"
"C00957","National Federation of State Cooperative Banks Limited (NAFSCOB)","Cooperative Society","Cooperative","Pan-India","Mumbai","Banking - Cooperative Banks (Urban/State/District Cooperative)","Apex federation of state cooperative banks","Unlisted"
"C00958","National Federation of Urban Cooperative Banks and Credit Societies Limited (NAFCUB)","Cooperative Society","Cooperative","Pan-India","New Delhi","Banking - Cooperative Banks (Urban/State/District Cooperative)","Apex federation of urban cooperative banks","Unlisted"
"C00959","National Cooperative Agriculture and Rural Development Banks' Federation (NAFCARD)","Cooperative Society","Cooperative","Pan-India","New Delhi","Banking - Cooperative Banks (Urban/State/District Cooperative)","Apex federation of land development banks","Unlisted"
"C00960","National Cooperative Housing Federation of India (NCHF)","Cooperative Society","Cooperative","Pan-India","New Delhi","Cooperative (Credit/Agri/Dairy/Housing/Multi-State Cooperatives)","Apex housing cooperative federation","Unlisted"
"C00961","Indian Farmers Fertiliser Cooperative Limited (IFFCO) - Kandla Unit","Cooperative Society","Cooperative","Gujarat","Kandla","Chemicals & Fertilisers (Specialty, Petrochemicals, Agro-chemicals)","Fertiliser cooperative plant","Unlisted"
"C00962","National Cooperative Tobacco Federation of India Limited","Cooperative Society","Cooperative","Andhra Pradesh","Guntur","Agriculture (Agri-inputs, Seeds, Agri-tech, Plantations)","Tobacco marketing cooperative federation","Unlisted"
"C00963","Cotton Corporation of India Growers' Cooperative Federation","Cooperative Society","Cooperative","Maharashtra","Mumbai","Agriculture (Agri-inputs, Seeds, Agri-tech, Plantations)","Cotton growers' cooperative federation","Unlisted"
"C00964","National Cooperative Organics Limited","Cooperative Society","Cooperative","Pan-India","New Delhi","Agriculture (Agri-inputs, Seeds, Agri-tech, Plantations)","Organic inputs multi-state cooperative","Unlisted"
"C00965","Indian Farm Forestry Development Cooperative Limited (IFFDC)","Cooperative Society","Cooperative","Uttar Pradesh","Noida","Agriculture (Agri-inputs, Seeds, Agri-tech, Plantations)","Farm forestry multi-state cooperative","Unlisted"
"C00966","National Federation of Farmer Producer Organisations Cooperative (NFPOC)","Cooperative Society","Cooperative","Pan-India","New Delhi","Agriculture (Agri-inputs, Seeds, Agri-tech, Plantations)","FPO apex cooperative","Unlisted"
"C00967","Sahakar Bharati","Cooperative Society","Cooperative","Pan-India","New Delhi","Cooperative (Credit/Agri/Dairy/Housing/Multi-State Cooperatives)","Cooperative movement organisation","Unlisted"
"C00969","Tamil Nadu Cooperative Agriculture and Rural Development Bank Limited","Cooperative Society","Cooperative","Tamil Nadu","Chennai","Banking - Cooperative Banks (Urban/State/District Cooperative)","Land development cooperative bank","Unlisted"
"C00970","Kerala State Cooperative Agriculture and Rural Development Bank Limited","Cooperative Society","Cooperative","Kerala","Thiruvananthapuram","Banking - Cooperative Banks (Urban/State/District Cooperative)","Land development cooperative bank","Unlisted"
"C00971","Andhra Pradesh State Cooperative Agriculture and Rural Development Bank","Cooperative Society","Cooperative","Andhra Pradesh","Vijayawada","Banking - Cooperative Banks (Urban/State/District Cooperative)","Land development cooperative bank","Unlisted"
"C00972","Gujarat State Cooperative Agriculture and Rural Multipurpose Development Bank","Cooperative Society","Cooperative","Gujarat","Ahmedabad","Banking - Cooperative Banks (Urban/State/District Cooperative)","Land development cooperative bank","Unlisted"
"C00974","Punjab State Cooperative Agricultural Development Bank Limited","Cooperative Society","Cooperative","Punjab","Chandigarh","Banking - Cooperative Banks (Urban/State/District Cooperative)","Land development cooperative bank","Unlisted"
"C00975","Haryana State Cooperative Agricultural and Rural Development Bank Limited","Cooperative Society","Cooperative","Haryana","Panchkula","Banking - Cooperative Banks (Urban/State/District Cooperative)","Land development cooperative bank","Unlisted"
"C00976","Karnataka State Cooperative Marketing Federation (KOMARF)","Cooperative Society","Cooperative","Karnataka","Bengaluru","Agriculture","Cooperative marketing","Unlisted"
"C00977","West Bengal State Cooperative Marketing Federation Limited (WBSCMF)","Cooperative Society","Cooperative","West Bengal","Kolkata","Cooperative (Credit/Agri/Dairy/Housing/Multi-State Cooperatives)","State marketing federation","Unlisted"
"C00978","Odisha State Cooperative Marketing Federation (OMFED Markfed)","Cooperative Society","Cooperative","Odisha","Bhubaneswar","Cooperative (Credit/Agri/Dairy/Housing/Multi-State Cooperatives)","State marketing federation","Unlisted"
"C00979","Bihar State Cooperative Marketing Union Limited (BISCOMAUN)","Cooperative Society","Cooperative","Bihar","Patna","Cooperative (Credit/Agri/Dairy/Housing/Multi-State Cooperatives)","State marketing federation","Unlisted"
"C00980","Jharkhand State Cooperative Marketing Federation Limited (JHASCOFED)","Cooperative Society","Cooperative","Jharkhand","Ranchi","Cooperative (Credit/Agri/Dairy/Housing/Multi-State Cooperatives)","State marketing federation","Unlisted"
"C00981","Assam State Cooperative Marketing and Consumers' Federation Limited (ASCOMS)","Cooperative Society","Cooperative","Assam","Guwahati","Cooperative (Credit/Agri/Dairy/Housing/Multi-State Cooperatives)","State marketing federation","Unlisted"
"C00982","Maharashtra State Cooperative Housing Finance Corporation Limited","Cooperative Society","Cooperative","Maharashtra","Mumbai","Cooperative (Credit/Agri/Dairy/Housing/Multi-State Cooperatives)","Housing finance cooperative","Unlisted"
"C00983","Tamil Nadu Cooperative Housing Federation Limited","Cooperative Society","Cooperative","Tamil Nadu","Chennai","Cooperative (Credit/Agri/Dairy/Housing/Multi-State Cooperatives)","Housing cooperative federation","Unlisted"
"C00984","Karnataka State Cooperative Housing Federation Limited","Cooperative Society","Cooperative","Karnataka","Bengaluru","Cooperative (Credit/Agri/Dairy/Housing/Multi-State Cooperatives)","Housing cooperative federation","Unlisted"
"C00985","Gujarat State Cooperative Housing Finance Society Limited","Cooperative Society","Cooperative","Gujarat","Ahmedabad","Cooperative (Credit/Agri/Dairy/Housing/Multi-State Cooperatives)","Housing finance cooperative","Unlisted"
"C00986","Andhra Pradesh State Cooperative Housing Federation Limited","Cooperative Society","Cooperative","Andhra Pradesh","Hyderabad","Cooperative (Credit/Agri/Dairy/Housing/Multi-State Cooperatives)","Housing cooperative federation","Unlisted"
"C00987","Kamani Employees' Cooperative (Kamani Tubes Workers' Cooperative)","Cooperative Society","Cooperative","Maharashtra","Mumbai","Cooperative (Credit/Agri/Dairy/Housing/Multi-State Cooperatives)","Workers' industrial cooperative","Unlisted"
"C00988","Self-Employed Women's Association Cooperative Federation (SEWA)","Cooperative Society","Cooperative","Gujarat","Ahmedabad","Cooperative (Credit/Agri/Dairy/Housing/Multi-State Cooperatives)","Women's labour cooperative federation","Unlisted"
"C00989","Kerala Dinesh Beedi Workers' Central Cooperative Society Limited","Cooperative Society","Cooperative","Kerala","Kannur","Cooperative (Credit/Agri/Dairy/Housing/Multi-State Cooperatives)","Beedi workers' industrial cooperative","Unlisted"
"C00990","Indian Coffee Workers' Cooperative Society (Indian Coffee House)","Cooperative Society","Cooperative","Kerala","Kochi","Cooperative (Credit/Agri/Dairy/Housing/Multi-State Cooperatives)","Workers' cooperative (hospitality)","Unlisted"
"C00991","National Agricultural Cooperative Marketing Federation of India (NAFED) - Bhopal Regional Office","Cooperative Society","Cooperative","Madhya Pradesh","Bhopal","Agriculture (Agri-inputs, Seeds, Agri-tech, Plantations)","Regional office of marketing federation","Unlisted"
"C00992","Uttarakhand Cooperative Federation for Fruit and Vegetable Marketing","Cooperative Society","Cooperative","Uttarakhand","Dehradun","Agriculture (Agri-inputs, Seeds, Agri-tech, Plantations)","Horticulture marketing cooperative","Unlisted"
"C00993","Himachal Pradesh Horticultural Produce Marketing and Processing Cooperative Federation (HPMC)","Cooperative Society","Cooperative","Himachal Pradesh","Shimla","Agriculture (Agri-inputs, Seeds, Agri-tech, Plantations)","Horticulture marketing cooperative","Unlisted"
"C00994","Jammu and Kashmir Horticultural Produce Marketing and Processing Corporation Cooperative","Cooperative Society","Cooperative","Jammu and Kashmir","Srinagar","Agriculture (Agri-inputs, Seeds, Agri-tech, Plantations)","Horticulture marketing cooperative","Unlisted"
"C00995","SASTRA University","Trust/Society","Trust/Society","Tamil Nadu","Thanjavur, Tamil Nadu","Education","Deemed University","Unlisted"
"C00996","Bennett University","Private Limited","Private (Indian)","Uttar Pradesh","Greater Noida, Uttar Pradesh","Education","Private University","Unlisted"
"C00997","Shoolini University of Biotechnology and Management Sciences","Trust/Society","Trust/Society","Himachal Pradesh","Solan, Himachal Pradesh","Education","Private University","Unlisted"
"C00998","Presidency University Bengaluru","Trust/Society","Trust/Society","Karnataka","Bengaluru, Karnataka","Education","Private University","Unlisted"
"C00999","Jain University","Trust/Society","Trust/Society","Karnataka","Bengaluru, Karnataka","Education","Deemed University","Unlisted"
"C01000","REVA University","Trust/Society","Trust/Society","Karnataka","Bengaluru, Karnataka","Education","Private University","Unlisted"
"C01001","CMR University","Trust/Society","Trust/Society","Karnataka","Bengaluru, Karnataka","Education","Private University","Unlisted"
"C01002","Alliance University","Trust/Society","Trust/Society","Karnataka","Bengaluru, Karnataka","Education","Private University","Unlisted"
"C01003","Ramaiah University of Applied Sciences","Trust/Society","Trust/Society","Karnataka","Bengaluru, Karnataka","Education","Private University","Unlisted"
"C01004","GD Goenka University","Private Limited","Private (Indian)","Haryana","Gurugram, Haryana","Education","Private University","Unlisted"
"C01005","Sharda University","Trust/Society","Trust/Society","Uttar Pradesh","Greater Noida, Uttar Pradesh","Education","Private University","Unlisted"
"C01006","Galgotias University","Trust/Society","Trust/Society","Uttar Pradesh","Greater Noida, Uttar Pradesh","Education","Private University","Unlisted"
"C01007","KL University (Koneru Lakshmaiah Education Foundation)","Trust/Society","Trust/Society","Andhra Pradesh","Vijayawada/Guntur, Andhra Pradesh","Education","Deemed University","Unlisted"
"C01008","GITAM (Gandhi Institute of Technology and Management)","Trust/Society","Trust/Society","Andhra Pradesh","Visakhapatnam, Andhra Pradesh","Education","Deemed University","Unlisted"
"C01009","Vignan's Foundation for Science, Technology and Research","Trust/Society","Trust/Society","Andhra Pradesh","Guntur, Andhra Pradesh","Education","Deemed University","Unlisted"
"C01010","Chandigarh University","Trust/Society","Trust/Society","Punjab","Gharuan, Mohali, Punjab","Education","Private University","Unlisted"
"C01011","DIT University","Trust/Society","Trust/Society","Uttarakhand","Dehradun, Uttarakhand","Education","Private University","Unlisted"
"C01012","Graphic Era University","Trust/Society","Trust/Society","Uttarakhand","Dehradun, Uttarakhand","Education","Private University","Unlisted"
"C01013","University of Petroleum and Energy Studies (UPES)","Trust/Society","Trust/Society","Uttarakhand","Dehradun, Uttarakhand","Education","Private University","Unlisted"
"C01014","Parul University","Trust/Society","Trust/Society","Gujarat","Vadodara, Gujarat","Education","Private University","Unlisted"
"C01015","Marwadi University","Trust/Society","Trust/Society","Gujarat","Rajkot, Gujarat","Education","Private University","Unlisted"
"C01016","Nirma University","Trust/Society","Trust/Society","Gujarat","Ahmedabad, Gujarat","Education","Deemed University","Unlisted"
"C01017","Ganpat University","Trust/Society","Trust/Society","Gujarat","Mehsana, Gujarat","Education","Private University","Unlisted"
"C01018","CEPT University","Trust/Society","Trust/Society","Gujarat","Ahmedabad, Gujarat","Education","Private University","Unlisted"
"C01019","Pandit Deendayal Energy University","Statutory Corporation","State PSU","Gujarat","Gandhinagar, Gujarat","Education","State University","Unlisted"
"C01020","MIT World Peace University","Trust/Society","Trust/Society","Maharashtra","Pune, Maharashtra","Education","Private University","Unlisted"
"C01021","Bharati Vidyapeeth","Trust/Society","Trust/Society","Maharashtra","Pune, Maharashtra","Education","Deemed University","Unlisted"
"C01022","D.Y. Patil University","Trust/Society","Trust/Society","Maharashtra","Navi Mumbai/Pune, Maharashtra","Education","Deemed University","Unlisted"
"C01023","MIT Art, Design and Technology University","Trust/Society","Trust/Society","Maharashtra","Pune, Maharashtra","Education","Private University","Unlisted"
"C01024","SP Jain School of Global Management","Private Limited","Private (Indian)","Maharashtra","Mumbai, Maharashtra","Education","Business School","Unlisted"
"C01025","Somaiya Vidyavihar University","Trust/Society","Trust/Society","Maharashtra","Mumbai, Maharashtra","Education","Private University","Unlisted"
"C01026","Manav Rachna University","Trust/Society","Trust/Society","Haryana","Faridabad, Haryana","Education","Private University","Unlisted"
"C01027","Jaypee Institute of Information Technology","Trust/Society","Trust/Society","Uttar Pradesh","Noida, Uttar Pradesh","Education","Deemed University","Unlisted"
"C01028","Teerthanker Mahaveer University","Trust/Society","Trust/Society","Uttar Pradesh","Moradabad, Uttar Pradesh","Education","Private University","Unlisted"
"C01029","Integral University","Trust/Society","Trust/Society","Uttar Pradesh","Lucknow, Uttar Pradesh","Education","Private University","Unlisted"
"C01030","Era University","Trust/Society","Trust/Society","Uttar Pradesh","Lucknow, Uttar Pradesh","Education","Private University","Unlisted"
"C01031","King George's Medical University","Statutory Corporation","State PSU","Uttar Pradesh","Lucknow, Uttar Pradesh","Education","State Medical University","Unlisted"
"C01032","Dr. Ram Manohar Lohia National Law University","Statutory Corporation","State PSU","Uttar Pradesh","Lucknow, Uttar Pradesh","Education","National Law University","Unlisted"
"C01033","Panjab University","Statutory Corporation","State PSU","Chandigarh","Chandigarh","Education","State University","Unlisted"
"C01034","Thapar Institute of Engineering and Technology","Trust/Society","Trust/Society","Punjab","Patiala, Punjab","Education","Deemed University","Unlisted"
"C01035","Chandigarh Group of Colleges","Trust/Society","Trust/Society","Punjab","Landran, Mohali, Punjab","Education","Private College Group","Unlisted"
"C01036","Guru Nanak Dev University","Statutory Corporation","State PSU","Punjab","Amritsar, Punjab","Education","State University","Unlisted"
"C01037","Siksha 'O' Anusandhan (SOA University)","Trust/Society","Trust/Society","Odisha","Bhubaneswar, Odisha","Education","Deemed University","Unlisted"
"C01039","Xavier University Bhubaneswar (XIM University)","Trust/Society","Trust/Society","Odisha","Bhubaneswar, Odisha","Education","Private University","Unlisted"
"C01040","ICFAI Foundation for Higher Education","Trust/Society","Trust/Society","Telangana","Hyderabad, Telangana","Education","Deemed University","Unlisted"
"C01041","Woxsen University","Trust/Society","Trust/Society","Telangana","Hyderabad, Telangana","Education","Private University","Unlisted"
"C01042","Mahindra University","Trust/Society","Trust/Society","Telangana","Hyderabad, Telangana","Education","Private University","Unlisted"
"C01043","Anurag University","Trust/Society","Trust/Society","Telangana","Hyderabad, Telangana","Education","Private University","Unlisted"
"C01044","Sri Sathya Sai Institute of Higher Learning","Trust/Society","Trust/Society","Andhra Pradesh","Prasanthi Nilayam, Andhra Pradesh","Education","Deemed University","Unlisted"
"C01045","Hindustan Institute of Technology and Science","Trust/Society","Trust/Society","Tamil Nadu","Chennai, Tamil Nadu","Education","Deemed University","Unlisted"
"C01048","Bharath Institute of Higher Education and Research","Trust/Society","Trust/Society","Tamil Nadu","Chennai, Tamil Nadu","Education","Deemed University","Unlisted"
"C01049","PSG College of Technology","Trust/Society","Trust/Society","Tamil Nadu","Coimbatore, Tamil Nadu","Education","Autonomous College","Unlisted"
"C01050","Kumaraguru College of Technology","Trust/Society","Trust/Society","Tamil Nadu","Coimbatore, Tamil Nadu","Education","Autonomous College","Unlisted"
"C01051","Karunya Institute of Technology and Sciences","Trust/Society","Trust/Society","Tamil Nadu","Coimbatore, Tamil Nadu","Education","Deemed University","Unlisted"
"C01053","Nitte Education Trust","Trust/Society","Trust/Society","Karnataka","Mangaluru, Karnataka","Education","Deemed University Trust","Unlisted"
"C01055","Dayananda Sagar Institutions","Trust/Society","Trust/Society","Karnataka","Bengaluru, Karnataka","Education","Private College Group","Unlisted"
"C01056","New Horizon Educational Institutions","Trust/Society","Trust/Society","Karnataka","Bengaluru, Karnataka","Education","Private College Group","Unlisted"
"C01057","PES University","Trust/Society","Trust/Society","Karnataka","Bengaluru, Karnataka","Education","Private University","Unlisted"
"C01059","Resonance Eduventures Limited","Private Limited","Private (Indian)","Rajasthan","Kota, Rajasthan","Education","Coaching","Unlisted"
"C01060","Vidyamandir Classes","Partnership Firm","Private (Indian)","Delhi","Delhi","Education","Coaching","Unlisted"
"C01061","Bansal Classes Private Limited","Private Limited","Private (Indian)","Rajasthan","Kota, Rajasthan","Education","Coaching","Unlisted"
"C01062","Motion Education Private Limited","Private Limited","Private (Indian)","Rajasthan","Kota, Rajasthan","Education","Coaching","Unlisted"
"C01063","Vedantu Innovations Private Limited","Private Limited","Private (Indian)","Karnataka","Bengaluru, Karnataka","Education","Ed-tech","Unlisted"
"C01064","Sorting Hall Technologies Private Limited (Unacademy)","Private Limited","Private (Indian)","Karnataka","Bengaluru, Karnataka","Education","Ed-tech","Unlisted"
"C01065","Think and Learn Private Limited (BYJU'S)","Private Limited","Private (Indian)","Karnataka","Bengaluru, Karnataka","Education","Ed-tech","Unlisted"
"C01066","upGrad Education Private Limited","Private Limited","Private (Indian)","Maharashtra","Mumbai, Maharashtra","Education","Ed-tech","Unlisted"
"C01067","Testbook Edu Solutions Private Limited","Private Limited","Private (Indian)","Haryana","Gurugram, Haryana","Education","Ed-tech","Unlisted"
"C01068","Made Easy Publications","Partnership Firm","Private (Indian)","Delhi","Delhi","Education","Coaching","Unlisted"
"C01069","IMS Learning Resources Private Limited","Private Limited","Private (Indian)","Maharashtra","Mumbai, Maharashtra","Education","Coaching","Unlisted"
"C01070","Triumphant Institute of Management Education (T.I.M.E.)","Private Limited","Private (Indian)","Telangana","Hyderabad, Telangana","Education","Coaching","Unlisted"
"C01072","Sri Gayatri Educational Institutions","Trust/Society","Trust/Society","Telangana","Hyderabad, Telangana","Education","Coaching","Unlisted"
"C01073","DAV College Managing Committee","Trust/Society","Trust/Society","Pan-India","Delhi","Education","School Chain","Unlisted"
"C01075","Navodaya Vidyalaya Samiti","Statutory Corporation","Central PSU","Pan-India","Delhi","Education","Central Government School System","Unlisted"
"C01076","Bal Bharati Public School Society","Trust/Society","Trust/Society","Delhi","Delhi","Education","School Chain","Unlisted"
"C01078","Global Schools Foundation (Global Indian International School)","Trust/Society","Trust/Society","Maharashtra","Mumbai, Maharashtra","Education","School Chain","Unlisted"
"C01079","Genesis Global School","Private Limited","Private (Indian)","Uttar Pradesh","Noida, Uttar Pradesh","Education","School","Unlisted"
"C01080","Witty International School (Billabong High)","Private Limited","Private (Indian)","Maharashtra","Mumbai, Maharashtra","Education","School Chain","Unlisted"
"C01081","EuroSchool (Kirloskar Group)","Private Limited","Private (Indian)","Maharashtra","Pune, Maharashtra","Education","School Chain","Unlisted"
"C01082","Vibgyor High Schools (Ampersand Group)","Private Limited","Private (Indian)","Maharashtra","Mumbai, Maharashtra","Education","School Chain","Unlisted"
"C01083","Ecole Mondiale World School","Trust/Society","Trust/Society","Maharashtra","Mumbai, Maharashtra","Education","School","Unlisted"
"C01084","JBCN International School","Private Limited","Private (Indian)","Maharashtra","Mumbai, Maharashtra","Education","School Chain","Unlisted"
"C01085","Nurturing Minds Education Society (Orchids The International School)","Trust/Society","Trust/Society","Karnataka","Bengaluru, Karnataka","Education","School Chain","Unlisted"
"C01086","National Public School Group","Trust/Society","Trust/Society","Karnataka","Bengaluru, Karnataka","Education","School Chain","Unlisted"
"C01087","The Scindia School","Trust/Society","Trust/Society","Madhya Pradesh","Gwalior, Madhya Pradesh","Education","School","Unlisted"
"C01088","Mayo College","Trust/Society","Trust/Society","Rajasthan","Ajmer, Rajasthan","Education","School","Unlisted"
"C01089","Welham Girls' School","Trust/Society","Trust/Society","Uttarakhand","Dehradun, Uttarakhand","Education","School","Unlisted"
"C01090","Woodstock School","Trust/Society","Trust/Society","Uttarakhand","Mussoorie, Uttarakhand","Education","School","Unlisted"
"C01091","Sherwood College","Trust/Society","Trust/Society","Uttarakhand","Nainital, Uttarakhand","Education","School","Unlisted"
"C01092","Bishop Cotton School","Trust/Society","Trust/Society","Himachal Pradesh","Shimla, Himachal Pradesh","Education","School","Unlisted"
"C01093","La Martiniere Schools","Trust/Society","Trust/Society","West Bengal; Uttar Pradesh","Kolkata, West Bengal / Lucknow, Uttar Pradesh","Education","School","Unlisted"
"C01094","Yashoda Hospitals","Private Limited","Private (Indian)","Telangana","Hyderabad, Telangana","Healthcare","Hospitals","Unlisted"
"C01095","Continental Hospitals","Private Limited","Private (Indian)","Telangana","Hyderabad, Telangana","Healthcare","Hospitals","Unlisted"
"C01096","CARE Hospitals (Quality Care India Limited)","Private Limited","Private (Indian)","Telangana","Hyderabad, Telangana","Healthcare","Hospitals","Unlisted"
"C01097","Sunshine Hospitals","Private Limited","Private (Indian)","Telangana","Hyderabad, Telangana","Healthcare","Hospitals","Unlisted"
"C01098","Sri Ramachandra Medical Centre","Trust/Society","Trust/Society","Tamil Nadu","Chennai, Tamil Nadu","Healthcare","Hospitals","Unlisted"
"C01099","Kauvery Hospital","Private Limited","Private (Indian)","Tamil Nadu","Chennai/Trichy, Tamil Nadu","Healthcare","Hospitals","Unlisted"
"C01100","MIOT International","Private Limited","Private (Indian)","Tamil Nadu","Chennai, Tamil Nadu","Healthcare","Hospitals","Unlisted"
"C01102","SIMS Hospital (Shanmuga Institute of Medical Science)","Private Limited","Private (Indian)","Tamil Nadu","Chennai, Tamil Nadu","Healthcare","Hospitals","Unlisted"
"C01103","Vijaya Health Centre","Private Limited","Private (Indian)","Tamil Nadu","Chennai, Tamil Nadu","Healthcare","Hospitals","Unlisted"
"C01105","Meenakshi Mission Hospital and Research Centre","Trust/Society","Trust/Society","Tamil Nadu","Madurai, Tamil Nadu","Healthcare","Hospitals","Unlisted"
"C01108","Ganga Hospital","Private Limited","Private (Indian)","Tamil Nadu","Coimbatore, Tamil Nadu","Healthcare","Hospitals","Unlisted"
"C01109","Sankara Nethralaya","Trust/Society","Trust/Society","Tamil Nadu","Chennai, Tamil Nadu","Healthcare","Eye Care Hospitals","Unlisted"
"C01112","Centre for Sight (Center for Sight Eye Hospital)","Private Limited","Private (Indian)","Delhi","Delhi","Healthcare","Eye Care Hospitals","Unlisted"
"C01114","Sakra World Hospital","Private Limited","Private (Indian)","Karnataka","Bengaluru, Karnataka","Healthcare","Hospitals","Unlisted"
"C01115","People Tree Hospitals","Private Limited","Private (Indian)","Karnataka","Bengaluru, Karnataka","Healthcare","Hospitals","Unlisted"
"C01116","Sparsh Hospital","Private Limited","Private (Indian)","Karnataka","Bengaluru, Karnataka","Healthcare","Hospitals","Unlisted"
"C01117","Gleneagles Global Health City","Private Limited","MNC Subsidiary","Karnataka; Tamil Nadu; Telangana; Maharashtra","Bengaluru, Karnataka","Healthcare","Hospitals","Unlisted"
"C01118","Cytecare Cancer Hospitals","Private Limited","Private (Indian)","Karnataka","Bengaluru, Karnataka","Healthcare","Cancer Hospitals","Unlisted"
"C01119","Wockhardt Hospitals Limited","Private Limited","Private (Indian)","Maharashtra","Mumbai, Maharashtra","Healthcare","Hospitals","Unlisted"
"C01120","Breach Candy Hospital Trust","Trust/Society","Trust/Society","Maharashtra","Mumbai, Maharashtra","Healthcare","Hospitals","Unlisted"
"C01121","P.D. Hinduja Hospital and Medical Research Centre","Trust/Society","Trust/Society","Maharashtra","Mumbai, Maharashtra","Healthcare","Hospitals","Unlisted"
"C01122","Jaslok Hospital and Research Centre","Trust/Society","Trust/Society","Maharashtra","Mumbai, Maharashtra","Healthcare","Hospitals","Unlisted"
"C01123","Lilavati Hospital and Research Centre","Trust/Society","Trust/Society","Maharashtra","Mumbai, Maharashtra","Healthcare","Hospitals","Unlisted"
"C01124","Kokilaben Dhirubhai Ambani Hospital","Trust/Society","Trust/Society","Maharashtra","Mumbai, Maharashtra","Healthcare","Hospitals","Unlisted"
"C01125","Nanavati Super Speciality Hospital","Trust/Society","Trust/Society","Maharashtra","Mumbai, Maharashtra","Healthcare","Hospitals","Unlisted"
"C01126","Bombay Hospital and Medical Research Centre","Trust/Society","Trust/Society","Maharashtra","Mumbai, Maharashtra","Healthcare","Hospitals","Unlisted"
"C01127","Saifee Hospital","Trust/Society","Trust/Society","Maharashtra","Mumbai, Maharashtra","Healthcare","Hospitals","Unlisted"
"C01128","Batra Hospital and Medical Research Centre","Trust/Society","Trust/Society","Delhi","Delhi","Healthcare","Hospitals","Unlisted"
"C01129","BLK-Max Super Speciality Hospital","Private Limited","Private (Indian)","Delhi","Delhi","Healthcare","Hospitals","Unlisted"
"C01130","Moolchand Hospital","Trust/Society","Trust/Society","Delhi","Delhi","Healthcare","Hospitals","Unlisted"
"C01131","Rockland Hospitals","Private Limited","Private (Indian)","Delhi","Delhi","Healthcare","Hospitals","Unlisted"
"C01132","Artemis Hospital","Private Limited","Private (Indian)","Haryana","Gurugram, Haryana","Healthcare","Hospitals","Unlisted"
"C01133","Paras Healthcare","Private Limited","Private (Indian)","Haryana; Punjab","Gurugram, Haryana","Healthcare","Hospitals","Unlisted"
"C01134","Asian Institute of Medical Sciences","Private Limited","Private (Indian)","Haryana","Faridabad, Haryana","Healthcare","Hospitals","Unlisted"
"C01135","Metro Group of Hospitals and Heart Institute","Private Limited","Private (Indian)","Haryana; Uttar Pradesh","Faridabad, Haryana","Healthcare","Hospitals","Unlisted"
"C01137","Felix Hospital","Private Limited","Private (Indian)","Uttar Pradesh","Noida, Uttar Pradesh","Healthcare","Hospitals","Unlisted"
"C01138","Kailash Hospital","Private Limited","Private (Indian)","Uttar Pradesh","Noida, Uttar Pradesh","Healthcare","Hospitals","Unlisted"
"C01139","Jaypee Hospital","Private Limited","Private (Indian)","Uttar Pradesh","Noida, Uttar Pradesh","Healthcare","Hospitals","Unlisted"
"C01140","Marengo Asia Hospitals","Private Limited","Private (Indian)","Haryana; Uttar Pradesh; Punjab","Faridabad, Haryana","Healthcare","Hospitals","Unlisted"
"C01141","Eternal Hospital (Eternal Heart Care Centre and Research Institute)","Private Limited","Private (Indian)","Rajasthan","Jaipur, Rajasthan","Healthcare","Hospitals","Unlisted"
"C01142","Santokba Durlabhji Memorial Hospital","Trust/Society","Trust/Society","Rajasthan","Jaipur, Rajasthan","Healthcare","Hospitals","Unlisted"
"C01143","Bhagwan Mahaveer Cancer Hospital and Research Centre","Trust/Society","Trust/Society","Rajasthan","Jaipur, Rajasthan","Healthcare","Cancer Hospitals","Unlisted"
"C01144","Ruby Hall Clinic","Trust/Society","Trust/Society","Maharashtra","Pune, Maharashtra","Healthcare","Hospitals","Unlisted"
"C01145","Sahyadri Hospitals","Private Limited","Private (Indian)","Maharashtra","Pune, Maharashtra","Healthcare","Hospitals","Unlisted"
"C01146","Deenanath Mangeshkar Hospital and Research Centre","Trust/Society","Trust/Society","Maharashtra","Pune, Maharashtra","Healthcare","Hospitals","Unlisted"
"C01147","Jehangir Hospital","Private Limited","Private (Indian)","Maharashtra","Pune, Maharashtra","Healthcare","Hospitals","Unlisted"
"C01150","Inamdar Multispeciality Hospital","Private Limited","Private (Indian)","Maharashtra","Pune, Maharashtra","Healthcare","Hospitals","Unlisted"
"C01151","AMRI Hospitals","Private Limited","Private (Indian)","West Bengal","Kolkata, West Bengal","Healthcare","Hospitals","Unlisted"
"C01152","Peerless Hospital","Trust/Society","Trust/Society","West Bengal","Kolkata, West Bengal","Healthcare","Hospitals","Unlisted"
"C01153","Belle Vue Clinic","Private Limited","Private (Indian)","West Bengal","Kolkata, West Bengal","Healthcare","Hospitals","Unlisted"
"C01154","Woodlands Multispeciality Hospital","Private Limited","Private (Indian)","West Bengal","Kolkata, West Bengal","Healthcare","Hospitals","Unlisted"
"C01155","Desun Hospital and Heart Institute","Private Limited","Private (Indian)","West Bengal","Kolkata, West Bengal","Healthcare","Hospitals","Unlisted"
"C01156","ILS Hospitals","Private Limited","Private (Indian)","West Bengal","Kolkata, West Bengal","Healthcare","Hospitals","Unlisted"
"C01157","Medica Synergie (Medica Superspecialty Hospital)","Private Limited","Private (Indian)","West Bengal","Kolkata, West Bengal","Healthcare","Hospitals","Unlisted"
"C01158","Ruby General Hospital","Private Limited","Private (Indian)","West Bengal","Kolkata, West Bengal","Healthcare","Hospitals","Unlisted"
"C01159","Calcutta Medical Research Institute (CMRI)","Private Limited","Private (Indian)","West Bengal","Kolkata, West Bengal","Healthcare","Hospitals","Unlisted"
"C01160","B M Birla Heart Research Centre","Trust/Society","Trust/Society","West Bengal","Kolkata, West Bengal","Healthcare","Cardiac Hospitals","Unlisted"
"C01161","Bengal Peerless Housing Development Company Limited","Private Limited","Joint Venture","West Bengal","Kolkata, West Bengal","Real Estate","Developer","Unlisted"
"C01162","Dr. B. Lal Clinical Laboratory Private Limited","Private Limited","Private (Indian)","Rajasthan","Jaipur, Rajasthan","Healthcare","Diagnostics","Unlisted"
"C01163","Medall Healthcare Private Limited","Private Limited","Private (Indian)","Tamil Nadu","Chennai, Tamil Nadu","Healthcare","Diagnostics","Unlisted"
"C01164","Anand Diagnostic Laboratory","Private Limited","Private (Indian)","Karnataka","Bengaluru, Karnataka","Healthcare","Diagnostics","Unlisted"
"C01165","Oncquest Laboratories Limited","Private Limited","Private (Indian)","Delhi","Delhi","Healthcare","Diagnostics","Unlisted"
"C01166","MedGenome Labs Limited","Private Limited","Private (Indian)","Karnataka","Bengaluru, Karnataka","Healthcare","Genomic Diagnostics","Unlisted"
"C01167","Nueclear Healthcare Limited","Public Limited","Private (Indian)","Maharashtra","Mumbai, Maharashtra","Healthcare","Diagnostics (PET-CT)","Listed-BSE"
"C01168","Core Diagnostics","Private Limited","Private (Indian)","Haryana","Gurugram, Haryana","Healthcare","Diagnostics","Unlisted"
"C01169","Motherhood Hospitals India Private Limited","Private Limited","Private (Indian)","Karnataka","Bengaluru, Karnataka","Healthcare","Maternity Hospitals","Unlisted"
"C01170","Fernandez Hospital","Private Limited","Private (Indian)","Telangana","Hyderabad, Telangana","Healthcare","Maternity Hospitals","Unlisted"
"C01171","Ankura Hospital for Women and Children","Private Limited","Private (Indian)","Telangana","Hyderabad, Telangana","Healthcare","Maternity Hospitals","Unlisted"
"C01172","Nova IVI Fertility Private Limited","Private Limited","Private (Indian)","Maharashtra","Mumbai, Maharashtra","Healthcare","Fertility Clinics","Unlisted"
"C01173","Indira IVF Hospital Private Limited","Private Limited","Private (Indian)","Rajasthan","Udaipur, Rajasthan","Healthcare","Fertility Clinics","Unlisted"
"C01174","Milann Fertility Centre","Private Limited","Private (Indian)","Karnataka","Bengaluru, Karnataka","Healthcare","Fertility Clinics","Unlisted"
"C01175","Ferty9 Fertility Center","Private Limited","Private (Indian)","Telangana","Hyderabad, Telangana","Healthcare","Fertility Clinics","Unlisted"
"C01176","BACC Healthcare Private Limited (Birla Fertility and IVF)","Private Limited","Private (Indian)","Pan-India","Mumbai, Maharashtra","Healthcare","Fertility Clinics","Unlisted"
"C01177","Adarsh Developers","Private Limited","Private (Indian)","Karnataka","Bengaluru, Karnataka","Real Estate","Developer","Unlisted"
"C01178","Vaswani Group","Private Limited","Private (Indian)","Karnataka","Bengaluru, Karnataka","Real Estate","Developer","Unlisted"
"C01179","Concorde Group","Private Limited","Private (Indian)","Karnataka","Bengaluru, Karnataka","Real Estate","Developer","Unlisted"
"C01180","Century Real Estate Holdings Private Limited","Private Limited","Private (Indian)","Karnataka","Bengaluru, Karnataka","Real Estate","Developer","Unlisted"
"C01181","Assetz Property Group","Private Limited","Private (Indian)","Karnataka","Bengaluru, Karnataka","Real Estate","Developer","Unlisted"
"C01182","SNN Builders and Developers","Private Limited","Private (Indian)","Karnataka","Bengaluru, Karnataka","Real Estate","Developer","Unlisted"
"C01183","Sowparnika Projects and Infrastructure Private Limited","Private Limited","Private (Indian)","Karnataka","Bengaluru, Karnataka","Real Estate","Developer","Unlisted"
"C01184","DivyaSree Developers Private Limited","Private Limited","Private (Indian)","Karnataka","Bengaluru, Karnataka","Real Estate","Developer","Unlisted"
"C01185","Vajram Group","Private Limited","Private (Indian)","Karnataka","Bengaluru, Karnataka","Real Estate","Developer","Unlisted"
"C01186","Bren Corporation","Private Limited","Private (Indian)","Karnataka","Bengaluru, Karnataka","Real Estate","Developer","Unlisted"
"C01187","SJR Group","Private Limited","Private (Indian)","Karnataka","Bengaluru, Karnataka","Real Estate","Developer","Unlisted"
