symbol,canonical_sector,sub_sector,fin_tag
BPCL,Oil & Gas,Refineries & Marketing,
COALINDIA,Coal & Mining,Coal,
BHEL,Capital Goods & Engineering,Heavy Electrical Equipment,
IOC,Oil & Gas,Refineries & Marketing,
GAIL,Oil & Gas,Gas Transmission/Marketing,
ONGC,Oil & Gas,Oil Exploration & Production,
NTPC,Power,Power Generation,
POWERGRID,Power,Power - Transmission,
SAIL,Metals & Steel,Iron & Steel,
HAL,Defence & Aerospace,Aerospace & Defense,
BEL,Defence & Aerospace,Aerospace & Defense,
PFC,NBFC,Financial Institution,NBFC
RECLTD,NBFC,Financial Institution,NBFC
HINDPETRO,Oil & Gas,Refineries & Marketing,
CONCOR,Logistics & Warehousing,Logistics Solution Provider,
NMDC,Coal & Mining,Industrial Minerals,
NHPC,Power,Power Generation,
SJVN,Power,Power Generation,
OIL,Oil & Gas,Oil Exploration & Production,
RVNL,Construction & Infrastructure,Civil Construction,
IRCTC,Hospitality & Tourism,"Tour, Travel Related Services",
IRFC,NBFC,Financial Institution,NBFC
MAZDOCK,Defence & Aerospace,Ship Building & Allied Services,
COCHINSHIP,Defence & Aerospace,Ship Building & Allied Services,
GRSE,Defence & Aerospace,Aerospace & Defense,
BDL,Defence & Aerospace,Aerospace & Defense,
BEML,Automobile,Construction Vehicles,
MIDHANI,Defence & Aerospace,Aerospace & Defense,
NATIONALUM,Metals & Steel,Aluminium,
HINDCOPPER,Metals & Steel,Copper,
MMTC,Import/Export Trading & SEZ/EOU,Trading & Distributors,
ENGINERSIN,Construction & Infrastructure,Civil Construction,
RITES,Construction & Infrastructure,Civil Construction,
IRCON,Construction & Infrastructure,Civil Construction,
NBCC,Construction & Infrastructure,Civil Construction,
NFL,Chemicals & Fertilisers,Fertilizers,
RCF,Chemicals & Fertilisers,Fertilizers,
CHENNPETRO,Oil & Gas,Refineries & Marketing,
MRPL,Oil & Gas,Refineries & Marketing,
MTNL,Telecom,Telecom - Cellular & Fixed line services,
ITI,Telecom,Telecom -  Equipment & Accessories,
SCI,Shipping/Ports,Shipping,
DREDGECORP,Shipping/Ports,Dredging,
HMT,Capital Goods & Engineering,Industrial Products,
KIOCL,Metals & Steel,Sponge Iron,
MOIL,Coal & Mining,Industrial Minerals,
NLCINDIA,Power,Power Generation,
NTPCGREEN,Power,Power Generation,
BHARATCOAL,Coal & Mining,Coal,
BLAL,Securities/Capital Markets,Investment Company,SEC_AMC
STCINDIA,Import/Export Trading & SEZ/EOU,Trading & Distributors,
ITDC,Hospitality & Tourism,Hotels & Resorts,
BALMLAWRIE,Diversified Conglomerates/Holding Companies,Diversified,
BLIL,Diversified Conglomerates/Holding Companies,Holding Company,
FACT,Chemicals & Fertilisers,Fertilizers,
MADRASFERT,Chemicals & Fertilisers,Fertilizers,
HUDCO,NBFC,Financial Institution,NBFC
IREDA,NBFC,Financial Institution,NBFC
RAILTEL,Telecom,Other Telecom Services,
ANDREWYU,Agriculture,Tea & Coffee,
PETRONET,Oil & Gas,LPG/CNG/PNG/LNG Supplier,
LICI,Insurance,Life Insurance,INS_LIFE
GICRE,Insurance,General Insurance,INS_GEN
SBIN,Banking,Public Sector Bank,BANK_COMM
BANKBARODA,Banking,Public Sector Bank,BANK_COMM
PNB,Banking,Public Sector Bank,BANK_COMM
CANBK,Banking,Public Sector Bank,BANK_COMM
UNIONBANK,Banking,Public Sector Bank,BANK_COMM
INDIANB,Banking,Public Sector Bank,BANK_COMM
BANKINDIA,Banking,Public Sector Bank,BANK_COMM
CENTRALBK,Banking,Public Sector Bank,BANK_COMM
MAHABANK,Banking,Public Sector Bank,BANK_COMM
IOB,Banking,Public Sector Bank,BANK_COMM
PSB,Banking,Public Sector Bank,BANK_COMM
UCOBANK,Banking,Public Sector Bank,BANK_COMM
HDFCBANK,Banking,Private Sector Bank,BANK_COMM
ICICIBANK,Banking,Private Sector Bank,BANK_COMM
AXISBANK,Banking,Private Sector Bank,BANK_COMM
KOTAKBANK,Banking,Private Sector Bank,BANK_COMM
INDUSINDBK,Banking,Private Sector Bank,BANK_COMM
YESBANK,Banking,Private Sector Bank,BANK_COMM
IDFCFIRSTB,Banking,Private Sector Bank,BANK_COMM
FEDERALBNK,Banking,Private Sector Bank,BANK_COMM
SOUTHBANK,Banking,Private Sector Bank,BANK_COMM
KARURVYSYA,Banking,Private Sector Bank,BANK_COMM
CUB,Banking,Private Sector Bank,BANK_COMM
TMB,Banking,Private Sector Bank,BANK_COMM
KTKBANK,Banking,Private Sector Bank,BANK_COMM
RBLBANK,Banking,Private Sector Bank,BANK_COMM
BANDHANBNK,Banking,Private Sector Bank,BANK_COMM
CSBBANK,Banking,Private Sector Bank,BANK_COMM
DCBBANK,Banking,Private Sector Bank,BANK_COMM
DHANBANK,Banking,Private Sector Bank,BANK_COMM
J&KBANK,Banking,Private Sector Bank,BANK_COMM
IDBI,Banking,Private Sector Bank,BANK_COMM
AUBANK,Banking,Other Bank,BANK_COMM
UJJIVANSFB,Banking,Other Bank,BANK_COMM
EQUITASBNK,Banking,Other Bank,BANK_COMM
JSFB,Banking,Other Bank,BANK_COMM
CAPITALSFB,Banking,Other Bank,BANK_COMM
ESAFSFB,Banking,Other Bank,BANK_COMM
SURYODAY,Banking,Other Bank,BANK_COMM
UTKARSHBNK,Banking,Other Bank,BANK_COMM
FINOPB,Banking,Other Bank,BANK_COMM
HDFCLIFE,Insurance,Life Insurance,INS_LIFE
SBILIFE,Insurance,Life Insurance,INS_LIFE
ICICIPRULI,Insurance,Life Insurance,INS_LIFE
CANHLIFE,Insurance,Life Insurance,INS_LIFE
NIACL,Insurance,General Insurance,INS_GEN
ICICIGI,Insurance,General Insurance,INS_GEN
GODIGIT,Insurance,General Insurance,INS_GEN
STARHEALTH,Insurance,General Insurance,INS_GEN
NIVABUPA,Insurance,General Insurance,INS_GEN
BAJFINANCE,NBFC,Non Banking Financial Company (NBFC),NBFC
BAJAJFINSV,Diversified Conglomerates/Holding Companies,Holding Company,
BAJAJHFL,NBFC,Housing Finance Company,HFC
BAJAJHLDNG,Diversified Conglomerates/Holding Companies,Holding Company,
CHOLAFIN,NBFC,Non Banking Financial Company (NBFC),NBFC
CHOLAHLDNG,Securities/Capital Markets,Investment Company,SEC_AMC
SHRIRAMFIN,NBFC,Non Banking Financial Company (NBFC),NBFC
MUTHOOTFIN,NBFC,Non Banking Financial Company (NBFC),NBFC
MUTHOOTMF,NBFC,Microfinance Institutions,MFI
MUTHOOTCAP,NBFC,Non Banking Financial Company (NBFC),NBFC
MANAPPURAM,NBFC,Non Banking Financial Company (NBFC),NBFC
M&MFIN,NBFC,Non Banking Financial Company (NBFC),NBFC
LTF,NBFC,Non Banking Financial Company (NBFC),NBFC
POONAWALLA,NBFC,Non Banking Financial Company (NBFC),NBFC
ABCAPITAL,Securities/Capital Markets,Investment Company,SEC_AMC
PNBHOUSING,NBFC,Housing Finance Company,HFC
LICHSGFIN,NBFC,Housing Finance Company,HFC
CANFINHOME,NBFC,Housing Finance Company,HFC
AAVAS,NBFC,Housing Finance Company,HFC
HOMEFIRST,NBFC,Housing Finance Company,HFC
APTUS,NBFC,Housing Finance Company,HFC
REPCOHOME,NBFC,Housing Finance Company,HFC
INDIASHLTR,NBFC,Housing Finance Company,HFC
AADHARHFC,NBFC,Housing Finance Company,HFC
GICHSGFIN,NBFC,Housing Finance Company,HFC
SAMMAANCAP,NBFC,Housing Finance Company,HFC
PIRAMALFIN,NBFC,Housing Finance Company,HFC
SUNDARMFIN,NBFC,Non Banking Financial Company (NBFC),NBFC
MASFIN,NBFC,Non Banking Financial Company (NBFC),NBFC
CREDITACC,NBFC,Microfinance Institutions,MFI
SPANDANA,NBFC,Microfinance Institutions,MFI
SATIN,NBFC,Microfinance Institutions,MFI
FUSION,NBFC,Microfinance Institutions,MFI
UJJIVAN,NBFC,Non Banking Financial Company (NBFC),NBFC
IIFL,NBFC,Non Banking Financial Company (NBFC),NBFC
FIVESTAR,NBFC,Non Banking Financial Company (NBFC),NBFC
UGROCAP,NBFC,Non Banking Financial Company (NBFC),NBFC
CGCL,NBFC,Non Banking Financial Company (NBFC),NBFC
EDELWEISS,Diversified Conglomerates/Holding Companies,Holding Company,
JMFINANCIL,Diversified Conglomerates/Holding Companies,Holding Company,
MOTILALOFS,Securities/Capital Markets,Stockbroking & Allied,SEC_BROKER
NUVAMA,Securities/Capital Markets,Stockbroking & Allied,SEC_BROKER
360ONE,Securities/Capital Markets,Stockbroking & Allied,SEC_BROKER
ANGELONE,Securities/Capital Markets,Stockbroking & Allied,SEC_BROKER
IIFLCAPS,Securities/Capital Markets,Stockbroking & Allied,SEC_BROKER
GEOJITFSL,Securities/Capital Markets,Stockbroking & Allied,SEC_BROKER
RELIGARE,Securities/Capital Markets,Investment Company,SEC_AMC
TATACAP,NBFC,Non Banking Financial Company (NBFC),NBFC
TATAINVEST,Securities/Capital Markets,Investment Company,SEC_AMC
HDBFS,NBFC,Non Banking Financial Company (NBFC),NBFC
JIOFIN,Securities/Capital Markets,Investment Company,SEC_AMC
SBFC,NBFC,Non Banking Financial Company (NBFC),NBFC
KISSHT,NBFC,Other Financial Services,NBFC
PAISALO,NBFC,Non Banking Financial Company (NBFC),NBFC
NORTHARC,NBFC,Non Banking Financial Company (NBFC),NBFC
ARMANFIN,NBFC,Non Banking Financial Company (NBFC),NBFC
AYE,NBFC,Non Banking Financial Company (NBFC),NBFC
SAKTHIFIN,Securities/Capital Markets,Investment Company,SEC_AMC
INDOSTAR,NBFC,Non Banking Financial Company (NBFC),NBFC
DHANI,NBFC,Other Financial Services,NBFC
ARCIL,NBFC,Other Financial Services,NBFC
SBIFUNDS,Securities/Capital Markets,Asset Management Company,SEC_AMC
IFCI,NBFC,Financial Institution,NBFC
TFCILTD,NBFC,Financial Institution,NBFC
PFS,NBFC,Non Banking Financial Company (NBFC),NBFC
ICICIAMC,Securities/Capital Markets,Asset Management Company,SEC_AMC
HDFCAMC,Securities/Capital Markets,Asset Management Company,SEC_AMC
NAM-INDIA,Securities/Capital Markets,Asset Management Company,SEC_AMC
CRAMC,Securities/Capital Markets,Asset Management Company,SEC_AMC
ABSLAMC,Securities/Capital Markets,Asset Management Company,SEC_AMC
UTIAMC,Securities/Capital Markets,Asset Management Company,SEC_AMC
CAMS,Securities/Capital Markets,"Depositories, Clearing Houses and Other Intermediaries",SEC_DP
KFINTECH,Securities/Capital Markets,"Depositories, Clearing Houses and Other Intermediaries",SEC_DP
BSE,Securities/Capital Markets,Exchange and Data Platform,SEC_MII
MCX,Securities/Capital Markets,Exchange and Data Platform,SEC_MII
PROTEAN,IT/ITeS,IT Enabled Services,
IEX,Securities/Capital Markets,Exchange and Data Platform,SEC_MII
CDSL,Securities/Capital Markets,"Depositories, Clearing Houses and Other Intermediaries",SEC_DP
ARSSBL,Securities/Capital Markets,Stockbroking & Allied,SEC_BROKER
BIRLAMONEY,Securities/Capital Markets,Stockbroking & Allied,SEC_BROKER
5PAISA,Securities/Capital Markets,Stockbroking & Allied,SEC_BROKER
CHOICEIN,Diversified Conglomerates/Holding Companies,Holding Company,
ANANDRATHI,Securities/Capital Markets,Financial Products Distributor,SEC_IA
ARIHANTCAP,Securities/Capital Markets,Stockbroking & Allied,SEC_BROKER
CENTRUM,NBFC,Other Financial Services,NBFC
SHAREINDIA,Securities/Capital Markets,Stockbroking & Allied,SEC_BROKER
MONARCH,Securities/Capital Markets,Stockbroking & Allied,SEC_BROKER
KEYFINSERV,Securities/Capital Markets,Stockbroking & Allied,SEC_BROKER
EMKAY,Securities/Capital Markets,Stockbroking & Allied,SEC_BROKER
SMCGLOBAL,Securities/Capital Markets,Stockbroking & Allied,SEC_BROKER
DAMCAPITAL,Securities/Capital Markets,Stockbroking & Allied,SEC_BROKER
CRISIL,NBFC,Other Financial Services,NBFC
ICRA,Securities/Capital Markets,Ratings,SEC_CRA
CARERATING,Securities/Capital Markets,Ratings,SEC_CRA
PINELABS,Payments & Fintech,Financial Technology (Fintech),DIGITAL_LENDING
PRUDENT,Securities/Capital Markets,Financial Products Distributor,SEC_IA
PAYTM,Payments & Fintech,Financial Technology (Fintech),DIGITAL_LENDING
MOBIKWIK,Payments & Fintech,Financial Technology (Fintech),DIGITAL_LENDING
ZAGGLE,IT/ITeS,IT Enabled Services,
RELIANCE,Oil & Gas,Refineries & Marketing,
BHARTIARTL,Telecom,Telecom - Cellular & Fixed line services,
INFY,IT/ITeS,Computers - Software & Consulting,
TCS,IT/ITeS,Computers - Software & Consulting,
WIPRO,IT/ITeS,Computers - Software & Consulting,
HCLTECH,IT/ITeS,Computers - Software & Consulting,
TECHM,IT/ITeS,Computers - Software & Consulting,
OFSS,IT/ITeS,Software Products,
PERSISTENT,IT/ITeS,Computers - Software & Consulting,
COFORGE,IT/ITeS,Computers - Software & Consulting,
KPITTECH,IT/ITeS,Computers - Software & Consulting,
MPHASIS,IT/ITeS,Computers - Software & Consulting,
TATAELXSI,IT/ITeS,Computers - Software & Consulting,
SONATSOFTW,IT/ITeS,Computers - Software & Consulting,
CYIENT,IT/ITeS,IT Enabled Services,
BSOFT,IT/ITeS,Computers - Software & Consulting,
ZENSARTECH,IT/ITeS,Computers - Software & Consulting,
SBICARD,NBFC,Non Banking Financial Company (NBFC),NBFC
MFSL,Insurance,Life Insurance,INS_LIFE
BAJAJ-AUTO,Automobile,2/3 Wheelers,
HEROMOTOCO,Automobile,2/3 Wheelers,
EICHERMOT,Automobile,2/3 Wheelers,
TVSMOTOR,Automobile,2/3 Wheelers,
TMCV,Automobile,Commercial Vehicles,
FORCEMOT,Automobile,Passenger Cars & Utility Vehicles,
MARUTI,Automobile,Passenger Cars & Utility Vehicles,
M&M,Automobile,Passenger Cars & Utility Vehicles,
ASHOKLEY,Automobile,Commercial Vehicles,
MSUMI,Automobile,Auto Components & Equipments,
ESCORTS,Automobile,Tractors,
BOSCHLTD,Automobile,Auto Components & Equipments,
SUNDRMFAST,Automobile,Auto Components & Equipments,
MRF,Automobile,Tyres & Rubber Products,
MOTHERSON,Automobile,Auto Components & Equipments,
BALKRISIND,Automobile,Tyres & Rubber Products,
APOLLOTYRE,Automobile,Tyres & Rubber Products,
JKTYRE,Automobile,Tyres & Rubber Products,
EXIDEIND,Automobile,Auto Components & Equipments,
CEATLTD,Automobile,Tyres & Rubber Products,
ARE&M,Automobile,Auto Components & Equipments,
ENDURANCE,Automobile,Auto Components & Equipments,
SCHAEFFLER,Automobile,Auto Components & Equipments,
TIINDIA,Automobile,Auto Components & Equipments,
UNOMINDA,Automobile,Auto Components & Equipments,
SONACOMS,Automobile,Auto Components & Equipments,
BHARATFORG,Automobile,Auto Components & Equipments,
ATHERENERG,Automobile,2/3 Wheelers,
HYUNDAI,Automobile,Passenger Cars & Utility Vehicles,
ITC,FMCG,Diversified FMCG,
HINDUNILVR,FMCG,Diversified FMCG,
DABUR,FMCG,Personal Care,
GODREJCP,FMCG,Personal Care,
COLPAL,FMCG,Personal Care,
MARICO,Food Processing & Beverages,Edible Oil,
TATACONSUM,Agriculture,Tea & Coffee,
EMAMILTD,FMCG,Personal Care,
PATANJALI,Food Processing & Beverages,Edible Oil,
UBL,Food Processing & Beverages,Breweries & Distilleries,
RADICO,Food Processing & Beverages,Breweries & Distilleries,
PGHH,FMCG,Personal Care,
BIKAJI,Food Processing & Beverages,Packaged Foods,
JYOTHYLAB,FMCG,Household Products,
ZYDUSWELL,Food Processing & Beverages,Packaged Foods,
HONASA,FMCG,Personal Care,
VADILALIND,"Fisheries, Dairy & Animal Husbandry",Dairy Products,
SUNPHARMA,Pharma,Pharmaceuticals,
DRREDDY,Pharma,Pharmaceuticals,
CIPLA,Pharma,Pharmaceuticals,
DIVISLAB,Pharma,Pharmaceuticals,
LUPIN,Pharma,Pharmaceuticals,
AUROPHARMA,Pharma,Pharmaceuticals,
ZYDUSLIFE,Pharma,Pharmaceuticals,
TORNTPHARM,Pharma,Pharmaceuticals,
ALKEM,Pharma,Pharmaceuticals,
MANKIND,Pharma,Pharmaceuticals,
GLENMARK,Pharma,Pharmaceuticals,
BIOCON,Pharma,Pharmaceuticals,
IPCALAB,Pharma,Pharmaceuticals,
AJANTPHARM,Pharma,Pharmaceuticals,
LAURUSLABS,Pharma,Pharmaceuticals,
NATCOPHARM,Pharma,Pharmaceuticals,
GRANULES,Pharma,Pharmaceuticals,
GLAND,Pharma,Pharmaceuticals,
ABBOTINDIA,Pharma,Pharmaceuticals,
SANOFI,Pharma,Pharmaceuticals,
PFIZER,Pharma,Pharmaceuticals,
GLAXO,Pharma,Pharmaceuticals,
EMCURE,Pharma,Pharmaceuticals,
JBCHEPHARM,Pharma,Pharmaceuticals,
PPLPHARMA,Pharma,Pharmaceuticals,
WOCKPHARMA,Pharma,Pharmaceuticals,
STAR,Pharma,Pharmaceuticals,
APOLLOHOSP,Healthcare,Hospital,
MAXHEALTH,Healthcare,Hospital,
FORTIS,Healthcare,Hospital,
NH,Healthcare,Hospital,
MEDANTA,Healthcare,Hospital,
ASTERDM,Healthcare,Hospital,
OLAELEC,Automobile,2/3 Wheelers,
LALPATHLAB,Healthcare,Healthcare Service Provider,
METROPOLIS,Healthcare,Healthcare Service Provider,
NESTLEIND,Food Processing & Beverages,Packaged Foods,
BRITANNIA,Food Processing & Beverages,Packaged Foods,
SYNGENE,Healthcare,"Healthcare Research, Analytics & Technology",
KIMS,Healthcare,Hospital,
RAINBOW,Healthcare,Hospital,
VIJAYA,Healthcare,Healthcare Service Provider,
TATASTEEL,Metals & Steel,Iron & Steel,
JSWSTEEL,Metals & Steel,Iron & Steel,
JINDALSTEL,Metals & Steel,Iron & Steel,
VBL,Food Processing & Beverages,Other Beverages,
UNITDSPR,Food Processing & Beverages,Breweries & Distilleries,
HINDALCO,Metals & Steel,Aluminium,
VEDL,Metals & Steel,Diversified Metals,
HINDZINC,Metals & Steel,Zinc,
APLAPOLLO,Metals & Steel,Iron & Steel Products,
JSL,Metals & Steel,Iron & Steel,
WELCORP,Metals & Steel,Iron & Steel Products,
JINDALSAW,Metals & Steel,Iron & Steel Products,
RATNAMANI,Metals & Steel,Iron & Steel Products,
GILLETTE,FMCG,Personal Care,
LLOYDSME,Coal & Mining,Industrial Minerals,
GPIL,Metals & Steel,Iron & Steel Products,
GMDCLTD,Coal & Mining,Industrial Minerals,
LT,Construction & Infrastructure,Civil Construction,
SIEMENS,Capital Goods & Engineering,Heavy Electrical Equipment,
ABB,Capital Goods & Engineering,Heavy Electrical Equipment,
POWERINDIA,Capital Goods & Engineering,Heavy Electrical Equipment,
CUMMINSIND,Capital Goods & Engineering,"Compressors, Pumps & Diesel Engines",
THERMAX,Capital Goods & Engineering,Heavy Electrical Equipment,
HAVELLS,Consumer Durables & Appliances,Consumer Electronics,
POLYCAB,Capital Goods & Engineering,Cables - Electricals,
KEI,Capital Goods & Engineering,Cables - Electricals,
FINCABLES,Capital Goods & Engineering,Cables - Electricals,
CROMPTON,Consumer Durables & Appliances,Household Appliances,
VGUARD,Consumer Durables & Appliances,Household Appliances,
CGPOWER,Capital Goods & Engineering,Heavy Electrical Equipment,
SUZLON,Capital Goods & Engineering,Heavy Electrical Equipment,
INOXWIND,Capital Goods & Engineering,Heavy Electrical Equipment,
WAAREEENER,Capital Goods & Engineering,Other Electrical Equipment,
PREMIERENE,Capital Goods & Engineering,Other Electrical Equipment,
DATAPATTNS,Defence & Aerospace,Aerospace & Defense,
TIMKEN,Capital Goods & Engineering,Abrasives & Bearings,
SOLARINDS,Chemicals & Fertilisers,Explosives,
ASTRAMICRO,Defence & Aerospace,Aerospace & Defense,
SKFINDIA,Capital Goods & Engineering,Abrasives & Bearings,
GRINDWELL,Capital Goods & Engineering,Abrasives & Bearings,
AIAENG,Metals & Steel,Castings & Forgings,
KIRLOSENG,Capital Goods & Engineering,"Compressors, Pumps & Diesel Engines",
KIRLOSBROS,Capital Goods & Engineering,"Compressors, Pumps & Diesel Engines",
PRAJIND,Capital Goods & Engineering,Industrial Products,
ELGIEQUIP,Capital Goods & Engineering,"Compressors, Pumps & Diesel Engines",
HONAUT,Capital Goods & Engineering,Industrial Products,
CARBORUNIV,Capital Goods & Engineering,Abrasives & Bearings,
GVT&D,Capital Goods & Engineering,Heavy Electrical Equipment,
LMW,Capital Goods & Engineering,Industrial Products,
TRITURBINE,Capital Goods & Engineering,Heavy Electrical Equipment,
VOLTAS,Consumer Durables & Appliances,Household Appliances,
BLUESTARCO,Consumer Durables & Appliances,Household Appliances,
DIXON,Consumer Durables & Appliances,Consumer Electronics,
WHIRLPOOL,Consumer Durables & Appliances,Household Appliances,
BATAINDIA,Leather & Footwear,Footwear,
TITAN,Gems & Jewellery,"Gems, Jewellery And Watches",
SENCO,Gems & Jewellery,"Gems, Jewellery And Watches",
KALYANKJIL,Gems & Jewellery,"Gems, Jewellery And Watches",
ASIANPAINT,Chemicals & Fertilisers,Paints,
BERGEPAINT,Chemicals & Fertilisers,Paints,
KANSAINER,Chemicals & Fertilisers,Paints,
SRF,Chemicals & Fertilisers,Commodity Chemicals,
PIDILITIND,Chemicals & Fertilisers,Specialty Chemicals,
UPL,Chemicals & Fertilisers,Pesticides & Agrochemicals,
AARTIIND,Chemicals & Fertilisers,Specialty Chemicals,
PIIND,Chemicals & Fertilisers,Pesticides & Agrochemicals,
DEEPAKNTR,Chemicals & Fertilisers,Specialty Chemicals,
NAVINFLUOR,Chemicals & Fertilisers,Specialty Chemicals,
ATUL,Chemicals & Fertilisers,Specialty Chemicals,
TATACHEM,Chemicals & Fertilisers,Commodity Chemicals,
VINATIORGA,Chemicals & Fertilisers,Specialty Chemicals,
FLUOROCHEM,Chemicals & Fertilisers,Specialty Chemicals,
LINDEINDIA,Chemicals & Fertilisers,Industrial Gases,
SUMICHEM,Chemicals & Fertilisers,Pesticides & Agrochemicals,
BAYERCROP,Chemicals & Fertilisers,Pesticides & Agrochemicals,
DHANUKA,Chemicals & Fertilisers,Pesticides & Agrochemicals,
CHAMBLFERT,Chemicals & Fertilisers,Fertilizers,
PARADEEP,Chemicals & Fertilisers,Fertilizers,
COROMANDEL,Chemicals & Fertilisers,Fertilizers,
GSFC,Chemicals & Fertilisers,Fertilizers,
ALKYLAMINE,Chemicals & Fertilisers,Specialty Chemicals,
GNFC,Chemicals & Fertilisers,Commodity Chemicals,
FINEORG,Chemicals & Fertilisers,Specialty Chemicals,
CLEAN,Chemicals & Fertilisers,Specialty Chemicals,
TATACOMM,Telecom,Telecom - Cellular & Fixed line services,
BHARTIHEXA,Telecom,Telecom - Cellular & Fixed line services,
ROUTE,Telecom,Other Telecom Services,
IDEA,Telecom,Telecom - Cellular & Fixed line services,
INDUSTOWER,Telecom,Telecom - Infrastructure,
STLTECH,Telecom,Telecom -  Equipment & Accessories,
VINDHYATEL,Construction & Infrastructure,Civil Construction,
IGL,Oil & Gas,LPG/CNG/PNG/LNG Supplier,
MGL,Oil & Gas,LPG/CNG/PNG/LNG Supplier,
CASTROLIND,Oil & Gas,Lubricants,
AEGISLOG,Oil & Gas,Trading - Gas,
GULFOILLUB,Oil & Gas,Lubricants,
ATGL,Oil & Gas,LPG/CNG/PNG/LNG Supplier,
ADANIGREEN,Power,Power Generation,
TATAPOWER,Power,Integrated Power Utilities,
CESC,Power,Integrated Power Utilities,
JSWENERGY,Power,Power Generation,
TORNTPOWER,Power,Integrated Power Utilities,
ULTRACEMCO,Cement & Building Materials,Cement & Cement Products,
AMBUJACEM,Cement & Building Materials,Cement & Cement Products,
SHREECEM,Cement & Building Materials,Cement & Cement Products,
DALBHARAT,Cement & Building Materials,Cement & Cement Products,
JKCEMENT,Cement & Building Materials,Cement & Cement Products,
RAMCOCEM,Cement & Building Materials,Cement & Cement Products,
JKLAKSHMI,Cement & Building Materials,Cement & Cement Products,
NUVOCO,Cement & Building Materials,Cement & Cement Products,
BIRLACORPN,Cement & Building Materials,Cement & Cement Products,
INDIACEM,Cement & Building Materials,Cement & Cement Products,
STARCEMENT,Cement & Building Materials,Cement & Cement Products,
GRASIM,Cement & Building Materials,Cement & Cement Products,
DLF,Real Estate,"Residential, Commercial Projects",
GODREJPROP,Real Estate,"Residential, Commercial Projects",
PRESTIGE,Real Estate,"Residential, Commercial Projects",
PHOENIXLTD,Real Estate,"Residential, Commercial Projects",
BRIGADE,Real Estate,"Residential, Commercial Projects",
SOBHA,Real Estate,"Residential, Commercial Projects",
RAYMONDREL,Real Estate,"Residential, Commercial Projects",
GSPL,Oil & Gas,Gas Transmission/Marketing,
ADANIENT,Coal & Mining,Trading - Minerals,
ADANIPORTS,Shipping/Ports,Port & Port services,
ADANIPOWER,Power,Integrated Power Utilities,
ADANIENSOL,Power,Power Distribution,
MAHLIFE,Real Estate,"Residential, Commercial Projects",
SIGNATURE,Real Estate,"Residential, Commercial Projects",
EMBDL,Real Estate,"Residential, Commercial Projects",
ABREL,Real Estate,"Residential, Commercial Projects",
GODREJIND,Diversified Conglomerates/Holding Companies,Diversified,
IRB,Construction & Infrastructure,Civil Construction,
KNRCON,Construction & Infrastructure,Civil Construction,
NCC,Construction & Infrastructure,Civil Construction,
KEC,Construction & Infrastructure,Civil Construction,
ACC,Cement & Building Materials,Cement & Cement Products,
KPIL,Construction & Infrastructure,Civil Construction,
GMRAIRPORT,Aviation,Airport & Airport services,
GPPL,Shipping/Ports,Port & Port services,
GESHIP,Shipping/Ports,Shipping,
BLUEDART,Logistics & Warehousing,Logistics Solution Provider,
DELHIVERY,Logistics & Warehousing,Logistics Solution Provider,
SPICEJET,Aviation,Airline,
INDIGO,Aviation,Airline,
SWIGGY,E-commerce,E-Retail/ E-Commerce,
ETERNAL,E-commerce,E-Retail/ E-Commerce,
NYKAA,E-commerce,E-Retail/ E-Commerce,
LENSKART,Retail,Speciality Retail,
POLICYBZR,Payments & Fintech,Financial Technology (Fintech),DIGITAL_LENDING
NAUKRI,E-commerce,Internet & Catalogue Retail,
MEESHO,E-commerce,E-Retail/ E-Commerce,
DMART,Retail,Diversified Retail,
NAZARA,Media & Entertainment,Digital Entertainment,
MANYAVAR,Retail,Speciality Retail,
TRENT,Retail,Speciality Retail,
ABFRL,Retail,Speciality Retail,
SHOPERSTOP,Retail,Diversified Retail,
VMART,Retail,Diversified Retail,
PAGEIND,Textiles & Apparel,Garments & Apparels,
RELAXO,Leather & Footwear,Footwear,
CAMPUS,Leather & Footwear,Footwear,
METROBRAND,Leather & Footwear,Footwear,
JUBLFOOD,Hospitality & Tourism,Restaurants,
DEVYANI,Hospitality & Tourism,Restaurants,
SAPPHIRE,Hospitality & Tourism,Restaurants,
WESTLIFE,Hospitality & Tourism,Restaurants,
INDHOTEL,Hospitality & Tourism,Hotels & Resorts,
LEMONTREE,Hospitality & Tourism,Hotels & Resorts,
EIHOTEL,Hospitality & Tourism,Hotels & Resorts,
CHALET,Hospitality & Tourism,Hotels & Resorts,
JUNIPER,Hospitality & Tourism,Hotels & Resorts,
ITCHOTELS,Hospitality & Tourism,Hotels & Resorts,
EASEMYTRIP,Hospitality & Tourism,"Tour, Travel Related Services",
THOMASCOOK,Hospitality & Tourism,"Tour, Travel Related Services",
PVRINOX,Media & Entertainment,"Film Production, Distribution & Exhibition",
SUNTV,Media & Entertainment,TV Broadcasting & Software Production,
ZEEL,Media & Entertainment,TV Broadcasting & Software Production,
OBEROIRLTY,Real Estate,"Residential, Commercial Projects",
NETWORK18,Media & Entertainment,Media & Entertainment,
TV18BRDCST,Media & Entertainment,TV Broadcasting & Software Production,
TIPSMUSIC,Media & Entertainment,Media & Entertainment,
SAREGAMA,Media & Entertainment,Media & Entertainment,
DISHTV,Media & Entertainment,TV Broadcasting & Software Production,
JAGRAN,Media & Entertainment,Print Media,
BAJAJELEC,Consumer Durables & Appliances,Household Appliances,
SOMANYCERA,Cement & Building Materials,Ceramics,
KAJARIACER,Cement & Building Materials,Ceramics,
ASTRAL,Chemicals & Fertilisers,Plastic Products - Industrial,
CERA,Cement & Building Materials,Sanitary Ware,
SUPREMEIND,Chemicals & Fertilisers,Plastic Products - Industrial,
FINPIPE,Chemicals & Fertilisers,Plastic Products - Industrial,
PRINCEPIPE,Chemicals & Fertilisers,Plastic Products - Industrial,
HCC,Construction & Infrastructure,Civil Construction,
CENTURYPLY,"Paper, Packaging & Printing",Plywood Boards/ Laminates,
GREENPLY,"Paper, Packaging & Printing",Plywood Boards/ Laminates,
PNCINFRA,Construction & Infrastructure,Civil Construction,
HGINFRA,Construction & Infrastructure,Civil Construction,
VTL,Textiles & Apparel,Other Textile Products,
WELSPUNLIV,Textiles & Apparel,Other Textile Products,
RAYMOND,Capital Goods & Engineering,Industrial Products,
TRIDENT,Textiles & Apparel,Other Textile Products,
KPRMILL,Textiles & Apparel,Other Textile Products,
GOKEX,Textiles & Apparel,Garments & Apparels,
ANANTRAJ,Real Estate,"Residential, Commercial Projects",
TECHNOE,Construction & Infrastructure,Civil Construction,
ARVIND,Textiles & Apparel,Garments & Apparels,
GODREJAGRO,Agriculture,Animal Feed,
BALRAMCHIN,Food Processing & Beverages,Sugar,
EIDPARRY,Food Processing & Beverages,Other Food Products,
TRIVENI,Food Processing & Beverages,Sugar,
KRBL,Agriculture,Other Agricultural Products,
AVANTIFEED,Agriculture,Animal Feed,
LTFOODS,Agriculture,Other Agricultural Products,
GAEL,Agriculture,Other Agricultural Products,
JUBLINGREA,Chemicals & Fertilisers,Specialty Chemicals,
TATATECH,IT/ITeS,IT Enabled Services,
CCL,Agriculture,Tea & Coffee,
RALLIS,Chemicals & Fertilisers,Pesticides & Agrochemicals,
SHARDACROP,Chemicals & Fertilisers,Pesticides & Agrochemicals,
JUBLPHARMA,Pharma,Pharmaceuticals,
AFFLE,IT/ITeS,IT Enabled Services,
LATENTVIEW,IT/ITeS,Computers - Software & Consulting,
HAPPSTMNDS,IT/ITeS,Computers - Software & Consulting,
MAPMYINDIA,IT/ITeS,Software Products,
INTELLECT,IT/ITeS,Computers - Software & Consulting,
TANLA,IT/ITeS,Software Products,
NEWGEN,IT/ITeS,Computers - Software & Consulting,
FSL,IT/ITeS,Business Process Outsourcing (BPO)/ Knowledge Process Outsourcing (KPO),
ECLERX,IT/ITeS,Business Process Outsourcing (BPO)/ Knowledge Process Outsourcing (KPO),
NETWEB,IT/ITeS,IT Enabled Services,
IKS,IT/ITeS,IT Enabled Services,
SYRMA,Capital Goods & Engineering,Industrial Products,
CELLO,Consumer Durables & Appliances,Houseware,
KAYNES,Capital Goods & Engineering,Industrial Products,
SAFARI,Consumer Durables & Appliances,Plastic Products - Consumer,
AMBER,Consumer Durables & Appliances,Household Appliances,
SYMPHONY,Consumer Durables & Appliances,Household Appliances,
ORIENTELEC,Consumer Durables & Appliances,Household Appliances,
MHRIL,Hospitality & Tourism,Hotels & Resorts,
RAJESHEXPO,Gems & Jewellery,"Gems, Jewellery And Watches",
INDIAMART,E-commerce,Internet & Catalogue Retail,
JUSTDIAL,E-commerce,Internet & Catalogue Retail,
REDINGTON,Import/Export Trading & SEZ/EOU,Trading & Distributors,
TIMETECHNO,Chemicals & Fertilisers,Plastic Products - Industrial,
VARROC,Automobile,Auto Components & Equipments,
JAMNAAUTO,Automobile,Auto Components & Equipments,
GABRIEL,Automobile,Auto Components & Equipments,
SHYAMMETL,Metals & Steel,Iron & Steel Products,
SUBROS,Capital Goods & Engineering,Other Industrial Products,
CRAFTSMAN,Automobile,Auto Components & Equipments,
RKFORGE,Automobile,Auto Components & Equipments,
ACCELYA,IT/ITeS,Computers - Software & Consulting,
ADVANIHOTR,Hospitality & Tourism,Hotels & Resorts,
AFFORDABLE,Capital Goods & Engineering,Industrial Products,
AJMERA,Real Estate,"Residential, Commercial Projects",
ACE,Automobile,Construction Vehicles,
AKSHAR,Textiles & Apparel,Other Textile Products,
AHLUCONT,Construction & Infrastructure,Civil Construction,
ALANKIT,Consulting & Professional Services,Diversified Commercial Services,
ADSL,IT/ITeS,IT Enabled Services,
AMBIKCO,Textiles & Apparel,Other Textile Products,
AMRUTANJAN,Pharma,Pharmaceuticals,
ALPHAGEO,Oil & Gas,Offshore Support Solution Drilling,
ANDHRSUGAR,Chemicals & Fertilisers,Commodity Chemicals,
ANDHRAPAP,"Paper, Packaging & Printing",Paper & Paper Products,
ANSALAPI,Real Estate,"Residential, Commercial Projects",
APOLLO,Defence & Aerospace,Aerospace & Defense,
APARINDS,Capital Goods & Engineering,Other Electrical Equipment,
APOLLOPIPE,Chemicals & Fertilisers,Plastic Products - Industrial,
ARIHANTSUP,Real Estate,"Residential, Commercial Projects",
ARVINDFASN,Retail,Speciality Retail,
ARVSMART,Real Estate,"Residential, Commercial Projects",
ASAHISONG,Chemicals & Fertilisers,Dyes And Pigments,
ASHIANA,Real Estate,"Residential, Commercial Projects",
ASHOKAMET,Metals & Steel,Trading - Metals,
ATULAUTO,Automobile,Commercial Vehicles,
AUTOAXLES,Automobile,Auto Components & Equipments,
AURIONPRO,IT/ITeS,Computers - Software & Consulting,
AVTNPL,Agriculture,Other Agricultural Products,
AXISCADES,Defence & Aerospace,Aerospace & Defense,
BAJAJST,Capital Goods & Engineering,Industrial Products,
BAJAJHIND,Food Processing & Beverages,Sugar,
BALAMINES,Chemicals & Fertilisers,Specialty Chemicals,
BASML,Textiles & Apparel,Other Textile Products,
BBL,Capital Goods & Engineering,Heavy Electrical Equipment,
BHARATRAS,Chemicals & Fertilisers,Pesticides & Agrochemicals,
BANSWRAS,Textiles & Apparel,Other Textile Products,
BEPL,Chemicals & Fertilisers,Petrochemicals,
BHAGCHEM,Chemicals & Fertilisers,Pesticides & Agrochemicals,
BIRLAPREC,Capital Goods & Engineering,Industrial Products,
BHARATWIRE,Metals & Steel,Iron & Steel Products,
BOMDYEING,Textiles & Apparel,Other Textile Products,
BODALCHEM,Chemicals & Fertilisers,Dyes And Pigments,
BORORENEW,Capital Goods & Engineering,Glass - Industrial,
BOROLTD,Consumer Durables & Appliances,Houseware,
BFUTILITIE,Roads & Highways,"Road AssetsToll, Annuity, Hybrid-Annuity",
BUTTERFLY,Consumer Durables & Appliances,Household Appliances,
CAMLINFINE,Chemicals & Fertilisers,Specialty Chemicals,
CAPACITE,Construction & Infrastructure,Civil Construction,
CEIGALL,Construction & Infrastructure,Civil Construction,
CAPLIPOINT,Pharma,Pharmaceuticals,
CENTENKA,Textiles & Apparel,Other Textile Products,
CHEMCON,Chemicals & Fertilisers,Specialty Chemicals,
CEREBRAINT,Electronics & Semiconductors,Computers Hardware & Equipments,
CIGNITITEC,IT/ITeS,IT Enabled Services,
CINELINE,Media & Entertainment,"Film Production, Distribution & Exhibition",
COFFEEDAY,Hospitality & Tourism,Restaurants,
CONTROLPR,Electronics & Semiconductors,Computers Hardware & Equipments,
CUPID,FMCG,Personal Care,
CYIENTDLM,Defence & Aerospace,Aerospace & Defense,
DALMIASUG,Food Processing & Beverages,Sugar,
COSMOFIRST,"Paper, Packaging & Printing",Packaging,
DCMSRIND,Food Processing & Beverages,Sugar,
DECCANCE,Cement & Building Materials,Cement & Cement Products,
DCW,Chemicals & Fertilisers,Petrochemicals,
DEEPINDS,Oil & Gas,Oil Equipment & Services,
DELTACORP,Hospitality & Tourism,Amusement Parks/ Other Recreation,
DVL,"Paper, Packaging & Printing",Packaging,
DIACABS,Capital Goods & Engineering,Other Electrical Equipment,
DHAMPURSUG,Food Processing & Beverages,Sugar,
DIGJAMLMTD,Textiles & Apparel,Other Textile Products,
DCAL,Pharma,Pharmaceuticals,
DREAMFOLKS,Aviation,Airport & Airport services,
DYNAMATECH,Capital Goods & Engineering,Industrial Products,
DOLLAR,Textiles & Apparel,Garments & Apparels,
ECORECO,"Water, Waste Management & Environmental Services",Waste Management,
EIMCOELECO,Capital Goods & Engineering,Industrial Products,
EASTSILK,Textiles & Apparel,Other Textile Products,
ELECON,Capital Goods & Engineering,Heavy Electrical Equipment,
ELGIRUBCO,Automobile,Rubber,
EMAMIPAP,"Paper, Packaging & Printing",Paper & Paper Products,
ENTERO,Retail,Pharmacy Retail,
ELECTCAST,Metals & Steel,Iron & Steel Products,
ESABINDIA,Capital Goods & Engineering,Other Industrial Products,
ERIS,Pharma,Pharmaceuticals,
EXCELINDUS,Chemicals & Fertilisers,Specialty Chemicals,
EVEREADY,FMCG,Household Products,
FDC,Pharma,Pharmaceuticals,
EXICOM,Capital Goods & Engineering,Heavy Electrical Equipment,
FILATEX,Textiles & Apparel,Other Textile Products,
FLEXITUFF,Textiles & Apparel,Other Textile Products,
FCL,Chemicals & Fertilisers,Specialty Chemicals,
FOSECOIND,Chemicals & Fertilisers,Specialty Chemicals,
GALLANTT,Metals & Steel,Iron & Steel Products,
GANESHHOU,Real Estate,"Residential, Commercial Projects",
GRWRHITECH,Chemicals & Fertilisers,Plastic Products - Industrial,
GARFIBRES,Textiles & Apparel,Other Textile Products,
GATEWAY,Logistics & Warehousing,Logistics Solution Provider,
GEECEE,Real Estate,"Residential, Commercial Projects",
GENUSPOWER,Capital Goods & Engineering,Other Electrical Equipment,
GHCL,Chemicals & Fertilisers,Commodity Chemicals,
GHCLTEXTIL,Textiles & Apparel,Other Textile Products,
GILLANDERS,Agriculture,Tea & Coffee,
GINNIFILA,Textiles & Apparel,Other Textile Products,
GKWLIMITED,Securities/Capital Markets,Investment Company,SEC_AMC
GMBREW,Food Processing & Beverages,Breweries & Distilleries,
GNA,Automobile,Auto Components & Equipments,
GODFRYPHLP,FMCG,Cigarettes & Tobacco Products,
GOKULAGRO,Food Processing & Beverages,Edible Oil,
GOLDIAM,Gems & Jewellery,"Gems, Jewellery And Watches",
GRAVITA,Coal & Mining,Industrial Minerals,
GREENPANEL,"Paper, Packaging & Printing",Plywood Boards/ Laminates,
GUFICBIO,Pharma,Pharmaceuticals,
GUJALKALI,Chemicals & Fertilisers,Commodity Chemicals,
GUJAPOLLO,Capital Goods & Engineering,Industrial Products,
GIPCL,Power,Power Generation,
GULPOLY,Agriculture,Other Agricultural Products,
HARIOMPIPE,Metals & Steel,Iron & Steel Products,
HARRMALAYA,Automobile,Rubber,
HAWKINCOOK,Consumer Durables & Appliances,Houseware,
HBLENGINE,Capital Goods & Engineering,Other Industrial Products,
HEIDELBERG,Cement & Building Materials,Cement & Cement Products,
HERITGFOOD,"Fisheries, Dairy & Animal Husbandry",Dairy Products,
HESTERBIO,Pharma,Pharmaceuticals,
HIKAL,Pharma,Pharmaceuticals,
HIMATSEIDE,Textiles & Apparel,Other Textile Products,
HMVL,Media & Entertainment,Print Media,
HITECH,Metals & Steel,Iron & Steel Products,
HNDFDS,FMCG,Diversified FMCG,
HPAL,Chemicals & Fertilisers,Specialty Chemicals,
HINDWAREAP,Cement & Building Materials,Sanitary Ware,
HUBTOWN,Real Estate,"Residential, Commercial Projects",
IDEAFORGE,Defence & Aerospace,Aerospace & Defense,
IFBIND,Consumer Durables & Appliances,Household Appliances,
IGARASHI,Automobile,Auto Components & Equipments,
IL&FSENGG,Construction & Infrastructure,Civil Construction,
IGPL,Chemicals & Fertilisers,Commodity Chemicals,
INDNIPPON,Automobile,Auto Components & Equipments,
INDIAGLYCO,Food Processing & Beverages,Breweries & Distilleries,
INDIANHUME,Construction & Infrastructure,Civil Construction,
ICIL,Textiles & Apparel,Other Textile Products,
INDORAMA,Textiles & Apparel,Other Textile Products,
INGERRAND,Capital Goods & Engineering,"Compressors, Pumps & Diesel Engines",
INDOCO,Pharma,Pharmaceuticals,
INSECTICID,Chemicals & Fertilisers,Pesticides & Agrochemicals,
IOLCP,Pharma,Pharmaceuticals,
ISGEC,Construction & Infrastructure,Civil Construction,
ISHANCH,Chemicals & Fertilisers,Specialty Chemicals,
JAICORPLTD,Chemicals & Fertilisers,Plastic Products - Industrial,
JKIL,Construction & Infrastructure,Civil Construction,
JPASSOCIAT,Construction & Infrastructure,Civil Construction,
JPPOWER,Power,Power Generation,
JAYBARMARU,Automobile,Auto Components & Equipments,
JAYNECOIND,Metals & Steel,Iron & Steel Products,
JASH,Capital Goods & Engineering,Industrial Products,
JBMA,Automobile,Auto Components & Equipments,
JINDWORLD,Textiles & Apparel,Other Textile Products,
JINDALPOLY,"Paper, Packaging & Printing",Packaging,
JSWHL,Securities/Capital Markets,Investment Company,SEC_AMC
JYOTISTRUC,Capital Goods & Engineering,Heavy Electrical Equipment,
JMCPROJECT,Construction & Infrastructure,Civil Construction,
KABRAEXTRU,Capital Goods & Engineering,Industrial Products,
KSL,Metals & Steel,Iron & Steel Products,
KANORICHEM,Capital Goods & Engineering,Industrial Products,
KAMDHENU,Metals & Steel,Iron & Steel Products,
KCP,Cement & Building Materials,Cement & Cement Products,
KSCL,Agriculture,Other Agricultural Products,
KESORAMIND,Cement & Building Materials,Cement & Cement Products,
KDDL,Gems & Jewellery,"Gems, Jewellery And Watches",
KELLTONTEC,IT/ITeS,IT Enabled Services,
KINGFA,Chemicals & Fertilisers,Plastic Products - Industrial,
KLBRENG-B,Capital Goods & Engineering,Industrial Products,
KITEX,Textiles & Apparel,Garments & Apparels,
KOKUYOCMLN,"Paper, Packaging & Printing",Stationary,
KIRLFER,Metals & Steel,Pig Iron,
KOTHARIPRO,Import/Export Trading & SEZ/EOU,Trading & Distributors,
KOPRAN,Pharma,Pharmaceuticals,
KOTARISUG,Food Processing & Beverages,Sugar,
KPIGREEN,Power,Power Generation,
KRITI,Chemicals & Fertilisers,Plastic Products - Industrial,
LAOPALA,Consumer Durables & Appliances,Glass - Consumer,
KSB,Capital Goods & Engineering,"Compressors, Pumps & Diesel Engines",
KUANTUM,"Paper, Packaging & Printing",Paper & Paper Products,
LFIC,Securities/Capital Markets,Investment Company,SEC_AMC
LANCORHOL,Real Estate,"Residential, Commercial Projects",
LUMAXTECH,Automobile,Auto Components & Equipments,
LUMAXIND,Automobile,Auto Components & Equipments,
MAGADSUGAR,Food Processing & Beverages,Sugar,
LUXIND,Textiles & Apparel,Garments & Apparels,
MANINFRA,Real Estate,"Residential, Commercial Projects",
MAHSEAMLES,Metals & Steel,Iron & Steel Products,
MAHEPC,Capital Goods & Engineering,Industrial Products,
MANINDS,Metals & Steel,Iron & Steel Products,
MASTEK,IT/ITeS,Computers - Software & Consulting,
MARKSANS,Pharma,Pharmaceuticals,
MAYURUNIQ,Leather & Footwear,Leather And Leather Products,
MOL,Chemicals & Fertilisers,Pesticides & Agrochemicals,
MENONBE,Automobile,Auto Components & Equipments,
MENNPIS,Automobile,Auto Components & Equipments,
MMFL,Automobile,Auto Components & Equipments,
MINDACORP,Automobile,Auto Components & Equipments,
MODISONLTD,Capital Goods & Engineering,Other Electrical Equipment,
MONTECARLO,Textiles & Apparel,Garments & Apparels,
MOREPENLAB,Pharma,Pharmaceuticals,
MOLDTKPAC,"Paper, Packaging & Printing",Packaging,
MPSLTD,"Paper, Packaging & Printing",Printing & Publication,
MSPL,Metals & Steel,Iron & Steel Products,
MTARTECH,Capital Goods & Engineering,Other Electrical Equipment,
MSTCLTD,Import/Export Trading & SEZ/EOU,Trading & Distributors,
MUNJALAU,Automobile,Auto Components & Equipments,
MUNJALSHOW,Automobile,Auto Components & Equipments,
GANESHBE,Oil & Gas,Oil Storage & Transportation,
KRIDHANINF,Construction & Infrastructure,Civil Construction,
LLOYDSENT,Metals & Steel,Trading - Metals,
MAHASTEEL,Metals & Steel,Iron & Steel Products,
MANGLMCEM,Cement & Building Materials,Cement & Cement Products,
MANGALAM,Pharma,Pharmaceuticals,
MANGCHEFER,Chemicals & Fertilisers,Fertilizers,
MANAKSIA,Metals & Steel,Iron & Steel Products,
MANAKSTEEL,Metals & Steel,Iron & Steel,
MAANALU,Metals & Steel,Aluminium,
MCLEODRUSS,Agriculture,Tea & Coffee,
MOLDTECH,Construction & Infrastructure,Civil Construction,
MUKANDLTD,Metals & Steel,Iron & Steel Products,
RADIOCITY,Media & Entertainment,Media & Entertainment,
ADOR,Capital Goods & Engineering,Other Industrial Products,
ARROWGREEN,"Paper, Packaging & Printing",Packaging,
ADVAIT,Capital Goods & Engineering,Other Electrical Equipment,
AGI,"Paper, Packaging & Printing",Packaging,
APEX,"Fisheries, Dairy & Animal Husbandry",Seafood,
ASHAPURMIN,Coal & Mining,Industrial Minerals,
ASTEC,Chemicals & Fertilisers,Pesticides & Agrochemicals,
ASALCBR,Food Processing & Beverages,Breweries & Distilleries,
BHARATSE,Automobile,Auto Components & Equipments,
BSHSL,Agriculture,Other Agricultural Products,
CANTABIL,Textiles & Apparel,Garments & Apparels,
BHAGYANGR,Metals & Steel,Copper,
BLS,Hospitality & Tourism,"Tour, Travel Related Services",
FILATFASH,Textiles & Apparel,Garments & Apparels,
CENTUM,Defence & Aerospace,Aerospace & Defense,
FRONTSP,Automobile,Auto Components & Equipments,
GUJTHEM,Pharma,Pharmaceuticals,
GAYAPROJ,Construction & Infrastructure,Civil Construction,
GTLINFRA,Telecom,Telecom - Infrastructure,
HFCL,Telecom,Telecom - Infrastructure,
KAMAHOLD,Diversified Conglomerates/Holding Companies,Holding Company,
IONEXCHANG,"Water, Waste Management & Environmental Services",Water Supply & Management,
KIRLOSIND,Metals & Steel,Iron & Steel Products,
KINETICENG,Automobile,Auto Components & Equipments,
LOTUSCHO,Food Processing & Beverages,Packaged Foods,
LOKESHMACH,Capital Goods & Engineering,Industrial Products,
MAGNUM,"Paper, Packaging & Printing",Paper & Paper Products,
LIBERTSHOE,Leather & Footwear,Footwear,
MFML,Textiles & Apparel,Other Textile Products,
MANALIPETC,Chemicals & Fertilisers,Petrochemicals,
MAFATIND,Textiles & Apparel,Other Textile Products,
MALLCOM,Capital Goods & Engineering,Other Industrial Products,
MGEL,Agriculture,Other Agricultural Products,
MARINE,Capital Goods & Engineering,Industrial Products,
MODIRUBBER,Automobile,Tyres & Rubber Products,
JMA,Automobile,Trading - Auto components,
NITINSPIN,Textiles & Apparel,Other Textile Products,
BECTORFOOD,Food Processing & Beverages,Packaged Foods,
KAYA,Healthcare,Wellness,
HCL-INSYS,Electronics & Semiconductors,Computers Hardware & Equipments,
HINDCON,Chemicals & Fertilisers,Specialty Chemicals,
HINDOILEXP,Oil & Gas,Oil Exploration & Production,
HGS,IT/ITeS,Business Process Outsourcing (BPO)/ Knowledge Process Outsourcing (KPO),
INNOVANA,IT/ITeS,Computers - Software & Consulting,
INDSWFTLTD,Pharma,Pharmaceuticals,
INDSWFTLAB,Pharma,Pharmaceuticals,
INDOTHAI,Securities/Capital Markets,Stockbroking & Allied,SEC_BROKER
WAAREEINDO,Capital Goods & Engineering,Heavy Electrical Equipment,
INSPIRISYS,IT/ITeS,IT Enabled Services,
JITFINFRA,"Water, Waste Management & Environmental Services",Water Supply & Management,
JINDRILL,Oil & Gas,Offshore Support Solution Drilling,
KHADIM,Leather & Footwear,Footwear,
KPL,Pharma,Pharmaceuticals,
KIRIINDUS,Chemicals & Fertilisers,Dyes And Pigments,
NAHARSPING,Textiles & Apparel,Other Textile Products,
NAHARINDUS,Textiles & Apparel,Other Textile Products,
NAHARCAP,Securities/Capital Markets,Investment Company,SEC_AMC
NRBBEARING,Automobile,Auto Components & Equipments,
NILKAMAL,Consumer Durables & Appliances,Plastic Products - Consumer,
NUCLEUS,IT/ITeS,Software Products,
NAVKARCORP,Logistics & Warehousing,Logistics Solution Provider,
NIITLTD,Education,Education,
NIITMTS,Education,Education,
NEULANDLAB,Pharma,Pharmaceuticals,
NELCAST,Metals & Steel,Castings & Forgings,
NAGREEKEXP,Textiles & Apparel,Other Textile Products,
NELCO,Electronics & Semiconductors,Computers Hardware & Equipments,
NECLIFE,Pharma,Pharmaceuticals,
NESCO,Consulting & Professional Services,Diversified Commercial Services,
NEOGEN,Chemicals & Fertilisers,Specialty Chemicals,
NITTAGELA,Chemicals & Fertilisers,Specialty Chemicals,
NIRLON,Consulting & Professional Services,Diversified Commercial Services,
NILAINFRA,Real Estate,"Residential, Commercial Projects",
NOVARTIND,Pharma,Pharmaceuticals,
NGLFINE,Pharma,Pharmaceuticals,
NOCIL,Chemicals & Fertilisers,Specialty Chemicals,
ORIENTHOT,Hospitality & Tourism,Hotels & Resorts,
OCCL,Chemicals & Fertilisers,Commodity Chemicals,
ORISSAMINE,Coal & Mining,Industrial Minerals,
OMAXE,Real Estate,"Residential, Commercial Projects",
OPTIEMUS,Telecom,Telecom -  Equipment & Accessories,
ONWARDTEC,IT/ITeS,IT Enabled Services,
OILCOUNTUB,Oil & Gas,Oil Equipment & Services,
ORIENTBELL,Cement & Building Materials,Ceramics,
ONMOBILE,Media & Entertainment,Web based media and service,
ORICONENT,"Paper, Packaging & Printing",Packaging,
PANAMAPET,Oil & Gas,Lubricants,
OLECTRA,Automobile,Passenger Cars & Utility Vehicles,
PARAS,Defence & Aerospace,Aerospace & Defense,
PARAGMILK,"Fisheries, Dairy & Animal Husbandry",Dairy Products,
PATELENG,Construction & Infrastructure,Civil Construction,
PITTIENG,Capital Goods & Engineering,Industrial Products,
PRAKASH,Metals & Steel,Iron & Steel,
PENIND,Capital Goods & Engineering,Industrial Products,
PTC,Power,Power Trading,
PRECWIRE,Metals & Steel,"Aluminium, Copper & Zinc Products",
PRICOLLTD,Automobile,Auto Components & Equipments,
PREMEXPLN,Chemicals & Fertilisers,Explosives,
PNBGILTS,Securities/Capital Markets,Investment Company,SEC_AMC
PRSMJOHNSN,Cement & Building Materials,Cement & Cement Products,
PURVA,Real Estate,"Residential, Commercial Projects",
PANACEABIO,Pharma,Pharmaceuticals,
PSPPROJECT,Construction & Infrastructure,Civil Construction,
POKARNA,Cement & Building Materials,Granites & Marbles,
POLYPLEX,"Paper, Packaging & Printing",Packaging,
DIAMONDYD,Food Processing & Beverages,Packaged Foods,
PARSVNATH,Real Estate,"Residential, Commercial Projects",
PGIL,Textiles & Apparel,Garments & Apparels,
POWERMECH,Construction & Infrastructure,Civil Construction,
RAMCOIND,Cement & Building Materials,Other Construction Materials,
RAIN,Chemicals & Fertilisers,Petrochemicals,
RAMCOSYS,IT/ITeS,Software Products,
RAMKY,Construction & Infrastructure,Civil Construction,
RTNPOWER,Power,Power Generation,
RAJRATAN,Automobile,Auto Components & Equipments,
RANEHOLDIN,Diversified Conglomerates/Holding Companies,Holding Company,
RTNINDIA,E-commerce,E-Retail/ E-Commerce,
REFEX,"Water, Waste Management & Environmental Services",Waste Management,
REPRO,"Paper, Packaging & Printing",Printing & Publication,
RICOAUTO,Automobile,Auto Components & Equipments,
ROLEXRINGS,Automobile,Auto Components & Equipments,
ROSSARI,Chemicals & Fertilisers,Specialty Chemicals,
RUCHIRA,"Paper, Packaging & Printing",Paper & Paper Products,
RSWM,Textiles & Apparel,Other Textile Products,
ROHLTD,Hospitality & Tourism,Hotels & Resorts,
RUPA,Textiles & Apparel,Garments & Apparels,
RPSGVENT,IT/ITeS,Business Process Outsourcing (BPO)/ Knowledge Process Outsourcing (KPO),
RUSHIL,"Paper, Packaging & Printing",Plywood Boards/ Laminates,
RAJOOENG,Capital Goods & Engineering,Industrial Products,
SANGHVIMOV,Consulting & Professional Services,Diversified Commercial Services,
SAKHTISUG,Food Processing & Beverages,Sugar,
SAGCEM,Cement & Building Materials,Cement & Cement Products,
SANGHIIND,Cement & Building Materials,Cement & Cement Products,
SALZERELEC,Capital Goods & Engineering,Other Electrical Equipment,
SANDHAR,Automobile,Auto Components & Equipments,
SARDAEN,Metals & Steel,Iron & Steel,
SOTL,Oil & Gas,Lubricants,
SHALBY,Healthcare,Hospital,
SHARDAMOTR,Automobile,Auto Components & Equipments,
SHANKARA,Retail,Speciality Retail,
SHREDIGCEM,Cement & Building Materials,Cement & Cement Products,
RENUKA,Food Processing & Beverages,Sugar,
SHILPAMED,Pharma,Pharmaceuticals,
SHRIPISTON,Automobile,Auto Components & Equipments,
SIYSIL,Textiles & Apparel,Other Textile Products,
SPENCERS,Retail,Diversified Retail,
STYLAMIND,"Paper, Packaging & Printing",Plywood Boards/ Laminates,
SPAL,Textiles & Apparel,Garments & Apparels,
SPLPETRO,Chemicals & Fertilisers,Petrochemicals,
SURYAROSNI,Metals & Steel,Iron & Steel Products,
SWANCORP,Chemicals & Fertilisers,Petrochemicals,
SUTLEJTEX,Textiles & Apparel,Other Textile Products,
SHANTIGEAR,Capital Goods & Engineering,Industrial Products,
SHAKTIPUMP,Capital Goods & Engineering,"Compressors, Pumps & Diesel Engines",
SSWL,Automobile,Auto Components & Equipments,
SANSERA,Automobile,Auto Components & Equipments,
SWSOLAR,Construction & Infrastructure,Civil Construction,
SEPC,Construction & Infrastructure,Civil Construction,
SUPRIYA,Pharma,Pharmaceuticals,
SUNTECK,Real Estate,"Residential, Commercial Projects",
SASKEN,IT/ITeS,IT Enabled Services,
SAKSOFT,IT/ITeS,Computers - Software & Consulting,
SPARC,Pharma,Pharmaceuticals,
SUNFLAG,Metals & Steel,Iron & Steel Products,
SUBEXLTD,IT/ITeS,Software Products,
SEAMECLTD,Shipping/Ports,Shipping,
SADBHAV,Construction & Infrastructure,Civil Construction,
SWARAJENG,Capital Goods & Engineering,"Compressors, Pumps & Diesel Engines",
TTML,Telecom,Telecom - Cellular & Fixed line services,
SNOWMAN,Logistics & Warehousing,Logistics Solution Provider,
SIMPLEXINF,Construction & Infrastructure,Civil Construction,
TDPOWERSYS,Capital Goods & Engineering,Heavy Electrical Equipment,
TEXRAIL,Railways,Railway Wagons,
TTKPRESTIG,Consumer Durables & Appliances,Household Appliances,
TCI,Logistics & Warehousing,Logistics Solution Provider,
TATVA,Chemicals & Fertilisers,Specialty Chemicals,
THANGAMAYL,Gems & Jewellery,"Gems, Jewellery And Watches",
TNPL,"Paper, Packaging & Printing",Paper & Paper Products,
TVSSRICHAK,Automobile,Tyres & Rubber Products,
TNPETRO,Chemicals & Fertilisers,Petrochemicals,
TVTODAY,Media & Entertainment,TV Broadcasting & Software Production,
TARIL,Capital Goods & Engineering,Heavy Electrical Equipment,
TARC,Real Estate,"Residential, Commercial Projects",
TALBROAUTO,Automobile,Auto Components & Equipments,
TEAMLEASE,Consulting & Professional Services,Diversified Commercial Services,
TIRUMALCHM,Chemicals & Fertilisers,Commodity Chemicals,
UNICHEMLAB,Pharma,Pharmaceuticals,
UNITECH,Real Estate,"Residential, Commercial Projects",
UFLEX,"Paper, Packaging & Printing",Packaging,
UNIPARTS,Automobile,Auto Components & Equipments,
UNIVCABLES,Capital Goods & Engineering,Cables - Electricals,
USHAMART,Metals & Steel,Iron & Steel Products,
WABAG,"Water, Waste Management & Environmental Services",Water Supply & Management,
VAKRANGEE,IT/ITeS,IT Enabled Services,
VSSL,Metals & Steel,Iron & Steel Products,
VENKEYS,Food Processing & Beverages,Meat Products including Poultry,
VESUVIUS,Metals & Steel,Electrodes & Refractories,
VSTTILLERS,Automobile,Tractors,
VISAKAIND,Cement & Building Materials,Cement & Cement Products,
STEELCAS,Metals & Steel,Castings & Forgings,
VIMTALABS,Healthcare,"Healthcare Research, Analytics & Technology",
TCIEXP,Logistics & Warehousing,Logistics Solution Provider,
VIPIND,Consumer Durables & Appliances,Plastic Products - Consumer,
VASCONEQ,Real Estate,"Residential, Commercial Projects",
TVSELECT,Electronics & Semiconductors,Computers Hardware & Equipments,
VENUSPIPES,Metals & Steel,Iron & Steel Products,
VOLTAMP,Capital Goods & Engineering,Heavy Electrical Equipment,
WEBELSOLAR,Capital Goods & Engineering,Other Electrical Equipment,
TI,Food Processing & Beverages,Breweries & Distilleries,
WELENT,Construction & Infrastructure,Civil Construction,
WSTCSTPAPR,"Paper, Packaging & Printing",Paper & Paper Products,
WONDERLA,Hospitality & Tourism,Amusement Parks/ Other Recreation,
WHEELS,Automobile,Auto Components & Equipments,
WPIL,Capital Goods & Engineering,Industrial Products,
XPROINDIA,"Paper, Packaging & Printing",Packaging,
ZEEMEDIA,Media & Entertainment,TV Broadcasting & Software Production,
ZUARI,Chemicals & Fertilisers,Fertilizers,
YATRA,Hospitality & Tourism,"Tour, Travel Related Services",
ZENTEC,Defence & Aerospace,Aerospace & Defense,
VHL,Securities/Capital Markets,Investment Company,SEC_AMC
YASHO,Chemicals & Fertilisers,Specialty Chemicals,
YUKEN,Capital Goods & Engineering,"Compressors, Pumps & Diesel Engines",
PIXTRANS,Automobile,Rubber,
VAIBHAVGBL,Gems & Jewellery,"Gems, Jewellery And Watches",
RATNAVEER,Metals & Steel,Iron & Steel Products,
PGHL,Pharma,Pharmaceuticals,
ENRIN,Capital Goods & Engineering,Heavy Electrical Equipment,
ASTRAZEN,Pharma,Pharmaceuticals,
3MINDIA,Diversified Conglomerates/Holding Companies,Diversified,
KENNAMET,Capital Goods & Engineering,Industrial Products,
HONDAPOWER,Capital Goods & Engineering,Industrial Products,
VSTIND,FMCG,Cigarettes & Tobacco Products,
GOODYEAR,Automobile,Tyres & Rubber Products,
SCHNEIDER,Capital Goods & Engineering,Heavy Electrical Equipment,
PANASONIC,Consumer Durables & Appliances,Household Appliances,
HEXT,IT/ITeS,Computers - Software & Consulting,
LGEINDIA,Consumer Durables & Appliances,Household Appliances,
WENDT,Capital Goods & Engineering,Abrasives & Bearings,
FRACTAL,IT/ITeS,Computers - Software & Consulting,
BLACKBUCK,Logistics & Warehousing,Transport Related Services,
SHIPROCKET,E-commerce,E-Retail/ E-Commerce,
HEROMOTORS,Automobile,Auto Components & Equipments,
AEQUS,Defence & Aerospace,Aerospace & Defense,
SUKHJITS,Agriculture,Other Agricultural Products,
DBCORP,Media & Entertainment,Print Media,
APLLTD,Pharma,Pharmaceuticals,
ALEMBICLTD,Real Estate,"Residential, Commercial Projects",
VISHNU,Chemicals & Fertilisers,Specialty Chemicals,
GOACARBON,Coal & Mining,Industrial Minerals,
ZUARIIND,Food Processing & Beverages,Sugar,
NSLNISP,Metals & Steel,Iron & Steel,
IMFA,Metals & Steel,Ferro & Silica Manganese,
TITAGARH,Railways,Railway Wagons,
20MICRONS,Coal & Mining,Industrial Minerals,
21STCENMGM,NBFC,Other Capital Market related Services,
3PLAND,Securities/Capital Markets,Investment Company,SEC_AMC
3BBLACKBIO,Healthcare,Healthcare Service Provider,
3IINFOLTD,IT/ITeS,Computers - Software & Consulting,
A2ZINFRA,Construction & Infrastructure,Civil Construction,
63MOONS,IT/ITeS,Computers - Software & Consulting,
AAATECH,Consulting & Professional Services,Consulting Services,
AAKASH,Oil & Gas,Offshore Support Solution Drilling,
AARNAV,Textiles & Apparel,Trading - Textile Products,
AAREYDRUGS,Pharma,Pharmaceuticals,
AARON,Capital Goods & Engineering,Industrial Products,
AARTIDRUGS,Pharma,Pharmaceuticals,
AARTISURF,Chemicals & Fertilisers,Specialty Chemicals,
AARTIPHARM,Pharma,Pharmaceuticals,
AARTECH,Capital Goods & Engineering,Heavy Electrical Equipment,
AARVI,Consulting & Professional Services,Diversified Commercial Services,
AASTHA,Textiles & Apparel,Other Textile Products,
ABANSENT,Metals & Steel,Trading - Metals,
ABAN,Oil & Gas,Offshore Support Solution Drilling,
ABCOTS,Textiles & Apparel,Other Textile Products,
ABINFRA,Construction & Infrastructure,Civil Construction,
ABDL,Food Processing & Beverages,Breweries & Distilleries,
ABLBL,Retail,Speciality Retail,
ABMINTLLTD,Import/Export Trading & SEZ/EOU,Trading & Distributors,
ABMKNO,IT/ITeS,Software Products,
ACEINTEG,Consulting & Professional Services,Diversified Commercial Services,
ACGL,Automobile,Auto Components & Equipments,
ACCURACY,Logistics & Warehousing,Logistics Solution Provider,
ACL,Cement & Building Materials,Cement & Cement Products,
ACI,Chemicals & Fertilisers,Specialty Chemicals,
ACSTECH,IT/ITeS,IT Enabled Services,
ACMESOLAR,Power,Power Generation,
ADDIND,Textiles & Apparel,Garments & Apparels,
ACUTAAS,Pharma,Pharmaceuticals,
ADL,"Paper, Packaging & Printing",Plywood Boards/ Laminates,
ADFFOODS,Food Processing & Beverages,Packaged Foods,
ADROITINFO,IT/ITeS,IT Enabled Services,
ADVANCE,Chemicals & Fertilisers,Pesticides & Agrochemicals,
ADVENTHTL,Hospitality & Tourism,Hotels & Resorts,
ADVIKCA,NBFC,Non Banking Financial Company (NBFC),NBFC
ADVENZYMES,Biotechnology & Life Sciences,Biotechnology,
AEPL,Capital Goods & Engineering,Other Electrical Equipment,
AEGISVOPAK,Oil & Gas,Oil Storage & Transportation,
AEROENTER,Metals & Steel,Iron & Steel Products,
AEROFLEX,Metals & Steel,Iron & Steel Products,
AERONEU,"Paper, Packaging & Printing",Packaging,
AEROPLANE,Agriculture,Other Agricultural Products,
AFCONS,Construction & Infrastructure,Civil Construction,
AETHER,Chemicals & Fertilisers,Specialty Chemicals,
AFIL,NBFC,Non Banking Financial Company (NBFC),NBFC
AFSL,Diversified Conglomerates/Holding Companies,Holding Company,
AGASTYAEN,Chemicals & Fertilisers,Specialty Chemicals,
AGARIND,Chemicals & Fertilisers,Petrochemicals,
AGARWALEYE,Healthcare,Hospital,
AGL,Logistics & Warehousing,Logistics Solution Provider,
AGIIL,Real Estate,"Residential, Commercial Projects",
AGRITECH,Agriculture,Other Agricultural Products,
AGROPHOS,Chemicals & Fertilisers,Fertilizers,
AGSTRA,Payments & Fintech,Financial Technology (Fintech),DIGITAL_LENDING
AHCL,Pharma,Pharmaceuticals,
AHLEAST,Hospitality & Tourism,Hotels & Resorts,
AHLADA,Consumer Durables & Appliances,"Furniture, Home Furnishing",
AIRAN,IT/ITeS,IT Enabled Services,
AIROLAM,"Paper, Packaging & Printing",Plywood Boards/ Laminates,
AHLWEST,Hospitality & Tourism,Hotels & Resorts,
AIIL,NBFC,Non Banking Financial Company (NBFC),NBFC
AJAXENGG,Automobile,Construction Vehicles,
AKASH,Construction & Infrastructure,Civil Construction,
AJOONI,Agriculture,Animal Feed,
AKG,Import/Export Trading & SEZ/EOU,Trading & Distributors,
AKCAPIT,NBFC,Non Banking Financial Company (NBFC),NBFC
AKI,Leather & Footwear,Leather And Leather Products,
AKSHARCHEM,Chemicals & Fertilisers,Dyes And Pigments,
AKSHOPTFBR,Telecom,Telecom -  Equipment & Accessories,
ALBERTDAVD,Pharma,Pharmaceuticals,
AKUMS,Pharma,Pharmaceuticals,
ALFREDHE,NBFC,Non Banking Financial Company (NBFC),NBFC
ALGOQUANT,NBFC,Other Financial Services,NBFC
ALICON,Automobile,Auto Components & Equipments,
ALIVUS,Pharma,Pharmaceuticals,
ALKALI,Chemicals & Fertilisers,Specialty Chemicals,
ALLCARGO,Logistics & Warehousing,Logistics Solution Provider,
ALLTIME,Consumer Durables & Appliances,Houseware,
ALLDIGI,IT/ITeS,Business Process Outsourcing (BPO)/ Knowledge Process Outsourcing (KPO),
ALMONDZ,Securities/Capital Markets,Stockbroking & Allied,SEC_BROKER
ALPA,Pharma,Pharmaceuticals,
ALOKINDS,Textiles & Apparel,Other Textile Products,
ALPINETEX,Textiles & Apparel,Other Textile Products,
ALUFLUOR,Chemicals & Fertilisers,Commodity Chemicals,
AMAGI,IT/ITeS,IT Enabled Services,
AMANTA,Pharma,Pharmaceuticals,
AMAL,Chemicals & Fertilisers,Specialty Chemicals,
AMARJOTHI,Textiles & Apparel,Other Textile Products,
AMBICAAGAR,FMCG,Household Products,
AMBALALSA,Pharma,Pharmaceuticals,
AMJLAND,Real Estate,"Residential, Commercial Projects",
AMDIND,"Paper, Packaging & Printing",Packaging,
AMNPLST,Chemicals & Fertilisers,Commodity Chemicals,
ANKITMETAL,Metals & Steel,Iron & Steel,
ANIKINDS,Import/Export Trading & SEZ/EOU,Trading & Distributors,
ANMOL,Coal & Mining,Trading - Coal,
ANNAPURNA,Food Processing & Beverages,Packaged Foods,
ANNU,Construction & Infrastructure,Civil Construction,
ANTELOPUS,Oil & Gas,Oil Exploration & Production,
ANSALBU,Real Estate,"Residential, Commercial Projects",
ANTGRAPHIC,"Paper, Packaging & Printing",Packaging,
ANTHEM,Biotechnology & Life Sciences,Biotechnology,
ANUHPHR,Pharma,Pharmaceuticals,
ANUP,Capital Goods & Engineering,Industrial Products,
ANURAS,Chemicals & Fertilisers,Specialty Chemicals,
APCL,Cement & Building Materials,Cement & Cement Products,
APCOTEXIND,Automobile,Rubber,
APOLSINHOT,Hospitality & Tourism,Hotels & Resorts,
AQYLON,Media & Entertainment,TV Broadcasting & Software Production,
APOORVA,NBFC,Other Financial Services,NBFC
APTECHT,Education,Education,
ARCHIDPLY,"Paper, Packaging & Printing",Plywood Boards/ Laminates,
ARCHIES,Consumer Durables & Appliances,Leisure Products,
ARCL,Chemicals & Fertilisers,Commodity Chemicals,
ARDEE,Metals & Steel,Diversified Metals,
ARIS,Cement & Building Materials,Other Construction Materials,
ARENTERP,Coal & Mining,Trading - Minerals,
ARFIN,Metals & Steel,Aluminium,
ARKADE,Real Estate,"Residential, Commercial Projects",
ARIES,Chemicals & Fertilisers,Fertilizers,
ARIHANT,Real Estate,"Residential, Commercial Projects",
AROGRANITE,Cement & Building Materials,Granites & Marbles,
ARTNIRMAN,Real Estate,"Residential, Commercial Projects",
ARVEE,Chemicals & Fertilisers,Specialty Chemicals,
ARSHIYA,Logistics & Warehousing,Logistics Solution Provider,
ARTEMISMED,Healthcare,Hospital,
ARYAMAN,NBFC,Non Banking Financial Company (NBFC),NBFC
ASAHIINDIA,Automobile,Auto Components & Equipments,
ASAL,Automobile,Auto Components & Equipments,
ASHIKAG,NBFC,Non Banking Financial Company (NBFC),NBFC
ASHIMASYN,Textiles & Apparel,Other Textile Products,
ASHOKA,Construction & Infrastructure,Civil Construction,
ASIANENE,Oil & Gas,Oil Equipment & Services,
ASIANHOTNR,Hospitality & Tourism,Hotels & Resorts,
ASIANTILES,Cement & Building Materials,Ceramics,
ASIANTNE,Import/Export Trading & SEZ/EOU,Trading & Distributors,
ASKAUTOLTD,Automobile,Auto Components & Equipments,
ASSAMENT,NBFC,Non Banking Financial Company (NBFC),NBFC
ASPINWALL,Logistics & Warehousing,Logistics Solution Provider,
ASMS,IT/ITeS,IT Enabled Services,
ASTAR,Gems & Jewellery,"Gems, Jewellery And Watches",
ASTRON,"Paper, Packaging & Printing",Paper & Paper Products,
ATALREAL,Real Estate,"Residential, Commercial Projects",
ATAM,Capital Goods & Engineering,Industrial Products,
ATL,Shipping/Ports,Port & Port services,
ATLANTAELE,Capital Goods & Engineering,Heavy Electrical Equipment,
AUGMONT,Metals & Steel,Precious Metals,
ATLANTAA,Construction & Infrastructure,Civil Construction,
AURUS,Gems & Jewellery,"Gems, Jewellery And Watches",
ATLASCYCLE,Automobile,Cycles,
AURUM,IT/ITeS,IT Enabled Services,
AUSOMENT,Gems & Jewellery,"Gems, Jewellery And Watches",
AUSTENG,Capital Goods & Engineering,Industrial Products,
AUTOIND,Automobile,Auto Components & Equipments,
AVALON,Capital Goods & Engineering,Other Electrical Equipment,
AVANCE,IT/ITeS,Software Products,
AVADHSUGAR,Food Processing & Beverages,Sugar,
AVANTEL,Defence & Aerospace,Aerospace & Defense,
AVG,Logistics & Warehousing,Logistics Solution Provider,
AVL,Retail,Speciality Retail,
AVONMORE,NBFC,Non Banking Financial Company (NBFC),NBFC
AWFIS,Consulting & Professional Services,Diversified Commercial Services,
AVROIND,Consumer Durables & Appliances,Plastic Products - Consumer,
AWHCL,"Water, Waste Management & Environmental Services",Waste Management,
AXITA,Textiles & Apparel,Other Textile Products,
AWL,Food Processing & Beverages,Edible Oil,
AXTEL,Capital Goods & Engineering,Industrial Products,
AYMSYNTEX,Textiles & Apparel,Other Textile Products,
AZADIND,Metals & Steel,Iron & Steel Products,
AZAD,Capital Goods & Engineering,Heavy Electrical Equipment,
BAFNAPH,Pharma,Pharmaceuticals,
BAGFILMS,Media & Entertainment,TV Broadcasting & Software Production,
BAJAJINDEF,Capital Goods & Engineering,Industrial Products,
BAIDFIN,NBFC,Non Banking Financial Company (NBFC),NBFC
BAJAJCON,FMCG,Personal Care,
BAJAJHCARE,Pharma,Pharmaceuticals,
BAJEL,Capital Goods & Engineering,Heavy Electrical Equipment,
BALAJEE,"Paper, Packaging & Printing",Packaging,
BALAJITELE,Media & Entertainment,Media & Entertainment,
BALAXI,Pharma,Pharmaceuticals,
BALUFORGE,Metals & Steel,Castings & Forgings,
BALKRISHNA,"Paper, Packaging & Printing",Paper & Paper Products,
BALPHARMA,Pharma,Pharmaceuticals,
BANARBEADS,Gems & Jewellery,"Gems, Jewellery And Watches",
BANARISUG,Food Processing & Beverages,Sugar,
BANCOINDIA,Automobile,Auto Components & Equipments,
BANG,Textiles & Apparel,Garments & Apparels,
BANKA,Construction & Infrastructure,Civil Construction,
BANSALWIRE,Metals & Steel,Iron & Steel Products,
BASF,Chemicals & Fertilisers,Specialty Chemicals,
BATLIBOI,Capital Goods & Engineering,Industrial Products,
BBOX,IT/ITeS,IT Enabled Services,
BBTCL,"Paper, Packaging & Printing",Packaging,
BBTC,Food Processing & Beverages,Packaged Foods,
BCG,IT/ITeS,IT Enabled Services,
BCLIND,Food Processing & Beverages,Breweries & Distilleries,
BCONCEPTS,Retail,Speciality Retail,
BCPL,Construction & Infrastructure,Civil Construction,
BEDMUTHA,Metals & Steel,Iron & Steel Products,
BEEKAY,Metals & Steel,Iron & Steel Products,
BEARDSELL,Capital Goods & Engineering,Other Industrial Products,
BELRISE,Automobile,Auto Components & Equipments,
BELLACASA,Textiles & Apparel,Garments & Apparels,
BENARAS,Hospitality & Tourism,Hotels & Resorts,
BENGALASM,NBFC,Non Banking Financial Company (NBFC),NBFC
BETA,Pharma,Pharmaceuticals,
BFINVEST,Diversified Conglomerates/Holding Companies,Holding Company,
BESTAGRO,Chemicals & Fertilisers,Pesticides & Agrochemicals,
BGRENERGY,Construction & Infrastructure,Civil Construction,
BHAGERIA,Chemicals & Fertilisers,Dyes And Pigments,
BHANDARI,Textiles & Apparel,Other Textile Products,
BI,Healthcare,"Healthcare Research, Analytics & Technology",
BHARATGEAR,Automobile,Auto Components & Equipments,
BILVYAPAR,Diversified Conglomerates/Holding Companies,Holding Company,
BIGBLOC,Cement & Building Materials,Cement & Cement Products,
BIL,Leather & Footwear,Leather And Leather Products,
BIMETAL,Automobile,Auto Components & Equipments,
BIOFILCHEM,Pharma,Pharmaceuticals,
BIRLACABLE,Telecom,Telecom -  Equipment & Accessories,
BIRLANU,Cement & Building Materials,Other Construction Materials,
BLACKROSE,Chemicals & Fertilisers,Specialty Chemicals,
BLBLIMITED,Securities/Capital Markets,Investment Company,SEC_AMC
BLEL,Metals & Steel,Iron & Steel Products,
BLSE,IT/ITeS,IT Enabled Services,
BLUECLOUDS,IT/ITeS,Software Products,
BLISSGVS,Pharma,Pharmaceuticals,
BLKASHYAP,Construction & Infrastructure,Civil Construction,
BLUECOAST,Hospitality & Tourism,Hotels & Resorts,
BLUEJET,Pharma,Pharmaceuticals,
BLUESTONE,Gems & Jewellery,"Gems, Jewellery And Watches",
BLUSPRING,Consulting & Professional Services,Diversified Commercial Services,
BMWVENTLTD,Metals & Steel,Trading - Metals,
BNALTD,Agriculture,Tea & Coffee,
BOHRAIND,Chemicals & Fertilisers,Fertilizers,
BONLON,Metals & Steel,Diversified Metals,
BOROSCI,Capital Goods & Engineering,Glass - Industrial,
BPL,Consumer Durables & Appliances,Consumer Electronics,
BNAGROCHEM,Import/Export Trading & SEZ/EOU,Trading & Distributors,
BPLPHARMA,Pharma,Pharmaceuticals,
BRAHMINFRA,Construction & Infrastructure,Civil Construction,
BORANA,Textiles & Apparel,Other Textile Products,
BOSCH-HCIL,Consumer Durables & Appliances,Household Appliances,
BROOKS,Pharma,Pharmaceuticals,
BTML,Media & Entertainment,Digital Entertainment,
BRIGHOTEL,Hospitality & Tourism,Hotels & Resorts,
BSL,Textiles & Apparel,Other Textile Products,
BRIGHTBR,Chemicals & Fertilisers,Plastic Products - Industrial,
BTTL,Textiles & Apparel,Trading - Textile Products,
BUILDPRO,Retail,Speciality Retail,
BRNL,Construction & Infrastructure,Civil Construction,
BURNPUR,Cement & Building Materials,Cement & Cement Products,
CALSOFT,IT/ITeS,Computers - Software & Consulting,
BYKE,Hospitality & Tourism,Hotels & Resorts,
CAPTRUST,NBFC,Non Banking Financial Company (NBFC),NBFC
CARRARO,Automobile,Auto Components & Equipments,
CAPILLARY,IT/ITeS,Software Products,
CARTRADE,E-commerce,E-Retail/ E-Commerce,
BVCL,Cement & Building Materials,Cement & Cement Products,
CARYSIL,Consumer Durables & Appliances,Household Appliances,
CCCL,Real Estate,"Residential, Commercial Projects",
CCHHL,Hospitality & Tourism,Hotels & Resorts,
CEINSYS,IT/ITeS,Computers - Software & Consulting,
CELEBRITY,Textiles & Apparel,Garments & Apparels,
CEMPRO,Construction & Infrastructure,Civil Construction,
CENTEXT,Metals & Steel,"Aluminium, Copper & Zinc Products",
CCAVENUE,Payments & Fintech,Financial Technology (Fintech),DIGITAL_LENDING
CEWATER,"Water, Waste Management & Environmental Services",Waste Management,
CFEL,Import/Export Trading & SEZ/EOU,Trading & Distributors,
CGVAK,IT/ITeS,Computers - Software & Consulting,
CHEMBOND,Chemicals & Fertilisers,Specialty Chemicals,
CHEMCRUX,Chemicals & Fertilisers,Specialty Chemicals,
CHEMBONDCH,Chemicals & Fertilisers,Specialty Chemicals,
CHEMFAB,Chemicals & Fertilisers,Commodity Chemicals,
CHEMPLASTS,Chemicals & Fertilisers,Specialty Chemicals,
CHEVIOT,Textiles & Apparel,Jute & Jute Products,
CIEINDIA,Automobile,Auto Components & Equipments,
CIFL,NBFC,Non Banking Financial Company (NBFC),NBFC
CLEANMAX,Power,Power Generation,
CINEVISTA,Real Estate,"Residential, Commercial Projects",
CMLL,Coal & Mining,Coal,
CLEDUCATE,Education,Education,
CLSEL,Agriculture,Other Agricultural Products,
CMPDI,Construction & Infrastructure,Civil Construction,
CMRGREEN,Metals & Steel,"Aluminium, Copper & Zinc Products",
CMSINFO,Consulting & Professional Services,Diversified Commercial Services,
CNL,Import/Export Trading & SEZ/EOU,Trading & Distributors,
COASTCORP,"Fisheries, Dairy & Animal Husbandry",Seafood,
COMFINTE,Food Processing & Beverages,Breweries & Distilleries,
COCKERILL,Capital Goods & Engineering,Industrial Products,
COHANCE,Pharma,Pharmaceuticals,
COMPEAU,Automobile,Auto Dealer,
COMPINFO,Electronics & Semiconductors,Computers Hardware & Equipments,
COMPUSOFT,Education,Education,
COMSYN,"Paper, Packaging & Printing",Packaging,
CONSOFINVT,NBFC,Non Banking Financial Company (NBFC),NBFC
CORALFINAC,Consulting & Professional Services,Diversified Commercial Services,
CONCORDBIO,Pharma,Pharmaceuticals,
CONFIPET,Oil & Gas,LPG/CNG/PNG/LNG Supplier,
CORDELIA,Hospitality & Tourism,"Tour, Travel Related Services",
CORONA,Pharma,Pharmaceuticals,
CORDSCABLE,Capital Goods & Engineering,Cables - Electricals,
COUNCODOS,Real Estate,"Residential, Commercial Projects",
CPEDU,Education,Education,
CPL,Chemicals & Fertilisers,Plastic Products - Industrial,
CPPLUS,Capital Goods & Engineering,Industrial Products,
CPCAP,NBFC,Non Banking Financial Company (NBFC),NBFC
CREATIVEYE,Media & Entertainment,Media & Entertainment,
CRAVATEX,Import/Export Trading & SEZ/EOU,Trading & Distributors,
CREST,NBFC,Non Banking Financial Company (NBFC),NBFC
CRESTO,Media & Entertainment,Media & Entertainment,
CROWN,Capital Goods & Engineering,Industrial Products,
CRSL,IT/ITeS,IT Enabled Services,
CRIZAC,E-commerce,Internet & Catalogue Retail,
CSM,IT/ITeS,Computers - Software & Consulting,
CSLFINANCE,NBFC,Non Banking Financial Company (NBFC),NBFC
CUBEXTUB,Metals & Steel,"Aluminium, Copper & Zinc Products",
CTE,IT/ITeS,Computers - Software & Consulting,
CURAA,IT/ITeS,Computers - Software & Consulting,
CYBERMEDIA,Media & Entertainment,Electronic Media,
CYBERTECH,IT/ITeS,Computers - Software & Consulting,
DANGEE,Food Processing & Beverages,Packaged Foods,
DAICHI,Chemicals & Fertilisers,Specialty Chemicals,
DAMODARIND,Textiles & Apparel,Other Textile Products,
DATAMATICS,IT/ITeS,IT Enabled Services,
DAVANGERE,FMCG,Diversified FMCG,
DBEIL,Construction & Infrastructure,Civil Construction,
DBOL,Food Processing & Beverages,Sugar,
DBL,Construction & Infrastructure,Civil Construction,
DBSTOCKBRO,Securities/Capital Markets,Stockbroking & Allied,SEC_BROKER
DBREALTY,Real Estate,"Residential, Commercial Projects",
DCI,Electronics & Semiconductors,Computers Hardware & Equipments,
DCMFINSERV,Securities/Capital Markets,Investment Company,SEC_AMC
DCMNVL,Textiles & Apparel,Other Textile Products,
DCMSIL,Textiles & Apparel,Other Textile Products,
DCMSHRIRAM,Diversified Conglomerates/Holding Companies,Diversified,
DCXINDIA,Defence & Aerospace,Aerospace & Defense,
DDEVPLSTIK,Chemicals & Fertilisers,Specialty Chemicals,
DEEP,Chemicals & Fertilisers,Specialty Chemicals,
DEEDEV,Capital Goods & Engineering,Industrial Products,
DEEPA,Gems & Jewellery,"Gems, Jewellery And Watches",
DEEPAKFERT,Chemicals & Fertilisers,Commodity Chemicals,
DELPHIFX,NBFC,Other Financial Services,NBFC
DENORA,Metals & Steel,Electrodes & Refractories,
DELTAMAGNT,Capital Goods & Engineering,Other Industrial Products,
DEN,Media & Entertainment,TV Broadcasting & Software Production,
DENTA,"Water, Waste Management & Environmental Services",Water Supply & Management,
DEVIT,IT/ITeS,IT Enabled Services,
DEVX,Consulting & Professional Services,Diversified Commercial Services,
DGCONTENT,Media & Entertainment,Advertising & Media Agencies,
DHARAN,Real Estate,"Residential, Commercial Projects",
DHABRIYA,Chemicals & Fertilisers,Plastic Products - Industrial,
DHATRE,Metals & Steel,Iron & Steel Products,
DHARMAJ,Chemicals & Fertilisers,Pesticides & Agrochemicals,
DHOOTTRANS,Automobile,Auto Components & Equipments,
DHUNINV,NBFC,Non Banking Financial Company (NBFC),NBFC
DHRUV,Consulting & Professional Services,Consulting Services,
DIAMINESQ,Chemicals & Fertilisers,Specialty Chemicals,
DICIND,Chemicals & Fertilisers,Printing Inks,
DIFFNKG,Capital Goods & Engineering,Other Industrial Products,
DIGIDRIVE,E-commerce,E-Retail/ E-Commerce,
DIGITIDE,IT/ITeS,IT Enabled Services,
DIGISPICE,IT/ITeS,IT Enabled Services,
DISAQ,Capital Goods & Engineering,Industrial Products,
DIVGIITTS,Automobile,Auto Components & Equipments,
DLINKINDIA,Electronics & Semiconductors,Computers Hardware & Equipments,
DNAMEDIA,Media & Entertainment,Electronic Media,
DJML,Logistics & Warehousing,Logistics Solution Provider,
DMCC,Chemicals & Fertilisers,Specialty Chemicals,
DODLA,"Fisheries, Dairy & Animal Husbandry",Dairy Products,
DOLATALGO,Securities/Capital Markets,Stockbroking & Allied,SEC_BROKER
DOLLEX,Food Processing & Beverages,Sugar,
DOLPHIN,Oil & Gas,Offshore Support Solution Drilling,
DONEAR,Textiles & Apparel,Other Textile Products,
DOMS,"Paper, Packaging & Printing",Stationary,
DPABHUSHAN,Gems & Jewellery,"Gems, Jewellery And Watches",
DPSCLTD,Power,Integrated Power Utilities,
DRAGARWQ,Healthcare,Hospital,
DRCSYSTEMS,IT/ITeS,Computers - Software & Consulting,
DPWIRES,Metals & Steel,Iron & Steel Products,
DSFCL,Chemicals & Fertilisers,Specialty Chemicals,
DSKULKARNI,Real Estate,"Residential, Commercial Projects",
DTIL,Agriculture,Tea & Coffee,
DSSL,IT/ITeS,IT Enabled Services,
DUCON,Capital Goods & Engineering,Industrial Products,
DWARKESH,Food Processing & Beverages,Sugar,
DYNPRO,Chemicals & Fertilisers,Specialty Chemicals,
E2E,IT/ITeS,IT Enabled Services,
EBGNG,Electronics & Semiconductors,Computers Hardware & Equipments,
EASTWEST,Logistics & Warehousing,Logistics Solution Provider,
EBIX,Automobile,2/3 Wheelers,
ECOSMOBLTY,Logistics & Warehousing,Road Transport,
EIEL,"Water, Waste Management & Environmental Services",Water Supply & Management,
EFCIL,Consulting & Professional Services,Diversified Commercial Services,
EIFFL,Food Processing & Beverages,Packaged Foods,
EIHAHOTELS,Hospitality & Tourism,Hotels & Resorts,
EKC,Capital Goods & Engineering,Industrial Products,
ELANTAS,Chemicals & Fertilisers,Specialty Chemicals,
ELCIDIN,Securities/Capital Markets,Investment Company,SEC_AMC
EKI,Consulting & Professional Services,Consulting Services,
ELDEHSG,Real Estate,"Residential, Commercial Projects",
ELECTHERM,Metals & Steel,Iron & Steel Products,
ELITECON,FMCG,Cigarettes & Tobacco Products,
ELIN,Consumer Durables & Appliances,Household Appliances,
ELLEN,Chemicals & Fertilisers,Industrial Gases,
ELPROINTL,Real Estate,"Residential, Commercial Projects",
EMAMIREAL,Real Estate,"Residential, Commercial Projects",
EMIL,Retail,Diversified Retail,
EMMBI,"Paper, Packaging & Printing",Packaging,
EMMVEE,Capital Goods & Engineering,Other Electrical Equipment,
EMPIND,Diversified Conglomerates/Holding Companies,Diversified,
EMPOWER,IT/ITeS,Computers - Software & Consulting,
EMSLIMITED,"Water, Waste Management & Environmental Services",Waste Management,
EMUDHRA,IT/ITeS,IT Enabled Services,
ENERGYDEV,Power,Power Generation,
ENIL,Media & Entertainment,Media & Entertainment,
ENKEIWHEL,Automobile,Auto Components & Equipments,
EPACKPEB,Capital Goods & Engineering,Industrial Products,
EPACK,Consumer Durables & Appliances,Household Appliances,
EPIGRAL,Chemicals & Fertilisers,Specialty Chemicals,
EPL,"Paper, Packaging & Printing",Packaging,
ESDS,IT/ITeS,IT Enabled Services,
ESSARSHPNG,Shipping/Ports,Shipping,
EQUIPPP,IT/ITeS,Computers - Software & Consulting,
ESSENTIA,Import/Export Trading & SEZ/EOU,Trading & Distributors,
ESTER,"Paper, Packaging & Printing",Packaging,
ETHOSLTD,Gems & Jewellery,"Gems, Jewellery And Watches",
EUREKAFORB,Consumer Durables & Appliances,Household Appliances,
EUROBOND,Metals & Steel,"Aluminium, Copper & Zinc Products",
EUROPRATIK,Consumer Durables & Appliances,"Furniture, Home Furnishing",
EUROTEXIND,Textiles & Apparel,Other Textile Products,
EXCELSOFT,IT/ITeS,IT Enabled Services,
EVERESTIND,Cement & Building Materials,Other Construction Materials,
EXPLEOSOL,IT/ITeS,IT Enabled Services,
EXXARO,Cement & Building Materials,Ceramics,
FABTECH,Healthcare,"Healthcare Research, Analytics & Technology",
FAZE3Q,Textiles & Apparel,Other Textile Products,
FAIRCHEMOR,Chemicals & Fertilisers,Specialty Chemicals,
FCSSOFT,IT/ITeS,IT Enabled Services,
FEDDERSHOL,NBFC,Non Banking Financial Company (NBFC),NBFC
FEDFINA,NBFC,Non Banking Financial Company (NBFC),NBFC
FELDVR,Retail,Diversified Retail,
FERMENTA,Pharma,Pharmaceuticals,
FIBERWEB,Textiles & Apparel,Other Textile Products,
FIEMIND,Automobile,Auto Components & Equipments,
FINKURVE,NBFC,Non Banking Financial Company (NBFC),NBFC
FIRSTCRY,E-commerce,E-Retail/ E-Commerce,
FISCHER,Medical Devices,Medical Equipment & Supplies,
FLAIR,"Paper, Packaging & Printing",Stationary,
FLFL,Retail,Diversified Retail,
FMGOETZE,Automobile,Auto Components & Equipments,
DCM,IT/ITeS,IT Enabled Services,
FMNL,Consulting & Professional Services,Diversified Commercial Services,
FOCUS,Consumer Durables & Appliances,Consumer Electronics,
FREDUN,Pharma,Pharmaceuticals,
GAJA,Securities/Capital Markets,Asset Management Company,SEC_AMC
DECNGOLD,Metals & Steel,Precious Metals,
FOODSIN,Food Processing & Beverages,Packaged Foods,
GALAPREC,Capital Goods & Engineering,Industrial Products,
GALAXYSURF,Chemicals & Fertilisers,Specialty Chemicals,
GANDHAR,Oil & Gas,Lubricants,
GANESHCP,Food Processing & Beverages,Packaged Foods,
GANDHITUBE,Metals & Steel,Iron & Steel Products,
GANECOS,Textiles & Apparel,Other Textile Products,
GANGAFORGE,Metals & Steel,Castings & Forgings,
GANGESSECU,Agriculture,Tea & Coffee,
GARUDA,Construction & Infrastructure,Civil Construction,
GATECH,NBFC,Other Financial Services,NBFC
GATECHDVR,NBFC,Other Financial Services,NBFC
GAUDIUMIVF,Healthcare,Healthcare Service Provider,
GCSL,NBFC,Other Capital Market related Services,
GAYAHWS,Roads & Highways,"Road AssetsToll, Annuity, Hybrid-Annuity",
GEMAROMA,Chemicals & Fertilisers,Specialty Chemicals,
GEEKAYWIRE,Metals & Steel,Iron & Steel Products,
GENCON,Real Estate,"Residential, Commercial Projects",
GENESYS,IT/ITeS,IT Enabled Services,
GENSOL,Capital Goods & Engineering,Other Electrical Equipment,
GENUSPAPER,"Paper, Packaging & Printing",Paper & Paper Products,
GFLLIMITED,Diversified Conglomerates/Holding Companies,Holding Company,
GICL,Logistics & Warehousing,Logistics Solution Provider,
GFSTEELS,Metals & Steel,Iron & Steel Products,
GKENERGY,Construction & Infrastructure,Civil Construction,
GKSL,Healthcare,Hospital,
GKB,Medical Devices,Medical Equipment & Supplies,
GLASSWALL,Cement & Building Materials,Other Construction Materials,
GLFL,NBFC,Other Financial Services,NBFC
GLOBALE,Textiles & Apparel,Trading - Textile Products,
GLOBAL,Education,Education,
GLOBE,Textiles & Apparel,Other Textile Products,
GLOBALVECT,Aviation,Airline,
GLOBECIVIL,Construction & Infrastructure,Civil Construction,
GLOBUSSPR,Food Processing & Beverages,Breweries & Distilleries,
GLOSTERLTD,Textiles & Apparel,Jute & Jute Products,
GLOTTIS,Logistics & Warehousing,Logistics Solution Provider,
GMMPFAUDLR,Capital Goods & Engineering,Industrial Products,
GMRP&UI,Power,Power Generation,
GNRL,Oil & Gas,Oil Exploration & Production,
GOCLCORP,Chemicals & Fertilisers,Explosives,
GOKUL,Food Processing & Beverages,Edible Oil,
GOCOLORS,Retail,Speciality Retail,
GODAVARIB,FMCG,Diversified FMCG,
GOLDENTOBC,Real Estate,"Residential, Commercial Projects",
DYCL,Capital Goods & Engineering,Cables - Electricals,
GOPAL,Food Processing & Beverages,Packaged Foods,
GOLDTECH,IT/ITeS,Software Products,
GOODLUCK,Metals & Steel,Iron & Steel Products,
GOYALALUM,Import/Export Trading & SEZ/EOU,Trading & Distributors,
GPTHEALTH,Healthcare,Hospital,
GPTINFRA,Construction & Infrastructure,Civil Construction,
GRANDOAK,NBFC,Non Banking Financial Company (NBFC),NBFC
GRAUWEIL,Chemicals & Fertilisers,Commodity Chemicals,
GRADIENTE,Media & Entertainment,Advertising & Media Agencies,
GRAPHITE,Metals & Steel,Electrodes & Refractories,
GRAVISSHO,Hospitality & Tourism,Hotels & Resorts,
GREAVESCOT,Capital Goods & Engineering,"Compressors, Pumps & Diesel Engines",
GREENLAM,"Paper, Packaging & Printing",Plywood Boards/ Laminates,
GREENPOWER,Power,Power Generation,
GROBTEA,Agriculture,Tea & Coffee,
GRMOVER,Agriculture,Other Agricultural Products,
GROWW,Securities/Capital Markets,Stockbroking & Allied,SEC_BROKER
GSLSU,Cement & Building Materials,Granites & Marbles,
GRPLTD,Automobile,Rubber,
GSS,IT/ITeS,IT Enabled Services,
GTL,Telecom,Other Telecom Services,
GTECJAINX,Education,E-Learning,
GTPL,Media & Entertainment,TV Broadcasting & Software Production,
GUJENERGY,Oil & Gas,LPG/CNG/PNG/LNG Supplier,
GUJRAFFIA,"Paper, Packaging & Printing",Packaging,
GULFPETRO,Oil & Gas,Lubricants,
GVKPIL,Power,Power Generation,
GVPTECH,IT/ITeS,Computers - Software & Consulting,
GVPIL,Capital Goods & Engineering,Heavy Electrical Equipment,
GYFTR,NBFC,Other Financial Services,NBFC
HALDER,Agriculture,Other Agricultural Products,
HALDYNGL,"Paper, Packaging & Printing",Packaging,
HALEOSLABS,Pharma,Pharmaceuticals,
HAMPTON,Real Estate,"Residential, Commercial Projects",
HAPPYFORGE,Metals & Steel,Castings & Forgings,
HARDWYN,Consumer Durables & Appliances,"Furniture, Home Furnishing",
HARSHA,Capital Goods & Engineering,Other Industrial Products,
HATHWAY,Media & Entertainment,TV Broadcasting & Software Production,
HAVISHA,Hospitality & Tourism,Hotels & Resorts,
HATSUN,"Fisheries, Dairy & Animal Husbandry",Dairy Products,
HAZOOR,Construction & Infrastructure,Civil Construction,
HBPOR,NBFC,Other Financial Services,NBFC
HBSL,NBFC,Non Banking Financial Company (NBFC),NBFC
HBESD,Real Estate,"Residential, Commercial Projects",
HCG,Healthcare,Hospital,
HDIL,Real Estate,"Residential, Commercial Projects",
HEADSUP,Textiles & Apparel,Trading - Textile Products,
HEALTHX,Healthcare,Healthcare Service Provider,
HECPROJECT,Construction & Infrastructure,Civil Construction,
HEGAM,Metals & Steel,Electrodes & Refractories,
HEMIPROP,Consulting & Professional Services,Diversified Commercial Services,
HEXAGON,Food Processing & Beverages,Packaged Foods,
HERANBA,Chemicals & Fertilisers,Pesticides & Agrochemicals,
HILINFRA,Roads & Highways,"Road AssetsToll, Annuity, Hybrid-Annuity",
HEXATRADEX,Securities/Capital Markets,Investment Company,SEC_AMC
HGM,IT/ITeS,IT Enabled Services,
HINDADH,Chemicals & Fertilisers,Plastic Products - Industrial,
HILTON,Metals & Steel,Castings & Forgings,
HINDALUMI,Metals & Steel,Aluminium,
HINDCOMPOS,Automobile,Auto Components & Equipments,
FEL,Retail,Diversified Retail,
HIRECT,Capital Goods & Engineering,Industrial Products,
HISARMETAL,Metals & Steel,Iron & Steel Products,
HITECHCORP,"Paper, Packaging & Printing",Packaging,
HITECHGEAR,Automobile,Auto Components & Equipments,
HLEGLAS,Capital Goods & Engineering,Industrial Products,
HLVLTD,Hospitality & Tourism,Hotels & Resorts,
HORIZONIND,Real Estate,"Residential, Commercial Projects",
HMAAGRO,Food Processing & Beverages,Meat Products including Poultry,
HPIL,Chemicals & Fertilisers,Dyes And Pigments,
HRYNSHP,Defence & Aerospace,Ship Building & Allied Services,
HTEL,Capital Goods & Engineering,Other Industrial Products,
HPL,Capital Goods & Engineering,Industrial Products,
HSCL,Chemicals & Fertilisers,Carbon Black,
HTMEDIA,Media & Entertainment,Print Media,
HUHTAMAKI,"Paper, Packaging & Printing",Packaging,
HYBRIDFIN,Securities/Capital Markets,Stockbroking & Allied,SEC_BROKER
ICDSLTD,Consulting & Professional Services,Diversified Commercial Services,
ICEMAKE,Capital Goods & Engineering,Industrial Products,
IFBAGRO,Food Processing & Beverages,Breweries & Distilleries,
IFGLEXPOR,Metals & Steel,Electrodes & Refractories,
IGCL,Chemicals & Fertilisers,Pesticides & Agrochemicals,
IITL,Securities/Capital Markets,Investment Company,SEC_AMC
IGIL,Consulting & Professional Services,Diversified Commercial Services,
IKIO,Consumer Durables & Appliances,Consumer Electronics,
IL&FSTRANS,Construction & Infrastructure,Civil Construction,
IMAGICAA,Hospitality & Tourism,Amusement Parks/ Other Recreation,
IMPAL,Automobile,Trading - Auto components,
IMPEXFERRO,Metals & Steel,Ferro & Silica Manganese,
INA,Power,Power Generation,
INCREDIBLE,Metals & Steel,Iron & Steel Products,
INDBANK,Securities/Capital Markets,Stockbroking & Allied,SEC_BROKER
INDGN,Healthcare,"Healthcare Research, Analytics & Technology",
INDIANCARD,Textiles & Apparel,Other Textile Products,
INDIQUBE,Consulting & Professional Services,Diversified Commercial Services,
INDIGOPNTS,Chemicals & Fertilisers,Paints,
INDOBORAX,Chemicals & Fertilisers,Commodity Chemicals,
INDOAMIN,Chemicals & Fertilisers,Specialty Chemicals,
INDOFARM,Automobile,Construction Vehicles,
INDOKEM,Chemicals & Fertilisers,Specialty Chemicals,
INDOMIM,Capital Goods & Engineering,Industrial Products,
INDOTECH,Capital Goods & Engineering,Heavy Electrical Equipment,
INDOUS,Agriculture,Other Agricultural Products,
INDPRUD,Securities/Capital Markets,Investment Company,SEC_AMC
INDRAMEDCO,Healthcare,Hospital,
INDTERRAIN,Textiles & Apparel,Garments & Apparels,
INFOBEAN,IT/ITeS,Computers - Software & Consulting,
INFOMEDIA,"Paper, Packaging & Printing",Printing & Publication,
INNOVISION,Roads & Highways,"Road AssetsToll, Annuity, Hybrid-Annuity",
INNOVACAP,Pharma,Pharmaceuticals,
INOXGREEN,Consulting & Professional Services,Diversified Commercial Services,
INOXINDIA,Capital Goods & Engineering,Other Industrial Products,
INTENTECH,IT/ITeS,IT Enabled Services,
INTERARCH,Construction & Infrastructure,Civil Construction,
INTLCONV,Capital Goods & Engineering,Industrial Products,
INVENTURE,Securities/Capital Markets,Stockbroking & Allied,SEC_BROKER
IPRINGLTD,Automobile,Auto Components & Equipments,
INVPRECQ,Metals & Steel,Castings & Forgings,
IPL,Chemicals & Fertilisers,Pesticides & Agrochemicals,
IRIS,IT/ITeS,Software Products,
IRISDOREME,Textiles & Apparel,Garments & Apparels,
IRMENERGY,Oil & Gas,LPG/CNG/PNG/LNG Supplier,
ISTLTD,Automobile,Auto Components & Equipments,
GRINFRA,Construction & Infrastructure,Civil Construction,
IVALUE,IT/ITeS,IT Enabled Services,
IVC,Securities/Capital Markets,Asset Management Company,SEC_AMC
GSPCROP,Chemicals & Fertilisers,Pesticides & Agrochemicals,
IVP,Chemicals & Fertilisers,Specialty Chemicals,
IWP,"Paper, Packaging & Printing",Forest Products,
IXIGO,Hospitality & Tourism,"Tour, Travel Related Services",
IZMO,IT/ITeS,IT Enabled Services,
JAGSNPHARM,Pharma,Pharmaceuticals,
JAIBALAJI,Metals & Steel,Iron & Steel,
JAINREC,Metals & Steel,Diversified Metals,
JARO,Education,E-Learning,
JAIPURKURT,Textiles & Apparel,Garments & Apparels,
JAYAGROGN,Chemicals & Fertilisers,Specialty Chemicals,
JAYKAY,Defence & Aerospace,Aerospace & Defense,
JENBURPH,Pharma,Pharmaceuticals,
JAYSREETEA,Agriculture,Tea & Coffee,
JETFREIGHT,Logistics & Warehousing,Logistics Solution Provider,
JGCHEM,Chemicals & Fertilisers,Commodity Chemicals,
JINDALPHOT,Securities/Capital Markets,Investment Company,SEC_AMC
JHS,FMCG,Personal Care,
JISLDVREQS,Chemicals & Fertilisers,Plastic Products - Industrial,
JKIPL,Automobile,"Dealers-Commercial Vehicles, Tractors, Construction Vehicles",
JISLJALEQS,Chemicals & Fertilisers,Plastic Products - Industrial,
JKPAPER,"Paper, Packaging & Printing",Paper & Paper Products,
JLHL,Healthcare,Hospital,
JNPR,Power,Power Generation,
JNKINDIA,Capital Goods & Engineering,Industrial Products,
JOCIL,Chemicals & Fertilisers,Commodity Chemicals,
JPOLYINVST,Securities/Capital Markets,Investment Company,SEC_AMC
JSIPL,Metals & Steel,Iron & Steel Products,
JSLL,Healthcare,Wellness,
JSWCEMENT,Cement & Building Materials,Cement & Cement Products,
JSWDULUX,Chemicals & Fertilisers,Paints,
JSWINFRA,Shipping/Ports,Port & Port services,
JTEKTINDIA,Automobile,Auto Components & Equipments,
JUBLCPL,Chemicals & Fertilisers,Specialty Chemicals,
JTLIND,Metals & Steel,Iron & Steel Products,
JWL,Railways,Railway Wagons,
JYOTICNC,Capital Goods & Engineering,Industrial Products,
KAKATCEM,Cement & Building Materials,Cement & Cement Products,
JYOTIRES,Chemicals & Fertilisers,Specialty Chemicals,
KALAMANDIR,Retail,Speciality Retail,
KALPATARU,Real Estate,"Residential, Commercial Projects",
KALYANI,Automobile,"Dealers-Commercial Vehicles, Tractors, Construction Vehicles",
KALYANIFRG,Metals & Steel,Castings & Forgings,
KAMANWALA,Real Estate,"Residential, Commercial Projects",
KAMOPAINTS,Chemicals & Fertilisers,Paints,
KAMATHOTEL,Hospitality & Tourism,Hotels & Resorts,
KANANIIND,Gems & Jewellery,"Gems, Jewellery And Watches",
IBULLSLTD,Consulting & Professional Services,Diversified Commercial Services,
KANCHI,Chemicals & Fertilisers,Commodity Chemicals,
KANOHAR,Capital Goods & Engineering,Heavy Electrical Equipment,
KARAMTARA,Capital Goods & Engineering,Heavy Electrical Equipment,
KANPRPLA,"Paper, Packaging & Printing",Packaging,
KAPSTON,Consulting & Professional Services,Diversified Commercial Services,
KAVDEFENCE,Defence & Aerospace,Aerospace & Defense,
KAUSHALYA,Hospitality & Tourism,Hotels & Resorts,
KCPSUGIND,Food Processing & Beverages,Sugar,
KDGREEN,Gems & Jewellery,"Gems, Jewellery And Watches",
KEEPLEARN,Education,Education,
KECL,Capital Goods & Engineering,Other Electrical Equipment,
KERNEX,Logistics & Warehousing,Transport Related Services,
KHAICHEM,Chemicals & Fertilisers,Fertilizers,
KHAITANLTD,Consumer Durables & Appliances,Consumer Electronics,
KHANDSE,Securities/Capital Markets,Stockbroking & Allied,SEC_BROKER
INDOWIND,Power,Power Generation,
KICL,Securities/Capital Markets,Investment Company,SEC_AMC
KILITCH,Pharma,Pharmaceuticals,
KIRANVYPAR,NBFC,Non Banking Financial Company (NBFC),NBFC
KJMCFIN,NBFC,Non Banking Financial Company (NBFC),NBFC
KIRLPNU,Capital Goods & Engineering,"Compressors, Pumps & Diesel Engines",
KKCL,Textiles & Apparel,Garments & Apparels,
KMCSHIL,Healthcare,Hospital,
KMEW,Shipping/Ports,Dredging,
KMSUGAR,Food Processing & Beverages,Sugar,
KNACK,"Paper, Packaging & Printing",Packaging,
KNAGRI,Food Processing & Beverages,Edible Oil,
KOHINOOR,Agriculture,Other Agricultural Products,
KOLTEPATIL,Real Estate,"Residential, Commercial Projects",
KOTHARIPET,Chemicals & Fertilisers,Petrochemicals,
KOTYARK,Oil & Gas,Refineries & Marketing,
KOTIC,Leather & Footwear,Leather And Leather Products,
KOVAI,Healthcare,Hospital,
KREBSBIO,Pharma,Pharmaceuticals,
ISFT,E-commerce,E-Retail/ E-Commerce,
KPEL,Power,Power Generation,
KRISHANA,Chemicals & Fertilisers,Fertilizers,
KRISHIVAL,Food Processing & Beverages,Other Food Products,
KRISHNADEF,Defence & Aerospace,Aerospace & Defense,
KRITIKA,Metals & Steel,Iron & Steel Products,
ITL,Capital Goods & Engineering,Industrial Products,
KRITINUT,Food Processing & Beverages,Edible Oil,
KRN,Capital Goods & Engineering,Other Industrial Products,
KRONOX,Chemicals & Fertilisers,Specialty Chemicals,
KROSS,Automobile,Auto Components & Equipments,
KSE,Agriculture,Animal Feed,
KRSNAA,Healthcare,Healthcare Service Provider,
KRYSTAL,Consulting & Professional Services,Diversified Commercial Services,
KSHINTL,Capital Goods & Engineering,Cables - Electricals,
KSHITIJPOL,Chemicals & Fertilisers,Printing Inks,
KSR,Import/Export Trading & SEZ/EOU,Trading & Distributors,
KSOLVES,IT/ITeS,Computers - Software & Consulting,
KUSUMGAR,Textiles & Apparel,Other Textile Products,
KWIL,"Fisheries, Dairy & Animal Husbandry",Dairy Products,
LADDERUP,NBFC,Non Banking Financial Company (NBFC),NBFC
LAGNAM,Textiles & Apparel,Other Textile Products,
LAKPRE,Automobile,Auto Components & Equipments,
LALITHAA,Gems & Jewellery,"Gems, Jewellery And Watches",
LAHOTIOV,Import/Export Trading & SEZ/EOU,Trading & Distributors,
LAKSHMIMIL,Textiles & Apparel,Other Textile Products,
LAL,Textiles & Apparel,Garments & Apparels,
LAMBODHARA,Textiles & Apparel,Other Textile Products,
LANCER,Logistics & Warehousing,Logistics Solution Provider,
LASERPOWER,Capital Goods & Engineering,Cables - Electricals,
LANDMARK,Automobile,Auto Dealer,
LATTEYS,Capital Goods & Engineering,"Compressors, Pumps & Diesel Engines",
LAXMIDENTL,Medical Devices,Medical Equipment & Supplies,
LAXMICOT,Textiles & Apparel,Other Textile Products,
LCCINFOTEC,Education,Education,
LAXMIINDIA,NBFC,Non Banking Financial Company (NBFC),NBFC
LCCPROJECT,Construction & Infrastructure,Civil Construction,
LCL,Capital Goods & Engineering,Industrial Products,
LEAPIND,Consulting & Professional Services,Diversified Commercial Services,
LEENEE,IT/ITeS,IT Enabled Services,
LEXUS,Consumer Durables & Appliances,"Furniture, Home Furnishing",
LEMERITE,Textiles & Apparel,Other Textile Products,
LGBBROSLTD,Automobile,Auto Components & Equipments,
LGHL,Gems & Jewellery,"Gems, Jewellery And Watches",
LIBAS,Textiles & Apparel,Garments & Apparels,
LIKHITHA,Construction & Infrastructure,Civil Construction,
LINC,"Paper, Packaging & Printing",Stationary,
LINCOLN,Pharma,Pharmaceuticals,
LKPSEC,Securities/Capital Markets,Stockbroking & Allied,SEC_BROKER
LLOYDSENGG,Capital Goods & Engineering,Industrial Products,
LODHA,Real Estate,"Residential, Commercial Projects",
LORDSCHLO,Chemicals & Fertilisers,Commodity Chemicals,
LOTUSDEV,Real Estate,"Residential, Commercial Projects",
LOTUSEYE,Healthcare,Hospital,
LOVABLE,Textiles & Apparel,Garments & Apparels,
LOYALTEX,Textiles & Apparel,Other Textile Products,
LPDC,Real Estate,Real Estate related services,
LTM,IT/ITeS,Computers - Software & Consulting,
LUMINO,Capital Goods & Engineering,Cables - Electricals,
LTTS,IT/ITeS,IT Enabled Services,
LXCHEM,Chemicals & Fertilisers,Specialty Chemicals,
LYKALABS,Pharma,Pharmaceuticals,
MACPOWER,Capital Goods & Engineering,Industrial Products,
MADHAVIPL,Construction & Infrastructure,Civil Construction,
MADHAV,Cement & Building Materials,Granites & Marbles,
MADHUCON,Construction & Infrastructure,Civil Construction,
MAHAPEXLTD,NBFC,Other Financial Services,NBFC
MAHESHWARI,Diversified Conglomerates/Holding Companies,Diversified,
MAHLOG,Logistics & Warehousing,Logistics Solution Provider,
MAHSCOOTER,Securities/Capital Markets,Investment Company,SEC_AMC
MAJESAUT,Consulting & Professional Services,Diversified Commercial Services,
MAITHANALL,Metals & Steel,Ferro & Silica Manganese,
KANCOTEA,Agriculture,Tea & Coffee,
MAKERSL,Pharma,Pharmaceuticals,
MALUPAPER,"Paper, Packaging & Printing",Paper & Paper Products,
MANAKALUCO,Metals & Steel,Aluminium,
MANAKCOAT,Metals & Steel,Iron & Steel Products,
MAMATA,Capital Goods & Engineering,Industrial Products,
KARMAENG,Power,Power Generation,
MANBA,NBFC,Non Banking Financial Company (NBFC),NBFC
MANCREDIT,NBFC,Non Banking Financial Company (NBFC),NBFC
MANIKA,Chemicals & Fertilisers,Plastic Products - Industrial,
MANIPALHOS,Healthcare,Hospital,
MANOMAY,Textiles & Apparel,Other Textile Products,
MANORAMA,Food Processing & Beverages,Other Food Products,
MARALOVER,Textiles & Apparel,Other Textile Products,
MANORG,Chemicals & Fertilisers,Commodity Chemicals,
MANUGRAPH,Capital Goods & Engineering,Industrial Products,
MARATHON,Real Estate,"Residential, Commercial Projects",
MARSONS,Capital Goods & Engineering,Heavy Electrical Equipment,
MARKOLINES,Construction & Infrastructure,Civil Construction,
MASKINVEST,Securities/Capital Markets,Investment Company,SEC_AMC
MASTERTR,Securities/Capital Markets,Stockbroking & Allied,SEC_BROKER
MATRIMONY,E-commerce,Internet & Catalogue Retail,
MAWANASUG,Food Processing & Beverages,Sugar,
MAXESTATES,Real Estate,"Residential, Commercial Projects",
MAXIND,Diversified Conglomerates/Holding Companies,Holding Company,
MAZDA,Capital Goods & Engineering,Industrial Products,
MBAPL,Chemicals & Fertilisers,Fertilizers,
MBECL,Construction & Infrastructure,Civil Construction,
MBEL,Construction & Infrastructure,Civil Construction,
MCCHRLS-B,Hospitality & Tourism,Hotels & Resorts,
MBLINFRA,Construction & Infrastructure,Civil Construction,
MCL,Metals & Steel,"Aluminium, Copper & Zinc Products",
MCLOUD,IT/ITeS,Computers - Software & Consulting,
MEDIASSIST,Insurance,Insurance Distributors,INS_BROKER
MEDICAPQ,Pharma,Pharmaceuticals,
MEDICAMEQ,Pharma,Pharmaceuticals,
MEDICO,Pharma,Pharmaceuticals,
MEDPLUS,Retail,Pharmacy Retail,
MEGASTAR,Food Processing & Beverages,Other Food Products,
MERCANTILE,Consulting & Professional Services,Diversified Commercial Services,
MEIL,Capital Goods & Engineering,Other Electrical Equipment,
MEP,Roads & Highways,"Road AssetsToll, Annuity, Hybrid-Annuity",
MERCURYEV,Automobile,Passenger Cars & Utility Vehicles,
METROGLOBL,Import/Export Trading & SEZ/EOU,Trading & Distributors,
MHLXMIRU,Textiles & Apparel,Other Textile Products,
MICEL,Capital Goods & Engineering,Other Industrial Products,
MIDWESTLTD,Cement & Building Materials,Granites & Marbles,
MILKYMIST,"Fisheries, Dairy & Animal Husbandry",Dairy Products,
MINALIND,Import/Export Trading & SEZ/EOU,Trading & Distributors,
MIIL,Real Estate,"Residential, Commercial Projects",
MIRZAINT,Leather & Footwear,Leather And Leather Products,
MINDTECK,IT/ITeS,Computers - Software & Consulting,
MITTAL,Textiles & Apparel,Garments & Apparels,
MITCON,Consulting & Professional Services,Consulting Services,
MKEXIM,Import/Export Trading & SEZ/EOU,Distributors,
MKPL,Food Processing & Beverages,Edible Oil,
MMP,Metals & Steel,Aluminium,
MMWL,Media & Entertainment,"Film Production, Distribution & Exhibition",
MLKFOOD,"Fisheries, Dairy & Animal Husbandry",Dairy Products,
MODIS,Real Estate,"Residential, Commercial Projects",
MODINATUR,Agriculture,Other Agricultural Products,
MOHITE,Textiles & Apparel,Other Textile Products,
MOHITIND,Textiles & Apparel,Other Textile Products,
MODTHREAD,Textiles & Apparel,Other Textile Products,
MOKSH,Gems & Jewellery,"Gems, Jewellery And Watches",
MOLBIO,Medical Devices,Medical Equipment & Supplies,
MOMSBELIEF,Healthcare,Hospital,
MONEYBOXX,NBFC,Non Banking Financial Company (NBFC),NBFC
MOTISONS,Gems & Jewellery,"Gems, Jewellery And Watches",
MOSCHIP,Electronics & Semiconductors,Computers Hardware & Equipments,
MPDL,Real Estate,"Residential, Commercial Projects",
MOTOGENFIN,Consulting & Professional Services,Diversified Commercial Services,
MPIMANIPAL,Payments & Fintech,Financial Technology (Fintech),DIGITAL_LENDING
MSL,Agriculture,Other Agricultural Products,
MTEDUCARE,Education,Education,
MUFIN,NBFC,Non Banking Financial Company (NBFC),NBFC
MUKESHB,NBFC,Non Banking Financial Company (NBFC),NBFC
MUFTI,Retail,Speciality Retail,
MUKTAARTS,Media & Entertainment,"Film Production, Distribution & Exhibition",
MVELECTRO,Capital Goods & Engineering,Industrial Products,
MURUDCERA,Cement & Building Materials,Ceramics,
MWL,Metals & Steel,Trading - Metals,
MYSORPETRO,Chemicals & Fertilisers,Trading - Chemicals,
NACLIND,Chemicals & Fertilisers,Pesticides & Agrochemicals,
NAHARPOLY,"Paper, Packaging & Printing",Packaging,
NAGREEKCAP,Securities/Capital Markets,Investment Company,SEC_AMC
NARMADA,Agriculture,Animal Feed,
NATCAPSUQ,Pharma,Pharmaceuticals,
NATIONSTD,Real Estate,"Residential, Commercial Projects",
NATHBIOGEN,Agriculture,Other Agricultural Products,
NAVA,Power,Power Generation,
NAVNETEDUL,"Paper, Packaging & Printing",Stationary,
NAVKARURB,Construction & Infrastructure,Civil Construction,
LANDSMILL,Import/Export Trading & SEZ/EOU,Trading & Distributors,
NBIFIN,NBFC,Non Banking Financial Company (NBFC),NBFC
NCLIND,Cement & Building Materials,Cement & Cement Products,
NDGL,NBFC,Non Banking Financial Company (NBFC),NBFC
NDL,Textiles & Apparel,Other Textile Products,
NDLVENTURE,NBFC,Other Financial Services,NBFC
NDRAUTO,Automobile,Auto Components & Equipments,
NEAGI,Agriculture,Tea & Coffee,
NDTV,Media & Entertainment,TV Broadcasting & Software Production,
NEPHROPLUS,Healthcare,Healthcare Service Provider,
NEUEON,Capital Goods & Engineering,Heavy Electrical Equipment,
NEXTMEDIA,Media & Entertainment,Media & Entertainment,
NGIL,Food Processing & Beverages,Packaged Foods,
NIBE,Defence & Aerospace,Aerospace & Defense,
NICCOPAR,Hospitality & Tourism,Amusement Parks/ Other Recreation,
NILASPACES,Real Estate,"Residential, Commercial Projects",
NILE,Coal & Mining,Industrial Minerals,
NIMBSPROJ,Real Estate,"Residential, Commercial Projects",
NIBL,Capital Goods & Engineering,Abrasives & Bearings,
NIRAJ,Construction & Infrastructure,Civil Construction,
NIRAJISPAT,Consumer Durables & Appliances,Plastic Products - Consumer,
NIPPOBATRY,FMCG,Household Products,
NITCO,Cement & Building Materials,Ceramics,
NINSYS,IT/ITeS,Computers - Software & Consulting,
NKIND,Food Processing & Beverages,Edible Oil,
NOIDATOLL,Roads & Highways,"Road AssetsToll, Annuity, Hybrid-Annuity",
NITIRAJ,Consumer Durables & Appliances,Consumer Electronics,
NORBTEAEXP,Agriculture,Tea & Coffee,
NOVAAGRI,Chemicals & Fertilisers,Fertilizers,
NRL,Metals & Steel,Trading - Metals,
NPST,Payments & Fintech,Financial Technology (Fintech),DIGITAL_LENDING
NRAIL,"Paper, Packaging & Printing",Paper & Paper Products,
NSIL,Securities/Capital Markets,Investment Company,SEC_AMC
NTCIND,FMCG,Cigarettes & Tobacco Products,
OAL,Chemicals & Fertilisers,Specialty Chemicals,
OBCL,Logistics & Warehousing,Logistics Solution Provider,
OCCLLTD,Chemicals & Fertilisers,Commodity Chemicals,
ODIGMA,IT/ITeS,IT Enabled Services,
NURECA,Medical Devices,Medical Equipment & Supplies,
OMAXAUTO,Automobile,Auto Components & Equipments,
OMFREIGHT,Logistics & Warehousing,Logistics Solution Provider,
OMINFRAL,Construction & Infrastructure,Civil Construction,
ODYCORP,NBFC,Non Banking Financial Company (NBFC),NBFC
OMNI,Capital Goods & Engineering,Industrial Products,
OMPOWER,Construction & Infrastructure,Civil Construction,
ONEGLOBAL,Healthcare,Healthcare Service Provider,
ONELIFECAP,Securities/Capital Markets,Stockbroking & Allied,SEC_BROKER
ONEPOINT,IT/ITeS,Business Process Outsourcing (BPO)/ Knowledge Process Outsourcing (KPO),
ONESOURCE,Pharma,Pharmaceuticals,
ONIDA,Consumer Durables & Appliances,Consumer Electronics,
ONIXSOLAR,Metals & Steel,Copper,
OPTIFIN,NBFC,Non Banking Financial Company (NBFC),NBFC
ORBTEXP,Textiles & Apparel,Other Textile Products,
ORCHASP,IT/ITeS,Computers - Software & Consulting,
ORCHPHARMA,Pharma,Pharmaceuticals,
ORIENTALTL,Cement & Building Materials,Granites & Marbles,
ORIENTCEM,Cement & Building Materials,Cement & Cement Products,
ORIENTLTD,"Paper, Packaging & Printing",Packaging,
ORIENTCER,Metals & Steel,Electrodes & Refractories,
ORIENTPPR,"Paper, Packaging & Printing",Paper & Paper Products,
ORIENTTECH,IT/ITeS,IT Enabled Services,
ORKLAINDIA,Food Processing & Beverages,Other Food Products,
ORIRAIL,Capital Goods & Engineering,Other Industrial Products,
ORTINGLOBE,Pharma,Pharmaceuticals,
OSIAHYPER,Retail,Diversified Retail,
OSWALGREEN,Securities/Capital Markets,Investment Company,SEC_AMC
OSWALPUMPS,Capital Goods & Engineering,"Compressors, Pumps & Diesel Engines",
OSWALAGRO,Import/Export Trading & SEZ/EOU,Trading & Distributors,
OSWALSEEDS,Agriculture,Other Agricultural Products,
PACEDIGITK,Telecom,Telecom - Infrastructure,
PACIFICI,Cement & Building Materials,Granites & Marbles,
PALASHSECU,Food Processing & Beverages,Packaged Foods,
PAKKA,"Paper, Packaging & Printing",Paper & Paper Products,
PANACHE,IT/ITeS,IT Enabled Services,
PALREDTEC,IT/ITeS,IT Enabled Services,
PANCHMAHQ,Metals & Steel,Iron & Steel Products,
PANORAMA,Media & Entertainment,"Film Production, Distribution & Exhibition",
PANSARI,Real Estate,"Residential, Commercial Projects",
PAR,Pharma,Pharmaceuticals,
PARACABLES,Capital Goods & Engineering,Cables - Electricals,
PARASPETRO,Securities/Capital Markets,Investment Company,SEC_AMC
PARIN,Consumer Durables & Appliances,"Furniture, Home Furnishing",
PARKHOSPS,Healthcare,Hospital,
PARNAXLAB,Pharma,Pharmaceuticals,
PARKHOTELS,Hospitality & Tourism,Hotels & Resorts,
PASUPTAC,Chemicals & Fertilisers,Petrochemicals,
PASHUPATI,Textiles & Apparel,Other Textile Products,
PATELRMART,Retail,Diversified Retail,
PAUSHAKLTD,Chemicals & Fertilisers,Specialty Chemicals,
PATINTLOG,Logistics & Warehousing,Logistics Solution Provider,
PAVNAIND,Automobile,Auto Components & Equipments,
PCBL,Chemicals & Fertilisers,Carbon Black,
PBMPOLY,Textiles & Apparel,Other Textile Products,
PDMJEPAPER,"Paper, Packaging & Printing",Paper & Paper Products,
PCJEWELLER,Gems & Jewellery,"Gems, Jewellery And Watches",
PEARLPOLY,Consumer Durables & Appliances,Plastic Products - Consumer,
MUKKA,Agriculture,Animal Feed,
PERNIASPOP,Retail,Speciality Retail,
PENINLAND,Real Estate,"Residential, Commercial Projects",
PERMAGN,Capital Goods & Engineering,Other Electrical Equipment,
MVGJL,Gems & Jewellery,"Gems, Jewellery And Watches",
PFOCUS,Media & Entertainment,Media & Entertainment,
PGEL,Consumer Durables & Appliances,Consumer Electronics,
PHOENXINTL,Consulting & Professional Services,Diversified Commercial Services,
PICCADIL,Food Processing & Beverages,Breweries & Distilleries,
PIGL,Capital Goods & Engineering,Other Electrical Equipment,
PILANIINVS,Securities/Capital Markets,Investment Company,SEC_AMC
PILITA,Consumer Durables & Appliances,Plastic Products - Consumer,
PIONEEREMB,Textiles & Apparel,Other Textile Products,
PIONRINV,NBFC,Other Financial Services,NBFC
PKTEA,Agriculture,Tea & Coffee,
PLAZACABLE,Capital Goods & Engineering,Cables - Electricals,
PLATIND,Chemicals & Fertilisers,Specialty Chemicals,
PML,NBFC,Other Financial Services,NBFC
PNC,Media & Entertainment,"Film Production, Distribution & Exhibition",
PNGJL,Gems & Jewellery,"Gems, Jewellery And Watches",
PNGSREVA,Gems & Jewellery,"Gems, Jewellery And Watches",
PODDARMENT,Chemicals & Fertilisers,Dyes And Pigments,
POCL,Metals & Steel,Diversified Metals,
POEL,Chemicals & Fertilisers,Commodity Chemicals,
NECCLTD,Logistics & Warehousing,Logistics Solution Provider,
POLYSPIN,"Paper, Packaging & Printing",Packaging,
POLYMED,Medical Devices,Medical Equipment & Supplies,
PONNIERODE,Food Processing & Beverages,Sugar,
POWERICA,Capital Goods & Engineering,Heavy Electrical Equipment,
PPAP,Automobile,Auto Components & Equipments,
PRADPME,Automobile,Auto Components & Equipments,
PRAENG,Real Estate,"Residential, Commercial Projects",
PPL,Chemicals & Fertilisers,Plastic Products - Industrial,
PRABHA,Oil & Gas,Oil Exploration & Production,
PRAKASHSTL,Metals & Steel,Iron & Steel Products,
PRANAV,Real Estate,"Residential, Commercial Projects",
PRASOLCHEM,Chemicals & Fertilisers,Specialty Chemicals,
PRAVEG,Hospitality & Tourism,Hotels & Resorts,
PRAXIS,Retail,Speciality Retail,
PRECAM,Automobile,Auto Components & Equipments,
PRECOT,Textiles & Apparel,Other Textile Products,
PREMIER,Capital Goods & Engineering,Industrial Products,
PRIMO,Chemicals & Fertilisers,Commodity Chemicals,
PRIMESECU,NBFC,Other Financial Services,NBFC
PRIORITY,Gems & Jewellery,"Gems, Jewellery And Watches",
PREMCO,Textiles & Apparel,Other Textile Products,
PREMIERPOL,Chemicals & Fertilisers,Plastic Products - Industrial,
PRITI,Consumer Durables & Appliances,"Furniture, Home Furnishing",
PRISMX,Import/Export Trading & SEZ/EOU,Trading & Distributors,
PRITIKAUTO,Automobile,Auto Components & Equipments,
PRIVISCL,Chemicals & Fertilisers,Specialty Chemicals,
PROSTARM,Capital Goods & Engineering,Other Electrical Equipment,
PROZONER,Real Estate,"Residential, Commercial Projects",
PRUDMOULI,Food Processing & Beverages,Sugar,
PTCIL,Metals & Steel,Castings & Forgings,
PTL,Consulting & Professional Services,Diversified Commercial Services,
PUNJABCHEM,Chemicals & Fertilisers,Pesticides & Agrochemicals,
PVSL,Automobile,Auto Dealer,
PWL,Education,E-Learning,
PVP,Real Estate,"Residential, Commercial Projects",
PYRAMID,"Paper, Packaging & Printing",Packaging,
QMSMEDI,Medical Devices,Medical Equipment & Supplies,
QPOWER,Capital Goods & Engineering,Heavy Electrical Equipment,
QUADFUTURE,Capital Goods & Engineering,Cables - Electricals,
QUESS,Consulting & Professional Services,Diversified Commercial Services,
QUINTEGRA,IT/ITeS,Computers - Software & Consulting,
QUINT,Media & Entertainment,Electronic Media,
QUICKHEAL,IT/ITeS,Software Products,
RACE,"Water, Waste Management & Environmental Services",Waste Management,
RACLGEAR,Automobile,Auto Components & Equipments,
RADAAN,Media & Entertainment,Media & Entertainment,
RADIANTCMS,Consulting & Professional Services,Diversified Commercial Services,
RAJMET,Metals & Steel,"Aluminium, Copper & Zinc Products",
RADHIKAJWE,Gems & Jewellery,"Gems, Jewellery And Watches",
RAJPALAYAM,Textiles & Apparel,Other Textile Products,
RAJRILTD,Textiles & Apparel,Other Textile Products,
RAJSREESUG,Food Processing & Beverages,Sugar,
RAJTV,Media & Entertainment,TV Broadcasting & Software Production,
RAMANEWS,"Paper, Packaging & Printing",Paper & Paper Products,
RAMAPHO,Chemicals & Fertilisers,Fertilizers,
RAMBHAJO,Gems & Jewellery,"Gems, Jewellery And Watches",
RAMRAT,Capital Goods & Engineering,Other Electrical Equipment,
RAMASTEEL,Metals & Steel,Iron & Steel Products,
RANASUG,Food Processing & Beverages,Sugar,
RATEGAIN,IT/ITeS,Computers - Software & Consulting,
RAYMONDLSL,Textiles & Apparel,Other Textile Products,
RBZJEWEL,Gems & Jewellery,"Gems, Jewellery And Watches",
REDTAPE,Leather & Footwear,Footwear,
RBA,Hospitality & Tourism,Restaurants,
REGAAL,Agriculture,Other Agricultural Products,
REGENCERAM,Cement & Building Materials,Ceramics,
RELCHEMQ,Textiles & Apparel,Other Textile Products,
RELIABLE,NBFC,Other Financial Services,NBFC
RELINFRA,Power,Integrated Power Utilities,
RENTOMOJO,E-commerce,E-Retail/ E-Commerce,
RESPONIND,Consumer Durables & Appliances,"Furniture, Home Furnishing",
RETAIL,Retail,Diversified Retail,
RGL,Gems & Jewellery,"Gems, Jewellery And Watches",
RHETAN,Metals & Steel,Iron & Steel Products,
RHFL,NBFC,Housing Finance Company,HFC
RHIM,Metals & Steel,Electrodes & Refractories,
RHL,Hospitality & Tourism,Hotels & Resorts,
RIIL,Logistics & Warehousing,Logistics Solution Provider,
RIR,Capital Goods & Engineering,Other Electrical Equipment,
PDSL,Textiles & Apparel,Trading - Textile Products,
RISHABH,Capital Goods & Engineering,Other Electrical Equipment,
RITCO,Logistics & Warehousing,Logistics Solution Provider,
RKDL,Food Processing & Beverages,Breweries & Distilleries,
RKEC,Construction & Infrastructure,Civil Construction,
RKSWAMY,Media & Entertainment,Advertising & Media Agencies,
RMC,Capital Goods & Engineering,Other Electrical Equipment,
RMDRIP,Chemicals & Fertilisers,Plastic Products - Industrial,
RML,Automobile,Auto Components & Equipments,
PLASTIBLEN,Chemicals & Fertilisers,Specialty Chemicals,
ROLLT,"Paper, Packaging & Printing",Packaging,
RNBDENIMS,Textiles & Apparel,Other Textile Products,
ROML,Food Processing & Beverages,Edible Oil,
ROSSTECH,Defence & Aerospace,Aerospace & Defense,
ROSSELLIND,Agriculture,Tea & Coffee,
ROTO,Capital Goods & Engineering,"Compressors, Pumps & Diesel Engines",
RPEL,Metals & Steel,Electrodes & Refractories,
RPGLIFE,Pharma,Pharmaceuticals,
RPOWER,Power,Power Generation,
RPPINFRA,Construction & Infrastructure,Civil Construction,
RPPL,"Paper, Packaging & Printing",Packaging,
RPTECH,Electronics & Semiconductors,Computers Hardware & Equipments,
RRECL,Real Estate,"Residential, Commercial Projects",
RRIL,Textiles & Apparel,Other Textile Products,
RRKABEL,Capital Goods & Engineering,Cables - Electricals,
RSDFIN,NBFC,Non Banking Financial Company (NBFC),NBFC
RSL,Metals & Steel,Iron & Steel Products,
RSSOFTWARE,IT/ITeS,Computers - Software & Consulting,
RSYSTEMS,IT/ITeS,IT Enabled Services,
RTSPOWR,Capital Goods & Engineering,Other Electrical Equipment,
RUBFILA,Automobile,Rubber,
RUBICON,Pharma,Pharmaceuticals,
RUBYMILLS,Textiles & Apparel,Other Textile Products,
RUCHINFRA,Consulting & Professional Services,Diversified Commercial Services,
RUDRA,Metals & Steel,Iron & Steel Products,
RUSTOMJEE,Real Estate,"Residential, Commercial Projects",
RVHL,Real Estate,"Residential, Commercial Projects",
RVTH,Capital Goods & Engineering,Industrial Products,
SAATVIKGL,Capital Goods & Engineering,Other Electrical Equipment,
S&SPOWER,Capital Goods & Engineering,Other Electrical Equipment,
SAB,Construction & Infrastructure,Civil Construction,
SADBHIN,Construction & Infrastructure,Civil Construction,
SAGARDEEP,Metals & Steel,"Aluminium, Copper & Zinc Products",
SADHNANIQ,Chemicals & Fertilisers,Commodity Chemicals,
SAGILITY,IT/ITeS,IT Enabled Services,
SAICAPI,Consulting & Professional Services,Diversified Commercial Services,
SAHLIBHFI,NBFC,Non Banking Financial Company (NBFC),NBFC
SAHYADRI,Cement & Building Materials,Other Construction Materials,
SAIPARENT,Pharma,Pharmaceuticals,
SAILIFE,Pharma,Pharmaceuticals,
SAKUMA,Import/Export Trading & SEZ/EOU,Trading & Distributors,
SAKAR,Pharma,Pharmaceuticals,
SALONA,Textiles & Apparel,Other Textile Products,
SALASAR,Capital Goods & Engineering,Industrial Products,
SAMBANDAM,Textiles & Apparel,Other Textile Products,
SAMBHAAV,Media & Entertainment,Electronic Media,
SAMHI,Hospitality & Tourism,Hotels & Resorts,
RCOM,Telecom,Telecom - Cellular & Fixed line services,
SAMPANN,Automobile,Rubber,
SANATHAN,Textiles & Apparel,Other Textile Products,
SANDESH,Media & Entertainment,Print Media,
SANDUMA,Metals & Steel,Iron & Steel,
RELTD,Capital Goods & Engineering,Other Electrical Equipment,
SANGAMIND,Textiles & Apparel,Other Textile Products,
REMSONSIND,Automobile,Auto Components & Equipments,
REPL,Construction & Infrastructure,Civil Construction,
SANOFICONR,Pharma,Pharmaceuticals,
SANSTAR,Agriculture,Other Agricultural Products,
SAPPL,"Paper, Packaging & Printing",Paper & Paper Products,
SANWARIA,Food Processing & Beverages,Other Food Products,
SARLAPOLY,Textiles & Apparel,Other Textile Products,
SARVESHWAR,Agriculture,Other Agricultural Products,
SATIA,"Paper, Packaging & Printing",Paper & Paper Products,
SAURASHCEM,Cement & Building Materials,Cement & Cement Products,
SAYAJIHOTL,Hospitality & Tourism,Hotels & Resorts,
SAYAJIIND,Agriculture,Other Agricultural Products,
SBC,Textiles & Apparel,Garments & Apparels,
SBGLP,Real Estate,"Residential, Commercial Projects",
SBCL,Metals & Steel,Iron & Steel Products,
SCANSTL,Metals & Steel,Iron & Steel,
SCILAL,Securities/Capital Markets,Investment Company,SEC_AMC
SCODATUBES,Metals & Steel,Iron & Steel Products,
SCPL,"Fisheries, Dairy & Animal Husbandry",Dairy Products,
SECMARK,IT/ITeS,Computers - Software & Consulting,
SDBL,Food Processing & Beverages,Breweries & Distilleries,
SEDEMAC,Automobile,Auto Components & Equipments,
SECURKLOUD,IT/ITeS,IT Enabled Services,
SEKURITIND,Automobile,Auto Components & Equipments,
SEIL,Education,Education,
SEJALLTD,Capital Goods & Engineering,Glass - Industrial,
SEMAC,Construction & Infrastructure,Civil Construction,
SENORES,Pharma,Pharmaceuticals,
SESHAPAPER,"Paper, Packaging & Printing",Paper & Paper Products,
SERVOTECH,Capital Goods & Engineering,Other Electrical Equipment,
SETCO,Automobile,Auto Components & Equipments,
SETL,Capital Goods & Engineering,Industrial Products,
SETUINFRA,Construction & Infrastructure,Civil Construction,
SEYAIND,Chemicals & Fertilisers,Specialty Chemicals,
SFL,Consumer Durables & Appliances,"Furniture, Home Furnishing",
SGL,Textiles & Apparel,Other Textile Products,
SGFIN,NBFC,Non Banking Financial Company (NBFC),NBFC
SGIL,Metals & Steel,Castings & Forgings,
SHADOWFAX,Logistics & Warehousing,Logistics Solution Provider,
SGLRES,IT/ITeS,IT Enabled Services,
SGMART,Metals & Steel,Trading - Metals,
SGRL,Pharma,Pharmaceuticals,
SHAH,Metals & Steel,Iron & Steel Products,
SHAHALLOYS,Metals & Steel,Iron & Steel Products,
SHANKESH,Gems & Jewellery,"Gems, Jewellery And Watches",
SHANTI,Food Processing & Beverages,Edible Oil,
SHAILY,Consumer Durables & Appliances,Plastic Products - Consumer,
SHALPAINTS,Chemicals & Fertilisers,Paints,
SHANTIGOLD,Gems & Jewellery,"Gems, Jewellery And Watches",
SHEKHAWATI,Textiles & Apparel,Other Textile Products,
SHARDUL,Securities/Capital Markets,Stockbroking & Allied,SEC_BROKER
SHBAJRG,Metals & Steel,Iron & Steel Products,
SHEMAROO,Media & Entertainment,Media & Entertainment,
SHERVANI,Real Estate,"Residential, Commercial Projects",
SHILCTECH,Capital Goods & Engineering,Other Electrical Equipment,
SHIVAAGRO,Chemicals & Fertilisers,Fertilizers,
SHILGRAVQ,Metals & Steel,"Aluminium, Copper & Zinc Products",
SHINDL,"Fisheries, Dairy & Animal Husbandry",Seafood,
SHIVACEM,Cement & Building Materials,Cement & Cement Products,
SHIVALIK,Chemicals & Fertilisers,Pesticides & Agrochemicals,
SHIVAMAUTO,Automobile,Auto Components & Equipments,
SHIVAMILLS,Textiles & Apparel,Other Textile Products,
SHIVAUM,Import/Export Trading & SEZ/EOU,Trading & Distributors,
SHRADHA,Real Estate,"Residential, Commercial Projects",
SHREEJISPG,Shipping/Ports,Shipping,
SHREEPUSHK,Chemicals & Fertilisers,Dyes And Pigments,
SHREERAMA,"Paper, Packaging & Printing",Packaging,
SHREYANIND,"Paper, Packaging & Printing",Paper & Paper Products,
SHRIKRISH,Real Estate,"Residential, Commercial Projects",
SHRINGARMS,Gems & Jewellery,"Gems, Jewellery And Watches",
SHRIRAMPPS,Real Estate,"Residential, Commercial Projects",
SALSTEEL,Metals & Steel,Sponge Iron,
SHRJAGP,"Paper, Packaging & Printing",Packaging,
SAMBHV,Metals & Steel,Iron & Steel Products,
SHUKRAPHAR,Pharma,Pharmaceuticals,
SHYAMCENT,Metals & Steel,Ferro & Silica Manganese,
SHYAMTEL,Import/Export Trading & SEZ/EOU,Trading & Distributors,
SICAGEN,Import/Export Trading & SEZ/EOU,Trading & Distributors,
SICALLOG,Logistics & Warehousing,Logistics Solution Provider,
SIEL,Food Processing & Beverages,Edible Oil,
SIGACHI,Pharma,Pharmaceuticals,
SIGIND,Import/Export Trading & SEZ/EOU,Trading & Distributors,
SIGMAADV,Defence & Aerospace,Aerospace & Defense,
SIGMA,IT/ITeS,IT Enabled Services,
SIGNPOST,Media & Entertainment,Advertising & Media Agencies,
SIKA,Defence & Aerospace,Aerospace & Defense,
SIL,Real Estate,Real Estate related services,
SIKKO,Chemicals & Fertilisers,Pesticides & Agrochemicals,
SILGO,Gems & Jewellery,"Gems, Jewellery And Watches",
SILINV,Securities/Capital Markets,Investment Company,SEC_AMC
SCHAND,"Paper, Packaging & Printing",Printing & Publication,
SILVERTUC,IT/ITeS,Computers - Software & Consulting,
SIMBHALS,Food Processing & Beverages,Sugar,
SIMPLXREA,Real Estate,"Residential, Commercial Projects",
SINCLAIR,Hospitality & Tourism,Hotels & Resorts,
SINDHUTRAD,Coal & Mining,Coal,
SINGERIND,Consumer Durables & Appliances,Household Appliances,
SINTERCOM,Automobile,Auto Components & Equipments,
SIRCA,Chemicals & Fertilisers,Paints,
SIS,Hospitality & Tourism,Other Consumer Services,
SITINET,Media & Entertainment,TV Broadcasting & Software Production,
SJS,Automobile,Auto Components & Equipments,
SKFINDUS,Capital Goods & Engineering,Abrasives & Bearings,
SKIPPER,Capital Goods & Engineering,Heavy Electrical Equipment,
SKMEGGPROD,Food Processing & Beverages,Meat Products including Poultry,
SKYWAYS,Logistics & Warehousing,Logistics Solution Provider,
SKYGOLD,Gems & Jewellery,"Gems, Jewellery And Watches",
SMARTLINK,Electronics & Semiconductors,Computers Hardware & Equipments,
SMARTWORKS,Consulting & Professional Services,Diversified Commercial Services,
SMLT,Metals & Steel,Iron & Steel Products,
SMLMAH,Automobile,Commercial Vehicles,
SMSPHARMA,Pharma,Pharmaceuticals,
SOFTTECH,IT/ITeS,Computers - Software & Consulting,
SOLARWORLD,Construction & Infrastructure,Civil Construction,
SOLEX,Capital Goods & Engineering,Other Electrical Equipment,
SOMICONVEY,Capital Goods & Engineering,Industrial Products,
SONA,Textiles & Apparel,Other Textile Products,
SONAL,NBFC,Non Banking Financial Company (NBFC),NBFC
SOUTHWEST,Consulting & Professional Services,Diversified Commercial Services,
SHIVATEX,Textiles & Apparel,Other Textile Products,
SPCENET,Import/Export Trading & SEZ/EOU,Trading & Distributors,
SHK,Chemicals & Fertilisers,Specialty Chemicals,
SHRADDHA,Real Estate,"Residential, Commercial Projects",
SPECIALITY,Hospitality & Tourism,Restaurants,
SPIC,Chemicals & Fertilisers,Fertilizers,
SPECTRUM,Capital Goods & Engineering,Industrial Products,
SPLIL,Textiles & Apparel,Trading - Textile Products,
SPMLINFRA,Construction & Infrastructure,Civil Construction,
SRD,Chemicals & Fertilisers,Trading - Chemicals,
SPORTKING,Textiles & Apparel,Other Textile Products,
SREEL,Leather & Footwear,Footwear,
SHRENIK,"Paper, Packaging & Printing",Paper & Paper Products,
SRGHFL,NBFC,Housing Finance Company,HFC
SRHHYPOLTD,Chemicals & Fertilisers,Commodity Chemicals,
SRIKPRIND,Chemicals & Fertilisers,Plastic Products - Industrial,
SRM,Construction & Infrastructure,Civil Construction,
SRTL,Textiles & Apparel,Other Textile Products,
SSDL,Textiles & Apparel,Garments & Apparels,
SSRETAIL,Retail,Speciality Retail,
STALLION,Chemicals & Fertilisers,Industrial Gases,
STARTECK,NBFC,Non Banking Financial Company (NBFC),NBFC
STANLEY,Consumer Durables & Appliances,"Furniture, Home Furnishing",
STARPAPER,"Paper, Packaging & Printing",Paper & Paper Products,
STEAMHOUSE,Chemicals & Fertilisers,Industrial Gases,
STEELCITY,Securities/Capital Markets,Stockbroking & Allied,SEC_BROKER
STEL,Securities/Capital Markets,Investment Company,SEC_AMC
STEELXIND,Metals & Steel,Iron & Steel Products,
STLSTRINF,Real Estate,"Residential, Commercial Projects",
STERTOOLS,Automobile,Auto Components & Equipments,
STLNETWORK,Telecom,Other Telecom Services,
STUDDS,Automobile,Auto Components & Equipments,
STOVEKRAFT,Consumer Durables & Appliances,Household Appliances,
STYL,Payments & Fintech,Financial Technology (Fintech),DIGITAL_LENDING
STYLEBAAZA,Retail,Speciality Retail,
STYRENIX,Chemicals & Fertilisers,Specialty Chemicals,
SUDEEPPHRM,Pharma,Pharmaceuticals,
SUDARCOLOR,Chemicals & Fertilisers,Dyes And Pigments,
SUDARSCHEM,Chemicals & Fertilisers,Dyes And Pigments,
SUMEDHA,NBFC,Other Financial Services,NBFC
SULA,Food Processing & Beverages,Breweries & Distilleries,
SUMIT,Real Estate,"Residential, Commercial Projects",
SUMMITSEC,Securities/Capital Markets,Investment Company,SEC_AMC
SUMEETINDS,Textiles & Apparel,Other Textile Products,
SUNCLAY,Automobile,Auto Components & Equipments,
SUNDARAM,"Paper, Packaging & Printing",Stationary,
SUNDRMBRAK,Automobile,Auto Components & Equipments,
SUNLOC,Pharma,Pharmaceuticals,
SUNDROP,Food Processing & Beverages,Packaged Foods,
SUNSHIEL,Chemicals & Fertilisers,Specialty Chemicals,
SUNRAKSHAK,Textiles & Apparel,Other Textile Products,
SUNSHINE,Media & Entertainment,"Film Production, Distribution & Exhibition",
SUPERHOUSE,Leather & Footwear,Leather And Leather Products,
SUPERSPIN,Textiles & Apparel,Other Textile Products,
SUPRAJIT,Automobile,Auto Components & Equipments,
SUPREME,Real Estate,"Residential, Commercial Projects",
SUPTANERY,Leather & Footwear,Leather And Leather Products,
SUPREMEINF,Construction & Infrastructure,Civil Construction,
SURAJEST,Real Estate,"Residential, Commercial Projects",
SURAJLTD,Metals & Steel,Iron & Steel Products,
SURAKSHA,Healthcare,Healthcare Service Provider,
SURANAT&P,Power,Power Generation,
SURANASOL,Capital Goods & Engineering,Heavy Electrical Equipment,
SURYALA,Textiles & Apparel,Other Textile Products,
SURYALAXMI,Textiles & Apparel,Other Textile Products,
SUVEN,Healthcare,"Healthcare Research, Analytics & Technology",
SUYOG,Telecom,Telecom - Infrastructure,
SVPGLOB,Textiles & Apparel,Other Textile Products,
SWANDEF,Defence & Aerospace,Ship Building & Allied Services,
SWARAJ,Textiles & Apparel,Other Textile Products,
SWARNSAR,Gems & Jewellery,"Gems, Jewellery And Watches",
SOLARA,Pharma,Pharmaceuticals,
SOMATEX,Textiles & Apparel,Other Textile Products,
SWELECTES,Capital Goods & Engineering,Heavy Electrical Equipment,
SWISSMLTRY,Consumer Durables & Appliances,Diversified consumer products,
SYMBIOTEC,Pharma,Pharmaceuticals,
SYNCOMF,Pharma,Pharmaceuticals,
SYSTMTXC,Securities/Capital Markets,Stockbroking & Allied,SEC_BROKER
SONAMLTD,Consumer Durables & Appliances,Consumer Electronics,
TAALTECH,Aviation,Airline,
TAINWALCHM,Chemicals & Fertilisers,Plastic Products - Industrial,
TAKE,Healthcare,"Healthcare Research, Analytics & Technology",
TAJGVK,Hospitality & Tourism,Hotels & Resorts,
TAMBOLIIN,Diversified Conglomerates/Holding Companies,Holding Company,
TANAA,Defence & Aerospace,Aerospace & Defense,
TARAPUR,Capital Goods & Engineering,Heavy Electrical Equipment,
TARACHAND,Consulting & Professional Services,Diversified Commercial Services,
TARMAT,Construction & Infrastructure,Civil Construction,
TARSONS,Medical Devices,Medical Equipment & Supplies,
TASTYBITE,Food Processing & Beverages,Packaged Foods,
TBOTEK,Hospitality & Tourism,"Tour, Travel Related Services",
TBZ,Gems & Jewellery,"Gems, Jewellery And Watches",
TCC,E-commerce,Internet & Catalogue Retail,
TCIFINANCE,NBFC,Non Banking Financial Company (NBFC),NBFC
TCPLPACK,"Paper, Packaging & Printing",Packaging,
TEAMGTY,NBFC,Non Banking Financial Company (NBFC),NBFC
TECHNOCRAF,"Water, Waste Management & Environmental Services",Water Supply & Management,
TECHNVISN,IT/ITeS,Software Products,
TECILCHEM,Chemicals & Fertilisers,Commodity Chemicals,
TEGA,Capital Goods & Engineering,Industrial Products,
TEJASNET,Telecom,Telecom -  Equipment & Accessories,
TEMPSENS,Capital Goods & Engineering,Industrial Products,
TEMBO,Metals & Steel,Iron & Steel Products,
TENNIND,Automobile,Auto Components & Equipments,
TERAI,Agriculture,Tea & Coffee,
TERASOFT,IT/ITeS,IT Enabled Services,
TEXINFRA,Consulting & Professional Services,Diversified Commercial Services,
TFL,NBFC,Non Banking Financial Company (NBFC),NBFC
TEXMOPIPES,Chemicals & Fertilisers,Plastic Products - Industrial,
TGVSL,Chemicals & Fertilisers,Commodity Chemicals,
TGBHOTELS,Hospitality & Tourism,Hotels & Resorts,
THACKER,NBFC,Other Financial Services,NBFC
THAKDEV,Real Estate,"Residential, Commercial Projects",
THEINVEST,NBFC,Other Financial Services,NBFC
THEJO,Capital Goods & Engineering,Industrial Products,
THEMISMED,Pharma,Pharmaceuticals,
THOMASCOTT,Textiles & Apparel,Garments & Apparels,
THELEELA,Hospitality & Tourism,Hotels & Resorts,
THYROCARE,Healthcare,Healthcare Service Provider,
TICL,Construction & Infrastructure,Civil Construction,
TIJARIA,Chemicals & Fertilisers,Plastic Products - Industrial,
TIGERLOGS,Logistics & Warehousing,Logistics Solution Provider,
TIIL,Metals & Steel,Iron & Steel Products,
TIL,Automobile,Construction Vehicles,
TIPSFILMS,Media & Entertainment,"Film Production, Distribution & Exhibition",
TINNARUBR,Automobile,Rubber,
SUPREMEENG,Metals & Steel,Iron & Steel Products,
TIRUPATIFL,Metals & Steel,Castings & Forgings,
TNTELE,Telecom,Telecom -  Equipment & Accessories,
TMPV,Automobile,Passenger Cars & Utility Vehicles,
TOKYOPLAST,Consumer Durables & Appliances,Plastic Products - Consumer,
TOUCHWOOD,Hospitality & Tourism,Other Consumer Services,
TOTAL,Logistics & Warehousing,Logistics Solution Provider,
TOYAMSL,NBFC,Other Financial Services,NBFC
TPHQ,Construction & Infrastructure,Civil Construction,
SUVIDHAA,Payments & Fintech,Financial Technology (Fintech),DIGITAL_LENDING
TPLPLASTEH,"Paper, Packaging & Printing",Packaging,
TRACXN,Consulting & Professional Services,Data Processing Services,
TRANSCOR,NBFC,Other Financial Services,NBFC
SVGLOBAL,Real Estate,"Residential, Commercial Projects",
TRANSPEK,Chemicals & Fertilisers,Commodity Chemicals,
SVLL,Logistics & Warehousing,Logistics Solution Provider,
TRANSRAILL,Capital Goods & Engineering,Heavy Electrical Equipment,
TRAVELFOOD,Hospitality & Tourism,Restaurants,
TRANSWORLD,Shipping/Ports,Shipping,
TREJHARA,IT/ITeS,Computers - Software & Consulting,
TREEHOUSE,Education,Education,
TREL,Logistics & Warehousing,Logistics Solution Provider,
TRF,Capital Goods & Engineering,Industrial Products,
TRIGYN,IT/ITeS,Computers - Software & Consulting,
TRUALT,Agriculture,Other Agricultural Products,
TTKHLTCARE,Diversified Conglomerates/Holding Companies,Diversified,
TSFINV,Securities/Capital Markets,Investment Company,SEC_AMC
TRITONV,Automobile,Auto Components & Equipments,
TTL,Textiles & Apparel,Other Textile Products,
TRU,NBFC,Non Banking Financial Company (NBFC),NBFC
TURTLEMINT,Payments & Fintech,Financial Technology (Fintech),DIGITAL_LENDING
TUTIALKA,Chemicals & Fertilisers,Commodity Chemicals,
TVSHLTD,Securities/Capital Markets,Investment Company,SEC_AMC
TVVISION,Media & Entertainment,TV Broadcasting & Software Production,
TVSSCS,Logistics & Warehousing,Logistics Solution Provider,
UCAL,Automobile,Auto Components & Equipments,
UDAYJEW,Gems & Jewellery,"Gems, Jewellery And Watches",
UDS,Consulting & Professional Services,Diversified Commercial Services,
UEL,Power,Power Generation,
UFO,Media & Entertainment,"Film Production, Distribution & Exhibition",
UGARSUGAR,Food Processing & Beverages,Sugar,
UMAEXPORTS,Import/Export Trading & SEZ/EOU,Trading & Distributors,
UMIYA-MRO,Telecom,Telecom -  Equipment & Accessories,
UNIDT,Capital Goods & Engineering,Industrial Products,
UNIECOM,IT/ITeS,Software Products,
UNIENTER,Chemicals & Fertilisers,Trading - Chemicals,
UNIINFO,Telecom,Other Telecom Services,
UNIMECH,Defence & Aerospace,Aerospace & Defense,
UNITEDPOLY,Textiles & Apparel,Other Textile Products,
UNITEDTEA,Agriculture,Tea & Coffee,
UNIVASTU,Construction & Infrastructure,Civil Construction,
UNIVPHOTO,Consumer Durables & Appliances,Consumer Electronics,
UPHOT,Hospitality & Tourism,Hotels & Resorts,
URAVIDEF,Automobile,Auto Components & Equipments,
URBANCO,E-commerce,E-Retail/ E-Commerce,
URJA,Capital Goods & Engineering,Other Electrical Equipment,
USK,Construction & Infrastructure,Civil Construction,
UTLSOLAR,Capital Goods & Engineering,Other Electrical Equipment,
UTTAMSUGAR,Food Processing & Beverages,Sugar,
UYFINCORP,NBFC,Non Banking Financial Company (NBFC),NBFC
VADILENT,"Fisheries, Dairy & Animal Husbandry",Dairy Products,
V2RETAIL,Retail,Speciality Retail,
VAISHALI,Pharma,Pharmaceuticals,
VALIANTLAB,Pharma,Pharmaceuticals,
VALIANTORG,Chemicals & Fertilisers,Specialty Chemicals,
VAML,Metals & Steel,Aluminium,
VARDHACRLC,Textiles & Apparel,Other Textile Products,
VARDMNPOLY,Textiles & Apparel,Other Textile Products,
VARMORA,Cement & Building Materials,Ceramics,
VASUPRADA,Agriculture,Tea & Coffee,
VASWANI,Metals & Steel,Sponge Iron,
VCL,Textiles & Apparel,Garments & Apparels,
VEDAVAAG,IT/ITeS,IT Enabled Services,
VEDPOWER,Power,Power Generation,
VEEDOL,Oil & Gas,Lubricants,
VEEGALAND,Real Estate,"Residential, Commercial Projects",
VELJAN,Automobile,Auto Components & Equipments,
VENTIVE,Hospitality & Tourism,Hotels & Resorts,
VENUSREM,Pharma,Pharmaceuticals,
VERTOZ,Media & Entertainment,Advertising & Media Agencies,
VERANDA,Education,E-Learning,
VETO,Consumer Durables & Appliances,Consumer Electronics,
TIMEX,Gems & Jewellery,"Gems, Jewellery And Watches",
VGL,Textiles & Apparel,Other Textile Products,
VHLTD,Hospitality & Tourism,Hotels & Resorts,
VIDHIING,Chemicals & Fertilisers,Specialty Chemicals,
VGCL,NBFC,Non Banking Financial Company (NBFC),NBFC
VIDYAWIRES,Metals & Steel,"Aluminium, Copper & Zinc Products",
TOLINS,Automobile,Tyres & Rubber Products,
VIJSOLX,Food Processing & Beverages,Edible Oil,
VIJIFIN,NBFC,Non Banking Financial Company (NBFC),NBFC
VIKASECO,Chemicals & Fertilisers,Specialty Chemicals,
VIKASLIFE,Import/Export Trading & SEZ/EOU,Trading & Distributors,
VIKRAMSOLR,Capital Goods & Engineering,Other Electrical Equipment,
VIKRAN,Construction & Infrastructure,Civil Construction,
VINEETLAB,Pharma,Pharmaceuticals,
VINCOFE,Agriculture,Tea & Coffee,
VINNY,Textiles & Apparel,Garments & Apparels,
VINYLINDIA,Chemicals & Fertilisers,Trading - Chemicals,
VIPCLOTHNG,Textiles & Apparel,Garments & Apparels,
VIPULLTD,Real Estate,"Residential, Commercial Projects",
VIRAT,Textiles & Apparel,Garments & Apparels,
VIRINCHI,IT/ITeS,Software Products,
VISACHROME,Metals & Steel,Ferro & Silica Manganese,
VIRTUALG,Education,Education,
VISL,Metals & Steel,Iron & Steel,
VISHAL,Textiles & Apparel,Garments & Apparels,
VISHWARAJ,Food Processing & Beverages,Sugar,
VITAL,Chemicals & Fertilisers,Specialty Chemicals,
VIVIANA,Construction & Infrastructure,Civil Construction,
VIVIDHA,Textiles & Apparel,Garments & Apparels,
VIVIMEDLAB,Pharma,Pharmaceuticals,
VIVOBIOT,Biotechnology & Life Sciences,Biotechnology,
VIYASH,Pharma,Pharmaceuticals,
VLEGOV,IT/ITeS,IT Enabled Services,
VMSTMT,Metals & Steel,Iron & Steel Products,
VLSFINANCE,Securities/Capital Markets,Investment Company,SEC_AMC
VMM,Retail,Diversified Retail,
VOEPL,Consumer Durables & Appliances,Diversified consumer products,
VOGL,Oil & Gas,Oil Exploration & Production,
VRAJ,Metals & Steel,Sponge Iron,
VOITHPAPR,Textiles & Apparel,Other Textile Products,
VPRPL,Construction & Infrastructure,Civil Construction,
UFBL,Hospitality & Tourism,Restaurants,
VRLLOG,Logistics & Warehousing,Logistics Solution Provider,
VSTL,Metals & Steel,Iron & Steel Products,
ULTRAMAR,Chemicals & Fertilisers,Dyes And Pigments,
WAKEFIT,Consumer Durables & Appliances,"Furniture, Home Furnishing",
UMESLTD,Education,E-Learning,
VTMLTD,Textiles & Apparel,Other Textile Products,
WAAREERTL,Capital Goods & Engineering,Other Electrical Equipment,
WANBURY,Pharma,Pharmaceuticals,
WALCHANNAG,Capital Goods & Engineering,Industrial Products,
WARDINMOBI,Automobile,2/3 Wheelers,
WATERBASE,"Fisheries, Dairy & Animal Husbandry",Seafood,
WEIZMANIND,Textiles & Apparel,Other Textile Products,
WELINV,Securities/Capital Markets,Investment Company,SEC_AMC
WCIL,Logistics & Warehousing,Logistics Solution Provider,
WEALTH,NBFC,Other Financial Services,NBFC
WEL,Consumer Durables & Appliances,Household Appliances,
WELSPLSOL,Metals & Steel,Iron & Steel Products,
WEWIN,IT/ITeS,Business Process Outsourcing (BPO)/ Knowledge Process Outsourcing (KPO),
WILLAMAGOR,Securities/Capital Markets,Investment Company,SEC_AMC
WEWORK,Consulting & Professional Services,Diversified Commercial Services,
WHBRADY,Capital Goods & Engineering,Other Industrial Products,
WINDLAS,Pharma,Pharmaceuticals,
WORTHPERI,"Paper, Packaging & Printing",Packaging,
WINDMACHIN,Capital Goods & Engineering,Industrial Products,
WIPL,"Paper, Packaging & Printing",Plywood Boards/ Laminates,
XCHANGING,IT/ITeS,Computers - Software & Consulting,
WSI,Construction & Infrastructure,Civil Construction,
XELPMOC,IT/ITeS,Software Products,
XTRANET,IT/ITeS,IT Enabled Services,
XTGLOBAL,IT/ITeS,Computers - Software & Consulting,
YOGI,NBFC,Non Banking Financial Company (NBFC),NBFC
YATHARTH,Healthcare,Hospital,
ZEELEARN,Education,Education,
ZENITHSTL,Metals & Steel,Iron & Steel Products,
ZFCVINDIA,Automobile,Auto Components & Equipments,
ZIMLAB,Pharma,Pharmaceuticals,
ZFSTEERING,Automobile,Auto Components & Equipments,
ZODIACLOTH,Textiles & Apparel,Garments & Apparels,
ZODIAC,Construction & Infrastructure,Civil Construction,
ZOTA,Pharma,Pharmaceuticals,
ZENITHEXPO,Leather & Footwear,Leather And Leather Products,
ZSARACOM,NBFC,Non Banking Financial Company (NBFC),NBFC
531411,Textiles & Apparel,Other Textile Products,
502873,Textiles & Apparel,Other Textile Products,
507872,Textiles & Apparel,Other Textile Products,
533101,Textiles & Apparel,Other Textile Products,
503772,Import/Export Trading & SEZ/EOU,Trading & Distributors,
502933,Textiles & Apparel,Other Textile Products,
521234,Textiles & Apparel,Other Textile Products,
531437,Textiles & Apparel,Other Textile Products,
544624,Textiles & Apparel,Other Textile Products,
540467,Textiles & Apparel,Other Textile Products,
531744,Import/Export Trading & SEZ/EOU,Trading & Distributors,
530231,Textiles & Apparel,Other Textile Products,
531395,Textiles & Apparel,Other Textile Products,
503893,NBFC,Other Financial Services,NBFC
512147,NBFC,Other Financial Services,NBFC
514378,Import/Export Trading & SEZ/EOU,Trading & Distributors,
514460,Import/Export Trading & SEZ/EOU,Trading & Distributors,
544582,Chemicals & Fertilisers,Specialty Chemicals,
530223,Chemicals & Fertilisers,Specialty Chemicals,
530793,Pharma,Pharmaceuticals,
543902,Chemicals & Fertilisers,Paints,
537669,Defence & Aerospace,Ship Building & Allied Services,
544157,Capital Goods & Engineering,Industrial Products,
522267,Capital Goods & Engineering,Industrial Products,
513579,Coal & Mining,Coal,
544381,Metals & Steel,Castings & Forgings,
539314,Automobile,Auto Components & Equipments,
517449,Metals & Steel,Castings & Forgings,
544554,Metals & Steel,Castings & Forgings,
508875,Metals & Steel,Castings & Forgings,
539527,Metals & Steel,Castings & Forgings,
543229,Metals & Steel,Castings & Forgings,
543874,Metals & Steel,Iron & Steel Products,
505703,Capital Goods & Engineering,Industrial Products,
526073,Capital Goods & Engineering,Abrasives & Bearings,
505827,Automobile,Auto Components & Equipments,
539398,Automobile,Auto Components & Equipments,
522152,Capital Goods & Engineering,Industrial Products,
522036,Capital Goods & Engineering,Industrial Products,
513012,Import/Export Trading & SEZ/EOU,Trading & Distributors,
531399,Automobile,Auto Components & Equipments,
505711,Automobile,Auto Components & Equipments,
506863,"Paper, Packaging & Printing",Packaging,
539167,NBFC,Non Banking Financial Company (NBFC),NBFC
538897,NBFC,Non Banking Financial Company (NBFC),NBFC
540481,NBFC,Other Financial Services,NBFC
530709,NBFC,Non Banking Financial Company (NBFC),NBFC
540360,NBFC,Non Banking Financial Company (NBFC),NBFC
512103,Cement & Building Materials,Other Construction Materials,
511441,NBFC,Other Financial Services,NBFC
500388,"Paper, Packaging & Printing",Paper & Paper Products,
530169,"Paper, Packaging & Printing",Paper & Paper Products,
544854,"Paper, Packaging & Printing",Packaging,
523186,"Paper, Packaging & Printing",Packaging,
506979,"Paper, Packaging & Printing",Packaging,
502512,Food Processing & Beverages,Sugar,
530835,Metals & Steel,Iron & Steel Products,
507405,Food Processing & Beverages,Sugar,
539097,Import/Export Trading & SEZ/EOU,Trading & Distributors,
526471,Food Processing & Beverages,Breweries & Distilleries,
512361,Food Processing & Beverages,Breweries & Distilleries,
512301,Import/Export Trading & SEZ/EOU,Trading & Distributors,
515053,Cement & Building Materials,Other Construction Materials,
502294,Metals & Steel,Electrodes & Refractories,
502271,Capital Goods & Engineering,Industrial Products,
515085,Cement & Building Materials,Ceramics,
531168,Cement & Building Materials,Other Construction Materials,
513540,Metals & Steel,Iron & Steel Products,
532656,Metals & Steel,Ferro & Silica Manganese,
531962,NBFC,Non Banking Financial Company (NBFC),NBFC
544670,Consumer Durables & Appliances,Plastic Products - Consumer,
544930,"Paper, Packaging & Printing",Packaging,
544798,"Paper, Packaging & Printing",Packaging,
544859,Capital Goods & Engineering,Other Electrical Equipment,
544524,Capital Goods & Engineering,Cables - Electricals,
540651,Capital Goods & Engineering,Other Electrical Equipment,
504240,Capital Goods & Engineering,Other Electrical Equipment,
544710,Capital Goods & Engineering,Heavy Electrical Equipment,
517423,Capital Goods & Engineering,Other Electrical Equipment,
526945,Agriculture,Tea & Coffee,
530529,Agriculture,Tea & Coffee,
543769,Agriculture,Tea & Coffee,
508306,Agriculture,Tea & Coffee,
526568,Agriculture,Tea & Coffee,
542938,Agriculture,Tea & Coffee,
519045,Agriculture,Other Agricultural Products,
509367,Gems & Jewellery,"Gems, Jewellery And Watches",
523242,Leather & Footwear,Leather And Leather Products,
526095,Cement & Building Materials,Other Construction Materials,
543953,Gems & Jewellery,"Gems, Jewellery And Watches",
537784,Consulting & Professional Services,Diversified Commercial Services,
544840,Hospitality & Tourism,Amusement Parks/ Other Recreation,
540936,Gems & Jewellery,"Gems, Jewellery And Watches",
514402,Hospitality & Tourism,Hotels & Resorts,
543540,Agriculture,Other Agricultural Products,
538382,NBFC,Other Financial Services,NBFC
514316,Textiles & Apparel,Other Textile Products,
531223,Textiles & Apparel,Other Textile Products,
510245,Textiles & Apparel,Other Textile Products,
514028,Textiles & Apparel,Other Textile Products,
514400,Import/Export Trading & SEZ/EOU,Trading & Distributors,
509835,Textiles & Apparel,Other Textile Products,
540310,Textiles & Apparel,Other Textile Products,
531049,Cement & Building Materials,Other Construction Materials,
531778,Coal & Mining,Industrial Minerals,
531065,Food Processing & Beverages,Sugar,
544769,Textiles & Apparel,Other Textile Products,
530317,Pharma,Pharmaceuticals,
538965,Pharma,Pharmaceuticals,
524322,Pharma,Pharmaceuticals,
538817,Chemicals & Fertilisers,Plastic Products - Industrial,
524606,Pharma,Pharmaceuticals,
519477,Food Processing & Beverages,Edible Oil,
519295,Food Processing & Beverages,Packaged Foods,
519238,Agriculture,Other Agricultural Products,
524204,Chemicals & Fertilisers,Fertilizers,
530527,Agriculture,Other Agricultural Products,
524687,Chemicals & Fertilisers,Fertilizers,
544884,Agriculture,Other Agricultural Products,
519022,Diversified Conglomerates/Holding Companies,Diversified,
526873,Oil & Gas,Refineries & Marketing,
538992,Automobile,Auto Components & Equipments,
544001,Capital Goods & Engineering,Industrial Products,
544607,Capital Goods & Engineering,Industrial Products,
521151,Textiles & Apparel,Other Textile Products,
530959,Agriculture,Tea & Coffee,
521131,Textiles & Apparel,Other Textile Products,
521127,Textiles & Apparel,Other Textile Products,
524661,Pharma,Pharmaceuticals,
544924,Capital Goods & Engineering,Heavy Electrical Equipment,
531015,Pharma,Pharmaceuticals,
524717,Chemicals & Fertilisers,Specialty Chemicals,
539255,Capital Goods & Engineering,Heavy Electrical Equipment,
517546,Capital Goods & Engineering,Other Electrical Equipment,
517567,Capital Goods & Engineering,Heavy Electrical Equipment,
539017,NBFC,Housing Finance Company,HFC
531091,NBFC,Non Banking Financial Company (NBFC),NBFC
538857,NBFC,Non Banking Financial Company (NBFC),NBFC
501311,NBFC,Non Banking Financial Company (NBFC),NBFC
523209,NBFC,Non Banking Financial Company (NBFC),NBFC
513528,Cement & Building Materials,Other Construction Materials,
512014,Consulting & Professional Services,Diversified Commercial Services,
540829,Import/Export Trading & SEZ/EOU,Trading & Distributors,
542046,Real Estate,"Residential, Commercial Projects",
539786,Import/Export Trading & SEZ/EOU,Distributors,
534755,NBFC,Other Financial Services,NBFC
538451,Securities/Capital Markets,Investment Company,SEC_AMC
512303,Consulting & Professional Services,Diversified Commercial Services,
512024,Metals & Steel,Copper,
544520,Metals & Steel,"Aluminium, Copper & Zinc Products",
526525,Import/Export Trading & SEZ/EOU,Trading & Distributors,
530631,Metals & Steel,Zinc,
504673,Metals & Steel,Aluminium,
531345,Metals & Steel,Zinc,
513357,Metals & Steel,Zinc,
519359,Food Processing & Beverages,Edible Oil,
507609,Agriculture,Other Agricultural Products,
543373,Food Processing & Beverages,Edible Oil,
526983,Agriculture,Other Agricultural Products,
526652,Oil & Gas,Refineries & Marketing,
507150,Food Processing & Beverages,Sugar,
530111,"Paper, Packaging & Printing",Packaging,
507745,Chemicals & Fertilisers,Fertilizers,
513507,"Paper, Packaging & Printing",Packaging,
538707,Capital Goods & Engineering,Industrial Products,
531249,"Paper, Packaging & Printing",Paper & Paper Products,
500037,Metals & Steel,Iron & Steel Products,
502460,"Paper, Packaging & Printing",Paper & Paper Products,
504864,Metals & Steel,Sponge Iron,
504991,NBFC,Other Financial Services,NBFC
518081,Cement & Building Materials,Cement & Cement Products,
520141,Automobile,Auto Components & Equipments,
530621,Automobile,Auto Components & Equipments,
539560,Food Processing & Beverages,Other Food Products,
538788,NBFC,Non Banking Financial Company (NBFC),NBFC
511018,Consulting & Professional Services,Diversified Commercial Services,
530855,NBFC,Non Banking Financial Company (NBFC),NBFC
508956,NBFC,Non Banking Financial Company (NBFC),NBFC
509024,NBFC,Non Banking Financial Company (NBFC),NBFC
539839,NBFC,Non Banking Financial Company (NBFC),NBFC
509038,NBFC,Non Banking Financial Company (NBFC),NBFC
531928,Consumer Durables & Appliances,"Furniture, Home Furnishing",
503823,Consumer Durables & Appliances,"Furniture, Home Furnishing",
540545,Gems & Jewellery,"Gems, Jewellery And Watches",
537326,Capital Goods & Engineering,Industrial Products,
543926,Textiles & Apparel,Garments & Apparels,
539834,Import/Export Trading & SEZ/EOU,Trading & Distributors,
544392,"Paper, Packaging & Printing",Paper & Paper Products,
539014,Import/Export Trading & SEZ/EOU,Trading & Distributors,
512097,Import/Export Trading & SEZ/EOU,Trading & Distributors,
539673,Import/Export Trading & SEZ/EOU,Distributors,
512197,NBFC,Non Banking Financial Company (NBFC),NBFC
539219,Capital Goods & Engineering,Other Industrial Products,
509887,FMCG,Cigarettes & Tobacco Products,
530809,IT/ITeS,Business Process Outsourcing (BPO)/ Knowledge Process Outsourcing (KPO),
539408,NBFC,Non Banking Financial Company (NBFC),NBFC
539911,Textiles & Apparel,Trading - Textile Products,
513039,Capital Goods & Engineering,Industrial Products,
511662,Metals & Steel,Aluminium,
538667,Import/Export Trading & SEZ/EOU,Trading & Distributors,
512517,Consulting & Professional Services,Diversified Commercial Services,
532024,NBFC,Other Financial Services,NBFC
509910,Chemicals & Fertilisers,Commodity Chemicals,
526231,Chemicals & Fertilisers,Commodity Chemicals,
506718,Chemicals & Fertilisers,Commodity Chemicals,
526159,Chemicals & Fertilisers,Specialty Chemicals,
526901,Chemicals & Fertilisers,Commodity Chemicals,
544807,Food Processing & Beverages,Packaged Foods,
544755,FMCG,Personal Care,
542654,Media & Entertainment,"Film Production, Distribution & Exhibition",
530787,"Paper, Packaging & Printing",Printing & Publication,
541503,"Paper, Packaging & Printing",Printing & Publication,
544667,"Paper, Packaging & Printing",Printing & Publication,
531525,IT/ITeS,Software Products,
544343,IT/ITeS,Computers - Software & Consulting,
544441,IT/ITeS,IT Enabled Services,
544453,Consulting & Professional Services,Consulting Services,
539218,NBFC,Non Banking Financial Company (NBFC),NBFC
511626,NBFC,Non Banking Financial Company (NBFC),NBFC
540144,Consulting & Professional Services,Consulting Services,
531033,NBFC,Non Banking Financial Company (NBFC),NBFC
531758,NBFC,Non Banking Financial Company (NBFC),NBFC
540174,IT/ITeS,Computers - Software & Consulting,
505504,Construction & Infrastructure,Civil Construction,
539099,Real Estate,"Residential, Commercial Projects",
530141,Real Estate,"Residential, Commercial Projects",
507000,Pharma,Pharmaceuticals,
521238,Electronics & Semiconductors,Computers Hardware & Equipments,
531316,Metals & Steel,Copper,
530417,Pharma,Pharmaceuticals,
516052,Chemicals & Fertilisers,Commodity Chemicals,
530627,Chemicals & Fertilisers,Specialty Chemicals,
523054,Textiles & Apparel,Other Textile Products,
517374,Metals & Steel,Iron & Steel Products,
513558,Metals & Steel,Iron & Steel Products,
513715,Cement & Building Materials,Cement & Cement Products,
513488,Metals & Steel,Iron & Steel Products,
504648,Metals & Steel,Iron & Steel Products,
544205,Chemicals & Fertilisers,Commodity Chemicals,
533018,Textiles & Apparel,Other Textile Products,
539393,Coal & Mining,Trading - Coal,
506105,Securities/Capital Markets,Investment Company,SEC_AMC
520149,Oil & Gas,Refineries & Marketing,
522650,Capital Goods & Engineering,Industrial Products,
506142,NBFC,Other Financial Services,NBFC
518075,Metals & Steel,Iron & Steel Products,
514302,Textiles & Apparel,Other Textile Products,
532918,Metals & Steel,Iron & Steel Products,
523116,Logistics & Warehousing,Logistics Solution Provider,
524480,Import/Export Trading & SEZ/EOU,Trading & Distributors,
EROSMEDIA,Media & Entertainment,"Film Production, Distribution & Exhibition",
RANEENGINE,Automobile,Auto Components & Equipments,
KGDENIM,Textiles & Apparel,Other Textile Products,
SELMC,Textiles & Apparel,Other Textile Products,
DFMFOODS,Food Processing & Beverages,Packaged Foods,
SINTEX,Textiles & Apparel,Other Textile Products,
ANSALHSG,Real Estate,"Residential, Commercial Projects",
ELDERPHARM,Pharma,Pharmaceuticals,
DHARSUGAR,Food Processing & Beverages,Sugar,
UDAICEMENT,Cement & Building Materials,Cement & Cement Products,
GOODRICKE,Agriculture,Tea & Coffee,
INDIGRID,Power,Power - Transmission,
NATNLSTEEL,Metals & Steel,Iron & Steel Products,
