"comp_id","compliance_name","description","compliance_type","applies_when","frequency_or_trigger","form_or_filing","department","regulatory_authority","acts_rules","verification"
"IND-DEF-01","Defence industrial licence","Licence to manufacture defence items listed in IDRA First Schedule/notified list","One-Time/Registration","Applies to private manufacturers of defence items","One-time application; validity extendable; commence production within stipulated period","Form on DPIIT/DDP portal (Defence Industrial Licence application)","Legal","DPIIT / Department of Defence Production","Industries (Development and Regulation) Act 1951; Arms Act 1959","Search-confirmed - lexology.com, business-standard.com"
"IND-DEF-02","Defence licence extension of validity","Seek extension of validity/commencement of production under defence industrial licence","One-Time/Registration","Licensee unable to start production in validity period","Before licence validity expiry","Extension request on DPIIT e-Biz portal","Legal","DPIIT / DDP","IDRA 1951; Press Note/Defence Industrial Licensing policy","Search-confirmed - lexology.com, business-standard.com"
"IND-DEF-03","Defence licence annual production returns","Report production/capacity of licensed defence items","Recurring-Annual","Holders of defence industrial licence","Annual","Return prescribed by DPIIT/DDP (format Needs manual check)","Operations","DPIIT / DDP","IDRA 1951","Needs manual check"
"IND-DEF-04","Arms Act manufacture licence","Licence to manufacture arms and ammunition","Licence-Renewal","Manufacturers of arms/ammunition","Before commencing; renewable","Form under Arms Rules 2016 via MHA licensing portal","Legal","MHA / Licensing Authority","Arms Act 1959; Arms Rules 2016","Search-confirmed - mha.gov.in, indiankanoon.org"
"IND-DEF-05","Arms Act sale/dealer licence","Licence to sell/deal in arms/ammunition","Licence-Renewal","Dealers, distributors","Before commencing; renewable","Arms Rules 2016 prescribed form","Legal","District Magistrate / MHA","Arms Act 1959; Arms Rules 2016","Search-confirmed - mha.gov.in, indiankanoon.org"
"IND-DEF-06","Arms licence renewal","Renew manufacture/sale/possession licences","Event-Based","Any arms licence holder","Before expiry (validity per licence)","Renewal application per Arms Rules 2016","Legal","Licensing Authority (State Home Dept/MHA)","Arms Act 1959; Arms Rules 2016","Search-confirmed - mha.gov.in, indiankanoon.org"
"IND-DEF-07","Arms and ammunition stock register","Maintain register of receipts, sales, stock","Continuous/Ongoing","Arms licence holders","Continuous; inspection on demand","Stock register per licence conditions","Operations","Licensing Authority","Arms Act 1959; Arms Rules 2016","Knowledge-based"
"IND-DEF-08","Arms import/export permission","Permission for import/export of arms and ammunition","Event-Based","Importers/exporters of arms","Per consignment","Licence via DGFT/MHA; ITC(HS) restrictions","Legal","MHA / DGFT","Arms Act 1959; Foreign Trade (Development and Regulation) Act 1992","Search-confirmed - defenceexim.gov.in, content.dgft.gov.in"
"IND-DEF-09","Defence Procurement Manual/DAP compliance for bids","Follow eligibility, trial, QA and integrity terms in MoD procurement","Event-Based","Vendors bidding to MoD/Services","Per tender","Bid documents; Integrity Pact under Defence Acquisition Procedure","Legal","Ministry of Defence","Defence Acquisition Procedure 2020 (currently in force); draft DAP 2026 released 10-Feb-2026 for stakeholder consultation, expected effective 1-Apr-2026 - final notification not confirmed as of Sep-2026","Search-confirmed - pib.gov.in, mondaq.com"
"IND-DEF-10","Defence offset obligation discharge","Discharge offset obligations (min 30% for contracts above Rs 2,000 crore) via eligible offset","Continuous/Ongoing","Foreign vendors on qualifying contracts","Per offset contract schedule","Offset Contract; Offset Monitoring; Offset Guidelines under DAP","Operations","MoD Defence Offset Management Wing","DAP 2020 Chapter/Appendix on offsets [Scheme/Policy, not a statute]; draft DAP 2026 (released Feb 2026) proposes revised offset framework - finalisation not confirmed as of Sep-2026","Search-confirmed - pib.gov.in, mondaq.com"
"IND-DEF-11","Offset annual/periodic claim submission","Submit claims with documentary evidence for offset credit","Recurring-Annual","Vendors with offset contracts","Periodic per offset contract","Offset claim per DOMW procedure","Finance","MoD DOMW","DAP 2020 offset guidelines [Scheme/Policy, not a statute]; superseding draft DAP 2026 (Feb 2026) pending finalisation as of Sep-2026","Search-confirmed - pib.gov.in, mondaq.com"
"IND-DEF-12","Indigenous content certification","Certify Indian Content for DAP categories (Buy Indian-IDDM etc.)","Event-Based","Bidders claiming IC","Per bid/contract","IC certificate by statutory auditor/cost accountant","Finance","MoD","DAP 2020; Public Procurement (Preference to Make in India) Order 2017","Needs manual check"
"IND-DEF-13","SCOMET export authorisation","Authorisation for export of dual-use/military items","Continuous/Ongoing","Exporters of SCOMET items","Per export/licence validity","SCOMET licence application on DGFT portal (ANF 2M)","Legal","DGFT","Foreign Trade (Development and Regulation) Act 1992; ITC(HS) Appendix 3 SCOMET list; FTP 2023","Knowledge-based"
"IND-DEF-14","SCOMET end-use certificate","Provide end-use/end-user certificates","Event-Based","Exporters of SCOMET","Per licence","EUC documents per Handbook of Procedures","Legal","DGFT","FT(D&R) Act 1992; FTP 2023","Knowledge-based"
"IND-DEF-15","Explosives licence (manufacture)","Licence to manufacture explosives","Licence-Renewal","Explosives manufacturers","Before commencing; renewal per licence term","Form LE-1 / prescribed forms on PESO portal","EHS","PESO","Explosives Act 1884; Explosives Rules 2008","Search-confirmed - peso.gov.in, nsws.gov.in"
"IND-DEF-16","Explosives storage licence","Licence to store explosives/ammunition","Licence-Renewal","Storage sites","Before storage; renewable","Form LE-3/LE-4 etc under Explosives Rules 2008 (exact form Needs manual check)","EHS","PESO","Explosives Act 1884; Explosives Rules 2008","Needs manual check"
"IND-DEF-17","Explosives transport licence","Licence/permit to transport explosives","Event-Based","Transporters","Per licence/consignment","Explosives Rules 2008 forms","EHS","PESO","Explosives Act 1884; Explosives Rules 2008","Search-confirmed - peso.gov.in, nsws.gov.in"
"IND-DEF-18","Explosives import licence","Import of explosives","Event-Based","Importers","Per consignment","Form LE-5-type; PESO","Legal","PESO","Explosives Act 1884; Explosives Rules 2008","Needs manual check"
"IND-DEF-19","Explosives accident reporting","Report accidents/explosions to authority","Event-Based","Licensees","Event-based (immediate)","Notification per Explosives Rules 2008","EHS","PESO / District Magistrate","Explosives Act 1884; Explosives Rules 2008","Search-confirmed - peso.gov.in, nsws.gov.in"
"IND-DEF-20","iDEX / DIO contract compliance","Meet milestones and IP terms for iDEX grants","Continuous/Ongoing","Startups/MSMEs under iDEX","Per grant agreement","iDEX grant agreement, utilisation certificates","Finance","Defence Innovation Organisation / DDP","iDEX scheme guidelines (administrative) [Scheme/Policy, not a statute]","Search-confirmed - idex.gov.in, ddpmod.gov.in"
"IND-DEF-21","DGQA registration/vendor approval","Register with DGQA/DGAQA for inspection/QA","Recurring-Annual","Suppliers to Armed Forces","Initial; periodic audit","DGQA vendor registration","Quality/Regulatory","DGQA","DGQA Quality Assurance policy (administrative)","Search-confirmed - dgqadefence.gov.in, ddpmod.gov.in"
"IND-DEF-22","DGAQA (aeronautical QA) approval","Approval for aeronautical stores suppliers","Recurring-Annual","Aerospace supplier","Initial; periodic audit","DGAQA approval","Quality/Regulatory","CEMILAC/DGAQA","Administrative approvals","Needs manual check"
"IND-DEF-23","CEMILAC design certification","Airworthiness certification for military aircraft systems","Event-Based","Aerospace design firms","Per project","CEMILAC approval","Quality/Regulatory","CEMILAC (DRDO)","Administrative (DRDO)","Needs manual check"
"IND-DEF-24","Official Secrets Act safeguards","Safeguard classified information; security clearance of staff","Continuous/Ongoing","Defence contractors","Continuous","Non-disclosure undertakings; security clearance","Security","MoD / MHA","Official Secrets Act 1923","Search-confirmed - indiankanoon.org, bdl-india.in"
"IND-DEF-25","Security clearance for facility","Facility security clearance for classified projects","Recurring-Annual","Firms handling classified projects","Initial; periodic","Applications via MoD/MHA","Security","MoD","Official Secrets Act 1923; MoD security manual","Needs manual check"
"IND-DEF-26","FDI in defence approval","Government approval for FDI beyond 74% (automatic up to 74%) or where access to modern technology","One-Time/Registration","Foreign investors in defence manufacturing","Prior to investment","FDI Policy; FIFP/DPIIT approval via Foreign Investment Facilitation Portal","Legal","DPIIT / MoD","FDI Policy (Consolidated); FEMA Non-Debt Instruments Rules 2019","Search-confirmed - taxguru.in, lexology.com"
"IND-DEF-27","FEMA FC-GPR reporting for defence FDI","File FC-GPR within 30 days of allotment","Event-Based","Indian companies receiving FDI","Event: within 30 days","FC-GPR on FIRMS portal","Finance","RBI","FEMA 1999; NDI Rules 2019","Search-confirmed - taxguru.in, lexology.com"
"IND-DEF-28","Import licence (defence items) under FTP","Import authorisation for restricted defence items","Event-Based","Importers","Per import","DGFT import authorisation","Legal","DGFT","FT(D&R) Act 1992","Needs manual check"
"IND-DEF-29","DPSU annual CPSE guidelines compliance (DPE)","Compliance with DPE guidelines: MoU, corporate governance, CSR","Recurring-Annual","DPSUs","Annual","DPE Guidelines on Corporate Governance for CPSEs 2010","Secretariat","DPE / MoD","DPE Guidelines 2010; Companies Act 2013","Search-confirmed - dpe.gov.in, cag.gov.in"
"IND-DEF-30","DPSU MoU with Ministry","Annual Memorandum of Understanding with MoD","Recurring-Annual","DPSUs","Annual","MoU per DPE guidelines","Operations","DPE / MoD","DPE MoU Guidelines","Search-confirmed - dpe.gov.in, cag.gov.in"
"IND-DEF-31","CAG audit / Parliamentary reports (DPSU)","Facilitate CAG audit and annual report laying","Recurring-Annual","Government companies","Annual","CAG audit under Section 143(5) Companies Act","Finance","CAG","Companies Act 2013 s.139, 143","Search-confirmed - cag.gov.in, saiindia.gov.in"
"IND-DEF-32","Drone registration & operations (defence-adjacent)","Drone manufacturing/operations under Drone Rules","Event-Based","Drone makers/operators","Per drone/operator","Digital Sky UIN/UAOP","Operations","DGCA / MoCA","Drone Rules 2021 (confirmed still in force); draft Civil Drone (Promotion and Regulation) Bill 2025 (released 16-Sep-2025) not yet enacted","Search-confirmed - cyrilamarchandblogs.com, dronevex.in"
"IND-AVN-01","Air Operator Certificate (Scheduled/Non-scheduled)","AOC to operate air transport services","Licence-Renewal","Airlines and charter operators","Initial; renewal periodic","DGCA application under Aircraft Rules 1937 (Aircraft Rules 2025 status Needs manual check)","Operations","DGCA","Bharatiya Vayuyan Adhiniyam 2024 (in force 1 Jan 2025, S.O. 5646(E); replaced Aircraft Act 1934); Aircraft Rules 1937 pending new Bharatiya Vayuyan Rules (draft 2025)","Search-confirmed - business-standard.com, dailyexcelsior.com"
"IND-AVN-02","Bharatiya Vayuyan Adhiniyam 2024 transition","Aircraft Act 1934 replaced by Bharatiya Vayuyan Adhiniyam 2024; commencement/rules to be verified","Continuous/Ongoing","All aviation entities","Ongoing","Rules under the Adhiniyam","Legal","MoCA / DGCA","Bharatiya Vayuyan Adhiniyam 2024 (in force 1 Jan 2025, S.O. 5646(E); replaced Aircraft Act 1934)","Search-confirmed - business-standard.com, dailyexcelsior.com"
"IND-AVN-03","Certificate of Airworthiness renewal","Renew CoA / ARC for each aircraft","Recurring-Annual","Aircraft owners","Annual ARC","DGCA CAR M / form","Operations","DGCA","Aircraft Rules 1937; CAR Section 2 Series","Search-confirmed - dgca.gov.in, teamleaseregtech.com"
"IND-AVN-04","Aircraft registration","Register aircraft in India","One-Time/Registration","Owners/operators","Before operation","Form to DGCA (CAR Section 2 Series F Part I)","Operations","DGCA","Aircraft Rules 1937","Search-confirmed - teamleaseregtech.com, indiacode.nic.in"
"IND-AVN-05","Aircraft maintenance organisation approval (CAR 145)","Approval of MRO","Licence-Renewal","MROs","Initial; annual renewal/audit","DGCA CAR-145 approval","Quality/Regulatory","DGCA","Aircraft Rules 1937; CAR-145","Search-confirmed - coursecontent.indusuni.ac.in, soaneemrana.org"
"IND-AVN-06","Flight crew licence & medical validity","Ensure pilots' licences, ratings, medicals valid","Licence-Renewal","Operators","Continuous; periodic renewal","Licence per Aircraft Rules 1937","HR","DGCA","Aircraft Rules 1937","Search-confirmed - studylib.net, coursecontent.indusuni.ac.in"
"IND-AVN-07","Safety Management System (SMS) reporting","Implement SMS; report occurrences","Event-Based","Operators/aerodromes","Continuous; event-based","CAR Section 1 Series C","EHS","DGCA","Aircraft Rules 1937; CAR","Knowledge-based"
"IND-AVN-08","Aircraft accident/incident reporting","Notify AAIB of accidents/serious incidents","Event-Based","Operators","Event-based (immediate)","Aircraft (Investigation of Accidents and Incidents) Rules 2017","EHS","AAIB / DGCA","Aircraft Act 1934; Aircraft (Investigation of Accidents and Incidents) Rules 2017","Search-confirmed - aaib.gov.in, civilaviation.gov.in"
"IND-AVN-09","Aerodrome licence","Licence to operate aerodrome","Licence-Renewal","Aerodrome operators","Initial; renewable","Aircraft (Demolition of Obstructions) Rules; Aerodrome licence Form","Operations","DGCA","Aircraft Act 1934; Aircraft Rules 1937","Search-confirmed - indiankanoon.org, dgca.gov.in"
"IND-AVN-10","Height NOC (obstruction)","NOC for structures near airports","One-Time/Registration","Builders near airports","Before construction","NOCAS AAI portal","Legal","AAI","Aircraft (Demolition of Obstructions Caused by Buildings and Trees etc.) Rules 1994","Knowledge-based"
"IND-AVN-11","AAI airport charges & ARP compliance","Pay/collect charges; concession compliance","Recurring-Monthly","Airlines/concessionaires","Monthly/periodic","AERA tariff orders","Finance","AERA / AAI","Airports Economic Regulatory Authority of India Act 2008; AAI Act 1994","Search-confirmed - aera.gov.in, prsindia.org"
"IND-AVN-12","BCAS security programme approval","Approval of security programme","Recurring-Annual","Airlines, airports, cargo agents","Initial; annual review","BCAS security programme","Security","BCAS","Aircraft Act 1934; Aircraft (Security) Rules 2023","Search-confirmed - taxguru.in, civilaviation.gov.in"
"IND-AVN-13","BCAS regulated agent/known consignor approval","Approval for cargo security","Licence-Renewal","Air cargo handlers","Initial; renewal","BCAS approval","Security","BCAS","Aircraft (Security) Rules 2023","Search-confirmed - taxguru.in, civilaviation.gov.in"
"IND-AVN-14","Airport entry permit (AEP) for staff","Security clearance and passes","Recurring-Annual","Airport staff","On hire; periodic","AEP application","Security","BCAS / airport authority","Aircraft (Security) Rules 2023","Search-confirmed - taxguru.in, civilaviation.gov.in"
"IND-AVN-15","Ground handling licence","Licence/permit for ground handling agencies","Licence-Renewal","Ground handlers","Initial; renewal","MoCA ground handling policy","Operations","MoCA / DGCA","Administrative policy; Needs manual check","Needs manual check"
"IND-AVN-16","DGCA drone operator/remote pilot","Remote pilot certificate and UAS operator permit","Recurring-Annual","Drone operators","Initial; periodic","Digital Sky","Operations","DGCA","Drone Rules 2021 (confirmed still in force); draft Civil Drone (Promotion and Regulation) Bill 2025 not yet enacted","Search-confirmed - cyrilamarchandblogs.com, dronevex.in"
"IND-AVN-18","Passenger charter compliance (CAR Section 3 Series M)","Passenger rights: delay, cancellation compensation","Continuous/Ongoing","Airlines","Continuous","CAR Section 3 Series M Part IV","Operations","DGCA","Aircraft Rules 1937","Knowledge-based"
"IND-SHP-01","Merchant Shipping Act 2025 transition","Merchant Shipping Act 2025 assented 18 Aug 2025; replaces 1958 Act from date of notification; status of commencement and rules needs checking","Continuous/Ongoing","Shipowners, ship managers","As notified","Rules under MSA 2025","Legal","MoPSW / DG Shipping","Merchant Shipping Act 2025","Search-confirmed"
"IND-SHP-02","Bills of Lading Act 2025 compliance","Act commenced 10 Sept 2025 replacing Indian Bills of Lading Act 1856","Continuous/Ongoing","Carriers, shippers, banks","Continuous","Bills of Lading documents (electronic recognised)","Legal","MoPSW","Bills of Lading Act 2025","Search-confirmed"
"IND-SHP-03","Carriage of Goods by Sea Act 2025","Replaces Carriage of Goods by Sea Act 1925; applies to carriage under bills of lading","Continuous/Ongoing","Carriers","Continuous","Contract terms","Legal","MoPSW","Carriage of Goods by Sea Act 2025","Search-confirmed"
"IND-SHP-04","Ship registration","Registration of Indian ships","One-Time/Registration","Shipowners","Before operation","Registrar of Indian ships forms","Operations","DG Shipping","Merchant Shipping Act 2025 (in force from 15-Mar-2026, replacing Merchant Shipping Act 1958 except Part XIV)","Search-confirmed - scconline.com, teamleaseregtech.com"
"IND-SHP-05","Statutory ship surveys and certificates","Load line, safety, radio, pollution certificates","Recurring-Annual","Ship owners","Annual/periodic survey","Certificates by classification society/DGS","Operations","DG Shipping","Merchant Shipping Act 2025 (in force from 15-Mar-2026, replacing Merchant Shipping Act 1958 except Part XIV); SOLAS, MARPOL","Search-confirmed - scconline.com, teamleaseregtech.com"
"IND-SHP-06","ISM/ISPS code compliance","DOC and SMC; ship security certificates","Licence-Renewal","Shipping companies","Annual verification; 5-yr renewal","ISM audit","EHS","DG Shipping / RO","Merchant Shipping Act; SOLAS Ch IX","Search-confirmed - dgshipping.gov.in, dgma.gov.in"
"IND-SHP-07","Seafarer certification (STCW) and RPSL licence","RPSL licence for manning agents","Licence-Renewal","Manning agencies","Licence renewal (5 yr) with annual compliance","RPSL Rules; Form","HR","DG Shipping","Merchant Shipping (Recruitment and Placement of Seafarers) Rules 2016","Search-confirmed - dgma.gov.in, indiankanoon.org"
"IND-SHP-08","Maritime Labour Convention compliance","MLC certificate","Continuous/Ongoing","Shipowners","5-yr certificate; intermediate inspection","MLC DMLC","HR","DG Shipping","Merchant Shipping (Maritime Labour Convention) Rules 2016","Search-confirmed - dgshipping.gov.in, indiacode.nic.in"
"IND-SHP-09","Coastal vessels permits (licence to non-Indian ships)","General trading licence for coastal shipping","Event-Based","Foreign vessel operators","Per licence","DGS licence","Operations","DG Shipping","Merchant Shipping Act 2025 (in force from 15-Mar-2026)","Search-confirmed - scconline.com, teamleaseregtech.com"
"IND-SHP-10","Oil pollution/MARPOL certificate (IOPP)","Prevention of pollution certificates","Recurring-Annual","Vessel owners","Annual survey","IOPP certificate","Environment","DG Shipping","Merchant Shipping Act 2025 (in force from 15-Mar-2026); MARPOL","Search-confirmed - scconline.com, teamleaseregtech.com"
"IND-SHP-11","Port Trust tariff & Major Port Authorities Act","Compliance with port tariff and licences","Continuous/Ongoing","Terminal operators","Continuous","TAMP/Port Authority orders","Operations","Port Authority","Major Port Authorities Act 2021","Search-confirmed - tariffauthority.gov.in, shipmin.gov.in"
"IND-SHP-12","Non-major port compliance (State Maritime Board)","Concession compliance","Continuous/Ongoing","Private port operators","Continuous","State maritime board rules","Operations","State Maritime Boards","Indian Ports Act 1908 repealed; replaced by Indian Ports Act 2025 (notified 21-Aug-2025, in force)","Search-confirmed - lexology.com, taxscan.in"
"IND-SHP-13","Indian Ports Act 2025","Replacement statute for Indian Ports Act 1908","Continuous/Ongoing","Ports","As notified","Rules","Legal","MoPSW","Indian Ports Act 2025 (notified 21-Aug-2025, in force, repealing Indian Ports Act 1908)","Search-confirmed - lexology.com, taxscan.in"
"IND-SHP-14","Inland Vessels Act 2021 registration","Registration and certificate of survey for inland vessels","Recurring-Annual","Inland vessel owners","Registration; periodic survey","Inland Vessels Rules","Operations","IWAI / State authority","Inland Vessels Act 2021","Search-confirmed - prsindia.org, indiacode.nic.in"
"IND-SHP-15","IWAI navigation & terminal charges","Compliance for national waterways","Continuous/Ongoing","Operators","Continuous","IWAI Act 1985; regulations","Operations","IWAI","Inland Waterways Authority of India Act 1985","Search-confirmed - indiacode.nic.in, shipmin.gov.in"
"IND-SHP-16","Customs Broker/Bonded warehouse (port-related)","Compliance with Customs Act and CBLR","Continuous/Ongoing","Custodians","Continuous","Customs (CBLR 2018)","Tax","CBIC","Customs Act 1962","Search-confirmed - taxguru.in, cblms.gov.in"
"IND-RLY-01","RDSO vendor registration","Registration of vendors of railway items","Licence-Renewal","Suppliers","Initial; renewal","RDSO Vendor Directory","Quality/Regulatory","RDSO","Railways Act 1989 (administrative approval)","Search-confirmed - rdso.indianrailways.gov.in, ireps.gov.in"
"IND-RLY-02","Railways contractor registration","Enlistment with Railways","Recurring-Annual","Contractors","Initial; periodic","Railway tender enlistment","Operations","Indian Railways","Indian Railways Act 1989","Search-confirmed - ireps.gov.in, rdso.indianrailways.gov.in"
"IND-RLY-03","Railways contractor labour compliance","Compliance with labour laws for contractors","Recurring-Monthly","Contractors","Monthly","Labour law returns [legacy form name; Code-era format to confirm]","HR","Railway Administration","Occupational Safety, Health and Working Conditions Code, 2020 (in force 21 Nov 2025; erstwhile Contract Labour (Regulation and Abolition) Act, 1970 subsumed)","Knowledge-based - post-Labour-Code rewrite"
"IND-RLY-04","Performance guarantee / security deposit","Furnish PG and validity","Event-Based","Contractors","Per contract","Bank guarantee","Finance","Railway Administration","Indian Contract Act 1872","Knowledge-based"
"IND-RLY-05","Railway wagon/private siding agreements","Private freight terminal/siding","Continuous/Ongoing","Sidings owners","Per agreement","PFT policy (Gati Shakti)","Operations","Ministry of Railways","Railways Act 1989","Search-confirmed - dfccil.com, fois.indianrail.gov.in"
"IND-RLY-06","Commissioner of Railway Safety authorisation","CRS sanction for new lines/rolling stock","One-Time/Registration","Metro/rail infra","Before opening","CRS inspection","EHS","CRS","Railways Act 1989; Metro Railways (Operation and Maintenance) Act 2002","Search-confirmed - crs.gov.in, civilaviation.gov.in"
"IND-PWR-01","Generation company licence/registration","Generation does not need licence but requires CEA concurrence for hydro; captive registration","One-Time/Registration","Generators","Initial","CEA/Nodal agencies","Legal","CEA","Electricity Act 2003 s.7, 8","Knowledge-based"
"IND-PWR-02","Transmission licence","Licence from CERC/SERC","One-Time/Registration","Transmission licensees","Initial","CERC (Procedure, Terms and Conditions for Grant of Transmission Licence) Regulations","Legal","CERC","Electricity Act 2003 s.14","Knowledge-based"
"IND-PWR-03","Distribution licence","Licence from SERC","One-Time/Registration","Distribution utilities","Initial","SERC regulations","Legal","SERC","Electricity Act 2003 s.14","Knowledge-based"
"IND-PWR-04","Trading licence","Electricity trading licence","Recurring-Annual","Traders","Initial; annual compliance","CERC Trading Licence Regulations","Legal","CERC","Electricity Act 2003 s.14","Knowledge-based"
"IND-PWR-05","Open access approval","Open access for intra/inter-state","Event-Based","Consumers/generators","Per application","Nodal agency/State load dispatch centre","Operations","CERC/SERC/SLDC","Electricity Act 2003 s.42; Electricity (Promoting Renewable Energy Through Green Energy Open Access) Rules 2022","Knowledge-based"
"IND-PWR-06","Captive generation status","Annual proof of 26% ownership and 51% consumption","Recurring-Annual","Captive generators","Annual (financial year end)","Auditor certificate","Finance","State authority","Electricity Act 2003 s.9; Electricity Rules 2005 r.3","Knowledge-based"
"IND-PWR-07","CEA safety regulations compliance","Electrical safety, periodic inspection","Continuous/Ongoing","Generating/transmission","Continuous","CEA (Measures relating to Safety and Electric Supply) Regulations 2023","EHS","CEA / Electrical Inspector","Electricity Act 2003 s.53","Knowledge-based"
"IND-PWR-08","Electrical Inspector approval for installations","Inspection before energisation","Recurring-Annual","Consumers with HT installations","Before energisation; periodic","Inspector's certificate","EHS","Chief Electrical Inspector","Electricity Act 2003; CEA Safety Regulations 2023","Knowledge-based"
"IND-PWR-09","Renewable Purchase Obligation (RPO) compliance","Meet RPO/RCO targets","Recurring-Annual","Obligated entities","Annual","Energy Conservation (Amendment) Act 2022 - Renewable Consumption Obligation; MoP orders (status Needs manual check)","Operations","MoP / SERC","Electricity Act 2003 s.86(1)(e); Energy Conservation Act 2001","Needs manual check"
"IND-PWR-10","REC registration and redemption","REC registration with Grid-India","Recurring-Monthly","RE generators","Monthly issuance","Grid-India REC portal","Operations","Grid-India / CERC","CERC (Terms and Conditions for recognition and issuance of RECs) Regulations","Knowledge-based"
"IND-PWR-11","BEE PAT scheme compliance","Designated consumers submit Form-A and Form-1; achieve SEC targets","Recurring-Annual","Designated Consumers","Annual/cycle","PAT Rules 2012 forms","Environment","BEE","Energy Conservation Act 2001; PAT Rules","Knowledge-based"
"IND-PWR-12","Energy audit and energy manager appointment","Appoint certified energy manager; mandatory energy audit","Recurring-Annual","Designated consumers","Every 3 years audit","Form 1","Operations","BEE","Energy Conservation Act 2001","Knowledge-based"
"IND-PWR-13","Carbon Credit Trading Scheme compliance","Compliance under Indian carbon market","Continuous/Ongoing","Notified sectors","As notified","CCTS Rules","Environment","BEE / MoP","Energy Conservation (Amendment) Act 2022; Needs manual check [Scheme/Policy, not a statute]","Needs manual check"
"IND-PWR-14","Grid Code compliance","Connectivity & metering","Continuous/Ongoing","Generators","Continuous","Indian Electricity Grid Code","Operations","CERC / Grid-India","Electricity Act 2003 s.79","Knowledge-based"
"IND-PWR-15","Tariff petition (annual true-up)","File tariff/ARR petitions","Recurring-Annual","Licensees","Annual","SERC/CERC tariff regs","Finance","CERC/SERC","Electricity Act 2003 s.62","Knowledge-based"
"IND-PWR-16","Solar/wind project registration (MNRE/SNA)","Registration, ALMM listing for solar modules","One-Time/Registration","RE developers","Initial","ALMM List I/II","Operations","MNRE","Approved List of Models and Manufacturers orders","Knowledge-based"
"IND-PWR-17","Solar rooftop / net metering","Net metering and connectivity","Event-Based","Prosumers","Per system","DISCOM applications","Operations","DISCOM","Electricity (Rights of Consumers) Rules 2020","Knowledge-based"
"IND-PWR-18","Dam safety compliance","Safety inspection, emergency action plan","Continuous/Ongoing","Owners of specified dams","Pre/post monsoon","Dam Safety Act forms","EHS","NDSA / SDSO","Dam Safety Act 2021","Knowledge-based"
"IND-PWR-19","Nuclear licence (AERB)","Consent for siting, construction, operation","Event-Based","Nuclear operators","Per stage","AERB consent","EHS","AERB","SHANTI Act 2025 (repealed Atomic Energy Act 1962 and Civil Liability for Nuclear Damage Act 2010)","Search-confirmed - pib.gov.in, world-nuclear-news.org"
"IND-OG-01","PNGRB authorisation (CGD network)","Authorisation for City Gas Distribution / pipelines","One-Time/Registration","CGD entities","Initial","PNGRB application","Legal","PNGRB","Petroleum and Natural Gas Regulatory Board Act 2006","Knowledge-based"
"IND-OG-02","PNGRB registration (LPG/CNG marketing)","Registration for marketing of petroleum products","One-Time/Registration","Marketing entities","Initial","PNGRB Regulations","Legal","PNGRB","PNGRB Act 2006","Knowledge-based"
"IND-OG-03","PNGRB integrity management system audit","Third-party audit of pipeline integrity","Recurring-Annual","Pipeline operators","Periodic/annual","T4S Regulations","EHS","PNGRB","PNGRB Act 2006; Integrity Management System Regulations 2012","Knowledge-based"
"IND-OG-04","PNGRB technical standards (T4S) audit","Safety audits","Recurring-Annual","CGD & pipelines","Periodic","T4S regulations","EHS","PNGRB","PNGRB Act 2006","Knowledge-based"
"IND-OG-05","Petroleum Act 1934 licence (storage)","Licence for storing petroleum Class A/B/C","Licence-Renewal","Retail outlets, depots","Annual renewal per licence","Form under Petroleum Rules 2002","EHS","PESO / Collector","Petroleum Act 1934; Petroleum Rules 2002","Knowledge-based"
"IND-OG-06","Petroleum transport vehicle licence","Licence for tank lorries","Recurring-Annual","Transporters","Annual","Form XII","EHS","PESO","Petroleum Rules 2002","Needs manual check"
"IND-OG-07","Gas Cylinder Rules 2016 licences","Cylinder filling, storage","Recurring-Annual","LPG bottlers","Annual","Gas Cylinder Rules 2016 forms","EHS","PESO","Explosives Act 1884; Gas Cylinders Rules 2016","Knowledge-based"
"IND-OG-08","SMPV(U) Rules compliance","Unfired pressure vessels licence","Event-Based","Owners of pressure vessels","Per licence","SMPV(U) Rules 2016","EHS","PESO","Static and Mobile Pressure Vessels (Unfired) Rules 2016","Knowledge-based"
"IND-OG-09","DGH compliance for E&P","Annual work programme, PSC reporting","Recurring-Annual","E&P contractors","Annual","Production Sharing Contract; OALP","Operations","DGH / MoPNG","Oilfields (Regulation and Development) Act 1948; Petroleum and Natural Gas Rules 1959","Search-confirmed - dghindia.gov.in, indiankanoon.org"
"IND-OG-10","Petroleum & Minerals Pipelines Act 1962 RoU","Right of user in land compliance","Continuous/Ongoing","Pipeline operators","Continuous","Section 3 notifications","Legal","MoPNG","Petroleum and Minerals Pipelines (Acquisition of Right of User in Land) Act 1962","Search-confirmed - indiankanoon.org, indiacode.nic.in"
"IND-OG-11","Oil Industry Development cess","Payment of cess on crude","Recurring-Monthly","Producers","Monthly","Cess return","Finance","MoPNG","Oil Industries (Development) Act 1974","Search-confirmed - indiankanoon.org, ppac.gov.in"
"IND-OG-12","Motor Spirit and HSD (Regulation of Supply, Distribution) Order compliance","Dealership compliance","Continuous/Ongoing","Retail outlets","Continuous","MS & HSD Order 2005","Operations","OMCs","Essential Commodities Act 1955","Search-confirmed - indiankanoon.org, indiacode.nic.in"
"IND-OG-13","Oilfields (Regulation and Development) Amendment Act 2025","Amended OFRD Act enacted 2025; commencement/rules to be checked","Continuous/Ongoing","E&P companies","As notified","Rules","Legal","MoPNG","Oilfields (Regulation and Development) Amendment Act 2025","Needs manual check"
"IND-OG-14","LPG Control Order compliance","Distribution compliance","Continuous/Ongoing","Distributors","Continuous","Liquefied Petroleum Gas (Regulation of Supply and Distribution) Order 2000","Operations","MoPNG","Essential Commodities Act 1955","Search-confirmed - indiankanoon.org, peso.gov.in"
"IND-MIN-01","Prospecting licence / mining lease","Grant of PL/ML through auction","One-Time/Registration","Miners","Initial","MMDR Act 1957; Mineral (Auction) Rules 2015","Legal","State Govt / Ministry of Mines","Mines and Minerals (Development and Regulation) Act 1957","Knowledge-based"
"IND-MIN-02","Mining plan approval","Approved mining plan and progressive closure","Licence-Renewal","Lessees","Initial; revision every 5 years","Mineral Conservation and Development Rules 2017","Operations","IBM / State","MCDR 2017","Knowledge-based"
"IND-MIN-03","IBM monthly return (Form F1/F2 etc.)","Monthly production, despatch returns","Recurring-Monthly","Mine owners","Monthly","Forms per MCDR 2017","Operations","IBM","MCDR 2017","Search-confirmed - ibm.gov.in, dgms.net"
"IND-MIN-04","IBM annual return (Form G etc.)","Annual return","Recurring-Annual","Mine owners","Annual","MCDR 2017","Operations","IBM","MCDR 2017","Search-confirmed - ibm.gov.in, dgms.net"
"IND-MIN-05","District Mineral Foundation contribution","Pay DMF (10%/30% of royalty)","Recurring-Monthly","Lessees","Monthly/periodic","DMF rules","Finance","State","MMDR Act 1957 s.9B","Search-confirmed - lawtrend.in, taxtmi.com"
"IND-MIN-06","National Mineral Exploration Trust contribution","2% of royalty","Continuous/Ongoing","Lessees","As due","NMET rules","Finance","Ministry of Mines","MMDR Act 1957 s.9C","Search-confirmed - lawtrend.in, taxtmi.com"
"IND-MIN-07","Royalty payment","Pay royalty per Second Schedule","Recurring-Monthly","Lessees","Monthly","Challan","Finance","State","MMDR Act 1957 s.9","Search-confirmed - business-standard.com, lawtrend.in"
"IND-MIN-08","DGMS statutory returns","Annual return to DGMS","Recurring-Annual","Mine owners","Annual","Mines Rules [legacy form name; Code-era format to confirm]","EHS","DGMS","Occupational Safety, Health and Working Conditions Code, 2020 (in force 21 Nov 2025; erstwhile Mines Act, 1952 subsumed)","Search-confirmed - taxmann.com, en.wikipedia.org"
"IND-MIN-09","Mine manager & statutory appointment","Appoint qualified manager/surveyor","Event-Based","Mine owners","Event/continuous","Mines Act 1952","HR","DGMS","Occupational Safety, Health and Working Conditions Code, 2020 (in force 21 Nov 2025; erstwhile Mines Act, 1952 subsumed); Coal Mines Regulations 2017","Search-confirmed - taxmann.com, en.wikipedia.org"
"IND-MIN-10","Mine accident/dangerous occurrence notice","Notice of accidents","Event-Based","Mine owners","Event-based (immediate)","Form per regulation [legacy form name; Code-era format to confirm]","EHS","DGMS","Occupational Safety, Health and Working Conditions Code, 2020 (in force 21 Nov 2025; erstwhile Mines Act, 1952 subsumed)","Search-confirmed - taxmann.com, en.wikipedia.org"
"IND-MIN-11","Environmental clearance and Forest clearance for mine","EC/FC","Recurring-Monthly","Miners","Initial; compliance report six-monthly","Form","Environment","MoEFCC","Environment Protection Act 1986; EIA Notification 2006; Van (Sanrakshan Evam Samvardhan) Adhiniyam 1980","Knowledge-based"
"IND-MIN-12","Consent to Establish/Operate for mines","SPCB consent","Licence-Renewal","Miners","Initial; renewal","SPCB forms","Environment","SPCB","Water Act 1974; Air Act 1981","Knowledge-based"
"IND-MIN-13","Mine closure plan and financial assurance","Progressive/final closure","Recurring-Annual","Lessees","Annual","MCDR 2017","Environment","IBM","MCDR 2017","Knowledge-based"
"IND-MIN-14","Coal mining compliance (CMPDI/Coal Controller returns)","Coal returns","Recurring-Monthly","Coal producers","Monthly","Coal Controller forms","Operations","Coal Controller","Coal Mines (Nationalisation) Act 1973; Coal Mines (Special Provisions) Act 2015","Search-confirmed - pib.gov.in, coalcontroller.gov.in"
"IND-MIN-15","Mining lease transfer/mutation","Transfer of lease","Event-Based","Lessees","Event-based","State approval","Legal","State","MMDR Act s.12A","Search-confirmed - indiankanoon.org, kanoongpt.in"
"IND-STL-01","Steel BIS QCO certification","BIS licence for steel products under QCO","Recurring-Annual","Steel makers/importers","Initial; annual marking fee","BIS licence","Quality/Regulatory","BIS","Bureau of Indian Standards Act 2016","Knowledge-based"
"IND-STL-02","Steel import monitoring (SIMS)","Register import","Event-Based","Importers","Per consignment","SIMS portal","Tax","DGFT / MoS","Foreign Trade Act 1992","Search-confirmed - dgft.gov.in, taxtmi.com"
"IND-STL-03","Metal recycling / scrap EPR","Comply with metal scrap policy","Continuous/Ongoing","Recyclers","Continuous","Metal Scrap Recycling Policy 2019","Environment","MoS","Administrative","Needs manual check"
"IND-STL-04","Anti-dumping duty compliance","Comply with ADD on steel","Event-Based","Importers","Per import","Customs notifications","Tax","CBIC","Customs Tariff Act 1975","Knowledge-based"
"IND-STL-05","Steel PLI scheme reporting","Quarterly reports","Recurring-Quarterly","PLI beneficiaries","Quarterly","PLI scheme guidelines","Finance","Ministry of Steel","Administrative","Knowledge-based"
"IND-STL-06","Hazardous waste authorisation (metals)","Authorisation for hazardous waste","Licence-Renewal","Steel/metal","Renewal periodic","Form 1","Environment","SPCB","Hazardous and Other Wastes (Management and Transboundary Movement) Rules 2016","Knowledge-based"
"IND-STL-07","Non-ferrous metals Hallmarking","BIS hallmarking for gold/silver","One-Time/Registration","Jewellers","Registration; ongoing","BIS Hallmarking Order 2022","Quality/Regulatory","BIS","BIS Act 2016; BIS (Hallmarking) Regulations","Search-confirmed - bis.gov.in, mondaq.com"
"IND-CHM-01","MSIHC Rules storage of hazardous chemicals","Notification of site, safety report, onsite emergency plan","Recurring-Annual","Major hazard installations","Initial; annual audit","Manufacture, Storage and Import of Hazardous Chemical Rules 1989","EHS","State Factory Inspectorate / CCG","Environment (Protection) Act 1986; MSIHC Rules 1989","Knowledge-based"
"IND-CHM-02","Safety audit (MSIHC)","Annual safety audit by accredited agency","Recurring-Annual","MAH units","Annual","Rule 13","EHS","Chief Inspector of Factories","MSIHC Rules 1989","Search-confirmed - indiankanoon.org, indiacode.nic.in"
"IND-CHM-03","Factories Act compliance","Factory licence, annual return","Licence-Renewal","Factories","Licence renewal; Annual return Jan 31","Form 22 annual return [legacy form name; Code-era format to confirm]","EHS","Factory Inspectorate","Occupational Safety, Health and Working Conditions Code, 2020 (in force 21 Nov 2025; erstwhile Factories Act, 1948 subsumed)","Knowledge-based - post-Labour-Code rewrite"
"IND-CHM-04","Occupational Safety, Health and Working Conditions Code 2020","OSH Code in force from 21 Nov 2025 per notification (verify rules)","Continuous/Ongoing","Employers","Ongoing","OSH Code Rules","HR","Ministry of Labour","Occupational Safety, Health and Working Conditions Code 2020","Needs manual check"
"IND-CHM-05","Chemical Weapons Convention licences","Registration & declarations of scheduled chemicals","Recurring-Annual","Producers of scheduled chemicals","Annual declarations","CWC Act forms","Legal","NACWC","Chemical Weapons Convention Act 2000","Search-confirmed - indiankanoon.org, nacwc.gov.in"
"IND-CHM-06","REACH-like: Chemical import registration (MSIHC Rule 18)","Import declarations","Event-Based","Importers","Per import","MSIHC Rules","Legal","Ministry of Environment","MSIHC Rules 1989","Knowledge-based"
"IND-CHM-07","Hazardous waste return (Form 4)","Annual hazardous waste return","Recurring-Annual","Generators","Annual by 30 June","Form 4","Environment","SPCB","HOWM Rules 2016","Search-confirmed - ask-chemicals.com, hspcb.org.in"
"IND-CHM-08","Chemical Accidents (Emergency Planning) Rules 1996","Crisis group planning","Continuous/Ongoing","Hazardous units","Continuous","CAEPPR Rules","EHS","CCG","Environment Protection Act 1986","Search-confirmed - indiankanoon.org, factories.wb.gov.in"
"IND-CHM-09","Public Liability Insurance","Insurance for hazardous substances handling","Recurring-Annual","Hazardous units","Annual","PLI policy","Finance","Collector","Public Liability Insurance Act 1991","Search-confirmed - indiankanoon.org, icicilombard.com"
"IND-CHM-10","Insecticides / Chemicals BIS QCO","BIS QCOs on chemicals","Continuous/Ongoing","Producers","Continuous","BIS licence","Quality/Regulatory","BIS","BIS Act 2016","Knowledge-based"
"IND-CHM-11","Ozone Depleting Substances Rules 2000","Registration and reporting","Recurring-Annual","Producers, users","Annual","ODS Rules 2000 / amendments","Environment","MoEFCC","Ozone Depleting Substances (Regulation and Control) Rules 2000","Search-confirmed - ozonecell.nic.in, nextias.com"
"IND-CHM-12","Petroleum, Chemicals and Petrochemical Investment Region (PCPIR) compliance","Compliance with PCPIR","Continuous/Ongoing","Units in PCPIR","Continuous","State policy","Operations","State Govt","Administrative [Scheme/Policy, not a statute]","Needs manual check"
"IND-CHM-13","Environmental clearance (chemical)","EC for scheduled projects","One-Time/Registration","Chemical projects","Initial; half-yearly compliance","EIA Notification 2006","Environment","MoEFCC","EP Act 1986","Knowledge-based"
"IND-CHM-14","CTE/CTO consent renewals","State PCB consent","Licence-Renewal","Industrial units","Renewal (5 yr etc.)","Water and Air Acts","Environment","SPCB","Water Act 1974; Air Act 1981","Knowledge-based"
"IND-CHM-15","Environmental Statement (Form V)","Annual environmental statement","Recurring-Annual","Industries","Annual by 30 Sept","Form V","Environment","SPCB","Environment (Protection) Rules 1986 r.14","Search-confirmed - cpcb.gov.in, ppsthane.com"
"IND-CHM-16","Explosive precursor / narcotic precursor","Precursor chemicals licensing","Event-Based","Users of controlled precursors","Per licence","NDPS Act","Legal","Narcotics Control Bureau / DoR","NDPS Act 1985","Knowledge-based"
"IND-PHA-01","Manufacturing licence (drugs)","State licence Form 25/28 etc.","Licence-Renewal","Drug manufacturers","Initial; retention fee every 5 years","Forms 24/25/27/28 Drugs Rules 1945","Quality/Regulatory","State FDA / CDSCO","Drugs and Cosmetics Act 1940; Drugs Rules 1945","Knowledge-based"
"IND-PHA-02","Schedule M GMP compliance","Revised Schedule M, phased deadlines for MSMEs","Continuous/Ongoing","Pharma makers","Continuous","Revised Schedule M (notified Dec 2023); large firms first; MSME extended (check dates)","Quality/Regulatory","CDSCO","Drugs Rules 1945 Schedule M","Needs manual check"
"IND-PHA-03","Sale licence (retail/wholesale)","Drug sale licence Forms 20/21/20B/21B","Licence-Renewal","Chemists","Retention fee every 5 years","Drugs Rules 1945","Quality/Regulatory","State Drugs Controller","Drugs and Cosmetics Act 1940","Knowledge-based"
"IND-PHA-04","Import registration and licence","Form 41/10","Event-Based","Importers","Per product; 5 yr","Form 40/41; Form 10","Legal","CDSCO","Drugs Rules 1945","Knowledge-based"
"IND-PHA-05","New drug approval / clinical trial","Approval under New Drugs and Clinical Trials Rules 2019","Event-Based","Sponsors","Per trial","Form CT-04 etc.","Quality/Regulatory","CDSCO","New Drugs and Clinical Trials Rules 2019","Knowledge-based"
"IND-PHA-06","Pharmacovigilance PSUR","Periodic Safety Update Reports","Recurring-Monthly","MAHs","6-monthly / annual per approval","PSUR format","Quality/Regulatory","CDSCO / PvPI","NDCT Rules 2019","Knowledge-based"
"IND-PHA-07","NPPA price control (DPCO 2013)","Comply with ceiling price; Form II/III revised price","Recurring-Quarterly","Manufacturers","Event-based; Form V quarterly return","Form V (quarterly)","Finance","NPPA","Drugs (Prices Control) Order 2013; Essential Commodities Act 1955","Knowledge-based"
"IND-PHA-08","Form II price list","Price approval for new drug","Event-Based","Manufacturers","Event-based","Form II","Finance","NPPA","DPCO 2013","Knowledge-based"
"IND-PHA-09","Pharma annual return to NPPA (Form V)","Annual/quarterly production and sales","Recurring-Quarterly","Manufacturers","Quarterly Form V","Form V via PIMS","Finance","NPPA","DPCO 2013","Knowledge-based"
"IND-PHA-10","Narcotics licence","Licence to manufacture/possess narcotics/psychotropics","Recurring-Annual","Manufacturers, dealers","Annual","NDPS Rules; Form","Legal","State Excise / Narcotics Commissioner","Narcotic Drugs and Psychotropic Substances Act 1985; NDPS Rules 1985","Knowledge-based"
"IND-PHA-11","NDPS returns","Monthly/annual statements of narcotics","Recurring-Monthly","Licensees","Monthly & annual","Form as per State rules","Operations","State Drug Controller / Narcotics Commissioner","NDPS Act 1985","Knowledge-based"
"IND-PHA-12","Import Export Certificate (NDPS)","Import/export authorisation","Event-Based","Traders","Per consignment","CBN","Legal","Central Bureau of Narcotics","NDPS Act 1985","Knowledge-based"
"IND-PHA-13","Drugs Rules recall and Schedule H1 register","Maintain Schedule H1 register","Continuous/Ongoing","Pharmacies","Continuous","Register","Operations","State Drug Controller","Drugs Rules 1945","Knowledge-based"
"IND-PHA-14","Not of Standard Quality (NSQ) recall","Voluntary recall","Event-Based","Manufacturers","Event-based","Recall procedure","Quality/Regulatory","CDSCO","Drugs Rules 1945","Knowledge-based"
"IND-PHA-15","Pharmacy Act 1948 registration","Registered pharmacist requirement","Continuous/Ongoing","Pharmacies","Continuous","Pharmacy Council registration","HR","Pharmacy Council of India","Pharmacy Act 1948","Knowledge-based"
"IND-PHA-16","Cosmetics import registration","Form COS-1/COS-2","Licence-Renewal","Importers","5-year","Cosmetics Rules 2020","Quality/Regulatory","CDSCO","Cosmetics Rules 2020","Knowledge-based"
"IND-PHA-17","Cosmetics manufacturing licence","Form COS-5","Licence-Renewal","Cosmetic manufacturers","Retention/renewal","Cosmetics Rules 2020","Quality/Regulatory","State Licensing Authority","Drugs and Cosmetics Act 1940; Cosmetics Rules 2020","Knowledge-based"
"IND-PHA-18","Ayush manufacturing licence","Ayurvedic/Siddha/Unani licence","Licence-Renewal","AYUSH manufacturers","Initial; renewal","Drugs Rules Part XVI","Quality/Regulatory","State Licensing Authority","Drugs and Cosmetics Act 1940","Knowledge-based"
"IND-PHA-19","Bulk drug: Drugs and Magic Remedies Act 1954 advertising","Advertising restrictions","Continuous/Ongoing","Marketers","Continuous","Act","Legal","CDSCO / State","Drugs and Magic Remedies (Objectionable Advertisements) Act 1954","Knowledge-based"
"IND-PHA-20","Drugs, Medical Devices and Cosmetics Bill","Proposed replacement of Drugs and Cosmetics Act 1940; status Needs manual check","Continuous/Ongoing","Pharma & devices","Ongoing","Bill","Legal","MoHFW","Drugs, Medical Devices and Cosmetics Bill (proposed)","Needs manual check"
"IND-MDV-01","Medical device manufacturing licence (Class A/B)","State licensing under MDR 2017","Licence-Renewal","Class A/B makers","Perpetual with retention fee","Form MD-3 (application MD-5)","Quality/Regulatory","State Licensing Authority","Medical Devices Rules 2017","Knowledge-based"
"IND-MDV-02","Medical device manufacturing licence (Class C/D)","CDSCO licence","Licence-Renewal","Class C/D makers","Perpetual with retention fee","Form MD-7/MD-9","Quality/Regulatory","CDSCO","Medical Devices Rules 2017","Knowledge-based"
"IND-MDV-03","Import licence for devices","Form MD-14/MD-15","Licence-Renewal","Importers","Perpetual with retention fee","Registration Certificate","Legal","CDSCO","Medical Devices Rules 2017","Knowledge-based"
"IND-MDV-04","Retention fee for MDR licence","Pay every 5 years","Licence-Renewal","Licensees","5-yearly","Fee challan","Finance","CDSCO","MDR 2017","Knowledge-based"
"IND-MDV-05","Post-market surveillance & adverse events","Report serious adverse events","Event-Based","Manufacturers","Event-based","MDR 2017 reporting","Quality/Regulatory","CDSCO","MDR 2017","Knowledge-based"
"IND-MDV-06","QMS ISO 13485 audit compliance (Fifth Schedule)","Comply with QMS","Continuous/Ongoing","Manufacturers","Continuous","Fifth Schedule MDR 2017","Quality/Regulatory","CDSCO","MDR 2017","Knowledge-based"
"IND-MDV-07","Clinical investigation approval","Investigations of devices","Event-Based","Sponsors","Per study","MDR Chapter VII","Quality/Regulatory","CDSCO","MDR 2017","Knowledge-based"
"IND-MDV-08","Medical devices Legal Metrology packaged commodity","Declarations on label","Continuous/Ongoing","Makers","Continuous","Rules","Legal","Legal Metrology","Legal Metrology (Packaged Commodities) Rules 2011","Knowledge-based"
"IND-MDV-09","Radiation devices AERB licence","X-ray equipment registration","Licence-Renewal","X-ray operators","Licence per validity","e-LORA","EHS","AERB","Atomic Energy (Radiation Protection) Rules 2004","Knowledge-based"
"IND-HSP-01","Clinical Establishment registration","State registration","Licence-Renewal","Hospitals, clinics","Initial; annual renewal","State rules","Quality/Regulatory","State Health Dept","Clinical Establishments (Registration and Regulation) Act 2010 (adopted states)","Knowledge-based"
"IND-HSP-02","PCPNDT Act registration","Registration of diagnostic centres","Licence-Renewal","Ultrasound centres","Initial; renewal every 5 years","Form A","Legal","Appropriate Authority","Pre-Conception and Pre-Natal Diagnostic Techniques (Prohibition of Sex Selection) Act 1994; Rules 1996","Knowledge-based"
"IND-HSP-03","PCPNDT Form F record and monthly report","Monthly Form F to Appropriate Authority","Recurring-Monthly","Ultrasound centres","Monthly (by 5th)","Form F","Operations","Appropriate Authority","PCPNDT Rules 1996","Knowledge-based"
"IND-HSP-04","MTP Act registration of facility","Approved place for MTP","One-Time/Registration","Hospitals","Initial","MTP Rules 2003","Legal","Chief Medical Officer","Medical Termination of Pregnancy Act 1971; Amendment Act 2021","Knowledge-based"
"IND-HSP-05","BMW authorisation","Biomedical waste authorisation","Licence-Renewal","HCFs","Initial; renewal","Form II","Environment","SPCB","Bio-Medical Waste Management Rules 2016","Knowledge-based"
"IND-HSP-06","BMW annual report","Submit annual report by 30 June","Recurring-Annual","HCFs","Annual","Form IV","Environment","SPCB","BMW Rules 2016","Knowledge-based"
"IND-HSP-07","BMW accident reporting","Report accident","Event-Based","HCFs","Event-based","Form I","Environment","SPCB","BMW Rules 2016","Knowledge-based"
"IND-HSP-08","NABH accreditation (optional)","Voluntary NABH accreditation","Recurring-Annual","Hospitals","3-year cycle","NABH standards","Quality/Regulatory","NABH (QCI)","Voluntary","Knowledge-based"
"IND-HSP-09","NMC/state medical council doctor registration","Ensure doctors registered","Continuous/Ongoing","Hospitals","Continuous","Register","HR","NMC / State Council","National Medical Commission Act 2019","Knowledge-based"
"IND-HSP-10","Transplantation of Human Organs licence","Registration of transplant centre","Licence-Renewal","Hospitals","Registration; renewal (5 yr)","Form 16","Legal","Appropriate Authority","Transplantation of Human Organs and Tissues Act 1994","Knowledge-based"
"IND-HSP-11","Fire NOC (hospitals)","Fire safety compliance","Licence-Renewal","Hospitals","Annual renewal","State fire service","EHS","State Fire Dept","State Fire Acts; NBC 2016","Knowledge-based"
"IND-HSP-12","AERB licence for radiology","Registration","Licence-Renewal","Hospitals","Licence per validity","e-LORA","EHS","AERB","Atomic Energy Act 1962","Knowledge-based"
"IND-HSP-13","Blood bank licence","Licence Form 28-C etc.","Licence-Renewal","Blood banks","5-year","Drugs Rules","Quality/Regulatory","CDSCO / State","Drugs and Cosmetics Act 1940","Knowledge-based"
"IND-HSP-14","Digital Personal Data Protection compliance for patient data","Consent, security [DPDP Rules 2025: Board provisions live from Nov 2025; consent-manager provisions from 13 Nov 2026; main duties from 13 May 2027]","Continuous/Ongoing","Data fiduciaries","Continuous","DPDP Rules 2025","IT/Data","Data Protection Board","Digital Personal Data Protection Act 2023; DPDP Rules 2025 (phased commencement - Needs manual check)","Needs manual check"
"IND-HSP-15","Nursing home registration (state Acts)","State nursing home registration","Recurring-Annual","Nursing homes","Annual","State Acts (e.g., Maharashtra Nursing Homes Registration Act 1949)","Quality/Regulatory","State","State Nursing Homes Acts","Knowledge-based"
"IND-FDA-01","FSSAI licence/registration","Central/State licence or registration","Licence-Renewal","Food business operators","Initial; annual renewal (1-5 yr)","Form B","Quality/Regulatory","FSSAI / State Food Authority","Food Safety and Standards Act 2006; FSS (Licensing and Registration of Food Businesses) Regulations 2011","Knowledge-based"
"IND-FDA-02","FSSAI annual return (Form D1)","Annual return for manufacturers/importers","Recurring-Annual","Licensed FBOs","Annual by 31 May (Form D1 FY-wise)","Form D-1","Quality/Regulatory","FSSAI","FSS Act 2006; Licensing Regulations 2011","Knowledge-based"
"IND-FDA-03","FSSAI renewal","Renew licence","One-Time/Registration","Licensees","Before expiry (late fee Rs 100/day)","Form B via FoSCoS","Quality/Regulatory","FSSAI","FSS Act 2006","Knowledge-based"
"IND-FDA-04","FSSAI labelling & display compliance","Labelling per Regulations 2020","Continuous/Ongoing","Packaged food makers","Continuous","Food Safety and Standards (Labelling and Display) Regulations 2020","Quality/Regulatory","FSSAI","FSS Act 2006","Knowledge-based"
"IND-FDA-05","FSSAI food import clearance","NOC for import","Event-Based","Importers","Per consignment","FSSAI import clearance","Legal","FSSAI","Food Safety and Standards (Import) Regulations 2017","Knowledge-based"
"IND-FDA-06","FSSAI third-party audit","Mandatory hygiene audit","Recurring-Annual","Manufacturers","Annual","Food Safety Auditing Regs 2018","Quality/Regulatory","FSSAI","FSS (Food Safety Auditing) Regulations 2018","Knowledge-based"
"IND-FDA-07","FSSAI recall procedure","Recall of unsafe food","Event-Based","FBOs","Event-based","Recall Regulations 2017","Quality/Regulatory","FSSAI","FSS (Food Recall Procedure) Regulations 2017","Knowledge-based"
"IND-FDA-08","Legal Metrology packaged commodity declarations","Declarations on packages","Continuous/Ongoing","Packers/importers","Continuous","Legal Metrology (Packaged Commodities) Rules 2011","Legal","Legal Metrology Dept","Legal Metrology Act 2009","Knowledge-based"
"IND-FDA-09","Legal Metrology packer/manufacturer/dealer registration","Registration of manufacturers/repairers of weights","Licence-Renewal","Manufacturers","Licence; renewal","Legal Metrology (General) Rules 2011","Legal","State Controller Legal Metrology","Legal Metrology Act 2009","Knowledge-based"
"IND-FDA-10","Verification and stamping of weighing instruments","Annual verification","Recurring-Annual","Traders using scales","Annual","Rules","Operations","Legal Metrology","Legal Metrology Act 2009","Knowledge-based"
"IND-FDA-11","Food Business Operator hygiene (Schedule 4)","GMP/GHP","Continuous/Ongoing","FBOs","Continuous","Schedule 4","Quality/Regulatory","FSSAI","FSS Regulations 2011","Search-confirmed - ficsi.in, archive.fssai.gov.in"
"IND-FDA-12","Nutraceutical compliance","Compliance for health supplements","Continuous/Ongoing","Supplement makers","Continuous","FSS (Health Supplements, Nutraceuticals...) Regulations 2016","Quality/Regulatory","FSSAI","FSS Act 2006","Knowledge-based"
"IND-FDA-13","Export (EIC) food certification","EIC inspection","Event-Based","Exporters","Per consignment","EIC","Quality/Regulatory","Export Inspection Council","Export (Quality Control and Inspection) Act 1963","Knowledge-based"
"IND-AGR-01","Insecticides Act licence (manufacture)","Licence for insecticide manufacture","Licence-Renewal","Manufacturers","Renewal periodic","Insecticides Rules 1971 forms","Quality/Regulatory","CIB&RC / State Agri","Insecticides Act 1968; Insecticides Rules 1971","Search-confirmed - indiankanoon.org, casemine.com"
"IND-AGR-02","Insecticide registration (CIB&RC)","Registration of pesticide formulation","One-Time/Registration","Manufacturers/importers","One-time; Section 9(3)","Form","Quality/Regulatory","CIB&RC","Insecticides Act 1968","Search-confirmed - indiankanoon.org, indiastandardsportal.org"
"IND-AGR-03","Insecticide dealer licence","Retail licence","Licence-Renewal","Dealers","Renewal periodic","State","Legal","State Agri Dept","Insecticides Act 1968","Search-confirmed - indiankanoon.org, casemine.com"
"IND-AGR-04","Pesticide Management Bill status","Proposed replacement","Continuous/Ongoing","Pesticide firms","Ongoing","Pesticide Management Bill","Legal","Agriculture Ministry","Pesticide Management Bill (proposed)","Needs manual check"
"IND-AGR-05","Seeds Act 1966 certification","Seed certification and labelling","Event-Based","Seed producers","Per lot","Seeds Rules 1968","Quality/Regulatory","State Seed Certification Agency","Seeds Act 1966; Seeds Rules 1968","Search-confirmed - agritech.tnau.ac.in, indiacode.nic.in"
"IND-AGR-06","Seed dealer registration","State registration","Recurring-Annual","Seed dealers","Periodic","State Rules","Legal","State Agri Dept","Seeds Act 1966","Search-confirmed - agritech.tnau.ac.in, indiacode.nic.in"
"IND-AGR-07","Seed Bill status","Seeds Bill 2025 draft; status Needs manual check","Continuous/Ongoing","Seed cos","Ongoing","Bill","Legal","Agriculture Ministry","Seeds Bill (proposed)","Needs manual check"
"IND-AGR-08","Fertiliser Control Order registration","FCO 1985 licences","Recurring-Annual","Manufacturers/dealers","Initial; periodic","FCO 1985 forms","Legal","State Agri / DAC","Fertiliser (Control) Order 1985; Essential Commodities Act 1955","Search-confirmed - indiankanoon.org, fert.nic.in"
"IND-AGR-09","Fertiliser monthly return","Production/sales","Recurring-Monthly","Manufacturers","Monthly","Fertiliser Monitoring System","Operations","Dept of Fertilisers","FCO 1985","Search-confirmed - digitalindia.gov.in, fert.nic.in"
"IND-AGR-10","Fertiliser subsidy claims (DBT)","iFMS claims","Recurring-Monthly","Fertiliser cos","Monthly","iFMS","Finance","DoF","NBS policy","Search-confirmed - digitalindia.gov.in, fert.nic.in"
"IND-AGR-11","Plant quarantine phytosanitary","Import permit; certificate","Event-Based","Exporters/importers","Per consignment","PQ Order 2003","Legal","NPPQS","Destructive Insects and Pests Act 1914; Plant Quarantine (Regulation of Import into India) Order 2003","Search-confirmed - indiankanoon.org, geacindia.gov.in"
"IND-AGR-12","APMC/Agricultural Produce Market licence","Trader licence","Recurring-Annual","Traders","Annual","State APMC Acts","Legal","State APMC","State APMC Acts","Search-confirmed - bhattandjoshiassociates.com, indiafilings.com"
"IND-AGR-13","Warehousing (Development & Regulation) Act registration","WDRA registration","Recurring-Annual","Warehouses","Initial; annual","WDRA","Operations","WDRA","Warehousing (Development and Regulation) Act 2007","Search-confirmed - indiacode.nic.in, wdra.gov.in"
"IND-AGR-14","Organic certification (NPOP)","Certification","Recurring-Annual","Producers","Annual","NPOP","Quality/Regulatory","APEDA","APEDA Act 1985; FT(D&R) Act 1992","Search-confirmed - apeda.gov.in, pib.gov.in"
"IND-AGR-15","Tea/Coffee/Rubber/Spices Board registration","Board registration","Recurring-Annual","Planters, exporters","Annual/periodic","Tea Act 1953; Coffee Act 1942; Rubber Act 1947; Spices Board Act 1986","Legal","Commodity Boards","respective Acts","Search-confirmed - vajiramandravi.com, officerspulse.com"
"IND-AUT-01","CMVR type approval","Type approval by test agency","Recurring-Annual","Vehicle makers","Initial; COP annually","Form per CMVR 1989","Quality/Regulatory","MoRTH / ARAI etc.","Motor Vehicles Act 1988; Central Motor Vehicles Rules 1989","Search-confirmed - araiindia.com, team-bhp.com"
"IND-AUT-02","Conformity of Production (COP)","Annual COP audit","Recurring-Annual","Makers","Annual","AIS/CMVR","Quality/Regulatory","ARAI","CMVR 1989","Search-confirmed - araiindia.com, team-bhp.com"
"IND-AUT-03","AIS standards compliance","AIS-xxx compliance","Continuous/Ongoing","Makers","Continuous","Automotive Industry Standards","Quality/Regulatory","ARAI","CMVR 1989","Search-confirmed - araiindia.com, team-bhp.com"
"IND-AUT-04","BIS certification for auto components","Helmets, tyres etc. QCO","Recurring-Annual","Makers","Annual","BIS licence","Quality/Regulatory","BIS","BIS Act 2016","Search-confirmed - bis.gov.in, agileregulatory.com"
"IND-AUT-05","Vehicle dealership trade certificate","Trade certificate","Recurring-Annual","Dealers","Annual","Form 16","Legal","RTO","Motor Vehicles Act 1988; CMVR","Knowledge-based"
"IND-AUT-06","Vehicle scrappage RVSF registration","Registered vehicle scrapping facility","One-Time/Registration","RVSF operators","Initial","CMVR (Registration and Functions of Vehicle Scrapping Facility) Rules 2021","Environment","MoRTH","Motor Vehicles Act 1988","Search-confirmed - gktoday.in, morth.nic.in"
"IND-AUT-07","Emission norms BS-VI compliance","Type approval to BS-VI","Continuous/Ongoing","Makers","Continuous","CMVR","Environment","MoRTH","CMVR","Knowledge-based"
"IND-AUT-08","CAFE norms","Fuel efficiency (Corporate Average Fuel Efficiency)","Recurring-Annual","Car makers","Annual","BEE CAFE","Environment","BEE","Energy Conservation Act 2001","Search-confirmed - vajiramandravi.com, udit.beeindia.gov.in"
"IND-AUT-09","Transport permits","Goods/passenger permits","Licence-Renewal","Fleet operators","Renewal 5 years","Form","Operations","RTO/State Transport","Motor Vehicles Act 1988","Knowledge-based"
"IND-AUT-10","Fitness certificate","Commercial vehicle fitness","Recurring-Annual","Fleet operators","Periodic","Form 38","Operations","RTO","Motor Vehicles Act 1988","Search-confirmed - parivahan.gov.in, policybazaar.com"
"IND-AUT-11","PLI auto scheme reporting","Claims","Recurring-Annual","PLI beneficiaries","Annual","PLI guidelines","Finance","MHI","Administrative","Knowledge-based"
"IND-TEL-01","Telecommunications Act 2023 authorisation","Authorisation replaces licences; Sections 3(1),3(6) in force 23 June 2026; 5 authorisation rule-sets notified June-July 2026","Continuous/Ongoing","Telecom service providers","Ongoing/transition","Authorisation Rules 2026","Legal","DoT","Telecommunications Act 2023","Search-confirmed"
"IND-TEL-02","Legacy UL/UL-VNO licence migration","Migration of Unified Licences to authorisation","Continuous/Ongoing","Existing licensees","As per transition rules","DoT migration procedure","Legal","DoT","Indian Telegraph Act 1885 (repealed); Telecommunications Act 2023 (s.1-2,10-30,42-44,46-47,50-58,61-62 in force 26 Jun 2024)","Search-confirmed - internetfreedom.in, barandbench.com"
"IND-TEL-03","Licence fee and USO levy payment","Quarterly licence fee (8% AGR incl. USO)","Recurring-Quarterly","Licensees","Quarterly","Statement of revenue","Finance","DoT","Telecommunications Act 2023; UL conditions","Knowledge-based"
"IND-TEL-04","Digital Bharat Nidhi contribution","USO levy replaced by DBN under 2023 Act","Recurring-Quarterly","Licensees","Quarterly","Rules","Finance","DoT","Telecommunications Act 2023 s.24-25 (in force 26 Jun 2024; USOF became Digital Bharat Nidhi)","Search-confirmed - internetfreedom.in, cyberpeace.org"
"IND-TEL-05","TRAI Telecom Consumers Protection compliance","Tariff reporting","Recurring-Quarterly","TSPs","Quarterly","TRAI regulations","Operations","TRAI","Telecom Regulatory Authority of India Act 1997","Search-confirmed - trai.gov.in, vajiramandravi.com"
"IND-TEL-06","TRAI tariff filing","Report tariff within 7 days","Event-Based","TSPs","Event-based","Telecommunication Tariff Order","Operations","TRAI","TRAI Act 1997","Search-confirmed - trai.gov.in, en.wikipedia.org"
"IND-TEL-07","Type approval/MTCTE","Mandatory testing & certification","Event-Based","Manufacturers","Per product","TEC","Quality/Regulatory","TEC","Telecommunications Act 2023","Search-confirmed - eservices.dot.gov.in, tec.gov.in"
"IND-TEL-08","WPC equipment licence / ETA","Equipment Type Approval","Event-Based","Importers","Per product","Saral Sanchar","Legal","WPC","Indian Wireless Telegraphy Act 1933 (repealed) - Telecommunications Act 2023","Search-confirmed - tec.gov.in, sunren.net"
"IND-TEL-09","ISP licence compliance","Internet service licence","Recurring-Annual","ISPs","Annual fee","Licence","Operations","DoT","Telecommunications Act 2023","Needs manual check"
"IND-TEL-10","Lawful interception and security","Comply with security conditions","Continuous/Ongoing","TSPs","Continuous","Licence security conditions","Security","DoT","Telecommunications Act 2023","Knowledge-based"
"IND-TEL-11","Telecom Cyber Security Rules 2024","Report cyber incidents","Event-Based","TSPs","Event-based (6 hours)","Telecommunications (Telecom Cyber Security) Rules 2024","IT/Data","DoT","Telecommunications Act 2023","Search-confirmed - cyberpeace.org, scconline.com"
"IND-TEL-12","Subscriber verification (KYC)","Digital KYC","Continuous/Ongoing","TSPs","Continuous","DoT instructions","Operations","DoT","Telecommunications Act 2023","Knowledge-based"
"IND-TEL-13","Right of Way","RoW permission","Event-Based","TSPs","Per application","Telecommunications (Right of Way) Rules 2024","Operations","DoT","Telecommunications Act 2023","Search-confirmed - jsalaw.com, khaitanco.com"
"IND-TEL-14","Spectrum payments","Instalments","Recurring-Annual","Spectrum holders","Annual","Auction terms","Finance","DoT","Telecommunications Act 2023","Knowledge-based"
"IND-TEL-15","Broadcasting infrastructure IP-I registration","Infrastructure provider","One-Time/Registration","IP-I","Registration","DoT","Legal","DoT","Telecommunications Act 2023","Needs manual check"
"IND-RE-01","RERA project registration","Register project with state RERA","One-Time/Registration","Promoters","Before advertise/sale","Form A","Legal","State RERA","Real Estate (Regulation and Development) Act 2016; State RERA Rules","Search-confirmed - homefirstindia.com, planningtank.com"
"IND-RE-02","RERA quarterly update","Update on project progress quarterly","Recurring-Quarterly","Promoters","Quarterly","Form on RERA portal","Operations","State RERA","RERA 2016 s.11(1)","Search-confirmed - taxguru.in, bangaloreicai.org"
"IND-RE-03","RERA annual audit / Form 7","Annual accounts by CA","Recurring-Annual","Promoters","Annual","Form 7","Finance","State RERA","RERA 2016 s.4(2)(l)(D); rules","Search-confirmed - taxguru.in, rera.tn.gov.in"
"IND-RE-04","RERA 70% escrow account","Deposit 70% funds","Continuous/Ongoing","Promoters","Continuous","Separate account","Finance","State RERA","RERA 2016 s.4(2)(l)(D)","Search-confirmed - lexology.com, patronaccounting.com"
"IND-RE-05","RERA agent registration","Registration of real estate agents","Licence-Renewal","Agents","Initial; renewal 5 years","Form","Legal","State RERA","RERA 2016 s.9","Search-confirmed - taxguru.in, lawbhoomi.com"
"IND-RE-06","RERA extension","Extension of registration","Event-Based","Promoters","Event-based","s.6","Legal","State RERA","RERA 2016","Search-confirmed - taxguru.in, lawbhoomi.com"
"IND-RE-07","Occupation certificate & completion","OC/CC","Event-Based","Promoters","Event-based","Local authority","Legal","Local authority","State building laws","Knowledge-based"
"IND-RE-08","Stamp duty & registration","Register sale agreements","Continuous/Ongoing","Promoters","Per agreement","State","Legal","Sub-Registrar","Registration Act 1908; State Stamp Acts","Knowledge-based"
"IND-RE-09","GST on real estate","GST returns","Recurring-Monthly","Developers","Monthly","GSTR","Tax","GST","CGST Act 2017","Knowledge-based"
"IND-RE-10","Environmental clearance for construction (SEIAA)","EC for large projects","One-Time/Registration","Developers","Initial","EIA Notification 2006","Environment","SEIAA","EP Act 1986","Search-confirmed - environment.tn.gov.in, environmentclearance.nic.in"
"IND-RE-11","Housing society formation","Registration","Event-Based","Promoters","On completion","MOFA/State","Legal","State","State Cooperative Acts","Knowledge-based"
"IND-CON-01","BOCW establishment registration","Register establishments","One-Time/Registration","Employers of 10+ building workers","Initial","Form I [legacy form name; Code-era format to confirm]","HR","Labour Dept","Occupational Safety, Health and Working Conditions Code, 2020 (in force 21 Nov 2025; erstwhile Building and Other Construction Workers (Regulation of Employment and Conditions of Service) Act, 1996 subsumed)","Search-confirmed - pib.gov.in, en.wikipedia.org"
"IND-CON-02","BOCW welfare cess payment","1% cess on cost","Event-Based","Builders","Per project","Cess challan","Finance","BOCW Welfare Board","BOCW Welfare Cess Act 1996","Search-confirmed - labour.delhi.gov.in, indiacode.nic.in"
"IND-CON-03","Inter-State Migrant Workmen registration","Registration; licence for contractors","One-Time/Registration","Principal employers","Initial","Form [legacy form name; Code-era format to confirm]","HR","Labour Dept","Occupational Safety, Health and Working Conditions Code, 2020 (in force 21 Nov 2025; erstwhile Inter-State Migrant Workmen (Regulation of Employment and Conditions of Service) Act, 1979 subsumed)","Search-confirmed - pib.gov.in, en.wikipedia.org"
"IND-CON-04","Contract Labour licence","Licence for contractors","Recurring-Annual","Contractors","Annual","Form V/VI [legacy form name; Code-era format to confirm]","HR","Labour Dept","Occupational Safety, Health and Working Conditions Code, 2020 (in force 21 Nov 2025; erstwhile Contract Labour (Regulation and Abolition) Act, 1970 subsumed)","Search-confirmed - pib.gov.in, en.wikipedia.org"
"IND-CON-05","Construction site safety (BOCW Central Rules 1998)","Safety officer & records","Continuous/Ongoing","Builders","Continuous","Rules","EHS","Labour Dept","BOCW Central Rules 1998","Knowledge-based"
"IND-CON-06","Labour codes status","4 labour codes in force from 21 Nov 2025; rules status Needs manual check","Continuous/Ongoing","Employers","Ongoing","Codes","HR","MoLE","Code on Wages 2019; Industrial Relations Code 2020; Code on Social Security 2020; Occupational Safety, Health and Working Conditions Code 2020 - all four Codes brought into force 21-Nov-2025 (IR Code and OSH Code fully in force; Wage Code and SS Code only partially, pending detailed Central/State rules)","Search-confirmed - kpmg.com, pib.gov.in"
"IND-CON-07","Contractor EPF/ESI registration","Compliance","Recurring-Monthly","Contractors","Monthly","ECR","HR","EPFO/ESIC","Code on Social Security, 2020 (in force 21 Nov 2025; erstwhile Employees' Provident Funds and Miscellaneous Provisions Act, 1952 and Employees' State Insurance Act, 1948 subsumed)","Search-confirmed - kpmg.com, jsalaw.com"
"IND-CON-08","C&D waste management","Processing plan","Continuous/Ongoing","Builders","Continuous","C&D Waste Management Rules 2016","Environment","SPCB","EP Act 1986","Search-confirmed - hspcb.org.in, cpcb.nic.in"
"IND-CON-09","Contractor registration (PWD/CPWD)","Enlistment","Licence-Renewal","Contractors","Renewal","CPWD","Operations","CPWD","Administrative","Knowledge-based"
"IND-TXT-01","Textile export: RoSCTL/RoDTEP claims","Duty remission","Event-Based","Exporters","Per shipment","Shipping Bill","Tax","DGFT","Customs Act 1962","Search-confirmed - skydo.com, afleo.com"
"IND-TXT-02","Textiles Committee registration","Cess/inspection","Continuous/Ongoing","Textile firms","Continuous","Textiles Committee Act 1963","Quality/Regulatory","Textiles Committee","Textiles Committee Act 1963","Search-confirmed - indiankanoon.org, textilescommittee.nic.in"
"IND-TXT-03","BIS QCO for textiles","Technical textiles, jute packaging","Recurring-Annual","Manufacturers","Annual","BIS licence","Quality/Regulatory","BIS","BIS Act 2016","Knowledge-based"
"IND-TXT-04","Jute packaging mandatory use","Comply with JPM Act","Continuous/Ongoing","Jute users","Continuous","Jute Packaging Materials (Compulsory Use in Packing Commodities) Act 1987","Operations","Jute Commissioner","JPM Act 1987","Search-confirmed - indiankanoon.org, indiacode.nic.in"
"IND-TXT-05","Effluent discharge consent (dyeing units)","CTO","Licence-Renewal","Dyeing units","Renewal","Water Act","Environment","SPCB","Water Act 1974","Knowledge-based"
"IND-TXT-06","Textile Labelling: Textile (Consumer Protection) Regulations","Fibre content declarations","Continuous/Ongoing","Makers","Continuous","Regulations","Quality/Regulatory","MoT","Consumer Protection Act","Needs manual check"
"IND-TXT-07","Handloom Mark / Silk Mark","Certification","Recurring-Annual","Producers","Annual","Handloom (Reservation) Act 1985","Quality/Regulatory","Handloom Board","Handlooms (Reservation of Articles) Act 1985","Knowledge-based"
"IND-FMC-01","FMCG BIS/ISI certifications","BIS licence for products","Recurring-Annual","Manufacturers","Annual marking fee","BIS","Quality/Regulatory","BIS","BIS Act 2016","Knowledge-based"
"IND-FMC-03","Cosmetics labelling","Labelling per Cosmetics Rules","Continuous/Ongoing","Cosmetic makers","Continuous","Rules","Quality/Regulatory","CDSCO","Cosmetics Rules 2020","Knowledge-based"
"IND-FMC-04","Trademark renewal","Renew TM every 10 years","Licence-Renewal","Brand owners","10 years","Form TM-R","Legal","Trade Marks Registry","Trade Marks Act 1999","Search-confirmed - indiankanoon.org, quickcompany.in"
"IND-FMC-05","CCPA advisory compliance (misleading ads)","Guidelines for Prevention of Misleading Advertisements 2022","Continuous/Ongoing","Advertisers","Continuous","Guidelines","Legal","CCPA","Consumer Protection Act 2019","Search-confirmed - pib.gov.in, scconline.com"
"IND-FMC-06","Guidelines on dark patterns 2023","Avoid dark patterns","Continuous/Ongoing","E-commerce/FMCG","Continuous","Guidelines","Legal","CCPA","Consumer Protection Act 2019","Search-confirmed - scconline.com, pib.gov.in"
"IND-FMC-08","Competition Act combination filing","Notify M&A above thresholds","Event-Based","FMCG cos","Event-based","Form I/II","Legal","CCI","Competition Act 2002","Search-confirmed - cci.gov.in, argus-p.com"
"IND-RET-01","Shops & Establishments registration","State registration","Licence-Renewal","Shops","Initial; renewal per state","State forms","HR","Labour Dept","State Shops and Establishments Acts (e.g. Delhi Shops and Establishments Act 1954)","Knowledge-based"
"IND-RET-02","Shops & Establishments annual return","Annual return","Recurring-Annual","Employers","Annual","State forms","HR","Labour Dept","State S&E Acts","Knowledge-based"
"IND-RET-03","Consumer Protection (E-Commerce) Rules 2020","Display seller details, grievance officer","Recurring-Monthly","E-commerce entities","Continuous; monthly grievance report","Rules","Legal","CCPA / DPIIT","Consumer Protection Act 2019; Consumer Protection (E-Commerce) Rules 2020","Knowledge-based"
"IND-RET-04","Grievance officer appointment","Appoint; acknowledge in 48 hrs; resolve within 1 month","Continuous/Ongoing","E-commerce","Continuous","Rule 4(5)","Legal","CCPA","Consumer Protection (E-Commerce) Rules 2020","Search-confirmed - icsi.edu, consumerprotection.in"
"IND-RET-05","Consumer Protection Act 2019 product liability","Product liability","Continuous/Ongoing","Manufacturers/sellers","Continuous","Ch VI","Legal","Consumer Commissions","Consumer Protection Act 2019","Knowledge-based"
"IND-RET-06","Consumer Protection (Direct Selling) Rules 2021","Direct selling registration","One-Time/Registration","Direct sellers","Initial","Rules 2021","Legal","State Govt","Consumer Protection Act 2019","Search-confirmed - impriindia.com, pib.gov.in"
"IND-RET-07","Retail FDI conditions","Multi-brand 51%, single brand 100%","One-Time/Registration","Foreign retailers","Prior","FDI policy","Legal","DPIIT","FDI Policy; FEMA NDI Rules 2019","Knowledge-based"
"IND-RET-08","Trade licence (municipal)","Municipal licence","Licence-Renewal","Retail","Annual renewal","ULB","Legal","Municipal Corporation","State Municipal Acts","Knowledge-based"
"IND-RET-09","Legal Metrology e-commerce declarations","Display declarations","Continuous/Ongoing","E-commerce","Continuous","Rules","Legal","Legal Metrology","Legal Metrology Act 2009","Search-confirmed - lexology.com, mbgcorp.com"
"IND-EDU-01","UGC regulations for HEIs","Comply with UGC Act","Continuous/Ongoing","Universities","Continuous","UGC Regulations","Operations","UGC","University Grants Commission Act 1956","Search-confirmed - ugc.gov.in, understandupsc.com"
"IND-EDU-02","Viksit Bharat Shiksha Adhishthan Bill","Proposed single regulator (HECI); status Needs manual check","Continuous/Ongoing","HEIs","Ongoing","Bill","Legal","MoE","VBSA Bill 2025 (proposed)","Needs manual check"
"IND-EDU-03","AICTE approval process","Annual approval for technical institutions","Recurring-Annual","Colleges","Annual","Approval Process Handbook","Operations","AICTE","All India Council for Technical Education Act 1987","Search-confirmed - epsiindia.org, en.wikipedia.org"
"IND-EDU-04","NAAC/NBA accreditation","Accreditation","Licence-Renewal","HEIs","5-year cycle","NAAC","Quality/Regulatory","NAAC/NBA","UGC guidelines","Knowledge-based"
"IND-EDU-05","RTE 25% reservation","Admit 25% economically weaker in private schools","Recurring-Annual","Private unaided schools","Annual","State RTE rules","Operations","State Education Dept","Right of Children to Free and Compulsory Education Act 2009","Knowledge-based"
"IND-EDU-06","School recognition & affiliation","CBSE/State board affiliation","Recurring-Annual","Schools","Periodic","Affiliation Bye-laws","Operations","CBSE / State Board","RTE Act 2009","Knowledge-based"
"IND-EDU-07","UDISE+ data submission","Annual school data","Recurring-Annual","Schools","Annual","UDISE+","IT/Data","MoE","Administrative","Knowledge-based"
"IND-EDU-08","Foreign HEI campuses","UGC (Setting up of campuses of foreign HEIs) Regulations 2023","One-Time/Registration","Foreign universities","Initial","Regulations","Legal","UGC","UGC Act 1956","Knowledge-based"
"IND-EDU-09","Anti-ragging affidavit","Affidavits","Recurring-Annual","HEIs","Annual","UGC Regulations 2009","Operations","UGC","UGC Act 1956","Knowledge-based"
"IND-EDU-10","Coaching Centres guidelines","Registration per state/Centre guidelines 2024","One-Time/Registration","Coaching centres","Initial","Guidelines","Legal","State","Guidelines for Regulation of Coaching Centres 2024","Knowledge-based"
"IND-EDU-11","Trust/society education institution tax exemption","Section 10(23C)/12AB","Licence-Renewal","Trusts","5-year registration","Form 10A/10AB","Tax","CBDT","Income-tax Act 2025 (in force from 1-Apr-2026, replacing Income-tax Act 1961)","Search-confirmed - tax2win.in, incometax.gov.in"
"IND-MED-01","Cable Television Networks (Regulation) Act registration","MSO/cable operator registration","One-Time/Registration","Cable operators","Post office registration","Cable TV Rules 1994","Legal","MIB / Post Office","Cable Television Networks (Regulation) Act 1995","Knowledge-based"
"IND-MED-02","Uplinking/downlinking permission","Permission for TV channels","One-Time/Registration","Broadcasters","Initial; 10 yr","Uplinking Guidelines 2022","Legal","MIB","MIB Guidelines","Knowledge-based"
"IND-MED-03","Programme & Advertising Code compliance","Code compliance","Continuous/Ongoing","Broadcasters","Continuous","Codes","Legal","MIB","Cable TV Act 1995","Knowledge-based"
"IND-MED-04","IT Rules 2021 for intermediaries","Grievance officer, monthly compliance report","Recurring-Monthly","Significant social media intermediaries","Monthly","IT (Intermediary Guidelines and Digital Media Ethics Code) Rules 2021","IT/Data","MeitY","Information Technology Act 2000","Knowledge-based"
"IND-MED-05","IT Rules Part III digital news publishers","Publisher information to MIB","One-Time/Registration","OTT/news publishers","Initial","Rules","Legal","MIB","IT Act 2000","Knowledge-based"
"IND-MED-06","ASCI code compliance","Advertising self-regulation","Continuous/Ongoing","Advertisers","Continuous","ASCI Code","Legal","ASCI","Self-regulatory","Knowledge-based"
"IND-MED-07","Press RNI registration & annual statement","Title verification; annual statement by 31 May","Recurring-Annual","Publishers","Annual","Form","Legal","RNI","Press and Registration of Periodicals Act 2023","Search-confirmed - prgi.gov.in, compliancecalendar.in"
"IND-MED-08","Copyright licence for broadcast","Copyright society licence","Recurring-Annual","Broadcasters","Periodic","Licences","Legal","Copyright office","Copyright Act 1957","Knowledge-based"
"IND-MED-09","Cinematograph certification","CBFC certification","Event-Based","Producers","Per film","Form","Legal","CBFC","Cinematograph Act 1952; Cinematograph (Amendment) Act 2023","Search-confirmed - pib.gov.in, cbfcindia.gov.in"
"IND-MED-10","Broadcasting Services Bill","Proposed; Needs manual check","Continuous/Ongoing","Broadcasters","Ongoing","Bill","Legal","MIB","Broadcasting Services (Regulation) Bill (draft)","Needs manual check"
"IND-MED-11","TRAI broadcasting QoS & interconnect","Reports","Recurring-Quarterly","Broadcasters/MSOs","Quarterly","TRAI regulations","Operations","TRAI","TRAI Act 1997","Knowledge-based"
"IND-MED-12","Online gaming law","Promotion and Regulation of Online Gaming Act 2025","Continuous/Ongoing","Gaming platforms","Ongoing","Rules","Legal","MeitY","Promotion and Regulation of Online Gaming Act 2025 (notified 22 Aug 2025); Promotion and Regulation of Online Gaming Rules 2026 (in force 1 May 2026)","Search-confirmed - pib.gov.in, scconline.com"
"IND-SPT-01","National Sports Governance Act 2025 recognition","Act assented 18 Aug 2025, partly commenced 31 Dec 2025; NSB and NSBodies Rules 2026 notified","Continuous/Ongoing","National Sports Federations","Ongoing","Recognition by National Sports Board","Legal","MYAS / National Sports Board","National Sports Governance Act 2025","Search-confirmed"
"IND-SPT-02","Athlete representation and election panel","Comply with election norms","Continuous/Ongoing","Federations","Per election cycle","National Sports Governance (National Sports Bodies) Rules 2026","Secretariat","National Sports Election Panel","NSG Act 2025","Search-confirmed"
"IND-SPT-03","National Sports Tribunal dispute filing","Disputes before tribunal","Continuous/Ongoing","Federations","Event-based","NSG (National Sports Tribunal) Rules 2026","Legal","National Sports Tribunal","NSG Act 2025","Search-confirmed"
"IND-SPT-04","SAI grants utilisation","SAI utilisation certificates","Recurring-Annual","Federations","Annual","GFR","Finance","SAI","Administrative","Knowledge-based"
"IND-SPT-05","Societies Registration Act annual list","Annual list of managing body","Recurring-Annual","Societies","Annual","State Registrar","Secretariat","Registrar of Societies","Societies Registration Act 1860","Knowledge-based"
"IND-SPT-06","Sports code (NSCI) anti-doping","Anti-doping compliance","Continuous/Ongoing","Federations","Continuous","National Anti-Doping Act 2022","Legal","NADA","National Anti-Doping Act 2022","Search-confirmed - lexology.com, prsindia.org"
"IND-SPT-08","Income tax filing (society)","ITR-7","Recurring-Annual","Sports societies","Annual","ITR-7","Tax","CBDT","Income-tax Act 1961","Knowledge-based"
"IND-PRO-01","Advocates Act enrolment & BCI certificate of practice","Enrolment; BCI Bar Council of India Rules","Licence-Renewal","Advocates","Initial; renewal per state","State Bar Council","Legal","State Bar Council / BCI","Advocates Act 1961; Bar Council of India Rules","Search-confirmed - indiacode.nic.in, ipleaders.in"
"IND-PRO-02","BCI Rules on foreign law firms","Registration to practise foreign law","One-Time/Registration","Foreign lawyers","Initial","BCI (Registration and Regulation of Foreign Lawyers) Rules 2022 (amended 2025 - Needs manual check)","Legal","BCI","Advocates Act 1961","Needs manual check"
"IND-PRO-03","Advocates welfare/Bar council dues","Annual dues","Recurring-Annual","Advocates","Annual","Bar Council","Finance","State Bar Council","Advocates Act 1961","Knowledge-based"
"IND-PRO-04","Verification of advocates (AIBE)","All India Bar Examination","One-Time/Registration","Advocates","Once","Exam","Legal","BCI","Advocates Act 1961","Search-confirmed - allindiabarexamination.com, ipleaders.in"
"IND-PRO-05","LLP annual return Form 11","Annual return","Recurring-Annual","LLPs","Annual by 30 May","Form 11","Secretariat","MCA / ROC","Limited Liability Partnership Act 2008; LLP Rules 2009","Search-confirmed - cleartax.in, razorpay.com"
"IND-PRO-06","LLP Statement of Account & Solvency (Form 8)","Form 8","Recurring-Annual","LLPs","Annual by 30 Oct","Form 8","Finance","MCA","LLP Act 2008","Search-confirmed - cleartax.in, indiafilings.com"
"IND-PRO-07","LLP DIR-3 KYC for designated partners","KYC","Recurring-Annual","Designated partners","Annual","DIR-3 KYC","Secretariat","MCA","LLP Act 2008","Knowledge-based"
"IND-PRO-08","LLP Form 3 partner changes","Changes in LLP agreement","Event-Based","LLPs","Event-based within 30 days","Form 3 / Form 4","Secretariat","MCA","LLP Act 2008","Search-confirmed - instafiling.com, myhq.in"
"IND-PRO-09","LLP audit (turnover/contribution above thresholds)","Audit","Recurring-Annual","LLPs","Annual","Audit report","Finance","MCA","LLP Act 2008 s.34","Knowledge-based"
"IND-PRO-10","ICAI peer review","Peer review certificate","Recurring-Annual","CA firms","Every 3 years","Peer Review Board","Quality/Regulatory","ICAI","Chartered Accountants Act 1949; Peer Review Guidelines","Search-confirmed - icai.org, taxguru.in"
"IND-PRO-11","ICAI firm registration/UDIN","Generate UDIN for attestations","Continuous/Ongoing","CA firms","Per document","UDIN portal","Quality/Regulatory","ICAI","Chartered Accountants Act 1949","Knowledge-based"
"IND-PRO-12","ICAI Certificate of Practice renewal","Annual CoP","Recurring-Annual","CA members","Annual","Form","Legal","ICAI","CA Regulations 1988","Knowledge-based"
"IND-PRO-13","ICSI peer review","Peer review of PCS","Recurring-Annual","Practising CS","Periodic","ICSI","Quality/Regulatory","ICSI","Company Secretaries Act 1980","Search-confirmed - icsi.edu, taxguru.in"
"IND-PRO-14","ICSI CoP renewal","Annual","Recurring-Annual","Practising CS","Annual","Form","Legal","ICSI","Company Secretaries Act 1980","Search-confirmed - icsi.edu, icsi.edu"
"IND-PRO-15","Cost accountant CoP","Annual","Recurring-Annual","CMAs","Annual","Form","Legal","ICMAI","Cost and Works Accountants Act 1959","Knowledge-based"
"IND-PRO-16","NFRA audit quality","Audit firms auditing PIEs","Continuous/Ongoing","Audit firms","Ongoing","NFRA","Quality/Regulatory","NFRA","Companies Act 2013 s.132","Search-confirmed - nfra.gov.in, cleartax.in"
"IND-PRO-17","Legal notice to clients: GST for legal services","GST reverse charge","Recurring-Monthly","Law firms","Monthly","GSTR","Tax","GST","CGST Act 2017","Knowledge-based"
"IND-PRO-18","Client KYC/PMLA for professionals","Reporting for CA/CS/CMA in specified transactions","Event-Based","Professionals","Event-based","PMLA notification 2023","Legal","FIU-IND","Prevention of Money Laundering Act 2002","Knowledge-based"
"IND-NGO-01","FCRA registration/prior permission","Registration for foreign contribution","Licence-Renewal","NGOs","Initial; renew every 5 years","Form FC-3A/FC-3B","Legal","MHA (FCRA Division)","Foreign Contribution (Regulation) Act 2010; FCRA Rules 2011","Knowledge-based"
"IND-NGO-02","FCRA quarterly receipt disclosure","Receipts on website/portal","Recurring-Quarterly","FCRA holders","Quarterly (by 15th of next month)","Form FC-4 quarterly disclosure (exact form Needs manual check)","Finance","MHA","FCRA Rules 2011","Needs manual check"
"IND-NGO-03","FCRA annual return FC-4","Annual return by 31 Dec","Recurring-Annual","FCRA holders","Annual","Form FC-4","Finance","MHA","FCRA Rules 2011","Search-confirmed - incorpx.io, vakilsearch.com"
"IND-NGO-04","FCRA designated bank account","Open FCRA account at SBI New Delhi","One-Time/Registration","FCRA holders","Once","Account","Finance","MHA","FCRA 2010","Knowledge-based"
"IND-NGO-05","Section 12A/12AB registration","Registration for tax exemption","Licence-Renewal","Trusts","Initial; renew every 5 years (Form 10A/10AB)","Form 10A / 10AB","Tax","CBDT","Income-tax Act 2025 (in force from 1-Apr-2026, replacing Income-tax Act 1961); Section 12A/12AB provisions renumbered under new Act","Search-confirmed - tax2win.in, incometax.gov.in"
"IND-NGO-06","Section 80G approval","Donor deduction approval","Licence-Renewal","Trusts","Renewal 5 years","Form 10A/10AB","Tax","CBDT","Income-tax Act 1961","Search-confirmed - incorpx.io, rmpsco.com"
"IND-NGO-07","Form 10B/10BB audit report","Audit report of trust","Recurring-Annual","Trusts","Annual (one month before ITR due date)","Form 10B","Tax","CBDT","Income-tax Act 1961 s.12A(1)(b)","Knowledge-based"
"IND-NGO-08","Form 10BD donor statement","Statement of donations","Recurring-Annual","80G holders","Annual by 31 May","Form 10BD, 10BE certificates","Tax","CBDT","Income-tax Rules 1962","Search-confirmed - cleartax.in, incometax.gov.in"
"IND-NGO-09","CSR-1 registration of implementing agencies","Register on MCA","One-Time/Registration","Implementing agencies","One-time","Form CSR-1","Secretariat","MCA","Companies (CSR Policy) Rules 2014","Search-confirmed - indiafilings.com, kpmg.com"
"IND-NGO-10","CSR-2 filing by company","Report of CSR","Recurring-Annual","Companies","Annual with AOC-4","Form CSR-2","Secretariat","MCA","Companies Act 2013 s.135","Search-confirmed - indiafilings.com, cspratik.com"
"IND-NGO-11","Section 8 company annual filings","AOC-4, MGT-7","Recurring-Annual","Section 8 companies","Annual","AOC-4/MGT-7","Secretariat","ROC","Companies Act 2013 s.8","Search-confirmed - setindiabiz.com, incorpx.io"
"IND-NGO-12","Section 8 licence conditions","Comply with s.8 licence","Continuous/Ongoing","Section 8 cos","Continuous","INC-12","Secretariat","MCA","Companies Act 2013","Knowledge-based"
"IND-NGO-13","NITI Aayog DARPAN","Registration for grants","One-Time/Registration","NGOs","One-time","DARPAN","Finance","NITI Aayog","Administrative","Knowledge-based"
"IND-NGO-14","Trust annual filing with Charity Commissioner","Change Report/Audit","Recurring-Annual","Public trusts","Annual","Form (Schedule IX)","Secretariat","Charity Commissioner","Bombay Public Trusts Act 1950 and other state Acts","Search-confirmed - capindia.in, bcasonline.org"
"IND-NGO-15","Society annual filing","Annual list","Recurring-Annual","Societies","Annual","State","Secretariat","Registrar of Societies","Societies Registration Act 1860","Knowledge-based"
"IND-NGO-16","Income tax return ITR-7","File return","Recurring-Annual","Trusts","Annual","ITR-7","Tax","CBDT","Income-tax Act 1961","Knowledge-based"
"IND-NGO-17","TDS compliance for NGOs","TDS","Recurring-Monthly","NGOs","Monthly/quarterly","24Q/26Q","Tax","CBDT","Income-tax Act 1961","Knowledge-based"
"IND-NGO-18","PF/ESI for NGO staff","EPF/ESI","Recurring-Monthly","NGOs","Monthly","ECR","HR","EPFO/ESIC","Code on Social Security, 2020 (in force 21 Nov 2025; erstwhile Employees' Provident Funds and Miscellaneous Provisions Act, 1952 and Employees' State Insurance Act, 1948 subsumed)","Knowledge-based - post-Labour-Code rewrite"
"IND-COP-01","MSCS Act 2002 registration","Multi-state cooperative registration","One-Time/Registration","MSCS","Initial","Form","Legal","Central Registrar of Cooperative Societies","Multi-State Co-operative Societies Act 2002; Amendment Act 2023","Knowledge-based"
"IND-COP-02","MSCS annual general meeting","AGM within 6 months","Recurring-Annual","MSCS","Annual","Notice","Secretariat","CRCS","MSCS Act 2002","Knowledge-based"
"IND-COP-03","MSCS annual return & audit","File audited statements","Recurring-Annual","MSCS","Annual","Return","Finance","CRCS","MSCS Act 2002","Search-confirmed - indiacode.nic.in, finlaw.in"
"IND-COP-04","MSCS election through Cooperative Election Authority","Elections","Licence-Renewal","MSCS","5-year","Authority","Secretariat","CEA","MSCS Amendment Act 2023","Knowledge-based"
"IND-COP-05","State cooperative society audit","Audit by State auditor","Recurring-Annual","Coop societies","Annual","State","Finance","State Registrar","State Cooperative Societies Acts","Knowledge-based"
"IND-COP-06","State cooperative AGM/election","AGM","Recurring-Annual","Coop societies","Annual","State","Secretariat","State Registrar","State Acts","Knowledge-based"
"IND-COP-07","Cooperative bank RBI compliance","Banking Regulation Act as applicable to cooperative societies","Continuous/Ongoing","Coop banks","Continuous","RBI returns","Finance","RBI","Banking Regulation Act 1949","Search-confirmed - livelaw.in, incometaxindia.gov.in"
"IND-COP-08","Income tax 80P deduction","Claim under s.80P","Recurring-Annual","Coop societies","Annual","ITR-5/ITR-6 as applicable","Tax","CBDT","Income-tax Act 1961","Search-confirmed - cleartax.in, incometaxindia.gov.in"
"IND-COP-09","National Cooperative Policy 2025","Policy compliance","Continuous/Ongoing","Coop societies","Ongoing","Policy","Operations","MoC","Administrative [Scheme/Policy, not a statute]","Needs manual check"
"IND-HOS-01","Hotel FSSAI licence","FSSAI for restaurants","Recurring-Annual","Hotels","Annual","Form B","Quality/Regulatory","FSSAI","FSS Act 2006","Search-confirmed - tax2win.in, fssaiindia.in"
"IND-HOS-02","Liquor licence (excise)","Bar licence","Recurring-Annual","Hotels","Annual","State excise","Legal","State Excise","State Excise Acts","Knowledge-based"
"IND-HOS-03","Police licence eating house","Police licence","Recurring-Annual","Hotels","Annual","State","Legal","Police","State Acts","Knowledge-based"
"IND-HOS-04","Fire NOC (hotels)","Fire","Recurring-Annual","Hotels","Annual","State","EHS","Fire Dept","State Fire Acts","Knowledge-based"
"IND-HOS-05","Guest registration Form C","Report foreign guest stays","Event-Based","Hotels","Event-based (24 hours)","Form-III (formerly Form C)","Security","FRRO","Immigration and Foreigners Act 2025 (in force 1 Sep 2025; Foreigners Act 1946 repealed)","Search-confirmed - scconline.com, indiankanoon.org"
"IND-HOS-06","Tourism Trade registration","Travel agent approval","Licence-Renewal","Travel agents","Renewal 5 yrs","MoT approval","Legal","MoT","Administrative","Knowledge-based"
"IND-HOS-07","PPL/IPRS music licence","Music copyright licence","Recurring-Annual","Hotels","Annual","Licence","Legal","Copyright society","Copyright Act 1957","Knowledge-based"
"IND-HOS-08","Luxury tax/GST hotel","GST","Recurring-Monthly","Hotels","Monthly","GSTR","Tax","GST","CGST Act 2017","Knowledge-based"
"IND-HOS-09","Eating house trade licence","Municipal","Recurring-Annual","Restaurants","Annual","ULB","Legal","Municipal","State Acts","Knowledge-based"
"IND-HOS-10","Hotel classification","Star classification","Licence-Renewal","Hotels","5-year","MoT","Quality/Regulatory","MoT","Administrative","Knowledge-based"
"IND-HOS-11","Immigration and Foreigners Act 2025","Replaces Foreigners Act 1946 etc.; status Needs manual check","Continuous/Ongoing","Hotels","Ongoing","Act","Legal","MHA","Immigration and Foreigners Act 2025 (in force 1 Sep 2025; repealed Foreigners Act 1946, Registration of Foreigners Act 1939, Passport (Entry into India) Act 1920, Immigration (Carriers Liability) Act 2000)","Search-confirmed - scconline.com, indiankanoon.org"
"IND-LOG-01","E-way bill generation","E-way bill for goods over Rs 50,000","Event-Based","Transporters","Per consignment","EWB-01","Tax","GST","CGST Act 2017; CGST Rules 2017 r.138","Search-confirmed - cleartax.in, taxinformation.cbic.gov.in"
"IND-LOG-02","GST GTA compliance","GTA registration, RCM","Recurring-Monthly","Transporters","Monthly","GSTR","Tax","GST","CGST Act 2017","Knowledge-based"
"IND-LOG-03","Customs broker licence","CB licence","Licence-Renewal","Freight forwarders","Renewal","CBLR 2018","Legal","CBIC","Customs Act 1962; CBLR 2018","Knowledge-based"
"IND-LOG-04","AEO certification","Authorised Economic Operator","Recurring-Annual","Logistics cos","Periodic","AEO","Legal","CBIC","Customs Act 1962","Knowledge-based"
"IND-LOG-05","Warehouse licence (bonded)","Warehouse licence","Recurring-Annual","Warehouses","Annual","Customs","Legal","CBIC","Customs Act 1962","Knowledge-based"
"IND-LOG-06","Carriers Act 1865 / Carriage by Road Act 2007","Register as common carrier","Continuous/Ongoing","Road carriers","Continuous","Registration","Legal","State","Carriage by Road Act 2007","Knowledge-based"
"IND-LOG-07","Driver hours and permits","Permit","Recurring-Annual","Truckers","Periodic","Motor Vehicles Act 1988","Operations","RTO","Motor Vehicles Act 1988","Knowledge-based"
"IND-LOG-08","Multimodal Transportation of Goods Act 1993 registration","MTO registration","Licence-Renewal","MTOs","Renewal 5 years","Rules 1994","Legal","DGFT","Multimodal Transportation of Goods Act 1993","Knowledge-based"
"IND-LOG-10","Dangerous goods transport","Hazmat rules","Event-Based","Carriers","Per shipment","Central Motor Vehicles Rules 1989 Ch. VIII","EHS","MoRTH","Motor Vehicles Act 1988","Knowledge-based"
"IND-EPR-01","Plastic Waste EPR registration","Producers, importers, brand owners register on CPCB portal","Recurring-Annual","PIBOs","Initial; annual","Portal","Environment","CPCB","Plastic Waste Management Rules 2016 (amended 2022)","Search-confirmed - afleo.com, cpcb.nic.in"
"IND-EPR-02","Plastic EPR annual return","Filing by 30 June (per amended rules)","Recurring-Annual","PIBOs","Annual","Form 4","Environment","CPCB","PWM Rules 2016","Search-confirmed - psrcompliance.com, greenpermits.in"
"IND-EPR-03","Battery EPR registration","Producers register","One-Time/Registration","Battery producers","Initial","Portal","Environment","CPCB","Battery Waste Management Rules 2022","Search-confirmed - eprbattery.cpcb.gov.in, corpbiz.io"
"IND-EPR-04","Battery EPR annual return","Annual return by 30 June","Recurring-Annual","Producers","Annual","Form 3","Environment","CPCB","BWM Rules 2022","Search-confirmed - eprbattery.cpcb.gov.in, psrcompliance.com"
"IND-EPR-05","E-waste EPR registration","Producers register","One-Time/Registration","Producers","Initial","Portal","Environment","CPCB","E-Waste (Management) Rules 2022","Search-confirmed - eprewaste.cpcb.gov.in, hrocmms.nic.in"
"IND-EPR-06","E-waste annual return","Annual return by 30 June","Recurring-Annual","Producers","Annual","Form 3","Environment","CPCB","E-Waste Rules 2022","Search-confirmed - eprewaste.cpcb.gov.in, greenpermits.in"
"IND-EPR-07","E-waste recycler authorisation","Registration","One-Time/Registration","Recyclers","Initial","Portal","Environment","CPCB","E-Waste Rules 2022","Knowledge-based"
"IND-EPR-08","Tyre EPR","Waste tyre","Recurring-Annual","Producers","Annual","Hazardous and Other Wastes Rules 2016 (Schedule)","Environment","CPCB","HOWM Rules 2016","Search-confirmed - enterclimate.com, aseries.in"
"IND-EPR-09","Used oil EPR","Used oil recyclers","Recurring-Annual","Producers","Annual","HOWM Rules 2016","Environment","CPCB","HOWM Rules 2016","Search-confirmed - aboutepr.com, enterclimate.com"
"IND-EPR-10","End-of-life vehicle EPR","ELV","Continuous/Ongoing","Vehicle makers","Ongoing","ELV rules","Environment","MoRTH","CMVR","Needs manual check"
"IND-EPR-11","Solid Waste Management Rules 2016 replaced by 2026 Rules?","SWM Rules 2026 status Needs manual check","Continuous/Ongoing","Bulk waste generators","Ongoing","Rules","Environment","MoHUA","Solid Waste Management Rules 2026 (notified, superseding Solid Waste Management Rules 2016, in force from 1-Apr-2026); Environment Protection Act 1986","Search-confirmed - pib.gov.in, downtoearth.org.in"
"IND-EPR-12","Packaging: Plastic labelling requirement","Labelling","Continuous/Ongoing","PIBOs","Continuous","PWM Rules","Environment","CPCB","PWM Rules 2016","Knowledge-based"
"IND-EPR-15","Battery Waste Management recycling targets","Targets","Recurring-Annual","Producers","Annual","Portal","Environment","CPCB","BWM Rules 2022","Knowledge-based"
