"id","name","entity_type","ownership","state_region","hq","sector_raw","sub_sector_raw","listing","ticker","isin","nse_series","cin","src","origin"
"C00001","Bharat Heavy Electricals Limited","Government Company (PSU)","Central PSU","Pan-India","New Delhi","Public Sector Undertakings","Capital Goods","Listed-NSE+BSE","BHEL","INE257A01026","EQ","","central_psu_banks_ins.csv;listed_large_mid.csv","agent"
"C00002","Bharat Petroleum Corporation Limited","Government Company (PSU)","Central PSU","Pan-India","Mumbai","Public Sector Undertakings","Oil & Gas","Listed-NSE+BSE","BPCL","INE029A01011","EQ","","central_psu_banks_ins.csv;listed_large_mid.csv","agent"
"C00003","Coal India Limited","Government Company (PSU)","Central PSU","Pan-India","Kolkata","Public Sector Undertakings","Mining","Listed-NSE+BSE","COALINDIA","INE522F01014","EQ","","central_psu_banks_ins.csv;listed_large_mid.csv","agent"
"C00004","GAIL (India) Limited","Government Company (PSU)","Central PSU","Pan-India","New Delhi","Public Sector Undertakings","Oil & Gas","Listed-NSE+BSE","GAIL","INE129A01019","EQ","","central_psu_banks_ins.csv;listed_large_mid.csv","agent"
"C00005","Indian Oil Corporation Limited","Government Company (PSU)","Central PSU","Pan-India","New Delhi","Public Sector Undertakings","Oil & Gas","Listed-NSE+BSE","IOC","INE242A01010","EQ","","central_psu_banks_ins.csv;listed_large_mid.csv","agent"
"C00006","Oil and Natural Gas Corporation Limited","Government Company (PSU)","Central PSU","Pan-India","New Delhi","Public Sector Undertakings","Oil & Gas","Listed-NSE+BSE","ONGC","INE213A01029","EQ","","central_psu_banks_ins.csv;listed_large_mid.csv","agent"
"C00007","NTPC Limited","Government Company (PSU)","Central PSU","Pan-India","New Delhi","Public Sector Undertakings","Power","Listed-NSE+BSE","NTPC","INE733E01010","EQ","","central_psu_banks_ins.csv;listed_large_mid.csv","agent"
"C00008","Power Grid Corporation of India Limited","Government Company (PSU)","Central PSU","Pan-India","Gurugram","Public Sector Undertakings","Power","Listed-NSE+BSE","POWERGRID","INE752E01010","EQ","","central_psu_banks_ins.csv;listed_large_mid.csv","agent"
"C00009","Steel Authority of India Limited","Government Company (PSU)","Central PSU","Pan-India","New Delhi","Public Sector Undertakings","Steel","Listed-NSE+BSE","SAIL","INE114A01011","EQ","","central_psu_banks_ins.csv;listed_large_mid.csv","agent"
"C00010","Hindustan Aeronautics Limited","Government Company (PSU)","Central PSU","Pan-India","Bengaluru","Public Sector Undertakings","Defence","Listed-NSE+BSE","HAL","INE066F01020","EQ","","central_psu_banks_ins.csv;listed_large_mid.csv","agent"
"C00011","Bharat Electronics Limited","Government Company (PSU)","Central PSU","Pan-India","Bengaluru","Public Sector Undertakings","Defence","Listed-NSE+BSE","BEL","INE263A01024","EQ","","central_psu_banks_ins.csv;listed_large_mid.csv","agent"
"C00012","Power Finance Corporation Limited","Government Company (PSU)","Central PSU","Pan-India","New Delhi","Public Sector Undertakings","Financial Services","Listed-NSE+BSE","PFC","INE134E01011","EQ","","central_psu_banks_ins.csv;financial_nonbank.csv;listed_large_mid.csv","agent"
"C00013","REC Limited","Government Company (PSU)","Central PSU","Pan-India","New Delhi","Public Sector Undertakings","Financial Services","Listed-NSE+BSE","RECLTD","INE020B01018","EQ","","central_psu_banks_ins.csv;financial_nonbank.csv;listed_large_mid.csv","agent"
"C00014","Hindustan Petroleum Corporation Limited","Government Company (PSU)","Central PSU","Pan-India","Mumbai","Public Sector Undertakings","Oil & Gas","Listed-NSE+BSE","HINDPETRO","INE094A01015","EQ","","central_psu_banks_ins.csv;listed_large_mid.csv","agent"
"C00015","Container Corporation of India Limited","Government Company (PSU)","Central PSU","Pan-India","New Delhi","Public Sector Undertakings","Logistics","Listed-NSE+BSE","CONCOR","INE111A01025","EQ","","central_psu_banks_ins.csv;listed_large_mid.csv","agent"
"C00016","NMDC Limited","Government Company (PSU)","Central PSU","Pan-India","Hyderabad","Public Sector Undertakings","Mining","Listed-NSE+BSE","NMDC","INE584A01023","EQ","","central_psu_banks_ins.csv;listed_large_mid.csv","agent"
"C00017","NHPC Limited","Government Company (PSU)","Central PSU","Pan-India","Faridabad","Public Sector Undertakings","Power","Listed-NSE+BSE","NHPC","INE848E01016","EQ","","central_psu_banks_ins.csv;listed_large_mid.csv","agent"
"C00018","SJVN Limited","Government Company (PSU)","Central PSU","Pan-India","Shimla","Public Sector Undertakings","Power","Listed-NSE+BSE","SJVN","INE002L01015","EQ","","central_psu_banks_ins.csv;listed_large_mid.csv;state_psu_north_west.csv","agent"
"C00019","Oil India Limited","Government Company (PSU)","Central PSU","Pan-India","Duliajan","Public Sector Undertakings","Oil & Gas","Listed-NSE+BSE","OIL","INE274J01014","EQ","","central_psu_banks_ins.csv;listed_large_mid.csv","agent"
"C00020","Rail Vikas Nigam Limited","Government Company (PSU)","Central PSU","Pan-India","New Delhi","Public Sector Undertakings","Infrastructure","Listed-NSE+BSE","RVNL","INE415G01027","EQ","","central_psu_banks_ins.csv;listed_large_mid.csv","agent"
"C00021","Indian Railway Catering and Tourism Corporation Limited","Government Company (PSU)","Central PSU","Pan-India","New Delhi","Public Sector Undertakings","Travel & Tourism","Listed-NSE+BSE","IRCTC","INE335Y01020","EQ","","central_psu_banks_ins.csv;listed_large_mid.csv","agent"
"C00022","Indian Railway Finance Corporation Limited","Government Company (PSU)","Central PSU","Pan-India","New Delhi","Public Sector Undertakings","Financial Services","Listed-NSE+BSE","IRFC","INE053F01010","EQ","","central_psu_banks_ins.csv;financial_nonbank.csv;listed_large_mid.csv","agent"
"C00023","Mazagon Dock Shipbuilders Limited","Government Company (PSU)","Central PSU","Pan-India","Mumbai","Public Sector Undertakings","Defence","Listed-NSE+BSE","MAZDOCK","INE249Z01020","EQ","","central_psu_banks_ins.csv;listed_large_mid.csv","agent"
"C00024","Cochin Shipyard Limited","Government Company (PSU)","Central PSU","Pan-India","Kochi","Public Sector Undertakings","Shipbuilding","Listed-NSE+BSE","COCHINSHIP","INE704P01025","EQ","","central_psu_banks_ins.csv;listed_large_mid.csv","agent"
"C00025","Garden Reach Shipbuilders & Engineers Limited","Government Company (PSU)","Central PSU","Pan-India","Kolkata","Public Sector Undertakings","Defence","Listed-NSE+BSE","GRSE","INE382Z01011","EQ","","central_psu_banks_ins.csv;listed_large_mid.csv","agent"
"C00026","Bharat Dynamics Limited","Government Company (PSU)","Central PSU","Pan-India","Hyderabad","Public Sector Undertakings","Defence","Listed-NSE+BSE","BDL","INE171Z01026","EQ","","central_psu_banks_ins.csv;listed_large_mid.csv","agent"
"C00027","BEML Limited","Government Company (PSU)","Central PSU","Pan-India","Bengaluru","Public Sector Undertakings","Defence","Listed-NSE+BSE","BEML","INE258A01024","EQ","","central_psu_banks_ins.csv;listed_large_mid.csv","agent"
"C00028","Mishra Dhatu Nigam Limited","Government Company (PSU)","Central PSU","Pan-India","Hyderabad","Public Sector Undertakings","Defence","Listed-NSE+BSE","MIDHANI","INE099Z01011","EQ","","central_psu_banks_ins.csv;listed_large_mid.csv;listed_small_AM.csv","agent"
"C00029","Goa Shipyard Limited","Government Company (PSU)","Central PSU","Pan-India","Vasco da Gama","Public Sector Undertakings","Defence","Unlisted","","","","","central_psu_banks_ins.csv;state_psu_north_west.csv","agent"
"C00030","National Aluminium Company Limited","Government Company (PSU)","Central PSU","Pan-India","Bhubaneswar","Public Sector Undertakings","Metals","Listed-NSE+BSE","NATIONALUM","INE139A01034","EQ","","central_psu_banks_ins.csv;listed_large_mid.csv","agent"
"C00031","Hindustan Copper Limited","Government Company (PSU)","Central PSU","Pan-India","Kolkata","Public Sector Undertakings","Metals","Listed-NSE+BSE","HINDCOPPER","INE531E01026","EQ","","central_psu_banks_ins.csv;listed_large_mid.csv","agent"
"C00032","MMTC Limited","Government Company (PSU)","Central PSU","Pan-India","New Delhi","Public Sector Undertakings","Trading","Listed-NSE+BSE","MMTC","INE123F01029","EQ","","central_psu_banks_ins.csv","agent"
"C00033","Engineers India Limited","Government Company (PSU)","Central PSU","Pan-India","New Delhi","Public Sector Undertakings","Engineering","Listed-NSE+BSE","ENGINERSIN","INE510A01028","EQ","","central_psu_banks_ins.csv;listed_large_mid.csv;listed_small_AM.csv","agent"
"C00034","RITES Limited","Government Company (PSU)","Central PSU","Pan-India","Gurugram","Public Sector Undertakings","Engineering","Listed-NSE+BSE","RITES","INE320J01015","EQ","","central_psu_banks_ins.csv;listed_large_mid.csv","agent"
"C00035","IRCON International Limited","Government Company (PSU)","Central PSU","Pan-India","New Delhi","Public Sector Undertakings","Infrastructure","Listed-NSE+BSE","IRCON","INE962Y01021","EQ","","central_psu_banks_ins.csv;listed_large_mid.csv;listed_small_AM.csv","agent"
"C00036","NBCC (India) Limited","Government Company (PSU)","Central PSU","Pan-India","New Delhi","Public Sector Undertakings","Construction","Listed-NSE+BSE","NBCC","INE095N01031","EQ","","central_psu_banks_ins.csv","agent"
"C00037","National Fertilizers Limited","Government Company (PSU)","Central PSU","Pan-India","Noida","Public Sector Undertakings","Fertilizers","Listed-NSE+BSE","NFL","INE870D01012","EQ","","central_psu_banks_ins.csv;listed_large_mid.csv;listed_small_NZ.csv","agent"
"C00038","Rashtriya Chemicals and Fertilizers Limited","Government Company (PSU)","Central PSU","Pan-India","Mumbai","Public Sector Undertakings","Fertilizers","Listed-NSE+BSE","RCF","INE027A01015","EQ","","central_psu_banks_ins.csv;listed_large_mid.csv;listed_small_NZ.csv","agent"
"C00039","Chennai Petroleum Corporation Limited","Government Company (PSU)","Central PSU","Pan-India","Chennai","Public Sector Undertakings","Oil & Gas","Listed-NSE+BSE","CHENNPETRO","INE178A01016","EQ","","central_psu_banks_ins.csv;listed_large_mid.csv;listed_small_AM.csv","agent"
"C00040","Mangalore Refinery and Petrochemicals Limited","Government Company (PSU)","Central PSU","Pan-India","Mangaluru","Public Sector Undertakings","Oil & Gas","Listed-NSE+BSE","MRPL","INE103A01014","EQ","","central_psu_banks_ins.csv;listed_large_mid.csv","agent"
"C00041","Numaligarh Refinery Limited","Government Company (PSU)","Central PSU","Pan-India","Golaghat","Public Sector Undertakings","Oil & Gas","Unlisted","","","","","central_psu_banks_ins.csv","agent"
"C00042","Bharat Sanchar Nigam Limited","Government Company (PSU)","Central PSU","Pan-India","New Delhi","Public Sector Undertakings","Telecom","Unlisted","","","","","central_psu_banks_ins.csv","agent"
"C00043","Mahanagar Telephone Nigam Limited","Government Company (PSU)","Central PSU","Pan-India","New Delhi","Public Sector Undertakings","Telecom","Listed-NSE+BSE","MTNL","INE153A01019","EQ","","central_psu_banks_ins.csv;listed_large_mid.csv;listed_small_AM.csv","agent"
"C00044","Telecommunications Consultants India Limited","Government Company (PSU)","Central PSU","Pan-India","New Delhi","Public Sector Undertakings","Telecom","Unlisted","","","","","central_psu_banks_ins.csv","agent"
"C00045","ITI Limited","Government Company (PSU)","Central PSU","Pan-India","Bengaluru","Public Sector Undertakings","Telecom","Listed-NSE+BSE","ITI","INE248A01017","EQ","","central_psu_banks_ins.csv;listed_large_mid.csv","agent"
"C00046","Shipping Corporation of India Limited","Government Company (PSU)","Central PSU","Pan-India","Mumbai","Public Sector Undertakings","Shipping","Listed-NSE+BSE","SCI","INE109A01011","EQ","","central_psu_banks_ins.csv;listed_large_mid.csv","agent"
"C00047","Dredging Corporation of India Limited","Government Company (PSU)","Central PSU","Pan-India","Visakhapatnam","Public Sector Undertakings","Shipping","Listed-NSE+BSE","DREDGECORP","INE506A01018","EQ","","central_psu_banks_ins.csv","agent"
"C00048","HMT Limited","Government Company (PSU)","Central PSU","Pan-India","Bengaluru","Public Sector Undertakings","Engineering","Listed-NSE+BSE","HMT","INE262A01018","BZ","","central_psu_banks_ins.csv;listed_small_AM.csv","agent"
"C00049","Hindustan Organic Chemicals Limited","Government Company (PSU)","Central PSU","Pan-India","Rasayani","Public Sector Undertakings","Chemicals","Unlisted","","","","","central_psu_banks_ins.csv","agent"
"C00050","Hindustan Antibiotics Limited","Government Company (PSU)","Central PSU","Pan-India","Pune","Public Sector Undertakings","Pharma","Unlisted","","","","","central_psu_banks_ins.csv","agent"
"C00051","Bharat Immunologicals and Biologicals Corporation Limited","Government Company (PSU)","Central PSU","Pan-India","Bulandshahr","Public Sector Undertakings","Pharma","Unlisted","","","","","central_psu_banks_ins.csv","agent"
"C00052","KIOCL Limited","Government Company (PSU)","Central PSU","Pan-India","Bengaluru","Public Sector Undertakings","Mining","Listed-NSE+BSE","KIOCL","INE880L01014","EQ","","central_psu_banks_ins.csv","agent"
"C00053","Manganese Ore (India) Limited","Government Company (PSU)","Central PSU","Pan-India","Nagpur","Public Sector Undertakings","Mining","Listed-NSE+BSE","MOIL","INE490G01020","EQ","","central_psu_banks_ins.csv","agent"
"C00054","NLC India Limited","Government Company (PSU)","Central PSU","Pan-India","Neyveli","Public Sector Undertakings","Power","Listed-NSE+BSE","NLCINDIA","INE589A01014","EQ","","central_psu_banks_ins.csv;listed_large_mid.csv","agent"
"C00055","Neyveli Uttar Pradesh Power Limited","Government Company (PSU)","Central PSU","Pan-India","Lucknow","Public Sector Undertakings","Power","Unlisted","","","","","central_psu_banks_ins.csv","agent"
"C00056","THDC India Limited","Government Company (PSU)","Central PSU","Pan-India","Rishikesh","Public Sector Undertakings","Power","Unlisted","","","","","central_psu_banks_ins.csv","agent"
"C00057","North Eastern Electric Power Corporation Limited","Government Company (PSU)","Central PSU","Pan-India","Shillong","Public Sector Undertakings","Power","Unlisted","","","","","central_psu_banks_ins.csv","agent"
"C00058","Nuclear Power Corporation of India Limited","Government Company (PSU)","Central PSU","Pan-India","Mumbai","Public Sector Undertakings","Power","Unlisted","","","","","central_psu_banks_ins.csv","agent"
"C00059","Bharatiya Nabhikiya Vidyut Nigam Limited","Government Company (PSU)","Central PSU","Pan-India","Chennai","Public Sector Undertakings","Power","Unlisted","","","","","central_psu_banks_ins.csv","agent"
"C00060","NTPC Green Energy Limited","Government Company (PSU)","Central PSU","Pan-India","Noida","Public Sector Undertakings","Power","Listed-NSE+BSE","NTPCGREEN","INE0ONG01011","EQ","","central_psu_banks_ins.csv;listed_large_mid.csv","agent"
"C00061","Northern Coalfields Limited","Government Company (PSU)","Central PSU","Pan-India","Singrauli","Public Sector Undertakings","Mining","Unlisted","","","","","central_psu_banks_ins.csv","agent"
"C00062","Mahanadi Coalfields Limited","Government Company (PSU)","Central PSU","Pan-India","Sambalpur","Public Sector Undertakings","Mining","Unlisted","","","","","central_psu_banks_ins.csv","agent"
"C00063","South Eastern Coalfields Limited","Government Company (PSU)","Central PSU","Pan-India","Bilaspur","Public Sector Undertakings","Mining","Unlisted","","","","","central_psu_banks_ins.csv","agent"
"C00064","Western Coalfields Limited","Government Company (PSU)","Central PSU","Pan-India","Nagpur","Public Sector Undertakings","Mining","Unlisted","","","","","central_psu_banks_ins.csv","agent"
"C00065","Central Coalfields Limited","Government Company (PSU)","Central PSU","Pan-India","Ranchi","Public Sector Undertakings","Mining","Unlisted","","","","","central_psu_banks_ins.csv","agent"
"C00066","Eastern Coalfields Limited","Government Company (PSU)","Central PSU","Pan-India","Sanctoria","Public Sector Undertakings","Mining","Unlisted","","","","","central_psu_banks_ins.csv","agent"
"C00067","Bharat Coking Coal Limited","Government Company (PSU)","Central PSU","Pan-India","Dhanbad","Public Sector Undertakings","Mining","Listed-NSE+BSE","BHARATCOAL","INE05XR01022","EQ","","central_psu_banks_ins.csv","agent"
"C00068","Singareni Collieries Company Limited","Government Company (PSU)","Central PSU","Pan-India","Kothagudem","Public Sector Undertakings","Mining","Unlisted","","","","","central_psu_banks_ins.csv;state_psu_south_east_ne.csv","agent"
"C00069","Hindustan Newsprint Limited","Government Company (PSU)","Central PSU","Pan-India","Kottayam","Public Sector Undertakings","Paper","Unlisted","","","","","central_psu_banks_ins.csv","agent"
"C00070","Hindustan Paper Corporation Limited","Government Company (PSU)","Central PSU","Pan-India","Kolkata","Public Sector Undertakings","Paper","Unlisted","","","","","central_psu_banks_ins.csv","agent"
"C00071","Hindustan Cables Limited","Government Company (PSU)","Central PSU","Pan-India","Kolkata","Public Sector Undertakings","Engineering","Unlisted","","","","","central_psu_banks_ins.csv","agent"
"C00072","BEML Land Assets Limited","Government Company (PSU)","Central PSU","Pan-India","Bengaluru","Public Sector Undertakings","Real Estate","Listed-NSE","BLAL","INE0N7W01012","EQ","","central_psu_banks_ins.csv","agent"
"C00073","Braithwaite & Co. Limited","Government Company (PSU)","Central PSU","Pan-India","Kolkata","Public Sector Undertakings","Engineering","Unlisted","","","","","central_psu_banks_ins.csv","agent"
"C00074","Burn Standard Company Limited","Government Company (PSU)","Central PSU","Pan-India","Kolkata","Public Sector Undertakings","Engineering","Unlisted","","","","","central_psu_banks_ins.csv","agent"
"C00075","Jessop & Company Limited","Government Company (PSU)","Central PSU","Pan-India","Kolkata","Public Sector Undertakings","Engineering","Unlisted","","","","","central_psu_banks_ins.csv","agent"
"C00076","Bridge & Roof Company (India) Limited","Government Company (PSU)","Central PSU","Pan-India","Kolkata","Public Sector Undertakings","Engineering","Unlisted","","","","","central_psu_banks_ins.csv","agent"
"C00077","Scooters India Limited","Government Company (PSU)","Central PSU","Pan-India","Lucknow","Public Sector Undertakings","Automobile","Unlisted","","","","","central_psu_banks_ins.csv","agent"
"C00078","Central Electronics Limited","Government Company (PSU)","Central PSU","Pan-India","Sahibabad","Public Sector Undertakings","Electronics","Unlisted","","","","","central_psu_banks_ins.csv","agent"
"C00079","Instrumentation Limited","Government Company (PSU)","Central PSU","Pan-India","Kota","Public Sector Undertakings","Engineering","Unlisted","","","","","central_psu_banks_ins.csv","agent"
"C00080","National Projects Construction Corporation Limited","Government Company (PSU)","Central PSU","Pan-India","New Delhi","Public Sector Undertakings","Construction","Unlisted","","","","","central_psu_banks_ins.csv","agent"
"C00081","Hindustan Steelworks Construction Limited","Government Company (PSU)","Central PSU","Pan-India","Kolkata","Public Sector Undertakings","Construction","Unlisted","","","","","central_psu_banks_ins.csv","agent"
"C00082","Rajasthan Electronics and Instruments Limited","Government Company (PSU)","Central PSU","Pan-India","Jaipur","Public Sector Undertakings","Electronics","Unlisted","","","","","central_psu_banks_ins.csv;state_psu_north_west.csv","agent"
"C00083","Educational Consultants India Limited","Government Company (PSU)","Central PSU","Pan-India","Noida","Public Sector Undertakings","Consulting","Listed-NSE+BSE","EDUCONSULT","","","","central_psu_banks_ins.csv","agent"
"C00084","WAPCOS Limited","Government Company (PSU)","Central PSU","Pan-India","Gurugram","Public Sector Undertakings","Consulting","Unlisted","","","","","central_psu_banks_ins.csv","agent"
"C00085","MECON Limited","Government Company (PSU)","Central PSU","Pan-India","Ranchi","Public Sector Undertakings","Engineering","Unlisted","","","","","central_psu_banks_ins.csv","agent"
"C00086","Projects & Development India Limited","Government Company (PSU)","Central PSU","Pan-India","Noida","Public Sector Undertakings","Engineering","Unlisted","","","","","central_psu_banks_ins.csv","agent"
"C00087","Metal Scrap Trade Corporation Limited","Government Company (PSU)","Central PSU","Pan-India","New Delhi","Public Sector Undertakings","Trading","Unlisted","","","","","central_psu_banks_ins.csv","agent"
"C00088","State Trading Corporation of India Limited","Government Company (PSU)","Central PSU","Pan-India","New Delhi","Public Sector Undertakings","Trading","Listed-NSE","STCINDIA","INE655A01013","EQ","","central_psu_banks_ins.csv","agent"
"C00089","Handicrafts and Handlooms Exports Corporation of India Limited","Government Company (PSU)","Central PSU","Pan-India","New Delhi","Public Sector Undertakings","Trading","Unlisted","","","","","central_psu_banks_ins.csv","agent"
"C00090","National Handloom Development Corporation Limited","Government Company (PSU)","Central PSU","Pan-India","Lucknow","Public Sector Undertakings","Textiles","Unlisted","","","","","central_psu_banks_ins.csv","agent"
"C00091","National Textile Corporation Limited","Government Company (PSU)","Central PSU","Pan-India","New Delhi","Public Sector Undertakings","Textiles","Unlisted","","","","","central_psu_banks_ins.csv","agent"
"C00092","Cotton Corporation of India Limited","Government Company (PSU)","Central PSU","Pan-India","Navi Mumbai","Public Sector Undertakings","Textiles","Unlisted","","","","","central_psu_banks_ins.csv","agent"
"C00093","Jute Corporation of India Limited","Government Company (PSU)","Central PSU","Pan-India","Kolkata","Public Sector Undertakings","Textiles","Unlisted","","","","","central_psu_banks_ins.csv","agent"
"C00094","Central Inland Water Transport Corporation Limited","Government Company (PSU)","Central PSU","Pan-India","Kolkata","Public Sector Undertakings","Shipping","Unlisted","","","","","central_psu_banks_ins.csv","agent"
"C00095","Pawan Hans Limited","Government Company (PSU)","Central PSU","Pan-India","New Delhi","Public Sector Undertakings","Aviation","Unlisted","","","","","central_psu_banks_ins.csv","agent"
"C00096","Air India Limited","Government Company (PSU)","Central PSU","Pan-India","Gurugram","Public Sector Undertakings","Aviation","Unlisted","","","","","central_psu_banks_ins.csv;private_startups.csv","agent"
"C00097","Alliance Air Aviation Limited","Government Company (PSU)","Central PSU","Pan-India","New Delhi","Public Sector Undertakings","Aviation","Unlisted","","","","","central_psu_banks_ins.csv","agent"
"C00098","India Tourism Development Corporation Limited","Government Company (PSU)","Central PSU","Pan-India","New Delhi","Public Sector Undertakings","Travel & Tourism","Listed-NSE+BSE","ITDC","INE353K01014","EQ","","central_psu_banks_ins.csv","agent"
"C00099","Balmer Lawrie & Co. Limited","Government Company (PSU)","Central PSU","Pan-India","Kolkata","Public Sector Undertakings","Diversified","Listed-NSE+BSE","BALMLAWRIE","INE164A01016","EQ","","central_psu_banks_ins.csv;listed_small_AM.csv","agent"
"C00100","Balmer Lawrie Investments Limited","Government Company (PSU)","Central PSU","Pan-India","Kolkata","Public Sector Undertakings","Financial Services","Listed-NSE+BSE","BLIL","INE525F01025","EQ","","central_psu_banks_ins.csv","agent"
"C00101","Fertilizers and Chemicals Travancore Limited","Government Company (PSU)","Central PSU","Pan-India","Kochi","Public Sector Undertakings","Fertilizers","Listed-NSE+BSE","FACT","INE188A01015","EQ","","central_psu_banks_ins.csv","agent"
"C00102","Brahmaputra Valley Fertilizer Corporation Limited","Government Company (PSU)","Central PSU","Pan-India","Namrup","Public Sector Undertakings","Fertilizers","Unlisted","","","","","central_psu_banks_ins.csv","agent"
"C00103","Madras Fertilizers Limited","Government Company (PSU)","Central PSU","Pan-India","Chennai","Public Sector Undertakings","Fertilizers","Listed-NSE+BSE","MADRASFERT","INE414A01015","EQ","","central_psu_banks_ins.csv;listed_small_AM.csv","agent"
"C00104","Hindustan Urvarak & Rasayan Limited","Government Company (PSU)","Central PSU","Pan-India","New Delhi","Public Sector Undertakings","Fertilizers","Unlisted","","","","","central_psu_banks_ins.csv","agent"
"C00105","Indian Potash Limited","Government Company (PSU)","Central PSU","Pan-India","New Delhi","Public Sector Undertakings","Fertilizers","Unlisted","","","","","central_psu_banks_ins.csv","agent"
"C00106","Hindustan Insecticides Limited","Government Company (PSU)","Central PSU","Pan-India","New Delhi","Public Sector Undertakings","Chemicals","Unlisted","","","","","central_psu_banks_ins.csv","agent"
"C00107","Indian Drugs & Pharmaceuticals Limited","Government Company (PSU)","Central PSU","Pan-India","Gurugram","Public Sector Undertakings","Pharma","Unlisted","","","","","central_psu_banks_ins.csv","agent"
"C00108","Karnataka Antibiotics & Pharmaceuticals Limited","Government Company (PSU)","Central PSU","Pan-India","Bengaluru","Public Sector Undertakings","Pharma","Unlisted","","","","","central_psu_banks_ins.csv","agent"
"C00109","Rajasthan Drugs and Pharmaceuticals Limited","Government Company (PSU)","Central PSU","Pan-India","Jaipur","Public Sector Undertakings","Pharma","Unlisted","","","","","central_psu_banks_ins.csv;state_psu_north_west.csv","agent"
"C00110","HLL Lifecare Limited","Government Company (PSU)","Central PSU","Pan-India","Thiruvananthapuram","Public Sector Undertakings","Healthcare","Unlisted","","","","","central_psu_banks_ins.csv","agent"
"C00111","HSCC (India) Limited","Government Company (PSU)","Central PSU","Pan-India","Noida","Public Sector Undertakings","Healthcare","Unlisted","","","","","central_psu_banks_ins.csv","agent"
"C00112","Bharat Pumps & Compressors Limited","Government Company (PSU)","Central PSU","Pan-India","Prayagraj","Public Sector Undertakings","Engineering","Unlisted","","","","","central_psu_banks_ins.csv","agent"
"C00113","Tyre Corporation of India Limited","Government Company (PSU)","Central PSU","Pan-India","Kolkata","Public Sector Undertakings","Automobile","Unlisted","","","","","central_psu_banks_ins.csv","agent"
"C00114","National Seeds Corporation Limited","Government Company (PSU)","Central PSU","Pan-India","New Delhi","Public Sector Undertakings","Agriculture","Unlisted","","","","","central_psu_banks_ins.csv","agent"
"C00115","State Farms Corporation of India Limited","Government Company (PSU)","Central PSU","Pan-India","New Delhi","Public Sector Undertakings","Agriculture","Unlisted","","","","","central_psu_banks_ins.csv","agent"
"C00116","Indian Renewable Energy Development Agency Limited","Government Company (PSU)","Central PSU","Pan-India","New Delhi","Public Sector Undertakings","Financial Services","Listed-NSE+BSE","IREDA","INE202E01016","EQ","","central_psu_banks_ins.csv;financial_nonbank.csv","agent"
"C00117","Housing and Urban Development Corporation Limited","Government Company (PSU)","Central PSU","Pan-India","New Delhi","Public Sector Undertakings","Financial Services","Listed-NSE+BSE","HUDCO","INE031A01017","EQ","","central_psu_banks_ins.csv;financial_nonbank.csv;listed_large_mid.csv","agent"
"C00118","Indian Railway Stations Development Corporation Limited","Government Company (PSU)","Central PSU","Pan-India","New Delhi","Public Sector Undertakings","Infrastructure","Unlisted","","","","","central_psu_banks_ins.csv","agent"
"C00119","Konkan Railway Corporation Limited","Government Company (PSU)","Central PSU","Pan-India","Navi Mumbai","Public Sector Undertakings","Railways","Unlisted","","","","","central_psu_banks_ins.csv","agent"
"C00120","Dedicated Freight Corridor Corporation of India Limited","Government Company (PSU)","Central PSU","Pan-India","New Delhi","Public Sector Undertakings","Railways","Unlisted","","","","","central_psu_banks_ins.csv","agent"
"C00121","RailTel Corporation of India Limited","Government Company (PSU)","Central PSU","Pan-India","Gurugram","Public Sector Undertakings","Telecom","Listed-NSE+BSE","RAILTEL","INE0DD101019","EQ","","central_psu_banks_ins.csv","agent"
"C00122","Central Railside Warehouse Company Limited","Government Company (PSU)","Central PSU","Pan-India","New Delhi","Public Sector Undertakings","Logistics","Unlisted","","","","","central_psu_banks_ins.csv","agent"
"C00123","Mumbai Railway Vikas Corporation Limited","Government Company (PSU)","Central PSU","Pan-India","Mumbai","Public Sector Undertakings","Railways","Unlisted","","","","","central_psu_banks_ins.csv","agent"
"C00124","Bharat Broadband Network Limited","Government Company (PSU)","Central PSU","Pan-India","New Delhi","Public Sector Undertakings","Telecom","Unlisted","","","","","central_psu_banks_ins.csv","agent"
"C00125","Broadcast Engineering Consultants India Limited","Government Company (PSU)","Central PSU","Pan-India","Noida","Public Sector Undertakings","Media","Unlisted","","","","","central_psu_banks_ins.csv","agent"
"C00126","National Film Development Corporation Limited","Government Company (PSU)","Central PSU","Pan-India","Mumbai","Public Sector Undertakings","Media","Unlisted","","","","","central_psu_banks_ins.csv","agent"
"C00127","Antrix Corporation Limited","Government Company (PSU)","Central PSU","Pan-India","Bengaluru","Public Sector Undertakings","Space","Unlisted","","","","","central_psu_banks_ins.csv","agent"
"C00128","NewSpace India Limited","Government Company (PSU)","Central PSU","Pan-India","Bengaluru","Public Sector Undertakings","Space","Unlisted","","","","","central_psu_banks_ins.csv","agent"
"C00129","Uranium Corporation of India Limited","Government Company (PSU)","Central PSU","Pan-India","Jaduguda","Public Sector Undertakings","Mining","Unlisted","","","","","central_psu_banks_ins.csv","agent"
"C00130","Indian Rare Earths Limited","Government Company (PSU)","Central PSU","Pan-India","Mumbai","Public Sector Undertakings","Mining","Unlisted","","","","","central_psu_banks_ins.csv","agent"
"C00131","Electronics Corporation of India Limited","Government Company (PSU)","Central PSU","Pan-India","Hyderabad","Public Sector Undertakings","Electronics","Unlisted","","","","","central_psu_banks_ins.csv","agent"
"C00132","Heavy Engineering Corporation Limited","Government Company (PSU)","Central PSU","Pan-India","Ranchi","Public Sector Undertakings","Engineering","Unlisted","","","","","central_psu_banks_ins.csv","agent"
"C00133","Andrew Yule & Company Limited","Government Company (PSU)","Central PSU","Pan-India","Kolkata","Public Sector Undertakings","Diversified","Listed-NSE+BSE","ANDREWYU","INE449C01025","EQ","","central_psu_banks_ins.csv;listed_small_AM.csv","agent"
"C00134","Rashtriya Ispat Nigam Limited","Government Company (PSU)","Central PSU","Pan-India","Visakhapatnam","Public Sector Undertakings","Steel","Unlisted","","","","","central_psu_banks_ins.csv","agent"
"C00135","Ferro Scrap Nigam Limited","Government Company (PSU)","Central PSU","Pan-India","Bhilai","Public Sector Undertakings","Steel","Unlisted","","","","","central_psu_banks_ins.csv","agent"
"C00136","Petronet LNG Limited","Government Company (PSU)","Central PSU","Pan-India","New Delhi","Public Sector Undertakings","Oil & Gas","Listed-NSE+BSE","PETRONET","INE347G01014","EQ","","central_psu_banks_ins.csv;listed_large_mid.csv","agent"
"C00137","Engineering Projects (India) Limited","Government Company (PSU)","Central PSU","Pan-India","New Delhi","Public Sector Undertakings","Engineering","Unlisted","","","","","central_psu_banks_ins.csv","agent"
"C00138","ONGC Videsh Limited","Government Company (PSU)","Central PSU","Pan-India","New Delhi","Public Sector Undertakings","Oil & Gas","Unlisted","","","","","central_psu_banks_ins.csv","agent"
"C00139","ONGC Petro-additions Limited","Government Company (PSU)","Central PSU","Pan-India","Mumbai","Public Sector Undertakings","Oil & Gas","Unlisted","","","","","central_psu_banks_ins.csv","agent"
"C00140","Hindustan Prefab Limited","Government Company (PSU)","Central PSU","Pan-India","New Delhi","Public Sector Undertakings","Construction","Unlisted","","","","","central_psu_banks_ins.csv","agent"
"C00141","Central Cottage Industries Corporation of India Limited","Government Company (PSU)","Central PSU","Pan-India","New Delhi","Public Sector Undertakings","Trading","Unlisted","","","","","central_psu_banks_ins.csv","agent"
"C00142","Cement Corporation of India Limited","Government Company (PSU)","Central PSU","Pan-India","New Delhi","Public Sector Undertakings","Cement","Unlisted","","","","","central_psu_banks_ins.csv","agent"
"C00143","Hindustan Shipyard Limited","Government Company (PSU)","Central PSU","Pan-India","Visakhapatnam","Public Sector Undertakings","Shipbuilding","Unlisted","","","","","central_psu_banks_ins.csv","agent"
"C00144","Hooghly Cochin Shipyard Limited","Government Company (PSU)","Central PSU","Pan-India","Kolkata","Public Sector Undertakings","Shipbuilding","Unlisted","","","","","central_psu_banks_ins.csv","agent"
"C00145","Kamarajar Port Limited","Government Company (PSU)","Central PSU","Pan-India","Chennai","Public Sector Undertakings","Ports","Unlisted","","","","","central_psu_banks_ins.csv","agent"
"C00146","National Small Industries Corporation Limited","Government Company (PSU)","Central PSU","Pan-India","New Delhi","Public Sector Undertakings","Financial Services","Unlisted","","","","","central_psu_banks_ins.csv","agent"
"C00147","Munitions India Limited","Government Company (PSU)","Central PSU","Pan-India","Pune","Defence","Ordnance (2021 DPSU)","Unlisted","","","","","central_psu_banks_ins.csv","agent"
"C00148","Armoured Vehicles Nigam Limited","Government Company (PSU)","Central PSU","Pan-India","Chennai","Defence","Ordnance (2021 DPSU)","Unlisted","","","","","central_psu_banks_ins.csv","agent"
"C00149","Advanced Weapons and Equipment India Limited","Government Company (PSU)","Central PSU","Pan-India","Kanpur","Defence","Ordnance (2021 DPSU)","Unlisted","","","","","central_psu_banks_ins.csv","agent"
"C00150","Troop Comforts Limited","Government Company (PSU)","Central PSU","Pan-India","Kanpur","Defence","Ordnance (2021 DPSU)","Unlisted","","","","","central_psu_banks_ins.csv","agent"
"C00151","Yantra India Limited","Government Company (PSU)","Central PSU","Pan-India","Nagpur","Defence","Ordnance (2021 DPSU)","Unlisted","","","","","central_psu_banks_ins.csv","agent"
"C00152","India Optel Limited","Government Company (PSU)","Central PSU","Pan-India","Dehradun","Defence","Ordnance (2021 DPSU)","Unlisted","","","","","central_psu_banks_ins.csv","agent"
"C00153","Gliders India Limited","Government Company (PSU)","Central PSU","Pan-India","Kanpur","Defence","Ordnance (2021 DPSU)","Unlisted","","","","","central_psu_banks_ins.csv","agent"
"C00154","Life Insurance Corporation of India","Statutory Corporation","Central PSU","Pan-India","Mumbai","Insurance","Life insurer","Listed-NSE+BSE","LICI","INE0J1Y01017","EQ","","central_psu_banks_ins.csv;listed_large_mid.csv","agent"
"C00155","Food Corporation of India","Statutory Corporation","Central PSU","Pan-India","New Delhi","Food & Agriculture","Foodgrain procurement","Unlisted","","","","","central_psu_banks_ins.csv","agent"
"C00156","National Highways Authority of India","Statutory Corporation","Central PSU","Pan-India","New Delhi","Infrastructure","Roads","Unlisted","","","","","central_psu_banks_ins.csv","agent"
"C00157","Employees' Provident Fund Organisation","Statutory Corporation","Central PSU","Pan-India","New Delhi","Financial Services","Social security","Unlisted","","","","","central_psu_banks_ins.csv","agent"
"C00158","Employees' State Insurance Corporation","Statutory Corporation","Central PSU","Pan-India","New Delhi","Insurance","Social security","Unlisted","","","","","central_psu_banks_ins.csv","agent"
"C00159","Airports Authority of India","Statutory Corporation","Central PSU","Pan-India","New Delhi","Aviation","Airports","Unlisted","","","","","central_psu_banks_ins.csv","agent"
"C00160","Central Warehousing Corporation","Statutory Corporation","Central PSU","Pan-India","New Delhi","Logistics","Warehousing","Unlisted","","","","","central_psu_banks_ins.csv","agent"
"C00161","Damodar Valley Corporation","Statutory Corporation","Central PSU","Pan-India","Kolkata","Power","Power/water","Unlisted","","","","","central_psu_banks_ins.csv","agent"
"C00162","Unit Trust of India","Statutory Corporation","Central PSU","Pan-India","Mumbai","Financial Services","Mutual fund heritage","Unlisted","","","","","central_psu_banks_ins.csv","agent"
"C00163","Reserve Bank of India","Statutory Corporation","Central PSU","Pan-India","Mumbai","Banking","Central bank","Unlisted","","","","","central_psu_banks_ins.csv","agent"
"C00164","National Bank for Agriculture and Rural Development","Statutory Corporation","Central PSU","Pan-India","Mumbai","Banking","Development finance","Unlisted","","","","","central_psu_banks_ins.csv","agent"
"C00165","Small Industries Development Bank of India","Statutory Corporation","Central PSU","Pan-India","Lucknow","Banking","Development finance","Unlisted","","","","","central_psu_banks_ins.csv","agent"
"C00166","National Housing Bank","Statutory Corporation","Central PSU","Pan-India","New Delhi","Financial Services","Housing finance regulator","Unlisted","","","","","central_psu_banks_ins.csv","agent"
"C00167","Export-Import Bank of India","Statutory Corporation","Central PSU","Pan-India","Mumbai","Banking","Development finance","Unlisted","","","","","central_psu_banks_ins.csv","agent"
"C00168","General Insurance Corporation of India","Statutory Corporation","Central PSU","Pan-India","Mumbai","Insurance","Reinsurer","Listed-NSE+BSE","GICRE","INE481Y01014","EQ","","central_psu_banks_ins.csv;listed_large_mid.csv","agent"
"C00169","Deposit Insurance and Credit Guarantee Corporation","Statutory Corporation","Central PSU","Pan-India","Mumbai","Insurance","Deposit insurance","Unlisted","","","","","central_psu_banks_ins.csv","agent"
"C00170","Tea Board","Statutory Corporation","Central PSU","Pan-India","Kolkata","Food & Agriculture","Commodity board","Unlisted","","","","","central_psu_banks_ins.csv","agent"
"C00171","State Bank of India","Statutory Corporation","Central PSU","Pan-India","Mumbai","Banking","Public sector bank","Listed-NSE+BSE","SBIN","INE062A01020","EQ","","central_psu_banks_ins.csv;listed_large_mid.csv","agent"
"C00172","Bank of Baroda","Public Limited","Central PSU","Pan-India","Vadodara","Banking","Public sector bank","Listed-NSE+BSE","BANKBARODA","INE028A01039","EQ","","central_psu_banks_ins.csv;listed_large_mid.csv","agent"
"C00173","Punjab National Bank","Public Limited","Central PSU","Pan-India","New Delhi","Banking","Public sector bank","Listed-NSE+BSE","PNB","INE160A01022","EQ","","central_psu_banks_ins.csv;listed_large_mid.csv","agent"
"C00174","Canara Bank","Public Limited","Central PSU","Pan-India","Bengaluru","Banking","Public sector bank","Listed-NSE+BSE","CANBK","INE476A01022","EQ","","central_psu_banks_ins.csv;listed_large_mid.csv","agent"
"C00175","Union Bank of India","Public Limited","Central PSU","Pan-India","Mumbai","Banking","Public sector bank","Listed-NSE+BSE","UNIONBANK","INE692A01016","EQ","","central_psu_banks_ins.csv;listed_large_mid.csv","agent"
"C00176","Indian Bank","Public Limited","Central PSU","Pan-India","Chennai","Banking","Public sector bank","Listed-NSE+BSE","INDIANB","INE562A01011","EQ","","central_psu_banks_ins.csv;listed_large_mid.csv","agent"
"C00177","Bank of India","Public Limited","Central PSU","Pan-India","Mumbai","Banking","Public sector bank","Listed-NSE+BSE","BANKINDIA","INE084A01016","EQ","","central_psu_banks_ins.csv;listed_large_mid.csv","agent"
"C00178","Central Bank of India","Public Limited","Central PSU","Pan-India","Mumbai","Banking","Public sector bank","Listed-NSE+BSE","CENTRALBK","INE483A01010","EQ","","central_psu_banks_ins.csv;listed_large_mid.csv","agent"
"C00179","Bank of Maharashtra","Public Limited","Central PSU","Pan-India","Pune","Banking","Public sector bank","Listed-NSE+BSE","MAHABANK","INE457A01014","EQ","","central_psu_banks_ins.csv;listed_large_mid.csv","agent"
"C00180","Indian Overseas Bank","Public Limited","Central PSU","Pan-India","Chennai","Banking","Public sector bank","Listed-NSE+BSE","IOB","INE565A01014","EQ","","central_psu_banks_ins.csv;listed_large_mid.csv","agent"
"C00181","Punjab & Sind Bank","Public Limited","Central PSU","Pan-India","New Delhi","Banking","Public sector bank","Listed-NSE+BSE","PSB","INE608A01012","EQ","","central_psu_banks_ins.csv;listed_large_mid.csv","agent"
"C00182","UCO Bank","Public Limited","Central PSU","Pan-India","Kolkata","Banking","Public sector bank","Listed-NSE+BSE","UCOBANK","INE691A01018","EQ","","central_psu_banks_ins.csv;listed_large_mid.csv;listed_small_NZ.csv","agent"
"C00183","HDFC Bank Limited","Public Limited","Private (Indian)","Pan-India","Mumbai, Maharashtra","Financial Services","Private Sector Bank","Listed-NSE+BSE","HDFCBANK","INE040A01034","EQ","","central_psu_banks_ins.csv;listed_large_mid.csv;state_psu_north_west.csv","agent"
"C00184","ICICI Bank Limited","Public Limited","Private (Indian)","Pan-India","Mumbai, Maharashtra","Financial Services","Private Sector Bank","Listed-NSE+BSE","ICICIBANK","INE090A01021","EQ","","central_psu_banks_ins.csv;listed_large_mid.csv;state_psu_north_west.csv","agent"
"C00185","Axis Bank Limited","Public Limited","Private (Indian)","Pan-India","Mumbai","Banking","Private bank","Listed-NSE+BSE","AXISBANK","INE238A01034","EQ","","central_psu_banks_ins.csv;listed_large_mid.csv;state_psu_north_west.csv","agent"
"C00186","Kotak Mahindra Bank Limited","Public Limited","Private (Indian)","Pan-India","Mumbai","Banking","Private bank","Listed-NSE+BSE","KOTAKBANK","INE237A01036","EQ","","central_psu_banks_ins.csv;listed_large_mid.csv;state_psu_north_west.csv","agent"
"C00187","IndusInd Bank Limited","Public Limited","Private (Indian)","Pan-India","Mumbai","Banking","Private bank","Listed-NSE+BSE","INDUSINDBK","INE095A01012","EQ","","central_psu_banks_ins.csv;listed_large_mid.csv","agent"
"C00188","Yes Bank Limited","Public Limited","Private (Indian)","Pan-India","Mumbai","Banking","Private bank","Listed-NSE+BSE","YESBANK","INE528G01035","EQ","","central_psu_banks_ins.csv;listed_large_mid.csv","agent"
"C00189","IDFC First Bank Limited","Public Limited","Private (Indian)","Pan-India","Mumbai","Banking","Private bank","Listed-NSE+BSE","IDFCFIRSTB","INE092T01019","EQ","","central_psu_banks_ins.csv;listed_large_mid.csv","agent"
"C00190","Federal Bank Limited","Public Limited","Private (Indian)","Pan-India","Aluva","Banking","Private bank","Listed-NSE+BSE","FEDERALBNK","INE171A01029","EQ","","central_psu_banks_ins.csv;listed_large_mid.csv;state_psu_south_east_ne.csv","agent"
"C00191","South Indian Bank","Public Limited","Private (Indian)","Kerala","Thrissur","Banking","Private sector bank","Listed-NSE+BSE","SOUTHBANK","INE683A01023","EQ","","central_psu_banks_ins.csv;listed_large_mid.csv;listed_small_NZ.csv;state_psu_south_east_ne.csv","agent"
"C00192","Karur Vysya Bank Limited","Public Limited","Private (Indian)","Pan-India","Karur","Banking","Private bank","Listed-NSE+BSE","KARURVYSYA","INE036D01028","EQ","","central_psu_banks_ins.csv;listed_large_mid.csv;state_psu_south_east_ne.csv","agent"
"C00193","City Union Bank Limited","Public Limited","Private (Indian)","Pan-India","Kumbakonam","Banking","Private bank","Listed-NSE+BSE","CUB","INE491A01021","EQ","","central_psu_banks_ins.csv;listed_large_mid.csv;state_psu_south_east_ne.csv","agent"
"C00194","Tamilnad Mercantile Bank","Public Limited","Private (Indian)","Tamil Nadu","Thoothukudi","Banking","Private sector bank","Listed-NSE+BSE","TMB","INE668A01016","EQ","","central_psu_banks_ins.csv;listed_large_mid.csv;listed_small_NZ.csv;state_psu_south_east_ne.csv","agent"
"C00195","Karnataka Bank Ltd","Public Limited","Private (Indian)","Karnataka","Mangaluru","Banking","Private bank","Listed-NSE+BSE","KTKBANK","INE614B01018","EQ","","central_psu_banks_ins.csv;listed_small_AM.csv;state_psu_south_east_ne.csv","agent"
"C00196","RBL Bank Limited","Public Limited","Private (Indian)","Pan-India","Mumbai","Banking","Private bank","Listed-NSE+BSE","RBLBANK","INE976G01028","EQ","","central_psu_banks_ins.csv;listed_large_mid.csv","agent"
"C00197","Bandhan Bank Limited","Public Limited","Private (Indian)","Pan-India","Kolkata","Banking","Private bank","Listed-NSE+BSE","BANDHANBNK","INE545U01014","EQ","","central_psu_banks_ins.csv;listed_large_mid.csv;state_psu_south_east_ne.csv","agent"
"C00198","CSB Bank Limited","Public Limited","Private (Indian)","Pan-India","Thrissur","Banking","Private bank","Listed-NSE+BSE","CSBBANK","INE679A01013","EQ","","central_psu_banks_ins.csv;state_psu_south_east_ne.csv","agent"
"C00199","DCB Bank Limited","Public Limited","Private (Indian)","Pan-India","Mumbai","Banking","Private bank","Listed-NSE+BSE","DCBBANK","INE503A01015","EQ","","central_psu_banks_ins.csv","agent"
"C00200","Dhanlaxmi Bank Limited","Public Limited","Private (Indian)","Pan-India","Thrissur","Banking","Private bank","Listed-NSE+BSE","DHANBANK","INE680A01011","EQ","","central_psu_banks_ins.csv;listed_small_AM.csv","agent"
"C00201","Jammu & Kashmir Bank Limited","Public Limited","State PSU","Jammu and Kashmir; Ladakh","Srinagar","Banking","Bank (govt-owned; LIC/GoI stake)","Listed-NSE+BSE","J&KBANK","INE168A01041","EQ","","central_psu_banks_ins.csv;state_psu_north_west.csv","agent"
"C00202","IDBI Bank Limited","Public Limited","Central PSU","Pan-India","Mumbai","Banking","Bank (govt-owned; LIC/GoI stake)","Listed-NSE+BSE","IDBI","INE008A01015","EQ","","central_psu_banks_ins.csv","agent"
"C00203","Nainital Bank Limited","Public Limited","Central PSU","Uttarakhand","Nainital","Banking","Private/subsidiary bank (BoB sub.)","Unlisted","","","","","central_psu_banks_ins.csv","agent"
"C00204","AU Small Finance Bank Limited","Public Limited","Private (Indian)","Pan-India","Jaipur","Banking","Small finance bank","Listed-NSE+BSE","AUBANK","INE949L01017","EQ","","central_psu_banks_ins.csv;listed_large_mid.csv","agent"
"C00205","Ujjivan Small Finance Bank Limited","Public Limited","Private (Indian)","Pan-India","Bengaluru","Banking","Small finance bank","Listed-NSE+BSE","UJJIVANSFB","INE551W01018","EQ","","central_psu_banks_ins.csv;listed_large_mid.csv;listed_small_NZ.csv","agent"
"C00206","Equitas Small Finance Bank Limited","Public Limited","Private (Indian)","Pan-India","Chennai","Banking","Small finance bank","Listed-NSE+BSE","EQUITASBNK","INE063P01018","EQ","","central_psu_banks_ins.csv;listed_large_mid.csv","agent"
"C00207","Jana Small Finance Bank Limited","Public Limited","Private (Indian)","Pan-India","Bengaluru","Banking","Small finance bank","Listed-NSE+BSE","JSFB","INE953L01027","EQ","","central_psu_banks_ins.csv","agent"
"C00208","Capital Small Finance Bank Limited","Public Limited","Private (Indian)","Pan-India","Jalandhar","Banking","Small finance bank","Listed-NSE+BSE","CAPITALSFB","INE646H01017","EQ","","central_psu_banks_ins.csv","agent"
"C00209","ESAF Small Finance Bank Limited","Public Limited","Private (Indian)","Pan-India","Thrissur","Banking","Small finance bank","Listed-NSE+BSE","ESAFSFB","INE818W01011","BE","","central_psu_banks_ins.csv","agent"
"C00210","Suryoday Small Finance Bank Limited","Public Limited","Private (Indian)","Pan-India","Navi Mumbai","Banking","Small finance bank","Listed-NSE+BSE","SURYODAY","INE428Q01011","EQ","","central_psu_banks_ins.csv;listed_small_NZ.csv","agent"
"C00211","Shivalik Small Finance Bank Limited","Public Limited","Private (Indian)","Pan-India","Noida","Banking","Small finance bank","Unlisted","","","","","central_psu_banks_ins.csv","agent"
"C00212","North East Small Finance Bank Limited","Public Limited","Private (Indian)","Pan-India","Guwahati","Banking","Small finance bank","Unlisted","","","","","central_psu_banks_ins.csv","agent"
"C00213","Unity Small Finance Bank Limited","Public Limited","Private (Indian)","Pan-India","Mumbai","Banking","Small finance bank","Unlisted","","","","","central_psu_banks_ins.csv","agent"
"C00214","Utkarsh Small Finance Bank Limited","Public Limited","Private (Indian)","Pan-India","Varanasi","Banking","Small finance bank","Listed-NSE+BSE","UTKARSHBNK","INE735W01017","EQ","","central_psu_banks_ins.csv;listed_small_NZ.csv","agent"
"C00215","Paytm Payments Bank Limited","Public Limited","Private (Indian)","Pan-India","Noida","Banking","Payments bank","Unlisted","","","","","central_psu_banks_ins.csv","agent"
"C00216","Airtel Payments Bank Limited","Public Limited","Private (Indian)","Pan-India","New Delhi","Banking","Payments bank","Unlisted","","","","","central_psu_banks_ins.csv","agent"
"C00217","India Post Payments Bank Limited","Government Company (PSU)","Central PSU","Pan-India","New Delhi","Banking","Payments bank","Unlisted","","","","","central_psu_banks_ins.csv","agent"
"C00218","Fino Payments Bank Limited","Public Limited","Private (Indian)","Pan-India","Navi Mumbai","Banking","Payments bank","Listed-NSE","FINOPB","INE02NC01014","EQ","","central_psu_banks_ins.csv","agent"
"C00219","Jio Payments Bank Limited","Public Limited","Private (Indian)","Pan-India","Mumbai","Banking","Payments bank","Unlisted","","","","","central_psu_banks_ins.csv","agent"
"C00220","NSDL Payments Bank Limited","Public Limited","Private (Indian)","Pan-India","Mumbai","Banking","Payments bank","Unlisted","","","","","central_psu_banks_ins.csv","agent"
"C00221","Andhra Pradesh Grameena Bank","Other","Central PSU","Andhra Pradesh","Amaravati","Banking","Regional Rural Bank","Unlisted","","","","","central_psu_banks_ins.csv","agent"
"C00222","Kerala Gramin Bank","Other","Central PSU","Kerala","Malappuram","Banking","Regional Rural Bank","Unlisted","","","","","central_psu_banks_ins.csv","agent"
"C00223","Baroda UP Bank","Other","Central PSU","Uttar Pradesh","Lucknow","Banking","Regional Rural Bank","Unlisted","","","","","central_psu_banks_ins.csv","agent"
"C00224","Uttar Pradesh Gramin Bank","Other","Central PSU","Uttar Pradesh","Lucknow","Banking","Regional Rural Bank","Unlisted","","","","","central_psu_banks_ins.csv","agent"
"C00225","Karnataka Grameena Bank","Other","Central PSU","Karnataka","Ballari","Banking","Regional Rural Bank","Unlisted","","","","","central_psu_banks_ins.csv","agent"
"C00226","Telangana Grameena Bank","Other","Central PSU","Telangana","Hyderabad","Banking","Regional Rural Bank","Unlisted","","","","","central_psu_banks_ins.csv","agent"
"C00227","Tamil Nadu Grama Bank","Other","Central PSU","Tamil Nadu","Salem","Banking","Regional Rural Bank","Unlisted","","","","","central_psu_banks_ins.csv","agent"
"C00228","Bihar Gramin Bank","Other","Central PSU","Bihar","Patna","Banking","Regional Rural Bank","Unlisted","","","","","central_psu_banks_ins.csv","agent"
"C00229","Madhya Pradesh Gramin Bank","Other","Central PSU","Madhya Pradesh","Indore","Banking","Regional Rural Bank","Unlisted","","","","","central_psu_banks_ins.csv","agent"
"C00230","Rajasthan Marudhara Gramin Bank","Other","Central PSU","Rajasthan","Jodhpur","Banking","Regional Rural Bank","Unlisted","","","","","central_psu_banks_ins.csv","agent"
"C00231","Maharashtra Gramin Bank","Other","Central PSU","Maharashtra","Chhatrapati Sambhajinagar","Banking","Regional Rural Bank","Unlisted","","","","","central_psu_banks_ins.csv","agent"
"C00232","Gujarat Gramin Bank","Other","Central PSU","Gujarat","Vadodara","Banking","Regional Rural Bank","Unlisted","","","","","central_psu_banks_ins.csv","agent"
"C00233","Assam Gramin Vikash Bank","Other","Central PSU","Assam","Guwahati","Banking","Regional Rural Bank","Unlisted","","","","","central_psu_banks_ins.csv","agent"
"C00234","Odisha Gramya Bank","Other","Central PSU","Odisha","Bhubaneswar","Banking","Regional Rural Bank","Unlisted","","","","","central_psu_banks_ins.csv","agent"
"C00235","Punjab Gramin Bank","Other","Central PSU","Punjab","Kapurthala","Banking","Regional Rural Bank","Unlisted","","","","","central_psu_banks_ins.csv","agent"
"C00236","Himachal Pradesh Gramin Bank","Other","Central PSU","Himachal Pradesh","Mandi","Banking","Regional Rural Bank","Unlisted","","","","","central_psu_banks_ins.csv","agent"
"C00237","Jharkhand Rajya Gramin Bank","Other","Central PSU","Jharkhand","Ranchi","Banking","Regional Rural Bank","Unlisted","","","","","central_psu_banks_ins.csv","agent"
"C00238","Chhattisgarh Rajya Gramin Bank","Other","Central PSU","Chhattisgarh","Raipur","Banking","Regional Rural Bank","Unlisted","","","","","central_psu_banks_ins.csv","agent"
"C00239","Uttarakhand Gramin Bank","Other","Central PSU","Uttarakhand","Dehradun","Banking","Regional Rural Bank","Unlisted","","","","","central_psu_banks_ins.csv","agent"
"C00240","Haryana Gramin Bank","Other","Central PSU","Haryana","Rohtak","Banking","Regional Rural Bank","Unlisted","","","","","central_psu_banks_ins.csv","agent"
"C00241","Paschim Banga Gramin Bank","Other","Central PSU","West Bengal","Kolkata","Banking","Regional Rural Bank","Unlisted","","","","","central_psu_banks_ins.csv","agent"
"C00242","Tripura Gramin Bank","Other","Central PSU","Tripura","Agartala","Banking","Regional Rural Bank","Unlisted","","","","","central_psu_banks_ins.csv","agent"
"C00243","Meghalaya Rural Bank","Other","Central PSU","Meghalaya","Shillong","Banking","Regional Rural Bank","Unlisted","","","","","central_psu_banks_ins.csv","agent"
"C00244","Manipur Rural Bank","Other","Central PSU","Manipur","Imphal","Banking","Regional Rural Bank","Unlisted","","","","","central_psu_banks_ins.csv","agent"
"C00245","Nagaland Rural Bank","Other","Central PSU","Nagaland","Kohima","Banking","Regional Rural Bank","Unlisted","","","","","central_psu_banks_ins.csv","agent"
"C00246","Arunachal Pradesh Rural Bank","Other","Central PSU","Arunachal Pradesh","Naharlagun","Banking","Regional Rural Bank","Unlisted","","","","","central_psu_banks_ins.csv","agent"
"C00247","Mizoram Rural Bank","Other","Central PSU","Mizoram","Aizawl","Banking","Regional Rural Bank","Unlisted","","","","","central_psu_banks_ins.csv","agent"
"C00248","Puduvai Bharathiar Grama Bank","Other","Central PSU","Puducherry","Puducherry","Banking","Regional Rural Bank","Unlisted","","","","","central_psu_banks_ins.csv","agent"
"C00249","Jammu and Kashmir Grameen Bank","Other","Central PSU","Jammu and Kashmir","Jammu","Banking","Regional Rural Bank","Unlisted","","","","","central_psu_banks_ins.csv","agent"
"C00250","Ellaquai Dehati Bank","Other","Private (Indian)","Jammu and Kashmir","Srinagar","Banking","Regional rural bank","Unlisted","","","","","central_psu_banks_ins.csv;state_psu_north_west.csv","agent"
"C00251","Saurashtra Gramin Bank","Other","Central PSU","Gujarat","Rajkot","Banking","Regional Rural Bank","Unlisted","","","","","central_psu_banks_ins.csv","agent"
"C00252","HDFC Life Insurance Company Limited","Public Limited","Private (Indian)","Pan-India","Mumbai","Insurance","Life insurer","Listed-NSE+BSE","HDFCLIFE","INE795G01014","EQ","","central_psu_banks_ins.csv;listed_large_mid.csv","agent"
"C00253","SBI Life Insurance Company Limited","Public Limited","Private (Indian)","Pan-India","Mumbai","Insurance","Life insurer","Listed-NSE+BSE","SBILIFE","INE123W01016","EQ","","central_psu_banks_ins.csv;listed_large_mid.csv","agent"
"C00254","ICICI Prudential Life Insurance Company Limited","Public Limited","Private (Indian)","Pan-India","Mumbai","Insurance","Life insurer","Listed-NSE+BSE","ICICIPRULI","INE726G01019","EQ","","central_psu_banks_ins.csv;listed_large_mid.csv;mnc_foreign.csv","agent"
"C00255","Axis Max Life Insurance Limited","Public Limited","Private (Indian)","Pan-India","New Delhi","Insurance","Life insurer","Unlisted","","","","","central_psu_banks_ins.csv","agent"
"C00256","Kotak Mahindra Life Insurance Company Limited","Public Limited","Private (Indian)","Pan-India","Mumbai","Insurance","Life insurer","Unlisted","","","","","central_psu_banks_ins.csv","agent"
"C00257","Bajaj Allianz Life Insurance Company Limited","Public Limited","Private (Indian)","Pan-India","Pune","Insurance","Life insurer","Unlisted","","","","","central_psu_banks_ins.csv","agent"
"C00258","Tata AIA Life Insurance Company Limited","Public Limited","Joint Venture","Pan-India","Mumbai","Insurance","Life insurer","Unlisted","","","","","central_psu_banks_ins.csv;mnc_foreign.csv;private_startups.csv","agent"
"C00259","Aditya Birla Sun Life Insurance Company Limited","Public Limited","Private (Indian)","Pan-India","Mumbai","Insurance","Life insurer","Unlisted","","","","","central_psu_banks_ins.csv","agent"
"C00260","PNB MetLife India Insurance Company Limited","Public Limited","Private (Indian)","Pan-India","Mumbai","Insurance","Life insurer","Unlisted","","","","","central_psu_banks_ins.csv","agent"
"C00261","Canara HSBC Life Insurance Company Limited","Public Limited","Private (Indian)","Pan-India","Gurugram","Insurance","Life insurer","Listed-NSE","CANHLIFE","INE01TY01017","EQ","","central_psu_banks_ins.csv","agent"
"C00262","Pramerica Life Insurance Limited","Public Limited","Joint Venture","Pan-India","Gurugram","Insurance","Life insurer","Unlisted","","","","","central_psu_banks_ins.csv","agent"
"C00263","Star Union Dai-ichi Life Insurance Company Limited","Public Limited","Private (Indian)","Pan-India","Mumbai","Insurance","Life insurer","Unlisted","","","","","central_psu_banks_ins.csv","agent"
"C00264","IndiaFirst Life Insurance Company Limited","Public Limited","Private (Indian)","Pan-India","Mumbai","Insurance","Life insurer","Unlisted","","","","","central_psu_banks_ins.csv","agent"
"C00265","Edelweiss Life Insurance Company Limited","Public Limited","Private (Indian)","Pan-India","Mumbai","Insurance","Life insurer","Unlisted","","","","","central_psu_banks_ins.csv","agent"
"C00266","Shriram Life Insurance Company Limited","Public Limited","Private (Indian)","Pan-India","Hyderabad","Insurance","Life insurer","Unlisted","","","","","central_psu_banks_ins.csv","agent"
"C00267","Aviva Life Insurance Company India Limited","Public Limited","Joint Venture","Pan-India","Gurugram","Insurance","Life insurer","Unlisted","","","","","central_psu_banks_ins.csv","agent"
"C00268","Sahara India Life Insurance Company Limited","Public Limited","Private (Indian)","Pan-India","Lucknow","Insurance","Life insurer","Unlisted","","","","","central_psu_banks_ins.csv","agent"
"C00269","Acko Life Insurance Limited","Public Limited","Private (Indian)","Pan-India","Mumbai","Insurance","Life insurer","Unlisted","","","","","central_psu_banks_ins.csv","agent"
"C00270","Go Digit Life Insurance Limited","Public Limited","Private (Indian)","Pan-India","Pune","Insurance","Life insurer","Unlisted","","","","","central_psu_banks_ins.csv","agent"
"C00271","Generali Central Life Insurance Company Limited","Public Limited","Private (Indian)","Pan-India","Mumbai","Insurance","Life insurer","Unlisted","","","","","central_psu_banks_ins.csv","agent"
"C00272","Ageas Federal Life Insurance Company Limited","Public Limited","Private (Indian)","Pan-India","Mumbai","Insurance","Life insurer","Unlisted","","","","","central_psu_banks_ins.csv","agent"
"C00273","Credit Access Life Insurance Limited","Public Limited","Private (Indian)","Pan-India","Bengaluru","Insurance","Life insurer","Unlisted","","","","","central_psu_banks_ins.csv","agent"
"C00274","New India Assurance Company Limited","Government Company (PSU)","Central PSU","Pan-India","Mumbai","Insurance","General/health insurer","Listed-NSE+BSE","NIACL","INE470Y01017","EQ","","central_psu_banks_ins.csv;listed_large_mid.csv","agent"
"C00275","United India Insurance Company Limited","Government Company (PSU)","Central PSU","Pan-India","Chennai","Insurance","General/health insurer","Unlisted","","","","","central_psu_banks_ins.csv","agent"
"C00276","National Insurance Company Limited","Government Company (PSU)","Central PSU","Pan-India","Kolkata","Insurance","General/health insurer","Unlisted","","","","","central_psu_banks_ins.csv","agent"
"C00277","Oriental Insurance Company Limited","Government Company (PSU)","Central PSU","Pan-India","New Delhi","Insurance","General/health insurer","Unlisted","","","","","central_psu_banks_ins.csv","agent"
"C00278","Agriculture Insurance Company of India Limited","Government Company (PSU)","Central PSU","Pan-India","New Delhi","Insurance","General/health insurer","Unlisted","","","","","central_psu_banks_ins.csv","agent"
"C00279","ECGC Limited","Government Company (PSU)","Central PSU","Pan-India","Mumbai","Insurance","General/health insurer","Unlisted","","","","","central_psu_banks_ins.csv","agent"
"C00280","ICICI Lombard General Insurance Company Limited","Public Limited","Private (Indian)","Pan-India","Mumbai","Insurance","General/health insurer","Listed-NSE+BSE","ICICIGI","INE765G01017","EQ","","central_psu_banks_ins.csv;listed_large_mid.csv","agent"
"C00281","Bajaj General Insurance Limited","Public Limited","Private (Indian)","Pan-India","Pune","Insurance","General/health insurer","Unlisted","","","","","central_psu_banks_ins.csv","agent"
"C00282","HDFC ERGO General Insurance Company Limited","Public Limited","Private (Indian)","Pan-India","Mumbai","Insurance","General/health insurer","Unlisted","","","","","central_psu_banks_ins.csv","agent"
"C00283","Tata AIG General Insurance Company Limited","Public Limited","Joint Venture","Pan-India","Mumbai","Insurance","General/health insurer","Unlisted","","","","","central_psu_banks_ins.csv;private_startups.csv","agent"
"C00284","SBI General Insurance Company Limited","Public Limited","Private (Indian)","Pan-India","Mumbai","Insurance","General/health insurer","Unlisted","","","","","central_psu_banks_ins.csv","agent"
"C00285","IFFCO-Tokio General Insurance Company Limited","Public Limited","Joint Venture","Pan-India","Gurugram","Insurance","General/health insurer","Unlisted","","","","","central_psu_banks_ins.csv","agent"
"C00286","Reliance General Insurance Company Limited","Public Limited","Private (Indian)","Pan-India","Mumbai","Insurance","General/health insurer","Unlisted","","","","","central_psu_banks_ins.csv","agent"
"C00287","Royal Sundaram General Insurance Company Limited","Public Limited","Private (Indian)","Pan-India","Chennai","Insurance","General/health insurer","Unlisted","","","","","central_psu_banks_ins.csv","agent"
"C00288","Cholamandalam MS General Insurance Company Limited","Public Limited","Joint Venture","Pan-India","Chennai","Insurance","General/health insurer","Unlisted","","","","","central_psu_banks_ins.csv","agent"
"C00289","Future Generali India Insurance Company Limited","Public Limited","Joint Venture","Pan-India","Mumbai","Insurance","General/health insurer","Unlisted","","","","","central_psu_banks_ins.csv","agent"
"C00290","Universal Sompo General Insurance Company Limited","Public Limited","Joint Venture","Pan-India","Mumbai","Insurance","General/health insurer","Unlisted","","","","","central_psu_banks_ins.csv","agent"
"C00291","Shriram General Insurance Company Limited","Public Limited","Private (Indian)","Pan-India","Jaipur","Insurance","General/health insurer","Unlisted","","","","","central_psu_banks_ins.csv","agent"
"C00292","Liberty General Insurance Limited","Public Limited","MNC Subsidiary","Pan-India","Mumbai","Insurance","General/health insurer","Unlisted","","","","","central_psu_banks_ins.csv","agent"
"C00293","Navi General Insurance Limited","Public Limited","Private (Indian)","Pan-India","Mumbai","Insurance","General/health insurer","Unlisted","","","","","central_psu_banks_ins.csv","agent"
"C00294","Zuno General Insurance Limited","Public Limited","Private (Indian)","Pan-India","Mumbai","Insurance","General/health insurer","Unlisted","","","","","central_psu_banks_ins.csv","agent"
"C00295","Magma General Insurance Limited","Public Limited","Private (Indian)","Pan-India","Kolkata","Insurance","General/health insurer","Unlisted","","","","","central_psu_banks_ins.csv","agent"
"C00296","Raheja QBE General Insurance Company Limited","Public Limited","Joint Venture","Pan-India","Mumbai","Insurance","General/health insurer","Unlisted","","","","","central_psu_banks_ins.csv","agent"
"C00297","Kotak Mahindra General Insurance Company Limited","Public Limited","Private (Indian)","Pan-India","Mumbai","Insurance","General/health insurer","Unlisted","","","","","central_psu_banks_ins.csv","agent"
"C00298","Go Digit General Insurance Limited","Public Limited","Private (Indian)","Pan-India","Bengaluru","Insurance","General/health insurer","Listed-NSE+BSE","GODIGIT","INE03JT01014","EQ","","central_psu_banks_ins.csv","agent"
"C00299","Acko General Insurance Limited","Public Limited","Private (Indian)","Pan-India","Mumbai","Insurance","General/health insurer","Unlisted","","","","","central_psu_banks_ins.csv;private_startups.csv","agent"
"C00300","Star Health and Allied Insurance Company Limited","Public Limited","Private (Indian)","Pan-India","Chennai","Insurance","General/health insurer","Listed-NSE+BSE","STARHEALTH","INE575P01011","EQ","","central_psu_banks_ins.csv;listed_large_mid.csv","agent"
"C00301","Niva Bupa Health Insurance Company Limited","Public Limited","Joint Venture","Pan-India","New Delhi","Insurance","General/health insurer","Listed-NSE+BSE","NIVABUPA","INE995S01015","EQ","","central_psu_banks_ins.csv","agent"
"C00302","Care Health Insurance Limited","Public Limited","Private (Indian)","Pan-India","Gurugram","Insurance","General/health insurer","Unlisted","","","","","central_psu_banks_ins.csv","agent"
"C00303","Aditya Birla Health Insurance Company Limited","Public Limited","Private (Indian)","Pan-India","Mumbai","Insurance","General/health insurer","Unlisted","","","","","central_psu_banks_ins.csv","agent"
"C00304","ManipalCigna Health Insurance Company Limited","Public Limited","Joint Venture","Pan-India","Mumbai","Insurance","General/health insurer","Unlisted","","","","","central_psu_banks_ins.csv","agent"
"C00305","Galaxy Health Insurance Company Limited","Public Limited","Private (Indian)","Pan-India","Mumbai","Insurance","General/health insurer","Unlisted","","","","","central_psu_banks_ins.csv","agent"
"C00306","Narayana Health Insurance Limited","Public Limited","Private (Indian)","Pan-India","Bengaluru","Insurance","General/health insurer","Unlisted","","","","","central_psu_banks_ins.csv","agent"
"C00307","Munich Re India (Reinsurance Branch)","Foreign Company Branch","MNC Subsidiary","Maharashtra","Mumbai","Insurance","Reinsurer branch","Unlisted","","","","","central_psu_banks_ins.csv","agent"
"C00308","Swiss Re India (Reinsurance Branch)","Foreign Company Branch","MNC Subsidiary","Maharashtra","Mumbai","Insurance","Reinsurer branch","Unlisted","","","","","central_psu_banks_ins.csv","agent"
"C00309","Hannover Rück SE India Branch","Foreign Company Branch","MNC Subsidiary","Maharashtra","Mumbai","Insurance","Reinsurer branch","Unlisted","","","","","central_psu_banks_ins.csv","agent"
"C00310","SCOR Reinsurance India Branch","Foreign Company Branch","MNC Subsidiary","Maharashtra","Mumbai","Insurance","Reinsurer branch","Unlisted","","","","","central_psu_banks_ins.csv","agent"
"C00311","Lloyd's India (Reinsurance Branch)","Foreign Company Branch","MNC Subsidiary","Maharashtra","Mumbai","Insurance","Reinsurer branch","Unlisted","","","","","central_psu_banks_ins.csv","agent"
"C00312","Bajaj Finance Limited","Public Limited","Private (Indian)","Pan-India","Pune, Maharashtra","Financial Services (Non-Bank)","NBFC-ICC (deposit-taking, upper layer)","Listed-NSE+BSE","BAJFINANCE","INE296A01032","EQ","","financial_nonbank.csv;listed_large_mid.csv;state_psu_north_west.csv","agent"
"C00313","Bajaj Finserv Limited","Public Limited","Private (Indian)","Pan-India","Pune, Maharashtra","Financial Services (Non-Bank)","Financial holding company (NBFC-CIC)","Listed-NSE+BSE","BAJAJFINSV","INE918I01026","EQ","","financial_nonbank.csv;listed_large_mid.csv","agent"
"C00314","Bajaj Housing Finance Limited","Public Limited","Private (Indian)","Pan-India","Pune, Maharashtra","Financial Services (Non-Bank)","Housing finance company (HFC)","Listed-NSE+BSE","BAJAJHFL","INE377Y01014","EQ","","financial_nonbank.csv;listed_large_mid.csv","agent"
"C00315","Bajaj Holdings & Investment Limited","Public Limited","Private (Indian)","Pan-India","Pune, Maharashtra","Financial Services (Non-Bank)","Core investment company (NBFC-CIC)","Listed-NSE+BSE","BAJAJHLDNG","INE118A01012","EQ","","financial_nonbank.csv;listed_large_mid.csv","agent"
"C00316","Cholamandalam Investment and Finance Company Limited","Public Limited","Private (Indian)","Pan-India","Chennai, Tamil Nadu","Financial Services (Non-Bank)","NBFC-ICC (vehicle finance, upper layer)","Listed-NSE+BSE","CHOLAFIN","INE121A01024","EQ","","financial_nonbank.csv;listed_large_mid.csv;state_psu_south_east_ne.csv","agent"
"C00317","Cholamandalam Financial Holdings Limited","Public Limited","Private (Indian)","Pan-India","Chennai, Tamil Nadu","Financial Services (Non-Bank)","Core investment company (NBFC-CIC)","Listed-NSE+BSE","CHOLAHLDNG","INE149A01033","EQ","","financial_nonbank.csv","agent"
"C00318","Shriram Finance Limited","Public Limited","Private (Indian)","Pan-India","Mumbai, Maharashtra","Financial Services (Non-Bank)","NBFC-ICC (vehicle finance, upper layer)","Listed-NSE+BSE","SHRIRAMFIN","INE721A01047","EQ","","financial_nonbank.csv;listed_large_mid.csv","agent"
"C00319","Shriram Housing Finance Limited","Public Limited","Private (Indian)","Pan-India","Mumbai, Maharashtra","Financial Services (Non-Bank)","Housing finance company (HFC)","Unlisted","","","","","financial_nonbank.csv","agent"
"C00320","Muthoot Finance Limited","Public Limited","Private (Indian)","Pan-India","Kochi, Kerala","Financial Services (Non-Bank)","NBFC gold loan (upper layer)","Listed-NSE+BSE","MUTHOOTFIN","INE414G01012","EQ","","financial_nonbank.csv;listed_large_mid.csv;state_psu_south_east_ne.csv","agent"
"C00321","Muthoot Fincorp Limited","Public Limited","Private (Indian)","Pan-India","Kochi, Kerala","Financial Services (Non-Bank)","NBFC gold loan / diversified","Unlisted","","","","","financial_nonbank.csv","agent"
"C00322","Muthoot Microfin Limited","Public Limited","Private (Indian)","Pan-India","Kochi, Kerala","Financial Services (Non-Bank)","NBFC-MFI","Listed-NSE+BSE","MUTHOOTMF","INE046W01019","EQ","","financial_nonbank.csv;listed_small_AM.csv","agent"
"C00323","Muthoot Capital Services Limited","Public Limited","Private (Indian)","Pan-India","Kochi, Kerala","Financial Services (Non-Bank)","NBFC two-wheeler finance","Listed-NSE+BSE","MUTHOOTCAP","INE296G01013","EQ","","financial_nonbank.csv","agent"
"C00324","Muthoot Homefin (India) Limited","Public Limited","Private (Indian)","Pan-India","Mumbai, Maharashtra","Financial Services (Non-Bank)","Housing finance company (HFC)","Unlisted","","","","","financial_nonbank.csv","agent"
"C00325","Manappuram Finance Limited","Public Limited","Private (Indian)","Pan-India","Thrissur, Kerala","Financial Services (Non-Bank)","NBFC gold loan (upper layer)","Listed-NSE+BSE","MANAPPURAM","INE522D01027","EQ","","financial_nonbank.csv;listed_large_mid.csv;state_psu_south_east_ne.csv","agent"
"C00326","Asirvad Micro Finance Limited","Public Limited","Private (Indian)","Pan-India","Chennai, Tamil Nadu","Financial Services (Non-Bank)","NBFC-MFI","Unlisted","","","","","financial_nonbank.csv","agent"
"C00327","Mahindra & Mahindra Financial Services Limited","Public Limited","Private (Indian)","Pan-India","Mumbai, Maharashtra","Financial Services (Non-Bank)","NBFC-ICC (upper layer)","Listed-NSE+BSE","M&MFIN","INE774D01024","EQ","","financial_nonbank.csv;listed_large_mid.csv","agent"
"C00328","Mahindra Rural Housing Finance Limited","Public Limited","Private (Indian)","Pan-India","Mumbai, Maharashtra","Financial Services (Non-Bank)","Housing finance company (HFC)","Unlisted","","","","","financial_nonbank.csv","agent"
"C00329","L&T Finance Limited","Public Limited","Private (Indian)","Pan-India","Mumbai, Maharashtra","Financial Services (Non-Bank)","NBFC-ICC (upper layer)","Listed-NSE+BSE","LTF","INE498L01015","EQ","","financial_nonbank.csv;listed_large_mid.csv","agent"
"C00330","Poonawalla Fincorp Limited","Public Limited","Private (Indian)","Pan-India","Pune, Maharashtra","Financial Services (Non-Bank)","NBFC-ICC (upper layer)","Listed-NSE+BSE","POONAWALLA","INE511C01022","EQ","","financial_nonbank.csv;listed_large_mid.csv","agent"
"C00331","Aditya Birla Capital Limited","Public Limited","Private (Indian)","Pan-India","Mumbai, Maharashtra","Financial Services (Non-Bank)","Financial holding company (NBFC-CIC)","Listed-NSE+BSE","ABCAPITAL","INE674K01013","EQ","","financial_nonbank.csv;listed_large_mid.csv","agent"
"C00332","Aditya Birla Finance Limited","Public Limited","Private (Indian)","Pan-India","Mumbai, Maharashtra","Financial Services (Non-Bank)","NBFC-ICC (upper layer)","Unlisted","","","","","financial_nonbank.csv","agent"
"C00333","Aditya Birla Housing Finance Limited","Public Limited","Private (Indian)","Pan-India","Mumbai, Maharashtra","Financial Services (Non-Bank)","Housing finance company (HFC)","Unlisted","","","","","financial_nonbank.csv","agent"
"C00334","PNB Housing Finance Limited","Public Limited","Private (Indian)","Pan-India","New Delhi, Delhi","Financial Services (Non-Bank)","Housing finance company (HFC)","Listed-NSE+BSE","PNBHOUSING","INE572E01012","EQ","","financial_nonbank.csv;listed_large_mid.csv","agent"
"C00335","LIC Housing Finance Limited","Public Limited","Central PSU","Pan-India","Mumbai, Maharashtra","Financial Services (Non-Bank)","Housing finance company (HFC)","Listed-NSE+BSE","LICHSGFIN","INE115A01026","EQ","","financial_nonbank.csv;listed_large_mid.csv","agent"
"C00336","Can Fin Homes Limited","Public Limited","Private (Indian)","Pan-India","Bengaluru, Karnataka","Financial Services (Non-Bank)","Housing finance company (HFC)","Listed-NSE+BSE","CANFINHOME","INE477A01020","EQ","","financial_nonbank.csv;listed_large_mid.csv","agent"
"C00337","Aavas Financiers Limited","Public Limited","Private (Indian)","Pan-India","Jaipur, Rajasthan","Financial Services (Non-Bank)","Housing finance company (HFC)","Listed-NSE+BSE","AAVAS","INE216P01012","EQ","","financial_nonbank.csv;listed_large_mid.csv","agent"
"C00338","Home First Finance Company India Limited","Public Limited","Private (Indian)","Pan-India","Mumbai, Maharashtra","Financial Services (Non-Bank)","Housing finance company (HFC)","Listed-NSE+BSE","HOMEFIRST","INE481N01025","EQ","","financial_nonbank.csv;listed_large_mid.csv","agent"
"C00339","Aptus Value Housing Finance India Limited","Public Limited","Private (Indian)","Pan-India","Chennai, Tamil Nadu","Financial Services (Non-Bank)","Housing finance company (HFC)","Listed-NSE+BSE","APTUS","INE852O01025","EQ","","financial_nonbank.csv;listed_large_mid.csv","agent"
"C00340","Repco Home Finance Limited","Public Limited","Private (Indian)","Pan-India","Chennai, Tamil Nadu","Financial Services (Non-Bank)","Housing finance company (HFC)","Listed-NSE+BSE","REPCOHOME","INE612J01015","EQ","","financial_nonbank.csv","agent"
"C00341","India Shelter Finance Corporation Limited","Public Limited","Private (Indian)","Pan-India","Gurugram, Haryana","Financial Services (Non-Bank)","Housing finance company (HFC)","Listed-NSE+BSE","INDIASHLTR","INE922K01024","EQ","","financial_nonbank.csv","agent"
"C00342","Aadhar Housing Finance Limited","Public Limited","Private (Indian)","Pan-India","Mumbai, Maharashtra","Financial Services (Non-Bank)","Housing finance company (HFC)","Listed-NSE+BSE","AADHARHFC","INE883F01010","EQ","","financial_nonbank.csv","agent"
"C00343","GIC Housing Finance Limited","Public Limited","Private (Indian)","Pan-India","Mumbai, Maharashtra","Financial Services (Non-Bank)","Housing finance company (HFC)","Listed-NSE+BSE","GICHSGFIN","INE289B01019","EQ","","financial_nonbank.csv","agent"
"C00344","Sammaan Capital Limited","Public Limited","Private (Indian)","Pan-India","Gurugram, Haryana","Financial Services (Non-Bank)","Housing finance / NBFC (formerly Indiabulls Housing Finance)","Listed-NSE+BSE","SAMMAANCAP","INE148I01020","EQ","","financial_nonbank.csv","agent"
"C00345","Piramal Finance Limited","Public Limited","Private (Indian)","Pan-India","Mumbai, Maharashtra","Financial Services (Non-Bank)","NBFC-ICC (formerly Piramal Enterprises)","Listed-NSE+BSE","PIRAMALFIN","INE202B01038","EQ","","financial_nonbank.csv;listed_large_mid.csv","agent"
"C00346","Piramal Capital & Housing Finance Limited","Public Limited","Private (Indian)","Pan-India","Mumbai, Maharashtra","Financial Services (Non-Bank)","Housing finance company (ex-DHFL)","Unlisted","","","","","financial_nonbank.csv","agent"
"C00347","Sundaram Finance Limited","Public Limited","Private (Indian)","Pan-India","Chennai, Tamil Nadu","Financial Services (Non-Bank)","NBFC-ICC (deposit-taking)","Listed-NSE+BSE","SUNDARMFIN","INE660A01013","EQ","","financial_nonbank.csv;listed_large_mid.csv;state_psu_south_east_ne.csv","agent"
"C00348","Sundaram Home Finance Limited","Public Limited","Private (Indian)","Pan-India","Chennai, Tamil Nadu","Financial Services (Non-Bank)","Housing finance company (HFC)","Unlisted","","","","","financial_nonbank.csv","agent"
"C00349","MAS Financial Services Limited","Public Limited","Private (Indian)","Pan-India","Ahmedabad, Gujarat","Financial Services (Non-Bank)","NBFC-ICC","Listed-NSE+BSE","MASFIN","INE348L01012","EQ","","financial_nonbank.csv","agent"
"C00350","CreditAccess Grameen Limited","Public Limited","Private (Indian)","Pan-India","Bengaluru, Karnataka","Financial Services (Non-Bank)","NBFC-MFI","Listed-NSE+BSE","CREDITACC","INE741K01010","EQ","","financial_nonbank.csv;listed_large_mid.csv","agent"
"C00351","Spandana Sphoorty Financial Limited","Public Limited","Private (Indian)","Pan-India","Hyderabad, Telangana","Financial Services (Non-Bank)","NBFC-MFI","Listed-NSE+BSE","SPANDANA","INE572J01011","EQ","","financial_nonbank.csv","agent"
"C00352","Satin Creditcare Network Limited","Public Limited","Private (Indian)","Pan-India","New Delhi, Delhi","Financial Services (Non-Bank)","NBFC-MFI","Listed-NSE+BSE","SATIN","INE836B01017","EQ","","financial_nonbank.csv","agent"
"C00353","Fusion Finance Limited","Public Limited","Private (Indian)","Pan-India","Gurugram, Haryana","Financial Services (Non-Bank)","NBFC-MFI","Listed-NSE+BSE","FUSION","INE139R01012","EQ","","financial_nonbank.csv","agent"
"C00354","Ujjivan Financial Services Limited","Public Limited","Private (Indian)","Pan-India","Bengaluru, Karnataka","Financial Services (Non-Bank)","Financial holding company","Listed-NSE+BSE","UJJIVAN","","","","financial_nonbank.csv","agent"
"C00355","Arohan Financial Services Limited","Public Limited","Private (Indian)","Pan-India","Kolkata, West Bengal","Financial Services (Non-Bank)","NBFC-MFI","Unlisted","","","","","financial_nonbank.csv","agent"
"C00356","Annapurna Finance Private Limited","Private Limited","Private (Indian)","Pan-India","Bhubaneswar, Odisha","Financial Services (Non-Bank)","NBFC-MFI","Unlisted","","","","","financial_nonbank.csv","agent"
"C00357","Midland Microfin Limited","Public Limited","Private (Indian)","Pan-India","Jalandhar, Punjab","Financial Services (Non-Bank)","NBFC-MFI","Unlisted","","","","","financial_nonbank.csv","agent"
"C00358","Svatantra Microfin Private Limited","Private Limited","Private (Indian)","Pan-India","Mumbai, Maharashtra","Financial Services (Non-Bank)","NBFC-MFI","Unlisted","","","","","financial_nonbank.csv","agent"
"C00359","IIFL Finance Limited","Public Limited","Private (Indian)","Pan-India","Mumbai, Maharashtra","Financial Services (Non-Bank)","NBFC gold loan / diversified (upper layer)","Listed-NSE+BSE","IIFL","INE530B01024","EQ","","financial_nonbank.csv;listed_large_mid.csv","agent"
"C00360","IIFL Home Finance Limited","Public Limited","Private (Indian)","Pan-India","Mumbai, Maharashtra","Financial Services (Non-Bank)","Housing finance company (HFC)","Unlisted","","","","","financial_nonbank.csv","agent"
"C00361","IIFL Samasta Finance Limited","Public Limited","Private (Indian)","Pan-India","Chennai, Tamil Nadu","Financial Services (Non-Bank)","NBFC-MFI","Unlisted","","","","","financial_nonbank.csv","agent"
"C00362","Five-Star Business Finance Limited","Public Limited","Private (Indian)","Pan-India","Chennai, Tamil Nadu","Financial Services (Non-Bank)","NBFC-ICC (MSME lending)","Listed-NSE+BSE","FIVESTAR","INE128S01021","EQ","","financial_nonbank.csv;listed_large_mid.csv","agent"
"C00363","Vistaar Financial Services Private Limited","Private Limited","Private (Indian)","Pan-India","Bengaluru, Karnataka","Financial Services (Non-Bank)","NBFC (MSME lending)","Unlisted","","","","","financial_nonbank.csv","agent"
"C00364","UGRO Capital Limited","Public Limited","Private (Indian)","Pan-India","Mumbai, Maharashtra","Financial Services (Non-Bank)","NBFC-ICC (MSME lending)","Listed-NSE+BSE","UGROCAP","INE583D01011","EQ","","financial_nonbank.csv;listed_small_NZ.csv","agent"
"C00365","Capri Global Capital Limited","Public Limited","Private (Indian)","Pan-India","Mumbai, Maharashtra","Financial Services (Non-Bank)","NBFC-ICC","Listed-NSE+BSE","CGCL","INE180C01042","EQ","","financial_nonbank.csv","agent"
"C00366","Edelweiss Financial Services Limited","Public Limited","Private (Indian)","Pan-India","Mumbai, Maharashtra","Financial Services (Non-Bank)","Diversified financial services / NBFC","Listed-NSE+BSE","EDELWEISS","INE532F01054","EQ","","financial_nonbank.csv;listed_small_AM.csv","agent"
"C00367","JM Financial Limited","Public Limited","Private (Indian)","Pan-India","Mumbai, Maharashtra","Financial Services (Non-Bank)","Diversified financial services / NBFC","Listed-NSE+BSE","JMFINANCIL","INE780C01023","EQ","","financial_nonbank.csv;listed_large_mid.csv","agent"
"C00368","Motilal Oswal Financial Services Limited","Public Limited","Private (Indian)","Pan-India","Mumbai, Maharashtra","Financial Services (Non-Bank)","Diversified financial services / NBFC","Listed-NSE+BSE","MOTILALOFS","INE338I01027","EQ","","financial_nonbank.csv;listed_large_mid.csv","agent"
"C00369","Nuvama Wealth Management Limited","Public Limited","Private (Indian)","Pan-India","Mumbai, Maharashtra","Financial Services (Non-Bank)","Wealth management / broking","Listed-NSE+BSE","NUVAMA","INE531F01023","EQ","","financial_nonbank.csv;listed_large_mid.csv","agent"
"C00370","360 ONE WAM Limited","Public Limited","Private (Indian)","Pan-India","Mumbai, Maharashtra","Financial Services (Non-Bank)","Wealth and asset management","Listed-NSE+BSE","360ONE","INE466L01038","EQ","","financial_nonbank.csv;listed_large_mid.csv","agent"
"C00371","Angel One Limited","Public Limited","Private (Indian)","Pan-India","Mumbai, Maharashtra","Financial Services (Non-Bank)","Stock broker / fintech","Listed-NSE+BSE","ANGELONE","INE732I01021","EQ","","financial_nonbank.csv;listed_large_mid.csv","agent"
"C00372","IIFL Capital Services Limited","Public Limited","Private (Indian)","Pan-India","Mumbai, Maharashtra","Financial Services (Non-Bank)","Stock broker / merchant banker","Listed-NSE+BSE","IIFLCAPS","INE489L01022","EQ","","financial_nonbank.csv","agent"
"C00373","Geojit Financial Services Limited","Public Limited","Private (Indian)","Pan-India","Kochi, Kerala","Financial Services (Non-Bank)","Stock broker / distributor","Listed-NSE+BSE","GEOJITFSL","INE007B01023","EQ","","financial_nonbank.csv;listed_small_AM.csv","agent"
"C00374","Religare Enterprises Limited","Public Limited","Private (Indian)","Pan-India","New Delhi, Delhi","Financial Services (Non-Bank)","Diversified financial services","Listed-NSE+BSE","RELIGARE","INE621H01010","EQ","","financial_nonbank.csv","agent"
"C00375","Tata Capital Limited","Public Limited","Private (Indian)","Pan-India","Mumbai, Maharashtra","Financial Services (Non-Bank)","NBFC-ICC (upper layer)","Listed-NSE+BSE","TATACAP","INE976I01016","EQ","","financial_nonbank.csv","agent"
"C00376","Tata Capital Financial Services Limited","Public Limited","Private (Indian)","Pan-India","Mumbai, Maharashtra","Financial Services (Non-Bank)","NBFC-ICC","Unlisted","","","","","financial_nonbank.csv","agent"
"C00377","Tata Capital Housing Finance Limited","Public Limited","Private (Indian)","Pan-India","Mumbai, Maharashtra","Financial Services (Non-Bank)","Housing finance company (HFC)","Unlisted","","","","","financial_nonbank.csv","agent"
"C00378","Tata Motors Finance Limited","Public Limited","Private (Indian)","Pan-India","Mumbai, Maharashtra","Financial Services (Non-Bank)","NBFC vehicle finance","Unlisted","","","","","financial_nonbank.csv;private_startups.csv","agent"
"C00379","Tata Investment Corporation Limited","Public Limited","Private (Indian)","Pan-India","Mumbai, Maharashtra","Financial Services (Non-Bank)","Core investment company (NBFC-CIC)","Listed-NSE+BSE","TATAINVEST","INE672A01026","EQ","","financial_nonbank.csv;listed_large_mid.csv","agent"
"C00380","HDB Financial Services Limited","Public Limited","Private (Indian)","Pan-India","Mumbai, Maharashtra","Financial Services (Non-Bank)","NBFC-ICC (upper layer)","Listed-NSE+BSE","HDBFS","INE756I01012","EQ","","financial_nonbank.csv","agent"
"C00381","Jio Financial Services Limited","Public Limited","Private (Indian)","Pan-India","Mumbai, Maharashtra","Financial Services (Non-Bank)","NBFC-CIC / financial services holding","Listed-NSE+BSE","JIOFIN","INE758E01017","EQ","","financial_nonbank.csv;listed_large_mid.csv","agent"
"C00382","SBFC Finance Limited","Public Limited","Private (Indian)","Pan-India","Mumbai, Maharashtra","Financial Services (Non-Bank)","NBFC-ICC (MSME lending)","Listed-NSE+BSE","SBFC","INE423Y01016","EQ","","financial_nonbank.csv","agent"
"C00383","Paisalo Digital Limited","Public Limited","Private (Indian)","Pan-India","New Delhi, Delhi","Financial Services (Non-Bank)","NBFC (digital lending)","Listed-NSE+BSE","PAISALO","INE420C01059","EQ","","financial_nonbank.csv","agent"
"C00384","Arman Financial Services Limited","Public Limited","Private (Indian)","Pan-India","Ahmedabad, Gujarat","Financial Services (Non-Bank)","NBFC (microfinance/vehicle)","Listed-NSE+BSE","ARMANFIN","INE109C01017","EQ","","financial_nonbank.csv;listed_small_AM.csv","agent"
"C00385","IndoStar Capital Finance Limited","Public Limited","Private (Indian)","Pan-India","Mumbai, Maharashtra","Financial Services (Non-Bank)","NBFC-ICC","Listed-NSE+BSE","INDOSTAR","INE896L01010","EQ","","financial_nonbank.csv","agent"
"C00386","Northern Arc Capital Limited","Public Limited","Private (Indian)","Pan-India","Chennai, Tamil Nadu","Financial Services (Non-Bank)","NBFC (structured finance/ debt platform)","Listed-NSE+BSE","NORTHARC","INE850M01015","EQ","","financial_nonbank.csv","agent"
"C00387","Dhani Services Ltd","Public Limited","Private (Indian)","Haryana","Gurugram","Financial Services","Fintech","Listed-NSE+BSE","DHANI","","","","financial_nonbank.csv;listed_small_AM.csv","agent"
"C00388","Sakthi Finance Limited","Public Limited","Private (Indian)","Pan-India","Coimbatore, Tamil Nadu","Financial Services (Non-Bank)","NBFC (deposit-taking)","Listed-NSE+BSE","SAKTHIFIN","","","","financial_nonbank.csv","agent"
"C00389","SK Finance Limited","Public Limited","Private (Indian)","Pan-India","Jaipur, Rajasthan","Financial Services (Non-Bank)","NBFC-ICC (vehicle finance)","Unlisted","","","","","financial_nonbank.csv","agent"
"C00390","Hero FinCorp Limited","Public Limited","Private (Indian)","Pan-India","New Delhi, Delhi","Financial Services (Non-Bank)","NBFC-ICC (upper layer)","Unlisted","","","","","financial_nonbank.csv","agent"
"C00391","Hinduja Leyland Finance Limited","Public Limited","Private (Indian)","Pan-India","Chennai, Tamil Nadu","Financial Services (Non-Bank)","NBFC-ICC (vehicle finance)","Unlisted","","","","","financial_nonbank.csv","agent"
"C00392","Hinduja Housing Finance Limited","Public Limited","Private (Indian)","Pan-India","Chennai, Tamil Nadu","Financial Services (Non-Bank)","Housing finance company (HFC)","Unlisted","","","","","financial_nonbank.csv","agent"
"C00393","TVS Credit Services Limited","Public Limited","Private (Indian)","Pan-India","Chennai, Tamil Nadu","Financial Services (Non-Bank)","NBFC (consumer/vehicle finance)","Unlisted","","","","","financial_nonbank.csv","agent"
"C00394","SMFG India Credit Company Limited","Public Limited","MNC Subsidiary","Pan-India","Mumbai, Maharashtra","Financial Services (Non-Bank)","NBFC-ICC (formerly Fullerton India Credit)","Unlisted","","","","","financial_nonbank.csv","agent"
"C00395","Toyota Financial Services India Limited","Public Limited","MNC Subsidiary","Pan-India","Bengaluru, Karnataka","Financial Services (Non-Bank)","NBFC vehicle finance","Unlisted","","","","","financial_nonbank.csv","agent"
"C00396","Mercedes-Benz Financial Services India Private Limited","Private Limited","MNC Subsidiary","Pan-India","Pune, Maharashtra","Financial Services (Non-Bank)","NBFC vehicle finance","Unlisted","","","","","financial_nonbank.csv","agent"
"C00397","Kotak Mahindra Investments Limited","Public Limited","Private (Indian)","Pan-India","Mumbai, Maharashtra","Financial Services (Non-Bank)","NBFC-ICC","Unlisted","","","","","financial_nonbank.csv","agent"
"C00398","Kotak Mahindra Prime Limited","Public Limited","Private (Indian)","Pan-India","Mumbai, Maharashtra","Financial Services (Non-Bank)","NBFC vehicle finance","Unlisted","","","","","financial_nonbank.csv","agent"
"C00399","Godrej Finance Limited","Public Limited","Private (Indian)","Pan-India","Mumbai, Maharashtra","Financial Services (Non-Bank)","NBFC-ICC","Unlisted","","","","","financial_nonbank.csv","agent"
"C00400","Godrej Housing Finance Limited","Public Limited","Private (Indian)","Pan-India","Mumbai, Maharashtra","Financial Services (Non-Bank)","Housing finance company (HFC)","Unlisted","","","","","financial_nonbank.csv","agent"
"C00401","InCred Financial Services Limited","Public Limited","Private (Indian)","Pan-India","Mumbai, Maharashtra","Financial Services (Non-Bank)","NBFC-ICC","Unlisted","","","","","financial_nonbank.csv","agent"
"C00402","Clix Capital Services Private Limited","Private Limited","Private (Indian)","Pan-India","New Delhi, Delhi","Financial Services (Non-Bank)","NBFC-ICC","Unlisted","","","","","financial_nonbank.csv","agent"
"C00403","Avanse Financial Services Limited","Public Limited","Private (Indian)","Pan-India","Mumbai, Maharashtra","Financial Services (Non-Bank)","NBFC (education loans)","Unlisted","","","","","financial_nonbank.csv","agent"
"C00404","HDFC Credila Financial Services Limited","Public Limited","Private (Indian)","Pan-India","Mumbai, Maharashtra","Financial Services (Non-Bank)","NBFC (education loans)","Unlisted","","","","","financial_nonbank.csv","agent"
"C00405","Auxilo Finserve Private Limited","Private Limited","Private (Indian)","Pan-India","Mumbai, Maharashtra","Financial Services (Non-Bank)","NBFC (education loans)","Unlisted","","","","","financial_nonbank.csv","agent"
"C00406","Ambit Finvest Private Limited","Private Limited","Private (Indian)","Pan-India","Mumbai, Maharashtra","Financial Services (Non-Bank)","NBFC (MSME lending)","Unlisted","","","","","financial_nonbank.csv","agent"
"C00407","Vivriti Capital Limited","Public Limited","Private (Indian)","Pan-India","Chennai, Tamil Nadu","Financial Services (Non-Bank)","NBFC (debt platform)","Unlisted","","","","","financial_nonbank.csv","agent"
"C00408","Veritas Finance Limited","Public Limited","Private (Indian)","Pan-India","Chennai, Tamil Nadu","Financial Services (Non-Bank)","NBFC (MSME lending)","Unlisted","","","","","financial_nonbank.csv","agent"
"C00409","Kinara Capital Private Limited","Private Limited","Private (Indian)","Pan-India","Bengaluru, Karnataka","Financial Services (Non-Bank)","NBFC (MSME lending)","Unlisted","","","","","financial_nonbank.csv","agent"
"C00410","Aye Finance Limited","Public Limited","Private (Indian)","Pan-India","Gurugram, Haryana","Financial Services (Non-Bank)","NBFC (MSME lending)","Listed-NSE","AYE","INE501X01029","EQ","","financial_nonbank.csv","agent"
"C00411","NeoGrowth Credit Private Limited","Private Limited","Private (Indian)","Pan-India","Mumbai, Maharashtra","Financial Services (Non-Bank)","NBFC (MSME lending)","Unlisted","","","","","financial_nonbank.csv","agent"
"C00412","Oxyzo Financial Services Limited","Public Limited","Private (Indian)","Pan-India","Gurugram, Haryana","Financial Services (Non-Bank)","NBFC (supply chain finance)","Unlisted","","","","","financial_nonbank.csv","agent"
"C00413","Protium Finance Limited","Public Limited","Private (Indian)","Pan-India","Mumbai, Maharashtra","Financial Services (Non-Bank)","NBFC (MSME lending)","Unlisted","","","","","financial_nonbank.csv","agent"
"C00414","Profectus Capital Private Limited","Private Limited","Private (Indian)","Pan-India","Mumbai, Maharashtra","Financial Services (Non-Bank)","NBFC (MSME lending)","Unlisted","","","","","financial_nonbank.csv","agent"
"C00415","Hero Housing Finance Limited","Public Limited","Private (Indian)","Pan-India","New Delhi, Delhi","Financial Services (Non-Bank)","Housing finance company (HFC)","Unlisted","","","","","financial_nonbank.csv","agent"
"C00416","Truhome Finance Limited","Public Limited","Private (Indian)","Pan-India","Mumbai, Maharashtra","Financial Services (Non-Bank)","Housing finance company (formerly Shriram Housing)","Unlisted","","","","","financial_nonbank.csv","agent"
"C00417","Vastu Housing Finance Corporation Limited","Public Limited","Private (Indian)","Pan-India","Mumbai, Maharashtra","Financial Services (Non-Bank)","Housing finance company (HFC)","Unlisted","","","","","financial_nonbank.csv","agent"
"C00418","Shubham Housing Development Finance Company Private Limited","Private Limited","Private (Indian)","Pan-India","Gurugram, Haryana","Financial Services (Non-Bank)","Housing finance company (HFC)","Unlisted","","","","","financial_nonbank.csv","agent"
"C00419","KLM Axiva Finvest Limited","Public Limited","Private (Indian)","Pan-India","Kochi, Kerala","Financial Services (Non-Bank)","NBFC gold loan","Unlisted","","","","","financial_nonbank.csv","agent"
"C00420","Kosamattam Finance Limited","Public Limited","Private (Indian)","Pan-India","Kottayam, Kerala","Financial Services (Non-Bank)","NBFC gold loan","Unlisted","","","","","financial_nonbank.csv","agent"
"C00421","Indel Money Limited","Public Limited","Private (Indian)","Pan-India","Kochi, Kerala","Financial Services (Non-Bank)","NBFC gold loan","Unlisted","","","","","financial_nonbank.csv","agent"
"C00422","Peerless General Finance & Investment Company Limited","Public Limited","Private (Indian)","Pan-India","Kolkata, West Bengal","Financial Services (Non-Bank)","NBFC (residuary, deposit)","Unlisted","","","","","financial_nonbank.csv","agent"
"C00423","Berar Finance Limited","Public Limited","Private (Indian)","Pan-India","Nagpur, Maharashtra","Financial Services (Non-Bank)","NBFC","Unlisted","","","","","financial_nonbank.csv","agent"
"C00424","Navi Finserv Limited","Public Limited","Private (Indian)","Pan-India","Bengaluru, Karnataka","Financial Services (Non-Bank)","NBFC (fintech lender)","Unlisted","","","","","financial_nonbank.csv","agent"
"C00425","Lendingkart Finance Limited","Public Limited","Private (Indian)","Pan-India","Bengaluru, Karnataka","Financial Services (Non-Bank)","NBFC (fintech MSME lender)","Unlisted","","","","","financial_nonbank.csv","agent"
"C00426","Indifi Technologies Private Limited","Private Limited","Private (Indian)","Pan-India","Gurugram, Haryana","Financial Services (Non-Bank)","Fintech MSME lender","Unlisted","","","","","financial_nonbank.csv","agent"
"C00427","OnEMI Technology Solutions Private Limited","Private Limited","Private (Indian)","Pan-India","Mumbai, Maharashtra","Financial Services (Non-Bank)","Fintech lender (Kissht)","Listed-NSE","KISSHT","INE12F801023","EQ","","financial_nonbank.csv","agent"
"C00428","Krazybee Services Private Limited","Private Limited","Private (Indian)","Pan-India","Bengaluru, Karnataka","Financial Services (Non-Bank)","Fintech lender (KreditBee)","Unlisted","","","","","financial_nonbank.csv","agent"
"C00429","Social Worth Technologies Private Limited","Private Limited","Private (Indian)","Pan-India","Pune, Maharashtra","Financial Services (Non-Bank)","Fintech lender (Fibe/EarlySalary)","Unlisted","","","","","financial_nonbank.csv","agent"
"C00430","Whizdm Innovations Private Limited","Private Limited","Private (Indian)","Pan-India","Bengaluru, Karnataka","Financial Services (Non-Bank)","Fintech lender (MoneyTap)","Unlisted","","","","","financial_nonbank.csv","agent"
"C00431","PayU Finance India Private Limited","Private Limited","Private (Indian)","Pan-India","Mumbai, Maharashtra","Financial Services (Non-Bank)","NBFC fintech lender (LazyPay)","Unlisted","","","","","financial_nonbank.csv","agent"
"C00432","Akara Capital Advisors Private Limited","Private Limited","Private (Indian)","Pan-India","Gurugram, Haryana","Financial Services (Non-Bank)","Fintech lender (StashFin)","Unlisted","","","","","financial_nonbank.csv","agent"
"C00433","Moneyview","Private Limited","Private (Indian)","Pan-India","Bengaluru","Financial Services / Fintech","Personal loans","Unlisted","","","","","financial_nonbank.csv;private_startups.csv","agent"
"C00434","Kaleidofin Private Limited","Private Limited","Private (Indian)","Pan-India","Chennai, Tamil Nadu","Financial Services (Non-Bank)","Fintech / inclusive finance","Unlisted","","","","","financial_nonbank.csv","agent"
"C00435","Dvara Holdings Limited","Public Limited","Private (Indian)","Pan-India","Chennai, Tamil Nadu","Financial Services (Non-Bank)","Financial inclusion holding","Unlisted","","","","","financial_nonbank.csv","agent"
"C00436","Faircent.com Private Limited","Private Limited","Private (Indian)","Pan-India","New Delhi, Delhi","Financial Services (Non-Bank)","NBFC-P2P","Unlisted","","","","","financial_nonbank.csv","agent"
"C00437","Innofin Solutions Private Limited","Private Limited","Private (Indian)","Pan-India","Mumbai, Maharashtra","Financial Services (Non-Bank)","NBFC-P2P (LenDenClub)","Unlisted","","","","","financial_nonbank.csv","agent"
"C00438","Lendbox","Other","Private (Indian)","Pan-India","Gurugram, Haryana","Financial Services (Non-Bank)","NBFC-P2P","Unlisted","","","","","financial_nonbank.csv","agent"
"C00439","Finvasia Securities Private Limited","Private Limited","Private (Indian)","Pan-India","Mumbai, Maharashtra","Financial Services (Non-Bank)","Stock broker","Unlisted","","","","","financial_nonbank.csv","agent"
"C00440","India Infrastructure Finance Company Limited","Government Company (PSU)","Central PSU","Pan-India","New Delhi, Delhi","Financial Services (Non-Bank)","NBFC-IFC (Govt)","Unlisted","","","","","financial_nonbank.csv","agent"
"C00441","IFCI Limited","Government Company (PSU)","Central PSU","Pan-India","New Delhi, Delhi","Financial Services (Non-Bank)","NBFC (Govt DFI)","Listed-NSE+BSE","IFCI","INE039A01010","EQ","","financial_nonbank.csv;listed_small_AM.csv","agent"
"C00442","Tourism Finance Corporation of India Limited","Public Limited","Private (Indian)","Pan-India","New Delhi, Delhi","Financial Services (Non-Bank)","NBFC-IFC","Listed-NSE+BSE","TFCILTD","INE305A01023","EQ","","financial_nonbank.csv;listed_small_NZ.csv","agent"
"C00443","PTC India Financial Services","Public Limited","Private (Indian)","Delhi","New Delhi","Financial Services","Power sector finance","Listed-NSE+BSE","PFS","INE560K01014","EQ","","financial_nonbank.csv;listed_small_NZ.csv","agent"
"C00444","SREI Infrastructure Finance Limited","Public Limited","Private (Indian)","Pan-India","Kolkata, West Bengal","Financial Services (Non-Bank)","NBFC-IFC (under insolvency)","Delisted/Unknown","","","","","financial_nonbank.csv","agent"
"C00445","Reliance Capital Limited","Public Limited","Private (Indian)","Pan-India","Mumbai, Maharashtra","Financial Services (Non-Bank)","NBFC (under resolution)","Delisted/Unknown","","","","","financial_nonbank.csv","agent"
"C00446","Infrastructure Leasing & Financial Services Limited","Public Limited","Private (Indian)","Pan-India","Mumbai, Maharashtra","Financial Services (Non-Bank)","NBFC-IFC (under resolution)","Delisted/Unknown","","","","","financial_nonbank.csv","agent"
"C00447","Dewan Housing Finance Corporation Limited","Public Limited","Private (Indian)","Pan-India","Mumbai, Maharashtra","Financial Services (Non-Bank)","HFC (resolved; merged into Piramal)","Delisted/Unknown","","","","","financial_nonbank.csv","agent"
"C00448","Asset Reconstruction Company (India) Limited","Public Limited","Private (Indian)","Pan-India","Mumbai, Maharashtra","Financial Services (Non-Bank)","Asset reconstruction company (ARCIL)","Listed-NSE","ARCIL","INE148G01016","EQ","","financial_nonbank.csv","agent"
"C00449","Edelweiss Asset Reconstruction Company Limited","Public Limited","Private (Indian)","Pan-India","Mumbai, Maharashtra","Financial Services (Non-Bank)","Asset reconstruction company","Unlisted","","","","","financial_nonbank.csv","agent"
"C00450","JM Financial Asset Reconstruction Company Limited","Public Limited","Private (Indian)","Pan-India","Mumbai, Maharashtra","Financial Services (Non-Bank)","Asset reconstruction company","Unlisted","","","","","financial_nonbank.csv","agent"
"C00451","Phoenix ARC Private Limited","Private Limited","Private (Indian)","Pan-India","Mumbai, Maharashtra","Financial Services (Non-Bank)","Asset reconstruction company","Unlisted","","","","","financial_nonbank.csv","agent"
"C00452","UV Asset Reconstruction Company Limited","Public Limited","Private (Indian)","Pan-India","Mumbai, Maharashtra","Financial Services (Non-Bank)","Asset reconstruction company","Unlisted","","","","","financial_nonbank.csv","agent"
"C00453","Invent Assets Securitisation and Reconstruction Private Limited","Private Limited","Private (Indian)","Pan-India","Mumbai, Maharashtra","Financial Services (Non-Bank)","Asset reconstruction company","Unlisted","","","","","financial_nonbank.csv","agent"
"C00454","ASREC (India) Limited","Public Limited","Private (Indian)","Pan-India","Mumbai, Maharashtra","Financial Services (Non-Bank)","Asset reconstruction company","Unlisted","","","","","financial_nonbank.csv","agent"
"C00455","National Asset Reconstruction Company Limited","Government Company (PSU)","Central PSU","Pan-India","Mumbai, Maharashtra","Financial Services (Non-Bank)","Asset reconstruction company (NARCL, bad bank)","Unlisted","","","","","financial_nonbank.csv","agent"
"C00456","India Debt Resolution Company Limited","Public Limited","Central PSU","Pan-India","Mumbai, Maharashtra","Financial Services (Non-Bank)","Asset resolution (IDRCL)","Unlisted","","","","","financial_nonbank.csv","agent"
"C00457","Pegasus Assets Reconstruction Private Limited","Private Limited","Private (Indian)","Pan-India","Mumbai, Maharashtra","Financial Services (Non-Bank)","Asset reconstruction company","Unlisted","","","","","financial_nonbank.csv","agent"
"C00458","Encore Asset Reconstruction Company Private Limited","Private Limited","Private (Indian)","Pan-India","Gurugram, Haryana","Financial Services (Non-Bank)","Asset reconstruction company","Unlisted","","","","","financial_nonbank.csv","agent"
"C00459","Reliance Asset Reconstruction Company Limited","Public Limited","Private (Indian)","Pan-India","Mumbai, Maharashtra","Financial Services (Non-Bank)","Asset reconstruction company","Unlisted","","","","","financial_nonbank.csv","agent"
"C00460","TransUnion CIBIL Limited","Public Limited","MNC Subsidiary","Pan-India","Mumbai, Maharashtra","Financial Services (Non-Bank)","Credit information company","Unlisted","","","","","financial_nonbank.csv","agent"
"C00461","Equifax Credit Information Services Private Limited","Private Limited","MNC Subsidiary","Pan-India","Mumbai, Maharashtra","Financial Services (Non-Bank)","Credit information company","Unlisted","","","","","financial_nonbank.csv","agent"
"C00462","Experian Credit Information Company of India Private Limited","Private Limited","MNC Subsidiary","Pan-India","Mumbai, Maharashtra","Financial Services (Non-Bank)","Credit information company","Unlisted","","","","","financial_nonbank.csv","agent"
"C00463","CRIF High Mark Credit Information Services Private Limited","Private Limited","MNC Subsidiary","Pan-India","Mumbai, Maharashtra","Financial Services (Non-Bank)","Credit information company","Unlisted","","","","","financial_nonbank.csv","agent"
"C00464","SBI Funds Management Limited","Public Limited","Joint Venture","Pan-India","Mumbai, Maharashtra","Financial Services (Non-Bank)","Asset management company (AMC)","Listed-NSE","SBIFUNDS","INE640G01020","EQ","","financial_nonbank.csv","agent"
"C00465","ICICI Prudential Asset Management Company Limited","Public Limited","Joint Venture","Pan-India","Mumbai, Maharashtra","Financial Services (Non-Bank)","Asset management company (AMC)","Listed-NSE","ICICIAMC","INE346A01027","EQ","","financial_nonbank.csv","agent"
"C00466","HDFC Asset Management Company Limited","Public Limited","Private (Indian)","Pan-India","Mumbai, Maharashtra","Financial Services (Non-Bank)","Asset management company (AMC)","Listed-NSE+BSE","HDFCAMC","INE127D01025","EQ","","financial_nonbank.csv;listed_large_mid.csv","agent"
"C00467","Nippon Life India Asset Management Limited","Public Limited","MNC Subsidiary","Pan-India","Mumbai, Maharashtra","Financial Services (Non-Bank)","Asset management company (AMC)","Listed-NSE+BSE","NAM-INDIA","INE298J01013","EQ","","financial_nonbank.csv;listed_large_mid.csv;mnc_foreign.csv","agent"
"C00468","Aditya Birla Sun Life AMC Limited","Public Limited","Joint Venture","Pan-India","Mumbai, Maharashtra","Financial Services (Non-Bank)","Asset management company (AMC)","Listed-NSE+BSE","ABSLAMC","INE404A01024","EQ","","financial_nonbank.csv;listed_large_mid.csv","agent"
"C00469","UTI Asset Management Company Limited","Public Limited","Private (Indian)","Pan-India","Mumbai, Maharashtra","Financial Services (Non-Bank)","Asset management company (AMC)","Listed-NSE+BSE","UTIAMC","INE094J01016","EQ","","financial_nonbank.csv;listed_large_mid.csv","agent"
"C00470","Kotak Mahindra Asset Management Company Limited","Public Limited","Private (Indian)","Pan-India","Mumbai, Maharashtra","Financial Services (Non-Bank)","Asset management company (AMC)","Unlisted","","","","","financial_nonbank.csv","agent"
"C00471","Axis Asset Management Company Limited","Public Limited","Private (Indian)","Pan-India","Mumbai, Maharashtra","Financial Services (Non-Bank)","Asset management company (AMC)","Unlisted","","","","","financial_nonbank.csv","agent"
"C00472","Mirae Asset Investment Managers (India) Private Limited","Private Limited","MNC Subsidiary","Pan-India","Mumbai, Maharashtra","Financial Services (Non-Bank)","Asset management company (AMC)","Unlisted","","","","","financial_nonbank.csv","agent"
"C00473","DSP Investment Managers Private Limited","Private Limited","Joint Venture","Pan-India","Mumbai, Maharashtra","Financial Services (Non-Bank)","Asset management company (AMC)","Unlisted","","","","","financial_nonbank.csv","agent"
"C00474","Franklin Templeton Asset Management (India) Private Limited","Private Limited","MNC Subsidiary","Pan-India","Mumbai, Maharashtra","Financial Services (Non-Bank)","Asset management company (AMC)","Unlisted","","","","","financial_nonbank.csv","agent"
"C00475","Tata Asset Management Limited","Public Limited","Private (Indian)","Pan-India","Mumbai, Maharashtra","Financial Services (Non-Bank)","Asset management company (AMC)","Unlisted","","","","","financial_nonbank.csv","agent"
"C00476","Invesco Asset Management (India) Private Limited","Private Limited","MNC Subsidiary","Pan-India","Mumbai, Maharashtra","Financial Services (Non-Bank)","Asset management company (AMC)","Unlisted","","","","","financial_nonbank.csv","agent"
"C00477","Bandhan AMC Limited","Public Limited","Private (Indian)","Pan-India","Mumbai, Maharashtra","Financial Services (Non-Bank)","Asset management company (AMC)","Unlisted","","","","","financial_nonbank.csv","agent"
"C00478","HSBC Asset Management (India) Private Limited","Private Limited","MNC Subsidiary","Pan-India","Mumbai, Maharashtra","Financial Services (Non-Bank)","Asset management company (AMC)","Unlisted","","","","","financial_nonbank.csv","agent"
"C00479","Canara Robeco Asset Management Company Limited","Public Limited","Joint Venture","Pan-India","Mumbai, Maharashtra","Financial Services (Non-Bank)","Asset management company (AMC)","Listed-NSE","CRAMC","INE218I01013","EQ","","financial_nonbank.csv","agent"
"C00480","Sundaram Asset Management Company Limited","Public Limited","Private (Indian)","Pan-India","Chennai, Tamil Nadu","Financial Services (Non-Bank)","Asset management company (AMC)","Unlisted","","","","","financial_nonbank.csv","agent"
"C00481","Baroda BNP Paribas Asset Management India Private Limited","Private Limited","Joint Venture","Pan-India","Mumbai, Maharashtra","Financial Services (Non-Bank)","Asset management company (AMC)","Unlisted","","","","","financial_nonbank.csv","agent"
"C00482","Edelweiss Asset Management Limited","Public Limited","Private (Indian)","Pan-India","Mumbai, Maharashtra","Financial Services (Non-Bank)","Asset management company (AMC)","Unlisted","","","","","financial_nonbank.csv","agent"
"C00483","PGIM India Asset Management Private Limited","Private Limited","MNC Subsidiary","Pan-India","Mumbai, Maharashtra","Financial Services (Non-Bank)","Asset management company (AMC)","Unlisted","","","","","financial_nonbank.csv","agent"
"C00484","Motilal Oswal Asset Management Company Limited","Public Limited","Private (Indian)","Pan-India","Mumbai, Maharashtra","Financial Services (Non-Bank)","Asset management company (AMC)","Unlisted","","","","","financial_nonbank.csv","agent"
"C00485","Quant Money Managers Limited","Public Limited","Private (Indian)","Pan-India","Mumbai, Maharashtra","Financial Services (Non-Bank)","Asset management company (AMC)","Unlisted","","","","","financial_nonbank.csv","agent"
"C00486","WhiteOak Capital Asset Management Limited","Public Limited","Private (Indian)","Pan-India","Mumbai, Maharashtra","Financial Services (Non-Bank)","Asset management company (AMC)","Unlisted","","","","","financial_nonbank.csv","agent"
"C00487","Navi AMC Limited","Public Limited","Private (Indian)","Pan-India","Mumbai, Maharashtra","Financial Services (Non-Bank)","Asset management company (AMC)","Unlisted","","","","","financial_nonbank.csv","agent"
"C00488","Groww Asset Management Limited","Public Limited","Private (Indian)","Pan-India","Mumbai, Maharashtra","Financial Services (Non-Bank)","Asset management company (AMC; formerly Indiabulls AMC)","Unlisted","","","","","financial_nonbank.csv","agent"
"C00489","LIC Mutual Fund Asset Management Limited","Public Limited","Central PSU","Pan-India","Mumbai, Maharashtra","Financial Services (Non-Bank)","Asset management company (AMC)","Unlisted","","","","","financial_nonbank.csv","agent"
"C00490","Union Asset Management Company Private Limited","Private Limited","Central PSU","Pan-India","Mumbai, Maharashtra","Financial Services (Non-Bank)","Asset management company (AMC)","Unlisted","","","","","financial_nonbank.csv","agent"
"C00491","Mahindra Manulife Investment Management Private Limited","Private Limited","Joint Venture","Pan-India","Mumbai, Maharashtra","Financial Services (Non-Bank)","Asset management company (AMC)","Unlisted","","","","","financial_nonbank.csv","agent"
"C00492","ITI Asset Management Limited","Public Limited","Private (Indian)","Pan-India","Mumbai, Maharashtra","Financial Services (Non-Bank)","Asset management company (AMC)","Unlisted","","","","","financial_nonbank.csv","agent"
"C00493","Old Bridge Asset Management Private Limited","Private Limited","Private (Indian)","Pan-India","Mumbai, Maharashtra","Financial Services (Non-Bank)","Asset management company (AMC)","Unlisted","","","","","financial_nonbank.csv","agent"
"C00494","Helios Capital Asset Management (India) Private Limited","Private Limited","Private (Indian)","Pan-India","Mumbai, Maharashtra","Financial Services (Non-Bank)","Asset management company (AMC)","Unlisted","","","","","financial_nonbank.csv","agent"
"C00495","Bajaj Finserv Asset Management Limited","Public Limited","Private (Indian)","Pan-India","Pune, Maharashtra","Financial Services (Non-Bank)","Asset management company (AMC)","Unlisted","","","","","financial_nonbank.csv","agent"
"C00496","Zerodha Fund House Private Limited","Private Limited","Private (Indian)","Pan-India","Bengaluru, Karnataka","Financial Services (Non-Bank)","Asset management company (AMC)","Unlisted","","","","","financial_nonbank.csv","agent"
"C00497","Jio BlackRock Asset Management Private Limited","Private Limited","Joint Venture","Pan-India","Mumbai, Maharashtra","Financial Services (Non-Bank)","Asset management company (AMC)","Unlisted","","","","","financial_nonbank.csv","agent"
"C00498","Trust Asset Management Private Limited","Private Limited","Private (Indian)","Pan-India","Mumbai, Maharashtra","Financial Services (Non-Bank)","Asset management company (AMC)","Unlisted","","","","","financial_nonbank.csv","agent"
"C00499","360 ONE Asset Management Limited","Public Limited","Private (Indian)","Pan-India","Mumbai, Maharashtra","Financial Services (Non-Bank)","Asset management company (AMC) / AIF / PMS","Unlisted","","","","","financial_nonbank.csv","agent"
"C00500","Samco Asset Management Private Limited","Private Limited","Private (Indian)","Pan-India","Mumbai, Maharashtra","Financial Services (Non-Bank)","Asset management company (AMC)","Unlisted","","","","","financial_nonbank.csv","agent"
"C00501","NJ Asset Management Private Limited","Private Limited","Private (Indian)","Pan-India","Ahmedabad, Gujarat","Financial Services (Non-Bank)","Asset management company (AMC)","Unlisted","","","","","financial_nonbank.csv","agent"
"C00502","Unifi Asset Management Private Limited","Private Limited","Private (Indian)","Pan-India","Mumbai, Maharashtra","Financial Services (Non-Bank)","Asset management company (AMC)","Unlisted","","","","","financial_nonbank.csv","agent"
"C00503","Taurus Asset Management Company Limited","Public Limited","Private (Indian)","Pan-India","Mumbai, Maharashtra","Financial Services (Non-Bank)","Asset management company (AMC)","Unlisted","","","","","financial_nonbank.csv","agent"
"C00504","Quantum Asset Management Company Private Limited","Private Limited","Private (Indian)","Pan-India","Mumbai, Maharashtra","Financial Services (Non-Bank)","Asset management company (AMC)","Unlisted","","","","","financial_nonbank.csv","agent"
"C00505","PPFAS Asset Management Private Limited","Private Limited","Private (Indian)","Pan-India","Mumbai, Maharashtra","Financial Services (Non-Bank)","Asset management company (Parag Parikh)","Unlisted","","","","","financial_nonbank.csv","agent"
"C00506","JM Financial Asset Management Limited","Public Limited","Private (Indian)","Pan-India","Mumbai, Maharashtra","Financial Services (Non-Bank)","Asset management company (AMC)","Unlisted","","","","","financial_nonbank.csv","agent"
"C00507","Shriram Asset Management Company Limited","Public Limited","Private (Indian)","Pan-India","Mumbai, Maharashtra","Financial Services (Non-Bank)","Asset management company (AMC)","Unlisted","","","","","financial_nonbank.csv","agent"
"C00508","Choice Asset Management Limited","Public Limited","Private (Indian)","Pan-India","Mumbai, Maharashtra","Financial Services (Non-Bank)","Asset management company (AMC)","Unlisted","","","","","financial_nonbank.csv","agent"
"C00509","Computer Age Management Services Limited","Public Limited","Private (Indian)","Pan-India","Chennai, Tamil Nadu","Financial Services (Non-Bank)","Registrar and transfer agent (CAMS)","Listed-NSE+BSE","CAMS","INE596I01020","EQ","","financial_nonbank.csv","agent"
"C00510","KFin Technologies Limited","Public Limited","Private (Indian)","Pan-India","Hyderabad, Telangana","Financial Services (Non-Bank)","Registrar and transfer agent","Listed-NSE+BSE","KFINTECH","INE138Y01010","EQ","","financial_nonbank.csv;listed_large_mid.csv","agent"
"C00511","National Stock Exchange of India Limited","Public Limited","Private (Indian)","Pan-India","Mumbai, Maharashtra","Financial Services (Non-Bank)","Stock exchange","Unlisted","","","","","financial_nonbank.csv","agent"
"C00512","BSE Limited","Public Limited","Private (Indian)","Pan-India","Mumbai, Maharashtra","Financial Services (Non-Bank)","Stock exchange","Listed-NSE+BSE","BSE","INE118H01025","EQ","","financial_nonbank.csv;listed_large_mid.csv","agent"
"C00513","Multi Commodity Exchange of India Limited","Public Limited","Private (Indian)","Pan-India","Mumbai, Maharashtra","Financial Services (Non-Bank)","Commodity exchange","Listed-NSE+BSE","MCX","INE745G01043","EQ","","financial_nonbank.csv;listed_large_mid.csv","agent"
"C00514","Metropolitan Stock Exchange of India Limited","Public Limited","Private (Indian)","Pan-India","Mumbai, Maharashtra","Financial Services (Non-Bank)","Stock exchange","Unlisted","","","","","financial_nonbank.csv","agent"
"C00515","India International Exchange (IFSC) Limited","Public Limited","Private (Indian)","Pan-India","Gandhinagar, Gujarat","Financial Services (Non-Bank)","Stock exchange (GIFT City)","Unlisted","","","","","financial_nonbank.csv","agent"
"C00516","NSE International Exchange (IFSC) Limited","Public Limited","Private (Indian)","Pan-India","Gandhinagar, Gujarat","Financial Services (Non-Bank)","Stock exchange (GIFT City)","Unlisted","","","","","financial_nonbank.csv","agent"
"C00517","National Commodity & Derivatives Exchange Limited","Public Limited","Private (Indian)","Pan-India","Mumbai, Maharashtra","Financial Services (Non-Bank)","Commodity exchange","Unlisted","","","","","financial_nonbank.csv","agent"
"C00518","Indian Commodity Exchange Limited","Public Limited","Private (Indian)","Pan-India","Mumbai, Maharashtra","Financial Services (Non-Bank)","Commodity exchange","Unlisted","","","","","financial_nonbank.csv","agent"
"C00519","Indian Clearing Corporation Limited","Public Limited","Private (Indian)","Pan-India","Mumbai, Maharashtra","Financial Services (Non-Bank)","Clearing corporation","Unlisted","","","","","financial_nonbank.csv","agent"
"C00520","NSE Clearing Limited","Public Limited","Private (Indian)","Pan-India","Mumbai, Maharashtra","Financial Services (Non-Bank)","Clearing corporation","Unlisted","","","","","financial_nonbank.csv","agent"
"C00521","National Securities Depository Limited","Public Limited","Private (Indian)","Pan-India","Mumbai, Maharashtra","Financial Services (Non-Bank)","Depository","Listed-NSE+BSE","NSDL","","","","financial_nonbank.csv","agent"
"C00522","Central Depository Services (India) Limited","Public Limited","Private (Indian)","Pan-India","Mumbai, Maharashtra","Financial Services (Non-Bank)","Depository","Listed-NSE+BSE","CDSL","INE736A01011","EQ","","financial_nonbank.csv;listed_large_mid.csv","agent"
"C00523","Clearing Corporation of India Limited","Public Limited","Private (Indian)","Pan-India","Mumbai, Maharashtra","Financial Services (Non-Bank)","Clearing corporation (money/G-sec markets)","Unlisted","","","","","financial_nonbank.csv","agent"
"C00524","Indian Energy Exchange Limited","Public Limited","Private (Indian)","Pan-India","New Delhi, Delhi","Financial Services (Non-Bank)","Power exchange","Listed-NSE+BSE","IEX","INE022Q01020","EQ","","financial_nonbank.csv;listed_large_mid.csv","agent"
"C00525","Power Exchange India Limited","Public Limited","Private (Indian)","Pan-India","Mumbai, Maharashtra","Financial Services (Non-Bank)","Power exchange","Unlisted","","","","","financial_nonbank.csv","agent"
"C00526","Protean eGov Technologies Limited","Public Limited","Private (Indian)","Pan-India","Mumbai, Maharashtra","Financial Services (Non-Bank)","NPS CRA / eGov services","Listed-NSE+BSE","PROTEAN","INE004A01022","EQ","","financial_nonbank.csv","agent"
"C00527","National Payments Corporation of India","Section 8 Company","Private (Indian)","Pan-India","Mumbai, Maharashtra","Financial Services (Non-Bank)","Payments system operator (UPI/RuPay)","Unlisted","","","","","financial_nonbank.csv","agent"
"C00528","Stock Holding Corporation of India Limited","Government Company (PSU)","Central PSU","Pan-India","Mumbai, Maharashtra","Financial Services (Non-Bank)","Depository participant / custodian","Unlisted","","","","","financial_nonbank.csv","agent"
"C00529","Zerodha Broking Limited","Public Limited","Private (Indian)","Pan-India","Bengaluru, Karnataka","Financial Services (Non-Bank)","Stock broker / DP","Unlisted","","","","","financial_nonbank.csv","agent"
"C00530","Nextbillion Technology Private Limited","Private Limited","Private (Indian)","Pan-India","Bengaluru, Karnataka","Financial Services (Non-Bank)","Stock broker (Groww)","Unlisted","","","","","financial_nonbank.csv","agent"
"C00531","RKSV Securities India Private Limited","Private Limited","Private (Indian)","Pan-India","Mumbai, Maharashtra","Financial Services (Non-Bank)","Stock broker (Upstox)","Unlisted","","","","","financial_nonbank.csv","agent"
"C00532","ICICI Securities Limited","Public Limited","Private (Indian)","Pan-India","Mumbai, Maharashtra","Financial Services (Non-Bank)","Stock broker (merged into ICICI Bank 2024)","Delisted/Unknown","","","","","financial_nonbank.csv","agent"
"C00533","HDFC Securities Limited","Public Limited","Private (Indian)","Pan-India","Mumbai, Maharashtra","Financial Services (Non-Bank)","Stock broker / DP","Unlisted","","","","","financial_nonbank.csv","agent"
"C00534","Kotak Securities Limited","Public Limited","Private (Indian)","Pan-India","Mumbai, Maharashtra","Financial Services (Non-Bank)","Stock broker / DP","Unlisted","","","","","financial_nonbank.csv","agent"
"C00535","Axis Securities Limited","Public Limited","Private (Indian)","Pan-India","Mumbai, Maharashtra","Financial Services (Non-Bank)","Stock broker / DP","Unlisted","","","","","financial_nonbank.csv","agent"
"C00536","SBICAP Securities Limited","Public Limited","Central PSU","Pan-India","Mumbai, Maharashtra","Financial Services (Non-Bank)","Stock broker / DP","Unlisted","","","","","financial_nonbank.csv","agent"
"C00537","Sharekhan Limited","Public Limited","MNC Subsidiary","Pan-India","Mumbai, Maharashtra","Financial Services (Non-Bank)","Stock broker / DP","Unlisted","","","","","financial_nonbank.csv","agent"
"C00538","5paisa Capital Limited","Public Limited","Private (Indian)","Pan-India","Mumbai, Maharashtra","Financial Services (Non-Bank)","Stock broker","Listed-NSE+BSE","5PAISA","INE618L01018","EQ","","financial_nonbank.csv","agent"
"C00539","Raise Securities Private Limited","Private Limited","Private (Indian)","Pan-India","Mumbai, Maharashtra","Financial Services (Non-Bank)","Stock broker (Dhan)","Unlisted","","","","","financial_nonbank.csv","agent"
"C00540","Fyers Securities Private Limited","Private Limited","Private (Indian)","Pan-India","Bengaluru, Karnataka","Financial Services (Non-Bank)","Stock broker","Unlisted","","","","","financial_nonbank.csv","agent"
"C00541","Choice International Limited","Public Limited","Private (Indian)","Pan-India","Mumbai, Maharashtra","Financial Services (Non-Bank)","Stock broker / merchant banker","Listed-NSE+BSE","CHOICEIN","INE102B01014","EQ","","financial_nonbank.csv","agent"
"C00542","Choice Equity Broking Private Limited","Private Limited","Private (Indian)","Pan-India","Mumbai, Maharashtra","Financial Services (Non-Bank)","Stock broker","Unlisted","","","","","financial_nonbank.csv","agent"
"C00543","Religare Broking Limited","Public Limited","Private (Indian)","Pan-India","New Delhi, Delhi","Financial Services (Non-Bank)","Stock broker","Unlisted","","","","","financial_nonbank.csv","agent"
"C00544","Anand Rathi Wealth Limited","Public Limited","Private (Indian)","Pan-India","Mumbai, Maharashtra","Financial Services (Non-Bank)","Wealth management / distribution","Listed-NSE+BSE","ANANDRATHI","INE463V01026","EQ","","financial_nonbank.csv;listed_large_mid.csv","agent"
"C00545","Anand Rathi Share and Stock Brokers Limited","Public Limited","Private (Indian)","Pan-India","Mumbai, Maharashtra","Financial Services (Non-Bank)","Stock broker","Listed-NSE","ARSSBL","INE549H01021","EQ","","financial_nonbank.csv","agent"
"C00546","Edelweiss Broking Limited","Public Limited","Private (Indian)","Pan-India","Mumbai, Maharashtra","Financial Services (Non-Bank)","Stock broker","Unlisted","","","","","financial_nonbank.csv","agent"
"C00547","Nirmal Bang Securities Private Limited","Private Limited","Private (Indian)","Pan-India","Mumbai, Maharashtra","Financial Services (Non-Bank)","Stock broker","Unlisted","","","","","financial_nonbank.csv","agent"
"C00548","Prabhudas Lilladher Private Limited","Private Limited","Private (Indian)","Pan-India","Mumbai, Maharashtra","Financial Services (Non-Bank)","Stock broker","Unlisted","","","","","financial_nonbank.csv","agent"
"C00549","Reliance Securities Limited","Public Limited","Private (Indian)","Pan-India","Mumbai, Maharashtra","Financial Services (Non-Bank)","Stock broker","Unlisted","","","","","financial_nonbank.csv","agent"
"C00550","Aditya Birla Money Limited","Public Limited","Private (Indian)","Pan-India","Mumbai, Maharashtra","Financial Services (Non-Bank)","Stock broker","Listed-NSE+BSE","BIRLAMONEY","INE865C01022","EQ","","financial_nonbank.csv","agent"
"C00551","Alice Blue Financial Services Private Limited","Private Limited","Private (Indian)","Pan-India","Bengaluru, Karnataka","Financial Services (Non-Bank)","Stock broker","Unlisted","","","","","financial_nonbank.csv","agent"
"C00552","Arihant Capital Markets Limited","Public Limited","Private (Indian)","Pan-India","Indore, Madhya Pradesh","Financial Services (Non-Bank)","Stock broker / merchant banker","Listed-NSE+BSE","ARIHANTCAP","INE420B01036","EQ","","financial_nonbank.csv","agent"
"C00553","Centrum Capital Limited","Public Limited","Private (Indian)","Pan-India","Mumbai, Maharashtra","Financial Services (Non-Bank)","Merchant banker / broking","Listed-NSE+BSE","CENTRUM","INE660C01027","EQ","","financial_nonbank.csv","agent"
"C00554","Centrum Broking Limited","Public Limited","Private (Indian)","Pan-India","Mumbai, Maharashtra","Financial Services (Non-Bank)","Stock broker","Unlisted","","","","","financial_nonbank.csv","agent"
"C00555","Share India Securities Limited","Public Limited","Private (Indian)","Pan-India","Noida, Uttar Pradesh","Financial Services (Non-Bank)","Stock broker","Listed-NSE+BSE","SHAREINDIA","INE932X01026","EQ","","financial_nonbank.csv","agent"
"C00556","Emkay Global Financial Services Limited","Public Limited","Private (Indian)","Pan-India","Mumbai, Maharashtra","Financial Services (Non-Bank)","Stock broker","Listed-NSE+BSE","EMKAY","INE296H01011","EQ","","financial_nonbank.csv;listed_small_AM.csv","agent"
"C00557","SMC Global Securities Limited","Public Limited","Private (Indian)","Pan-India","New Delhi, Delhi","Financial Services (Non-Bank)","Stock broker","Listed-NSE+BSE","SMCGLOBAL","INE103C01036","EQ","","financial_nonbank.csv","agent"
"C00558","Globe Capital Market Limited","Public Limited","Private (Indian)","Pan-India","New Delhi, Delhi","Financial Services (Non-Bank)","Stock broker","Unlisted","","","","","financial_nonbank.csv","agent"
"C00559","Dolat Capital Market Private Limited","Private Limited","Private (Indian)","Pan-India","Mumbai, Maharashtra","Financial Services (Non-Bank)","Stock broker","Unlisted","","","","","financial_nonbank.csv","agent"
"C00560","Systematix Shares and Stocks (India) Limited","Public Limited","Private (Indian)","Pan-India","Mumbai, Maharashtra","Financial Services (Non-Bank)","Stock broker","Unlisted","","","","","financial_nonbank.csv","agent"
"C00561","Ventura Securities Limited","Public Limited","Private (Indian)","Pan-India","Mumbai, Maharashtra","Financial Services (Non-Bank)","Stock broker","Unlisted","","","","","financial_nonbank.csv","agent"
"C00562","Bonanza Portfolio Limited","Public Limited","Private (Indian)","Pan-India","Mumbai, Maharashtra","Financial Services (Non-Bank)","Stock broker","Unlisted","","","","","financial_nonbank.csv","agent"
"C00563","Mirae Asset Capital Markets (India) Private Limited","Private Limited","MNC Subsidiary","Pan-India","Mumbai, Maharashtra","Financial Services (Non-Bank)","Stock broker","Unlisted","","","","","financial_nonbank.csv","agent"
"C00564","JM Financial Services Limited","Public Limited","Private (Indian)","Pan-India","Mumbai, Maharashtra","Financial Services (Non-Bank)","Stock broker","Unlisted","","","","","financial_nonbank.csv","agent"
"C00565","Motilal Oswal Securities Limited","Public Limited","Private (Indian)","Pan-India","Mumbai, Maharashtra","Financial Services (Non-Bank)","Stock broker (part of MOFSL)","Unlisted","","","","","financial_nonbank.csv","agent"
"C00566","Jainam Broking Limited","Public Limited","Private (Indian)","Pan-India","Surat, Gujarat","Financial Services (Non-Bank)","Stock broker","Unlisted","","","","","financial_nonbank.csv","agent"
"C00567","Trustline Securities Limited","Public Limited","Private (Indian)","Pan-India","Mumbai, Maharashtra","Financial Services (Non-Bank)","Stock broker","Unlisted","","","","","financial_nonbank.csv","agent"
"C00568","Tradebulls Securities Private Limited","Private Limited","Private (Indian)","Pan-India","Mumbai, Maharashtra","Financial Services (Non-Bank)","Stock broker","Unlisted","","","","","financial_nonbank.csv","agent"
"C00569","Paytm Money Limited","Public Limited","Private (Indian)","Pan-India","Bengaluru, Karnataka","Financial Services (Non-Bank)","Stock broker / investment platform","Unlisted","","","","","financial_nonbank.csv","agent"
"C00570","Morgan Stanley India Company Private Limited","Private Limited","MNC Subsidiary","Pan-India","Mumbai, Maharashtra","Financial Services (Non-Bank)","Merchant banker / broker","Unlisted","","","","","financial_nonbank.csv","agent"
"C00571","J.P. Morgan India Private Limited","Private Limited","MNC Subsidiary","Pan-India","Mumbai, Maharashtra","Financial Services (Non-Bank)","Merchant banker / broker","Unlisted","","","","","financial_nonbank.csv","agent"
"C00572","Citigroup Global Markets India Private Limited","Private Limited","MNC Subsidiary","Pan-India","Mumbai, Maharashtra","Financial Services (Non-Bank)","Merchant banker / broker","Unlisted","","","","","financial_nonbank.csv","agent"
"C00573","Jefferies India Private Limited","Private Limited","MNC Subsidiary","Pan-India","Mumbai, Maharashtra","Financial Services (Non-Bank)","Merchant banker / broker","Unlisted","","","","","financial_nonbank.csv","agent"
"C00574","UBS Securities India Private Limited","Private Limited","MNC Subsidiary","Pan-India","Mumbai, Maharashtra","Financial Services (Non-Bank)","Merchant banker / broker","Unlisted","","","","","financial_nonbank.csv","agent"
"C00575","CLSA India Private Limited","Private Limited","MNC Subsidiary","Pan-India","Mumbai, Maharashtra","Financial Services (Non-Bank)","Broker / merchant banker","Unlisted","","","","","financial_nonbank.csv","agent"
"C00576","Axis Capital Limited","Public Limited","Private (Indian)","Pan-India","Mumbai, Maharashtra","Financial Services (Non-Bank)","Merchant banker / investment bank","Unlisted","","","","","financial_nonbank.csv","agent"
"C00577","Kotak Mahindra Capital Company Limited","Public Limited","Private (Indian)","Pan-India","Mumbai, Maharashtra","Financial Services (Non-Bank)","Merchant banker / investment bank","Unlisted","","","","","financial_nonbank.csv","agent"
"C00578","SBI Capital Markets Limited","Government Company (PSU)","Central PSU","Pan-India","Mumbai, Maharashtra","Financial Services (Non-Bank)","Merchant banker / investment bank","Unlisted","","","","","financial_nonbank.csv","agent"
"C00579","DAM Capital Advisors Limited","Public Limited","Private (Indian)","Pan-India","Mumbai, Maharashtra","Financial Services (Non-Bank)","Merchant banker","Listed-NSE","DAMCAPITAL","INE284H01025","EQ","","financial_nonbank.csv","agent"
"C00580","Ambit Private Limited","Private Limited","Private (Indian)","Pan-India","Mumbai, Maharashtra","Financial Services (Non-Bank)","Merchant banker / research","Unlisted","","","","","financial_nonbank.csv","agent"
"C00581","Elara Capital (India) Private Limited","Private Limited","Private (Indian)","Pan-India","Mumbai, Maharashtra","Financial Services (Non-Bank)","Merchant banker / broker","Unlisted","","","","","financial_nonbank.csv","agent"
"C00582","Equirus Capital Private Limited","Private Limited","Private (Indian)","Pan-India","Mumbai, Maharashtra","Financial Services (Non-Bank)","Merchant banker","Unlisted","","","","","financial_nonbank.csv","agent"
"C00583","Motilal Oswal Investment Advisors Limited","Public Limited","Private (Indian)","Pan-India","Mumbai, Maharashtra","Financial Services (Non-Bank)","Merchant banker","Unlisted","","","","","financial_nonbank.csv","agent"
"C00584","Yes Securities (India) Limited","Public Limited","Private (Indian)","Pan-India","Mumbai, Maharashtra","Financial Services (Non-Bank)","Merchant banker / broker","Unlisted","","","","","financial_nonbank.csv","agent"
"C00585","Monarch Networth Capital Limited","Public Limited","Private (Indian)","Pan-India","Ahmedabad, Gujarat","Financial Services (Non-Bank)","Merchant banker / broker","Listed-NSE+BSE","MONARCH","INE903D01011","EQ","","financial_nonbank.csv","agent"
"C00586","Keynote Financial Services Limited","Public Limited","Private (Indian)","Pan-India","Mumbai, Maharashtra","Financial Services (Non-Bank)","Merchant banker","Listed-NSE+BSE","KEYFINSERV","INE681C01015","EQ","","financial_nonbank.csv","agent"
"C00587","Saffron Capital Advisors Private Limited","Private Limited","Private (Indian)","Pan-India","Mumbai, Maharashtra","Financial Services (Non-Bank)","Merchant banker","Unlisted","","","","","financial_nonbank.csv","agent"
"C00588","Unistone Capital Private Limited","Private Limited","Private (Indian)","Pan-India","Mumbai, Maharashtra","Financial Services (Non-Bank)","Merchant banker","Unlisted","","","","","financial_nonbank.csv","agent"
"C00589","Pantomath Capital Advisors Private Limited","Private Limited","Private (Indian)","Pan-India","Mumbai, Maharashtra","Financial Services (Non-Bank)","Merchant banker","Unlisted","","","","","financial_nonbank.csv","agent"
"C00590","Hem Securities Limited","Public Limited","Private (Indian)","Pan-India","Mumbai, Maharashtra","Financial Services (Non-Bank)","Merchant banker / broker","Unlisted","","","","","financial_nonbank.csv","agent"
"C00591","Beeline Capital Advisors Private Limited","Private Limited","Private (Indian)","Pan-India","Ahmedabad, Gujarat","Financial Services (Non-Bank)","Merchant banker","Unlisted","","","","","financial_nonbank.csv","agent"
"C00592","Intensive Fiscal Services Private Limited","Private Limited","Private (Indian)","Pan-India","Mumbai, Maharashtra","Financial Services (Non-Bank)","Merchant banker","Unlisted","","","","","financial_nonbank.csv","agent"
"C00593","Vivro Financial Services Private Limited","Private Limited","Private (Indian)","Pan-India","Mumbai, Maharashtra","Financial Services (Non-Bank)","Merchant banker","Unlisted","","","","","financial_nonbank.csv","agent"
"C00594","Inga Capital Private Limited","Private Limited","Private (Indian)","Pan-India","Mumbai, Maharashtra","Financial Services (Non-Bank)","Merchant banker","Unlisted","","","","","financial_nonbank.csv","agent"
"C00595","BOB Capital Markets Limited","Government Company (PSU)","Central PSU","Pan-India","Mumbai, Maharashtra","Financial Services (Non-Bank)","Merchant banker / broker","Unlisted","","","","","financial_nonbank.csv","agent"
"C00596","PNB Investment Services Limited","Public Limited","Central PSU","Pan-India","New Delhi, Delhi","Financial Services (Non-Bank)","Merchant banker","Unlisted","","","","","financial_nonbank.csv","agent"
"C00597","Avendus Capital Private Limited","Private Limited","Private (Indian)","Pan-India","Mumbai, Maharashtra","Financial Services (Non-Bank)","Investment bank / merchant banker","Unlisted","","","","","financial_nonbank.csv","agent"
"C00598","CRISIL Limited","Public Limited","MNC Subsidiary","Pan-India","Mumbai, Maharashtra","Financial Services (Non-Bank)","Credit rating agency","Listed-NSE+BSE","CRISIL","INE007A01025","EQ","","financial_nonbank.csv;listed_large_mid.csv","agent"
"C00599","CRISIL Ratings Limited","Public Limited","MNC Subsidiary","Pan-India","Mumbai, Maharashtra","Financial Services (Non-Bank)","Credit rating agency","Unlisted","","","","","financial_nonbank.csv","agent"
"C00600","ICRA Limited","Public Limited","MNC Subsidiary","Pan-India","Gurugram, Haryana","Financial Services (Non-Bank)","Credit rating agency","Listed-NSE+BSE","ICRA","INE725G01011","EQ","","financial_nonbank.csv;listed_large_mid.csv","agent"
"C00601","CARE Ratings Limited","Public Limited","Private (Indian)","Pan-India","Mumbai, Maharashtra","Financial Services (Non-Bank)","Credit rating agency","Listed-NSE+BSE","CARERATING","INE752H01013","EQ","","financial_nonbank.csv","agent"
"C00602","India Ratings and Research Private Limited","Private Limited","MNC Subsidiary","Pan-India","Mumbai, Maharashtra","Financial Services (Non-Bank)","Credit rating agency (Fitch)","Unlisted","","","","","financial_nonbank.csv","agent"
"C00603","Brickwork Ratings India Private Limited","Private Limited","Private (Indian)","Pan-India","Bengaluru, Karnataka","Financial Services (Non-Bank)","Credit rating agency","Unlisted","","","","","financial_nonbank.csv","agent"
"C00604","Acuite Ratings & Research Limited","Public Limited","Private (Indian)","Pan-India","Mumbai, Maharashtra","Financial Services (Non-Bank)","Credit rating agency","Unlisted","","","","","financial_nonbank.csv","agent"
"C00605","Infomerics Valuation and Rating Limited","Public Limited","Private (Indian)","Pan-India","New Delhi, Delhi","Financial Services (Non-Bank)","Credit rating agency","Unlisted","","","","","financial_nonbank.csv","agent"
"C00606","Equitymaster Agora Research Private Limited","Private Limited","Private (Indian)","Pan-India","Mumbai, Maharashtra","Financial Services (Non-Bank)","Research analyst / investment adviser","Unlisted","","","","","financial_nonbank.csv","agent"
"C00607","Value Research India Private Limited","Private Limited","Private (Indian)","Pan-India","New Delhi, Delhi","Financial Services (Non-Bank)","Investment adviser / research","Unlisted","","","","","financial_nonbank.csv","agent"
"C00608","Morningstar Investment Adviser India Private Limited","Private Limited","MNC Subsidiary","Pan-India","Mumbai, Maharashtra","Financial Services (Non-Bank)","Investment adviser","Unlisted","","","","","financial_nonbank.csv","agent"
"C00609","Smallcase Technologies","Private Limited","Private (Indian)","Pan-India","Bengaluru","Financial Services / Fintech","Investing platform","Unlisted","","","","","financial_nonbank.csv;private_startups.csv","agent"
"C00610","Scripbox","Other","Private (Indian)","Pan-India","Bengaluru, Karnataka","Financial Services (Non-Bank)","Investment adviser / MF platform","Unlisted","","","","","financial_nonbank.csv","agent"
"C00611","Prudent Corporate Advisory Services Limited","Public Limited","Private (Indian)","Pan-India","Ahmedabad, Gujarat","Financial Services (Non-Bank)","Mutual fund distributor / wealth","Listed-NSE+BSE","PRUDENT","INE00F201020","EQ","","financial_nonbank.csv","agent"
"C00612","INDmoney","Private Limited","Private (Indian)","Pan-India","Gurugram","Financial Services / Fintech","Wealth","Unlisted","","","","","financial_nonbank.csv;private_startups.csv","agent"
"C00613","ASK Investment Managers Limited","Public Limited","Private (Indian)","Pan-India","Mumbai, Maharashtra","Financial Services (Non-Bank)","PMS / AIF manager","Unlisted","","","","","financial_nonbank.csv","agent"
"C00614","Marcellus Investment Managers Private Limited","Private Limited","Private (Indian)","Pan-India","Mumbai, Maharashtra","Financial Services (Non-Bank)","PMS / AIF manager","Unlisted","","","","","financial_nonbank.csv","agent"
"C00615","Alchemy Capital Management Private Limited","Private Limited","Private (Indian)","Pan-India","Mumbai, Maharashtra","Financial Services (Non-Bank)","PMS / AIF manager","Unlisted","","","","","financial_nonbank.csv","agent"
"C00616","Buoyant Capital Private Limited","Private Limited","Private (Indian)","Pan-India","Mumbai, Maharashtra","Financial Services (Non-Bank)","PMS / AIF manager","Unlisted","","","","","financial_nonbank.csv","agent"
"C00617","Carnelian Asset Management & Advisors Private Limited","Private Limited","Private (Indian)","Pan-India","Mumbai, Maharashtra","Financial Services (Non-Bank)","PMS / AIF manager","Unlisted","","","","","financial_nonbank.csv","agent"
"C00618","Negen Capital Services Private Limited","Private Limited","Private (Indian)","Pan-India","Mumbai, Maharashtra","Financial Services (Non-Bank)","PMS manager","Unlisted","","","","","financial_nonbank.csv","agent"
"C00619","Abakkus Asset Manager Private Limited","Private Limited","Private (Indian)","Pan-India","Mumbai, Maharashtra","Financial Services (Non-Bank)","PMS / AIF manager","Unlisted","","","","","financial_nonbank.csv","agent"
"C00620","Renaissance Investment Managers Private Limited","Private Limited","Private (Indian)","Pan-India","Mumbai, Maharashtra","Financial Services (Non-Bank)","PMS / AIF manager","Unlisted","","","","","financial_nonbank.csv","agent"
"C00621","Aequitas Investment Consultancy Private Limited","Private Limited","Private (Indian)","Pan-India","Mumbai, Maharashtra","Financial Services (Non-Bank)","PMS manager","Unlisted","","","","","financial_nonbank.csv","agent"
"C00622","Sameeksha Capital Private Limited","Private Limited","Private (Indian)","Pan-India","Mumbai, Maharashtra","Financial Services (Non-Bank)","PMS / AIF manager","Unlisted","","","","","financial_nonbank.csv","agent"
"C00623","Stallion Asset Private Limited","Private Limited","Private (Indian)","Pan-India","Mumbai, Maharashtra","Financial Services (Non-Bank)","PMS / AIF manager","Unlisted","","","","","financial_nonbank.csv","agent"
"C00624","Kotak Investment Advisors Limited","Public Limited","Private (Indian)","Pan-India","Mumbai, Maharashtra","Financial Services (Non-Bank)","AIF manager","Unlisted","","","","","financial_nonbank.csv","agent"
"C00625","ICICI Venture Funds Management Company Limited","Public Limited","Private (Indian)","Pan-India","Mumbai, Maharashtra","Financial Services (Non-Bank)","AIF manager","Unlisted","","","","","financial_nonbank.csv","agent"
"C00626","Multiples Alternate Asset Management Private Limited","Private Limited","Private (Indian)","Pan-India","Mumbai, Maharashtra","Financial Services (Non-Bank)","AIF manager","Unlisted","","","","","financial_nonbank.csv","agent"
"C00627","ChrysCapital Investment Advisors (India) Private Limited","Private Limited","Private (Indian)","Pan-India","Mumbai, Maharashtra","Financial Services (Non-Bank)","AIF manager","Unlisted","","","","","financial_nonbank.csv","agent"
"C00628","Kedaara Capital Advisors LLP","LLP","Private (Indian)","Pan-India","Mumbai, Maharashtra","Financial Services (Non-Bank)","AIF manager","Unlisted","","","","","financial_nonbank.csv","agent"
"C00629","India Value Fund Advisors Private Limited","Private Limited","Private (Indian)","Pan-India","Mumbai, Maharashtra","Financial Services (Non-Bank)","AIF manager","Unlisted","","","","","financial_nonbank.csv","agent"
"C00630","Peak XV Partners Advisors India LLP","LLP","Private (Indian)","Pan-India","Bengaluru, Karnataka","Financial Services (Non-Bank)","AIF / VC manager","Unlisted","","","","","financial_nonbank.csv","agent"
"C00631","Accel India","Other","Private (Indian)","Pan-India","Bengaluru, Karnataka","Financial Services (Non-Bank)","AIF / VC manager","Unlisted","","","","","financial_nonbank.csv","agent"
"C00632","Nexus Venture Partners","Other","Private (Indian)","Pan-India","Mumbai, Maharashtra","Financial Services (Non-Bank)","AIF / VC manager","Unlisted","","","","","financial_nonbank.csv","agent"
"C00633","Blume Ventures","Other","Private (Indian)","Pan-India","Mumbai, Maharashtra","Financial Services (Non-Bank)","AIF / VC manager","Unlisted","","","","","financial_nonbank.csv","agent"
"C00634","Elevation Capital","Other","Private (Indian)","Pan-India","New Delhi, Delhi","Financial Services (Non-Bank)","AIF / VC manager","Unlisted","","","","","financial_nonbank.csv","agent"
"C00635","Kalaari Capital","Other","Private (Indian)","Pan-India","Bengaluru, Karnataka","Financial Services (Non-Bank)","AIF / VC manager","Unlisted","","","","","financial_nonbank.csv","agent"
"C00636","Chiratae Ventures","Other","Private (Indian)","Pan-India","Bengaluru, Karnataka","Financial Services (Non-Bank)","AIF / VC manager","Unlisted","","","","","financial_nonbank.csv","agent"
"C00637","Lightspeed India Partners","Other","MNC Subsidiary","Pan-India","Bengaluru, Karnataka","Financial Services (Non-Bank)","AIF / VC manager","Unlisted","","","","","financial_nonbank.csv","agent"
"C00638","Edelweiss Alternative Asset Advisors Limited","Public Limited","Private (Indian)","Pan-India","Mumbai, Maharashtra","Financial Services (Non-Bank)","AIF manager","Unlisted","","","","","financial_nonbank.csv","agent"
"C00639","Piramal Alternatives","Other","Private (Indian)","Pan-India","Mumbai, Maharashtra","Financial Services (Non-Bank)","AIF manager","Unlisted","","","","","financial_nonbank.csv","agent"
"C00640","HDFC Capital Advisors Limited","Public Limited","Private (Indian)","Pan-India","Mumbai, Maharashtra","Financial Services (Non-Bank)","AIF manager","Unlisted","","","","","financial_nonbank.csv","agent"
"C00641","IvyCap Ventures Advisors Private Limited","Private Limited","Private (Indian)","Pan-India","New Delhi, Delhi","Financial Services (Non-Bank)","AIF / VC manager","Unlisted","","","","","financial_nonbank.csv","agent"
"C00642","A91 Partners","Other","Private (Indian)","Pan-India","Bengaluru, Karnataka","Financial Services (Non-Bank)","AIF / VC manager","Unlisted","","","","","financial_nonbank.csv","agent"
"C00643","Stellaris Venture Partners","Other","Private (Indian)","Pan-India","Bengaluru, Karnataka","Financial Services (Non-Bank)","AIF / VC manager","Unlisted","","","","","financial_nonbank.csv","agent"
"C00644","3one4 Capital","Other","Private (Indian)","Pan-India","Bengaluru, Karnataka","Financial Services (Non-Bank)","AIF / VC manager","Unlisted","","","","","financial_nonbank.csv","agent"
"C00645","Speciale Invest","Other","Private (Indian)","Pan-India","Mumbai, Maharashtra","Financial Services (Non-Bank)","AIF / VC manager","Unlisted","","","","","financial_nonbank.csv","agent"
"C00646","Ventureast","Other","Private (Indian)","Pan-India","Hyderabad, Telangana","Financial Services (Non-Bank)","AIF / VC manager","Unlisted","","","","","financial_nonbank.csv","agent"
"C00647","Omnivore Capital","Other","Private (Indian)","Pan-India","Mumbai, Maharashtra","Financial Services (Non-Bank)","AIF / VC manager","Unlisted","","","","","financial_nonbank.csv","agent"
"C00648","One97 Communications Limited","Public Limited","Private (Indian)","Pan-India","Noida, Uttar Pradesh","Financial Services (Non-Bank)","PPI issuer / payments (Paytm)","Listed-NSE+BSE","PAYTM","INE982J01020","EQ","","financial_nonbank.csv","agent"
"C00649","Paytm Payments Services Limited","Public Limited","Private (Indian)","Pan-India","Noida, Uttar Pradesh","Financial Services (Non-Bank)","Payment aggregator","Unlisted","","","","","financial_nonbank.csv","agent"
"C00650","PhonePe Private Limited","Private Limited","MNC Subsidiary","Pan-India","Bengaluru, Karnataka","Financial Services (Non-Bank)","PPI issuer / payments","Unlisted","","","","","financial_nonbank.csv;private_startups.csv","agent"
"C00651","Razorpay Software Private Limited","Private Limited","Private (Indian)","Pan-India","Bengaluru, Karnataka","Financial Services (Non-Bank)","Payment aggregator","Unlisted","","","","","financial_nonbank.csv","agent"
"C00652","Pine Labs Limited","Public Limited","Private (Indian)","Pan-India","Noida, Uttar Pradesh","Financial Services (Non-Bank)","Payments / merchant commerce","Listed-NSE+BSE","PINELABS","INE15B701018","EQ","","financial_nonbank.csv","agent"
"C00653","Cashfree Payments India Private Limited","Private Limited","Private (Indian)","Pan-India","Bengaluru, Karnataka","Financial Services (Non-Bank)","Payment aggregator","Unlisted","","","","","financial_nonbank.csv;private_startups.csv","agent"
"C00654","PayU Payments Private Limited","Private Limited","MNC Subsidiary","Pan-India","Gurugram, Haryana","Financial Services (Non-Bank)","Payment aggregator","Unlisted","","","","","financial_nonbank.csv","agent"
"C00655","Infibeam Avenues Limited","Public Limited","Private (Indian)","Pan-India","Gandhinagar, Gujarat","Financial Services (Non-Bank)","Payment aggregator (CCAvenue)","Listed-NSE+BSE","INFIBEAM","","","","financial_nonbank.csv;listed_small_AM.csv","agent"
"C00656","IndiaIdeas.com Limited","Public Limited","Private (Indian)","Pan-India","Mumbai, Maharashtra","Financial Services (Non-Bank)","Payment aggregator / bill payments (BillDesk)","Unlisted","","","","","financial_nonbank.csv","agent"
"C00657","Juspay Technologies Private Limited","Private Limited","Private (Indian)","Pan-India","Bengaluru, Karnataka","Financial Services (Non-Bank)","Payments technology","Unlisted","","","","","financial_nonbank.csv","agent"
"C00658","Instamojo Technologies Private Limited","Private Limited","Private (Indian)","Pan-India","Bengaluru, Karnataka","Financial Services (Non-Bank)","Payment aggregator","Unlisted","","","","","financial_nonbank.csv","agent"
"C00659","One MobiKwik Systems Limited","Public Limited","Private (Indian)","Pan-India","Gurugram, Haryana","Financial Services (Non-Bank)","PPI issuer / payments","Listed-NSE+BSE","MOBIKWIK","INE0HLU01028","EQ","","financial_nonbank.csv","agent"
"C00660","Freecharge Payment Technologies Private Limited","Private Limited","Private (Indian)","Pan-India","Gurugram, Haryana","Financial Services (Non-Bank)","PPI issuer","Unlisted","","","","","financial_nonbank.csv","agent"
"C00661","Amazon Pay (India) Private Limited","Private Limited","MNC Subsidiary","Pan-India","Bengaluru, Karnataka","Financial Services (Non-Bank)","PPI issuer","Unlisted","","","","","financial_nonbank.csv","agent"
"C00662","Google India Digital Services Private Limited","Private Limited","MNC Subsidiary","Pan-India","Delhi","Information Technology","Digital Payments & Services","Unlisted","","","","","financial_nonbank.csv;mnc_foreign.csv","agent"
"C00663","Zaggle Prepaid Ocean Services Limited","Public Limited","Private (Indian)","Pan-India","Hyderabad, Telangana","Financial Services (Non-Bank)","PPI / spend management","Listed-NSE+BSE","ZAGGLE","INE07K301024","EQ","","financial_nonbank.csv;listed_small_NZ.csv","agent"
"C00664","Resilient Innovations Private Limited","Private Limited","Private (Indian)","Pan-India","New Delhi, Delhi","Financial Services (Non-Bank)","Fintech payments (BharatPe)","Unlisted","","","","","financial_nonbank.csv","agent"
"C00665","Dreamplug Technologies Private Limited","Private Limited","Private (Indian)","Pan-India","Bengaluru, Karnataka","Financial Services (Non-Bank)","Fintech (CRED)","Unlisted","","","","","financial_nonbank.csv","agent"
"C00666","Mswipe Technologies Private Limited","Private Limited","Private (Indian)","Pan-India","Mumbai, Maharashtra","Financial Services (Non-Bank)","Payments / POS","Unlisted","","","","","financial_nonbank.csv","agent"
"C00667","Pluxee India Private Limited","Private Limited","MNC Subsidiary","Pan-India","Mumbai, Maharashtra","Financial Services (Non-Bank)","PPI issuer (meal cards)","Unlisted","","","","","financial_nonbank.csv","agent"
"C00668","Edenred India Private Limited","Private Limited","MNC Subsidiary","Pan-India","Mumbai, Maharashtra","Financial Services (Non-Bank)","PPI issuer (meal cards)","Unlisted","","","","","financial_nonbank.csv","agent"
"C00669","Nearby Technologies Private Limited","Private Limited","Private (Indian)","Pan-India","New Delhi, Delhi","Financial Services (Non-Bank)","Payments / agent banking (PayNearby)","Unlisted","","","","","financial_nonbank.csv","agent"
"C00670","NPCI International Payments Limited","Public Limited","Private (Indian)","Pan-India","Mumbai, Maharashtra","Financial Services (Non-Bank)","Payments (NPCI subsidiary)","Unlisted","","","","","financial_nonbank.csv","agent"
"C00671","NPCI Bharat BillPay Limited","Public Limited","Private (Indian)","Pan-India","Mumbai, Maharashtra","Financial Services (Non-Bank)","Bill payments (BBPOU)","Unlisted","","","","","financial_nonbank.csv","agent"
"C00672","Margadarsi Chit Fund Private Limited","Private Limited","Private (Indian)","Andhra Pradesh; Telangana","Hyderabad, Telangana","Financial Services (Non-Bank)","Chit fund","Unlisted","","","","","financial_nonbank.csv","agent"
"C00673","Kerala State Financial Enterprises Limited","Government Company (PSU)","State PSU","Kerala","Thrissur, Kerala","Financial Services (Non-Bank)","Chit fund (Govt of Kerala)","Unlisted","","","","","financial_nonbank.csv;state_psu_south_east_ne.csv","agent"
"C00674","Shriram Chits Private Limited","Private Limited","Private (Indian)","Pan-India","Chennai, Tamil Nadu","Financial Services (Non-Bank)","Chit fund","Unlisted","","","","","financial_nonbank.csv","agent"
"C00675","Reliance Industries Limited","Public Limited","Private (Indian)","Pan-India","Mumbai, Maharashtra","Energy","Oil & Gas / Conglomerate","Listed-NSE+BSE","RELIANCE","INE002A01018","EQ","","listed_large_mid.csv;state_psu_north_west.csv","agent"
"C00676","Bharti Airtel Limited","Public Limited","Private (Indian)","Pan-India","New Delhi, Delhi","Telecommunications","Telecom Services","Listed-NSE+BSE","BHARTIARTL","INE397D01024","EQ","","listed_large_mid.csv;state_psu_north_west.csv","agent"
"C00677","Tata Consultancy Services Limited","Public Limited","Private (Indian)","Pan-India","Mumbai, Maharashtra","Information Technology","IT Services","Listed-NSE+BSE","TCS","INE467B01029","EQ","","listed_large_mid.csv;state_psu_north_west.csv","agent"
"C00678","Infosys Limited","Public Limited","Private (Indian)","Pan-India","Bengaluru, Karnataka","Information Technology","IT Services","Listed-NSE+BSE","INFY","INE009A01021","EQ","","listed_large_mid.csv;state_psu_south_east_ne.csv","agent"
"C00679","HCL Technologies Limited","Public Limited","Private (Indian)","Pan-India","Noida, Uttar Pradesh","Information Technology","IT Services","Listed-NSE+BSE","HCLTECH","INE860A01027","EQ","","listed_large_mid.csv;state_psu_north_west.csv","agent"
"C00680","Wipro Limited","Public Limited","Private (Indian)","Pan-India","Bengaluru, Karnataka","Information Technology","IT Services","Listed-NSE+BSE","WIPRO","INE075A01022","EQ","","listed_large_mid.csv;state_psu_south_east_ne.csv","agent"
"C00681","Tech Mahindra Limited","Public Limited","Private (Indian)","Pan-India","Pune, Maharashtra","Information Technology","IT Services","Listed-NSE+BSE","TECHM","INE669C01036","EQ","","listed_large_mid.csv","agent"
"C00682","LTIMindtree Limited","Public Limited","Private (Indian)","Pan-India","Mumbai, Maharashtra","Information Technology","IT Services","Listed-NSE+BSE","LTIM","","","","listed_large_mid.csv","agent"
"C00683","Persistent Systems Limited","Public Limited","Private (Indian)","Pan-India","Pune, Maharashtra","Information Technology","IT Services","Listed-NSE+BSE","PERSISTENT","INE262H01021","EQ","","listed_large_mid.csv;state_psu_north_west.csv","agent"
"C00684","Coforge Limited","Public Limited","Private (Indian)","Pan-India","Noida, Uttar Pradesh","Information Technology","IT Services","Listed-NSE+BSE","COFORGE","INE591G01025","EQ","","listed_large_mid.csv","agent"
"C00685","Mphasis Limited","Public Limited","Private (Indian)","Pan-India","Bengaluru, Karnataka","Information Technology","IT Services","Listed-NSE+BSE","MPHASIS","INE356A01018","EQ","","listed_large_mid.csv;mnc_foreign.csv;state_psu_south_east_ne.csv","agent"
"C00686","Oracle Financial Services Software Limited","Public Limited","MNC Subsidiary","Pan-India","Mumbai, Maharashtra","Information Technology","Software Products","Listed-NSE+BSE","OFSS","INE881D01027","EQ","","listed_large_mid.csv;mnc_foreign.csv","agent"
"C00687","KPIT Technologies Limited","Public Limited","Private (Indian)","Pan-India","Pune, Maharashtra","Information Technology","Engineering Services","Listed-NSE+BSE","KPITTECH","INE04I401011","EQ","","listed_large_mid.csv","agent"
"C00688","Tata Elxsi Limited","Public Limited","Private (Indian)","Pan-India","Bengaluru, Karnataka","Information Technology","Engineering Services","Listed-NSE+BSE","TATAELXSI","INE670A01012","EQ","","listed_large_mid.csv;state_psu_south_east_ne.csv","agent"
"C00689","Sonata Software Limited","Public Limited","Private (Indian)","Pan-India","Bengaluru, Karnataka","Information Technology","IT Services","Listed-NSE+BSE","SONATSOFTW","INE269A01021","EQ","","listed_large_mid.csv","agent"
"C00690","Cyient Limited","Public Limited","Private (Indian)","Pan-India","Hyderabad, Telangana","Information Technology","Engineering Services","Listed-NSE+BSE","CYIENT","INE136B01020","EQ","","listed_large_mid.csv","agent"
"C00691","Birlasoft Limited","Public Limited","Private (Indian)","Pan-India","Pune, Maharashtra","Information Technology","IT Services","Listed-NSE+BSE","BSOFT","INE836A01035","EQ","","listed_large_mid.csv","agent"
"C00692","Zensar Technologies Limited","Public Limited","Private (Indian)","Pan-India","Pune, Maharashtra","Information Technology","IT Services","Listed-NSE+BSE","ZENSARTECH","INE520A01027","EQ","","listed_large_mid.csv;listed_small_NZ.csv","agent"
"C00693","SBI Cards and Payment Services Limited","Public Limited","Private (Indian)","Pan-India","Gurugram, Haryana","Financial Services","Credit Cards","Listed-NSE+BSE","SBICARD","INE018E01016","EQ","","listed_large_mid.csv","agent"
"C00694","Max Financial Services Limited","Public Limited","Private (Indian)","Pan-India","New Delhi, Delhi","Financial Services","Life Insurance","Listed-NSE+BSE","MFSL","INE180A01020","EQ","","listed_large_mid.csv","agent"
"C00695","Bajaj Auto Limited","Public Limited","Private (Indian)","Pan-India","Pune, Maharashtra","Automobile","Two Wheelers","Listed-NSE+BSE","BAJAJ-AUTO","INE917I01010","EQ","","listed_large_mid.csv;state_psu_north_west.csv","agent"
"C00696","Hero MotoCorp Limited","Public Limited","Private (Indian)","Pan-India","New Delhi, Delhi","Automobile","Two Wheelers","Listed-NSE+BSE","HEROMOTOCO","INE158A01026","EQ","","listed_large_mid.csv;state_psu_north_west.csv","agent"
"C00697","Eicher Motors Limited","Public Limited","Private (Indian)","Pan-India","New Delhi, Delhi","Automobile","Two Wheelers / CV","Listed-NSE+BSE","EICHERMOT","INE066A01021","EQ","","listed_large_mid.csv","agent"
"C00698","TVS Motor Company Limited","Public Limited","Private (Indian)","Pan-India","Chennai, Tamil Nadu","Automobile","Two Wheelers","Listed-NSE+BSE","TVSMOTOR","INE494B01023","EQ","","listed_large_mid.csv;state_psu_south_east_ne.csv","agent"
"C00699","Maruti Suzuki India Ltd","Public Limited","MNC Subsidiary","Pan-India","Delhi","Automobile","Passenger Vehicles","Listed-NSE+BSE","MARUTI","INE585B01010","EQ","","listed_large_mid.csv;mnc_foreign.csv;state_psu_north_west.csv","agent"
"C00700","Mahindra & Mahindra Limited","Public Limited","Private (Indian)","Pan-India","Mumbai, Maharashtra","Automobile","Passenger Vehicles / Tractors","Listed-NSE+BSE","M&M","INE101A01026","EQ","","listed_large_mid.csv;state_psu_north_west.csv","agent"
"C00701","Tata Motors Limited","Public Limited","Private (Indian)","Maharashtra","Mumbai","Automotive","Vehicles","Listed-NSE+BSE","TMCV","INE1TAE01010","EQ","","listed_large_mid.csv;state_psu_north_west.csv","agent"
"C00702","Ashok Leyland Limited","Public Limited","Private (Indian)","Pan-India","Chennai, Tamil Nadu","Automobile","Commercial Vehicles","Listed-NSE+BSE","ASHOKLEY","INE208A01029","EQ","","listed_large_mid.csv;state_psu_south_east_ne.csv","agent"
"C00703","Force Motors Limited","Public Limited","Private (Indian)","Maharashtra","Pune, Maharashtra","Automobile","Commercial Vehicles","Listed-NSE+BSE","FORCEMOT","INE451A01017","EQ","","listed_large_mid.csv;state_psu_north_west.csv","agent"
"C00704","Escorts Kubota Limited","Public Limited","Private (Indian)","Pan-India","Faridabad, Haryana","Automobile","Tractors","Listed-NSE+BSE","ESCORTS","INE042A01014","EQ","","listed_large_mid.csv","agent"
"C00705","SML Isuzu Limited","Public Limited","Private (Indian)","Punjab","Nawanshahr, Punjab","Automobile","Commercial Vehicles","Listed-NSE+BSE","","","","","listed_large_mid.csv","agent"
"C00706","Bosch Ltd","Public Limited","MNC Subsidiary","Pan-India","Karnataka","Automobile","Auto Components","Listed-NSE+BSE","BOSCHLTD","INE323A01026","EQ","","listed_large_mid.csv;mnc_foreign.csv;state_psu_south_east_ne.csv","agent"
"C00707","Motherson Sumi Wiring India Ltd","Public Limited","Private (Indian)","Uttar Pradesh","Noida","Automobiles","Wiring harness","Listed-NSE+BSE","MSUMI","INE0FS801015","EQ","","listed_large_mid.csv;listed_small_AM.csv","agent"
"C00708","Samvardhana Motherson International Limited","Public Limited","Private (Indian)","Pan-India","Noida, Uttar Pradesh","Automobile","Auto Components","Listed-NSE+BSE","MOTHERSON","INE775A01035","EQ","","listed_large_mid.csv","agent"
"C00709","Sundram Fasteners Limited","Public Limited","Private (Indian)","Tamil Nadu","Chennai, Tamil Nadu","Automobile","Auto Components","Listed-NSE+BSE","SUNDRMFAST","INE387A01021","EQ","","listed_large_mid.csv","agent"
"C00710","Balkrishna Industries Limited","Public Limited","Private (Indian)","Maharashtra","Mumbai, Maharashtra","Automobile","Tyres","Listed-NSE+BSE","BALKRISIND","INE787D01026","EQ","","listed_large_mid.csv","agent"
"C00711","MRF Limited","Public Limited","Private (Indian)","Pan-India","Chennai, Tamil Nadu","Automobile","Tyres","Listed-NSE+BSE","MRF","INE883A01011","EQ","","listed_large_mid.csv;state_psu_south_east_ne.csv","agent"
"C00712","Apollo Tyres Limited","Public Limited","Private (Indian)","Pan-India","Gurugram, Haryana","Automobile","Tyres","Listed-NSE+BSE","APOLLOTYRE","INE438A01022","EQ","","listed_large_mid.csv","agent"
"C00713","CEAT Limited","Public Limited","Private (Indian)","Pan-India","Mumbai, Maharashtra","Automobile","Tyres","Listed-NSE+BSE","CEATLTD","INE482A01020","EQ","","listed_large_mid.csv","agent"
"C00714","JK Tyre & Industries Limited","Public Limited","Private (Indian)","Pan-India","New Delhi, Delhi","Automobile","Tyres","Listed-NSE+BSE","JKTYRE","INE573A01042","EQ","","listed_large_mid.csv","agent"
"C00715","Exide Industries Limited","Public Limited","Private (Indian)","Pan-India","Kolkata, West Bengal","Automobile","Batteries","Listed-NSE+BSE","EXIDEIND","INE302A01020","EQ","","listed_large_mid.csv;state_psu_south_east_ne.csv","agent"
"C00716","Amara Raja Energy & Mobility Limited","Public Limited","Private (Indian)","Andhra Pradesh","Tirupati, Andhra Pradesh","Automobile","Batteries","Listed-NSE+BSE","ARE&M","INE885A01032","EQ","","listed_large_mid.csv;state_psu_south_east_ne.csv","agent"
"C00717","Endurance Technologies Limited","Public Limited","Private (Indian)","Maharashtra","Aurangabad, Maharashtra","Automobile","Auto Components","Listed-NSE+BSE","ENDURANCE","INE913H01037","EQ","","listed_large_mid.csv","agent"
"C00718","Schaeffler India Limited","Public Limited","MNC Subsidiary","Pan-India","Pune, Maharashtra","Automobile","Auto Components","Listed-NSE+BSE","SCHAEFFLER","INE513A01022","EQ","","listed_large_mid.csv;mnc_foreign.csv","agent"
"C00719","Uno Minda Limited","Public Limited","Private (Indian)","Pan-India","Gurugram, Haryana","Automobile","Auto Components","Listed-NSE+BSE","UNOMINDA","INE405E01023","EQ","","listed_large_mid.csv;state_psu_north_west.csv","agent"
"C00720","Sona BLW Precision Forgings Limited","Public Limited","Private (Indian)","Haryana","Gurugram, Haryana","Automobile","Auto Components","Listed-NSE+BSE","SONACOMS","INE073K01018","EQ","","listed_large_mid.csv;state_psu_north_west.csv","agent"
"C00721","Bharat Forge Limited","Public Limited","Private (Indian)","Pan-India","Pune, Maharashtra","Automobile","Forgings","Listed-NSE+BSE","BHARATFORG","INE465A01025","EQ","","listed_large_mid.csv;state_psu_north_west.csv","agent"
"C00722","Tube Investments of India Limited","Public Limited","Private (Indian)","Pan-India","Chennai, Tamil Nadu","Automobile","Auto Components / Engineering","Listed-NSE+BSE","TIINDIA","INE974X01010","EQ","","listed_large_mid.csv;state_psu_south_east_ne.csv","agent"
"C00723","Ola Electric Mobility Limited","Public Limited","Private (Indian)","Pan-India","Bengaluru, Karnataka","Automobile","Electric Two Wheelers","Listed-NSE+BSE","OLAELEC","INE0LXG01040","EQ","","listed_large_mid.csv","agent"
"C00724","Ather Energy Limited","Public Limited","Private (Indian)","Karnataka","Bengaluru, Karnataka","Automobile","Electric Two Wheelers","Listed-NSE+BSE","ATHERENERG","INE0LEZ01016","EQ","","listed_large_mid.csv","agent"
"C00725","Hyundai Motor India Ltd","Public Limited","MNC Subsidiary","Pan-India","Haryana","Automobile","Passenger Vehicles","Listed-NSE+BSE","HYUNDAI","INE0V6F01027","EQ","","listed_large_mid.csv;mnc_foreign.csv","agent"
"C00726","Hindustan Unilever Ltd","Public Limited","MNC Subsidiary","Pan-India","Maharashtra","FMCG","Home & Personal Care","Listed-NSE+BSE","HINDUNILVR","INE030A01027","EQ","","listed_large_mid.csv;mnc_foreign.csv;state_psu_north_west.csv","agent"
"C00727","ITC Limited","Public Limited","Private (Indian)","Pan-India","Kolkata, West Bengal","FMCG","Diversified FMCG / Tobacco","Listed-NSE+BSE","ITC","INE154A01025","EQ","","listed_large_mid.csv;state_psu_south_east_ne.csv","agent"
"C00728","Nestle India Ltd","Public Limited","MNC Subsidiary","Pan-India","Haryana","FMCG","Food & Beverages","Listed-NSE+BSE","NESTLEIND","INE239A01024","EQ","","listed_large_mid.csv;mnc_foreign.csv","agent"
"C00729","Britannia Industries Limited","Public Limited","Private (Indian)","Pan-India","Bengaluru, Karnataka","FMCG","Foods","Listed-NSE+BSE","BRITANNIA","INE216A01030","EQ","","listed_large_mid.csv","agent"
"C00730","Dabur India Limited","Public Limited","Private (Indian)","Pan-India","Ghaziabad, Uttar Pradesh","FMCG","Personal Care","Listed-NSE+BSE","DABUR","INE016A01026","EQ","","listed_large_mid.csv","agent"
"C00731","Godrej Consumer Products Limited","Public Limited","Private (Indian)","Pan-India","Mumbai, Maharashtra","FMCG","Personal Care","Listed-NSE+BSE","GODREJCP","INE102D01028","EQ","","listed_large_mid.csv;state_psu_north_west.csv","agent"
"C00732","Marico Limited","Public Limited","Private (Indian)","Pan-India","Mumbai, Maharashtra","FMCG","Personal Care","Listed-NSE+BSE","MARICO","INE196A01026","EQ","","listed_large_mid.csv","agent"
"C00733","Colgate-Palmolive (India) Limited","Public Limited","MNC Subsidiary","Pan-India","Mumbai, Maharashtra","FMCG","Personal Care","Listed-NSE+BSE","COLPAL","INE259A01022","EQ","","listed_large_mid.csv;mnc_foreign.csv","agent"
"C00734","Tata Consumer Products Limited","Public Limited","Private (Indian)","Pan-India","Mumbai, Maharashtra","FMCG","Beverages & Foods","Listed-NSE+BSE","TATACONSUM","INE192A01025","EQ","","listed_large_mid.csv","agent"
"C00735","Emami Limited","Public Limited","Private (Indian)","Pan-India","Kolkata, West Bengal","FMCG","Personal Care","Listed-NSE+BSE","EMAMILTD","INE548C01032","EQ","","listed_large_mid.csv;state_psu_south_east_ne.csv","agent"
"C00736","Patanjali Foods Limited","Public Limited","Private (Indian)","Pan-India","Haridwar, Uttarakhand","FMCG","Edible Oils & Foods","Listed-NSE+BSE","PATANJALI","INE619A01035","EQ","","listed_large_mid.csv;state_psu_north_west.csv","agent"
"C00737","Varun Beverages Limited","Public Limited","Private (Indian)","Pan-India","Gurugram, Haryana","FMCG","Beverages","Listed-NSE+BSE","VBL","INE200M01039","EQ","","listed_large_mid.csv","agent"
"C00738","United Spirits Ltd","Public Limited","MNC Subsidiary","Pan-India","Karnataka","FMCG","Alcoholic Beverages","Listed-NSE+BSE","UNITDSPR","INE854D01024","EQ","","listed_large_mid.csv;mnc_foreign.csv","agent"
"C00739","United Breweries Limited","Public Limited","MNC Subsidiary","Pan-India","Bengaluru, Karnataka","FMCG","Alcoholic Beverages","Listed-NSE+BSE","UBL","INE686F01025","EQ","","listed_large_mid.csv","agent"
"C00740","Radico Khaitan Limited","Public Limited","Private (Indian)","Pan-India","Rampur, Uttar Pradesh","FMCG","Alcoholic Beverages","Listed-NSE+BSE","RADICO","INE944F01028","EQ","","listed_large_mid.csv","agent"
"C00741","Procter & Gamble Hygiene and Health Care Limited","Public Limited","MNC Subsidiary","Pan-India","Mumbai, Maharashtra","FMCG","Personal Care","Listed-NSE+BSE","PGHH","INE179A01014","EQ","","listed_large_mid.csv;mnc_foreign.csv","agent"
"C00742","Gillette India Limited","Public Limited","MNC Subsidiary","Pan-India","Mumbai, Maharashtra","FMCG","Personal Care","Listed-NSE+BSE","GILLETTE","INE322A01010","EQ","","listed_large_mid.csv;mnc_foreign.csv","agent"
"C00743","Bikaji Foods International Limited","Public Limited","Private (Indian)","Rajasthan","Bikaner, Rajasthan","FMCG","Snacks","Listed-NSE+BSE","BIKAJI","INE00E101023","EQ","","listed_large_mid.csv;state_psu_north_west.csv","agent"
"C00744","Jyothy Labs Limited","Public Limited","Private (Indian)","Maharashtra","Mumbai, Maharashtra","FMCG","Home Care","Listed-NSE+BSE","JYOTHYLAB","INE668F01031","EQ","","listed_large_mid.csv","agent"
"C00745","Zydus Wellness Limited","Public Limited","Private (Indian)","Gujarat","Ahmedabad, Gujarat","FMCG","Consumer Wellness","Listed-NSE+BSE","ZYDUSWELL","INE768C01028","EQ","","listed_large_mid.csv","agent"
"C00746","Honasa Consumer Limited","Public Limited","Private (Indian)","Pan-India","Gurugram, Haryana","FMCG","Personal Care","Listed-NSE+BSE","HONASA","INE0J5401028","EQ","","listed_large_mid.csv","agent"
"C00747","Vadilal Industries Limited","Public Limited","Private (Indian)","Gujarat","Ahmedabad, Gujarat","FMCG","Ice Cream","Listed-NSE+BSE","VADILALIND","INE694D01016","EQ","","listed_large_mid.csv;listed_small_NZ.csv","agent"
"C00748","Sun Pharmaceutical Industries Limited","Public Limited","Private (Indian)","Pan-India","Mumbai, Maharashtra","Pharmaceuticals","Formulations","Listed-NSE+BSE","SUNPHARMA","INE044A01036","EQ","","listed_large_mid.csv;state_psu_north_west.csv","agent"
"C00749","Dr. Reddy's Laboratories Limited","Public Limited","Private (Indian)","Pan-India","Hyderabad, Telangana","Pharmaceuticals","Formulations","Listed-NSE+BSE","DRREDDY","INE089A01031","EQ","","listed_large_mid.csv;state_psu_south_east_ne.csv","agent"
"C00750","Cipla Limited","Public Limited","Private (Indian)","Pan-India","Mumbai, Maharashtra","Pharmaceuticals","Formulations","Listed-NSE+BSE","CIPLA","INE059A01026","EQ","","listed_large_mid.csv;state_psu_north_west.csv","agent"
"C00751","Divi's Laboratories Limited","Public Limited","Private (Indian)","Telangana","Hyderabad, Telangana","Pharmaceuticals","API / CRAMS","Listed-NSE+BSE","DIVISLAB","INE361B01024","EQ","","listed_large_mid.csv;state_psu_south_east_ne.csv","agent"
"C00752","Lupin Limited","Public Limited","Private (Indian)","Pan-India","Mumbai, Maharashtra","Pharmaceuticals","Formulations","Listed-NSE+BSE","LUPIN","INE326A01037","EQ","","listed_large_mid.csv;state_psu_north_west.csv","agent"
"C00753","Aurobindo Pharma Limited","Public Limited","Private (Indian)","Pan-India","Hyderabad, Telangana","Pharmaceuticals","Formulations / API","Listed-NSE+BSE","AUROPHARMA","INE406A01037","EQ","","listed_large_mid.csv;state_psu_south_east_ne.csv","agent"
"C00754","Zydus Lifesciences Limited","Public Limited","Private (Indian)","Pan-India","Ahmedabad, Gujarat","Pharmaceuticals","Formulations","Listed-NSE+BSE","ZYDUSLIFE","INE010B01027","EQ","","listed_large_mid.csv;state_psu_north_west.csv","agent"
"C00755","Torrent Pharmaceuticals Limited","Public Limited","Private (Indian)","Pan-India","Ahmedabad, Gujarat","Pharmaceuticals","Formulations","Listed-NSE+BSE","TORNTPHARM","INE685A01028","EQ","","listed_large_mid.csv;state_psu_north_west.csv","agent"
"C00756","Alkem Laboratories Limited","Public Limited","Private (Indian)","Pan-India","Mumbai, Maharashtra","Pharmaceuticals","Formulations","Listed-NSE+BSE","ALKEM","INE540L01014","EQ","","listed_large_mid.csv","agent"
"C00757","Mankind Pharma Limited","Public Limited","Private (Indian)","Pan-India","New Delhi, Delhi","Pharmaceuticals","Formulations","Listed-NSE+BSE","MANKIND","INE634S01028","EQ","","listed_large_mid.csv;state_psu_north_west.csv","agent"
"C00758","Glenmark Pharmaceuticals Limited","Public Limited","Private (Indian)","Pan-India","Mumbai, Maharashtra","Pharmaceuticals","Formulations","Listed-NSE+BSE","GLENMARK","INE935A01035","EQ","","listed_large_mid.csv","agent"
"C00759","Biocon Limited","Public Limited","Private (Indian)","Pan-India","Bengaluru, Karnataka","Pharmaceuticals","Biopharma","Listed-NSE+BSE","BIOCON","INE376G01013","EQ","","listed_large_mid.csv;state_psu_south_east_ne.csv","agent"
"C00760","Ipca Laboratories Limited","Public Limited","Private (Indian)","Pan-India","Mumbai, Maharashtra","Pharmaceuticals","Formulations","Listed-NSE+BSE","IPCALAB","INE571A01038","EQ","","listed_large_mid.csv","agent"
"C00761","Ajanta Pharma Limited","Public Limited","Private (Indian)","Maharashtra","Mumbai, Maharashtra","Pharmaceuticals","Formulations","Listed-NSE+BSE","AJANTPHARM","INE031B01049","EQ","","listed_large_mid.csv","agent"
"C00762","Laurus Labs Limited","Public Limited","Private (Indian)","Telangana","Hyderabad, Telangana","Pharmaceuticals","API / CDMO","Listed-NSE+BSE","LAURUSLABS","INE947Q01028","EQ","","listed_large_mid.csv;state_psu_south_east_ne.csv","agent"
"C00763","Natco Pharma Limited","Public Limited","Private (Indian)","Telangana","Hyderabad, Telangana","Pharmaceuticals","Formulations","Listed-NSE+BSE","NATCOPHARM","INE987B01026","EQ","","listed_large_mid.csv","agent"
"C00764","Granules India Limited","Public Limited","Private (Indian)","Telangana","Hyderabad, Telangana","Pharmaceuticals","API / Formulations","Listed-NSE+BSE","GRANULES","INE101D01020","EQ","","listed_large_mid.csv;state_psu_south_east_ne.csv","agent"
"C00765","Gland Pharma Limited","Public Limited","Private (Indian)","Telangana","Hyderabad, Telangana","Pharmaceuticals","Injectables","Listed-NSE+BSE","GLAND","INE068V01023","EQ","","listed_large_mid.csv","agent"
"C00766","Abbott India Limited","Public Limited","MNC Subsidiary","Pan-India","Mumbai, Maharashtra","Pharmaceuticals","Formulations","Listed-NSE+BSE","ABBOTINDIA","INE358A01014","EQ","","listed_large_mid.csv;mnc_foreign.csv","agent"
"C00767","Sanofi India Limited","Public Limited","MNC Subsidiary","Pan-India","Mumbai, Maharashtra","Pharmaceuticals","Formulations","Listed-NSE+BSE","SANOFI","INE058A01010","EQ","","listed_large_mid.csv;mnc_foreign.csv","agent"
"C00768","Pfizer Limited","Public Limited","MNC Subsidiary","Pan-India","Mumbai, Maharashtra","Pharmaceuticals","Formulations","Listed-NSE+BSE","PFIZER","INE182A01018","EQ","","listed_large_mid.csv;mnc_foreign.csv","agent"
"C00769","GlaxoSmithKline Pharmaceuticals Limited","Public Limited","MNC Subsidiary","Pan-India","Mumbai, Maharashtra","Pharmaceuticals","Formulations","Listed-NSE+BSE","GLAXO","INE159A01016","EQ","","listed_large_mid.csv;mnc_foreign.csv","agent"
"C00770","Emcure Pharmaceuticals Limited","Public Limited","Private (Indian)","Maharashtra","Pune, Maharashtra","Pharmaceuticals","Formulations","Listed-NSE+BSE","EMCURE","INE168P01015","EQ","","listed_large_mid.csv","agent"
"C00771","JB Chemicals & Pharmaceuticals Limited","Public Limited","Private (Indian)","Maharashtra","Mumbai, Maharashtra","Pharmaceuticals","Formulations","Listed-NSE+BSE","JBCHEPHARM","","","","listed_large_mid.csv","agent"
"C00772","Piramal Pharma Limited","Public Limited","Private (Indian)","Maharashtra","Mumbai, Maharashtra","Pharmaceuticals","CDMO","Listed-NSE+BSE","PPLPHARMA","INE0DK501011","EQ","","listed_large_mid.csv","agent"
"C00773","Suven Pharmaceuticals Limited","Public Limited","Private (Indian)","Telangana","Hyderabad, Telangana","Pharmaceuticals","CDMO","Listed-NSE+BSE","","","","","listed_large_mid.csv","agent"
"C00774","Wockhardt Limited","Public Limited","Private (Indian)","Maharashtra","Mumbai, Maharashtra","Pharmaceuticals","Formulations","Listed-NSE+BSE","WOCKPHARMA","INE049B01025","EQ","","listed_large_mid.csv;listed_small_NZ.csv","agent"
"C00775","Strides Pharma Science","Public Limited","Private (Indian)","Karnataka","Bengaluru","Pharmaceuticals","Formulations","Listed-NSE+BSE","STAR","INE939A01011","EQ","","listed_large_mid.csv;listed_small_NZ.csv","agent"
"C00776","Apollo Hospitals Enterprise Limited","Public Limited","Private (Indian)","Pan-India","Chennai, Tamil Nadu","Healthcare","Hospitals","Listed-NSE+BSE","APOLLOHOSP","INE437A01024","EQ","","listed_large_mid.csv;state_psu_south_east_ne.csv","agent"
"C00777","Max Healthcare Institute Limited","Public Limited","Private (Indian)","Delhi","New Delhi, Delhi","Healthcare","Hospitals","Listed-NSE+BSE","MAXHEALTH","INE027H01010","EQ","","listed_large_mid.csv;state_psu_north_west.csv","agent"
"C00778","Fortis Healthcare Limited","Public Limited","Private (Indian)","Haryana","Gurugram, Haryana","Healthcare","Hospitals","Listed-NSE+BSE","FORTIS","INE061F01013","EQ","","listed_large_mid.csv;state_psu_north_west.csv","agent"
"C00779","Narayana Hrudayalaya Limited","Public Limited","Private (Indian)","Karnataka","Bengaluru, Karnataka","Healthcare","Hospitals","Listed-NSE+BSE","NH","INE410P01011","EQ","","listed_large_mid.csv","agent"
"C00780","Global Health Limited","Public Limited","Private (Indian)","Haryana","Gurugram, Haryana","Healthcare","Hospitals","Listed-NSE+BSE","MEDANTA","INE474Q01031","EQ","","listed_large_mid.csv","agent"
"C00781","Aster DM Healthcare Limited","Public Limited","Private (Indian)","Karnataka","Bengaluru, Karnataka","Healthcare","Hospitals","Listed-NSE+BSE","ASTERDM","INE914M01019","EQ","","listed_large_mid.csv;state_psu_south_east_ne.csv","agent"
"C00782","Dr. Lal PathLabs Limited","Public Limited","Private (Indian)","Pan-India","New Delhi, Delhi","Healthcare","Diagnostics","Listed-NSE+BSE","LALPATHLAB","INE600L01024","EQ","","listed_large_mid.csv","agent"
"C00783","Metropolis Healthcare Limited","Public Limited","Private (Indian)","Pan-India","Mumbai, Maharashtra","Healthcare","Diagnostics","Listed-NSE+BSE","METROPOLIS","INE112L01020","EQ","","listed_large_mid.csv","agent"
"C00784","Syngene International Limited","Public Limited","Private (Indian)","Karnataka","Bengaluru, Karnataka","Healthcare","Contract Research","Listed-NSE+BSE","SYNGENE","INE398R01022","EQ","","listed_large_mid.csv","agent"
"C00785","Krishna Institute of Medical Sciences Limited","Public Limited","Private (Indian)","Telangana","Hyderabad, Telangana","Healthcare","Hospitals","Listed-NSE+BSE","KIMS","INE967H01025","EQ","","listed_large_mid.csv","agent"
"C00786","Rainbow Children's Medicare Limited","Public Limited","Private (Indian)","Telangana","Hyderabad, Telangana","Healthcare","Hospitals","Listed-NSE+BSE","RAINBOW","INE961O01016","EQ","","listed_large_mid.csv","agent"
"C00787","Vijaya Diagnostic Centre Limited","Public Limited","Private (Indian)","Telangana","Hyderabad, Telangana","Healthcare","Diagnostics","Listed-NSE+BSE","VIJAYA","INE043W01024","EQ","","listed_large_mid.csv;listed_small_NZ.csv","agent"
"C00788","Tata Steel Limited","Public Limited","Private (Indian)","Pan-India","Mumbai, Maharashtra","Metals & Mining","Steel","Listed-NSE+BSE","TATASTEEL","INE081A01020","EQ","","listed_large_mid.csv;state_psu_north_west.csv","agent"
"C00789","JSW Steel Limited","Public Limited","Private (Indian)","Pan-India","Mumbai, Maharashtra","Metals & Mining","Steel","Listed-NSE+BSE","JSWSTEEL","INE019A01038","EQ","","listed_large_mid.csv;state_psu_north_west.csv","agent"
"C00790","Jindal Steel & Power Limited","Public Limited","Private (Indian)","Pan-India","New Delhi, Delhi","Metals & Mining","Steel","Listed-NSE+BSE","JINDALSTEL","INE749A01030","EQ","","listed_large_mid.csv;state_psu_north_west.csv","agent"
"C00791","Hindalco Industries Limited","Public Limited","Private (Indian)","Pan-India","Mumbai, Maharashtra","Metals & Mining","Aluminium & Copper","Listed-NSE+BSE","HINDALCO","INE038A01020","EQ","","listed_large_mid.csv","agent"
"C00792","Vedanta Limited","Public Limited","Private (Indian)","Pan-India","Mumbai, Maharashtra","Metals & Mining","Diversified Metals","Listed-NSE+BSE","VEDL","INE205A01025","EQ","","listed_large_mid.csv","agent"
"C00793","Hindustan Zinc Limited","Public Limited","Private (Indian)","Pan-India","Udaipur, Rajasthan","Metals & Mining","Zinc","Listed-NSE+BSE","HINDZINC","INE267A01025","EQ","","listed_large_mid.csv;state_psu_north_west.csv","agent"
"C00794","Jindal Stainless Limited","Public Limited","Private (Indian)","Pan-India","New Delhi, Delhi","Metals & Mining","Stainless Steel","Listed-NSE+BSE","JSL","INE220G01021","EQ","","listed_large_mid.csv","agent"
"C00795","APL Apollo Tubes Limited","Public Limited","Private (Indian)","Pan-India","New Delhi, Delhi","Metals & Mining","Steel Tubes","Listed-NSE+BSE","APLAPOLLO","INE702C01027","EQ","","listed_large_mid.csv","agent"
"C00796","Welspun Corp Limited","Public Limited","Private (Indian)","Maharashtra","Mumbai, Maharashtra","Metals & Mining","Steel Pipes","Listed-NSE+BSE","WELCORP","INE191B01025","EQ","","listed_large_mid.csv;listed_small_NZ.csv;state_psu_north_west.csv","agent"
"C00797","Ratnamani Metals & Tubes Limited","Public Limited","Private (Indian)","Gujarat","Ahmedabad, Gujarat","Metals & Mining","Steel Pipes","Listed-NSE+BSE","RATNAMANI","INE703B01027","EQ","","listed_large_mid.csv;listed_small_NZ.csv;state_psu_north_west.csv","agent"
"C00798","Jindal Saw Limited","Public Limited","Private (Indian)","Delhi","New Delhi, Delhi","Metals & Mining","Pipes","Listed-NSE+BSE","JINDALSAW","INE324A01032","EQ","","listed_large_mid.csv;listed_small_AM.csv","agent"
"C00799","Lloyds Metals and Energy Limited","Public Limited","Private (Indian)","Maharashtra","Mumbai, Maharashtra","Metals & Mining","Iron Ore / Steel","Listed-NSE+BSE","LLOYDSME","INE281B01032","EQ","","listed_large_mid.csv;listed_small_AM.csv","agent"
"C00800","Godawari Power & Ispat Limited","Public Limited","Private (Indian)","Chhattisgarh","Raipur, Chhattisgarh","Metals & Mining","Steel","Listed-NSE+BSE","GPIL","INE177H01039","EQ","","listed_large_mid.csv;listed_small_AM.csv;state_psu_north_west.csv","agent"
"C00801","Gujarat Mineral Development Corporation Limited","Government Company (PSU)","State PSU","Gujarat","Ahmedabad, Gujarat","Metals & Mining","Mining","Listed-NSE+BSE","GMDCLTD","INE131A01031","EQ","","listed_large_mid.csv;state_psu_north_west.csv","agent"
"C00802","Larsen & Toubro Limited","Public Limited","Private (Indian)","Pan-India","Mumbai, Maharashtra","Capital Goods","Engineering & Construction","Listed-NSE+BSE","LT","INE018A01030","EQ","","listed_large_mid.csv;state_psu_north_west.csv","agent"
"C00803","Siemens Ltd","Public Limited","MNC Subsidiary","Pan-India","Maharashtra","Capital Goods","Electrical & Automation","Listed-NSE+BSE","SIEMENS","INE003A01024","EQ","","listed_large_mid.csv;mnc_foreign.csv","agent"
"C00804","ABB India Ltd","Public Limited","MNC Subsidiary","Pan-India","Karnataka","Capital Goods","Electrical & Automation","Listed-NSE+BSE","ABB","INE117A01022","EQ","","listed_large_mid.csv;mnc_foreign.csv","agent"
"C00805","Hitachi Energy India Limited","Public Limited","MNC Subsidiary","Pan-India","Bengaluru, Karnataka","Capital Goods","Power Equipment","Listed-NSE+BSE","POWERINDIA","INE07Y701011","EQ","","listed_large_mid.csv;mnc_foreign.csv","agent"
"C00806","Cummins India Ltd","Public Limited","MNC Subsidiary","Pan-India","Maharashtra","Capital Goods","Engines & Power Gen","Listed-NSE+BSE","CUMMINSIND","INE298A01020","EQ","","listed_large_mid.csv;mnc_foreign.csv","agent"
"C00807","Thermax Limited","Public Limited","Private (Indian)","Pan-India","Pune, Maharashtra","Capital Goods","Boilers & Energy","Listed-NSE+BSE","THERMAX","INE152A01029","EQ","","listed_large_mid.csv","agent"
"C00808","Havells India Limited","Public Limited","Private (Indian)","Pan-India","Noida, Uttar Pradesh","Capital Goods","Electricals","Listed-NSE+BSE","HAVELLS","INE176B01034","EQ","","listed_large_mid.csv;state_psu_north_west.csv","agent"
"C00809","Polycab India Limited","Public Limited","Private (Indian)","Pan-India","Mumbai, Maharashtra","Capital Goods","Cables & Wires","Listed-NSE+BSE","POLYCAB","INE455K01017","EQ","","listed_large_mid.csv","agent"
"C00810","KEI Industries Limited","Public Limited","Private (Indian)","Pan-India","New Delhi, Delhi","Capital Goods","Cables & Wires","Listed-NSE+BSE","KEI","INE878B01027","EQ","","listed_large_mid.csv","agent"
"C00811","Finolex Cables Limited","Public Limited","Private (Indian)","Pan-India","Pune, Maharashtra","Capital Goods","Cables & Wires","Listed-NSE+BSE","FINCABLES","INE235A01022","EQ","","listed_large_mid.csv","agent"
"C00812","Crompton Greaves Consumer Electricals Limited","Public Limited","Private (Indian)","Pan-India","Mumbai, Maharashtra","Consumer Durables","Electricals","Listed-NSE+BSE","CROMPTON","INE299U01018","EQ","","listed_large_mid.csv","agent"
"C00813","V-Guard Industries Limited","Public Limited","Private (Indian)","Kerala","Kochi, Kerala","Consumer Durables","Electricals","Listed-NSE+BSE","VGUARD","INE951I01027","EQ","","listed_large_mid.csv;state_psu_south_east_ne.csv","agent"
"C00814","CG Power and Industrial Solutions Limited","Public Limited","Private (Indian)","Pan-India","Mumbai, Maharashtra","Capital Goods","Electricals","Listed-NSE+BSE","CGPOWER","INE067A01029","EQ","","listed_large_mid.csv","agent"
"C00815","Suzlon Energy Limited","Public Limited","Private (Indian)","Pan-India","Pune, Maharashtra","Capital Goods","Wind Turbines","Listed-NSE+BSE","SUZLON","INE040H01021","EQ","","listed_large_mid.csv","agent"
"C00816","Inox Wind Limited","Public Limited","Private (Indian)","Uttar Pradesh","Noida, Uttar Pradesh","Capital Goods","Wind Turbines","Listed-NSE+BSE","INOXWIND","INE066P01011","EQ","","listed_large_mid.csv;listed_small_AM.csv","agent"
"C00817","Waaree Energies Limited","Public Limited","Private (Indian)","Maharashtra","Mumbai, Maharashtra","Capital Goods","Solar Modules","Listed-NSE+BSE","WAAREEENER","INE377N01017","EQ","","listed_large_mid.csv","agent"
"C00818","Premier Energies Limited","Public Limited","Private (Indian)","Telangana","Hyderabad, Telangana","Capital Goods","Solar Cells","Listed-NSE+BSE","PREMIERENE","INE0BS701011","EQ","","listed_large_mid.csv","agent"
"C00819","Solar Industries India Limited","Public Limited","Private (Indian)","Pan-India","Nagpur, Maharashtra","Defence","Explosives","Listed-NSE+BSE","SOLARINDS","INE343H01029","EQ","","listed_large_mid.csv","agent"
"C00820","Data Patterns (India) Limited","Public Limited","Private (Indian)","Tamil Nadu","Chennai, Tamil Nadu","Defence","Defence Electronics","Listed-NSE+BSE","DATAPATTNS","INE0IX101010","EQ","","listed_large_mid.csv","agent"
"C00821","Astra Microwave Products Ltd","Public Limited","Private (Indian)","Telangana","Hyderabad","Defence","Microwave electronics","Listed-NSE+BSE","ASTRAMICRO","INE386C01029","EQ","","listed_large_mid.csv;listed_small_AM.csv","agent"
"C00822","Timken India Limited","Public Limited","MNC Subsidiary","Pan-India","Bengaluru, Karnataka","Capital Goods","Bearings","Listed-NSE+BSE","TIMKEN","INE325A01013","EQ","","listed_large_mid.csv;mnc_foreign.csv","agent"
"C00823","SKF India Limited","Public Limited","MNC Subsidiary","Pan-India","Pune, Maharashtra","Capital Goods","Bearings","Listed-NSE+BSE","SKFINDIA","INE640A01023","EQ","","listed_large_mid.csv;mnc_foreign.csv","agent"
"C00824","Grindwell Norton Limited","Public Limited","MNC Subsidiary","Pan-India","Bengaluru, Karnataka","Capital Goods","Abrasives","Listed-NSE+BSE","GRINDWELL","INE536A01023","EQ","","listed_large_mid.csv;mnc_foreign.csv","agent"
"C00825","AIA Engineering Limited","Public Limited","Private (Indian)","Gujarat","Ahmedabad, Gujarat","Capital Goods","Castings","Listed-NSE+BSE","AIAENG","INE212H01026","EQ","","listed_large_mid.csv;listed_small_AM.csv","agent"
"C00826","Kirloskar Oil Engines Limited","Public Limited","Private (Indian)","Pan-India","Pune, Maharashtra","Capital Goods","Engines","Listed-NSE+BSE","KIRLOSENG","INE146L01010","EQ","","listed_large_mid.csv;state_psu_north_west.csv","agent"
"C00827","Kirloskar Brothers Limited","Public Limited","Private (Indian)","Pan-India","Pune, Maharashtra","Capital Goods","Pumps","Listed-NSE+BSE","KIRLOSBROS","INE732A01036","EQ","","listed_large_mid.csv;listed_small_AM.csv;state_psu_south_east_ne.csv","agent"
"C00828","Elgi Equipments Limited","Public Limited","Private (Indian)","Tamil Nadu","Coimbatore, Tamil Nadu","Capital Goods","Compressors","Listed-NSE+BSE","ELGIEQUIP","INE285A01027","EQ","","listed_large_mid.csv","agent"
"C00829","Praj Industries Limited","Public Limited","Private (Indian)","Maharashtra","Pune, Maharashtra","Capital Goods","Bioenergy Equipment","Listed-NSE+BSE","PRAJIND","INE074A01025","EQ","","listed_large_mid.csv","agent"
"C00830","Carborundum Universal Limited","Public Limited","Private (Indian)","Tamil Nadu","Chennai, Tamil Nadu","Capital Goods","Abrasives","Listed-NSE+BSE","CARBORUNIV","INE120A01034","EQ","","listed_large_mid.csv;listed_small_AM.csv;state_psu_south_east_ne.csv","agent"
"C00831","Honeywell Automation India Limited","Public Limited","MNC Subsidiary","Pan-India","Pune, Maharashtra","Capital Goods","Automation","Listed-NSE+BSE","HONAUT","INE671A01010","EQ","","listed_large_mid.csv;mnc_foreign.csv","agent"
"C00832","GE Vernova T&D India Ltd","Public Limited","MNC Subsidiary","Pan-India","Delhi","Capital Goods","Power T&D","Listed-NSE+BSE","GVT&D","INE200A01026","EQ","","listed_large_mid.csv;mnc_foreign.csv","agent"
"C00833","Triveni Turbine Limited","Public Limited","Private (Indian)","Karnataka","Bengaluru, Karnataka","Capital Goods","Turbines","Listed-NSE+BSE","TRITURBINE","INE152M01016","EQ","","listed_large_mid.csv","agent"
"C00834","Lakshmi Machine Works Limited","Public Limited","Private (Indian)","Tamil Nadu","Coimbatore, Tamil Nadu","Capital Goods","Textile Machinery","Listed-NSE+BSE","LMW","INE269B01029","EQ","","listed_large_mid.csv;listed_small_AM.csv;state_psu_south_east_ne.csv","agent"
"C00835","Voltas Limited","Public Limited","Private (Indian)","Pan-India","Mumbai, Maharashtra","Consumer Durables","Air Conditioners","Listed-NSE+BSE","VOLTAS","INE226A01021","EQ","","listed_large_mid.csv","agent"
"C00836","Blue Star Limited","Public Limited","Private (Indian)","Pan-India","Mumbai, Maharashtra","Consumer Durables","Air Conditioners","Listed-NSE+BSE","BLUESTARCO","INE472A01039","EQ","","listed_large_mid.csv","agent"
"C00837","Dixon Technologies (India) Limited","Public Limited","Private (Indian)","Pan-India","Noida, Uttar Pradesh","Consumer Durables","Electronics Manufacturing","Listed-NSE+BSE","DIXON","INE935N01020","EQ","","listed_large_mid.csv","agent"
"C00838","Whirlpool of India Limited","Public Limited","MNC Subsidiary","Pan-India","Gurugram, Haryana","Consumer Durables","Home Appliances","Listed-NSE+BSE","WHIRLPOOL","INE716A01013","EQ","","listed_large_mid.csv;mnc_foreign.csv","agent"
"C00839","Bata India Limited","Public Limited","Private (Indian)","Pan-India","Gurugram, Haryana","Consumer Durables","Footwear","Listed-NSE+BSE","BATAINDIA","INE176A01028","EQ","","listed_large_mid.csv;mnc_foreign.csv","agent"
"C00840","Titan Company Limited","Public Limited","Private (Indian)","Pan-India","Bengaluru, Karnataka","Consumer Durables","Jewellery & Watches","Listed-NSE+BSE","TITAN","INE280A01028","EQ","","listed_large_mid.csv;state_psu_south_east_ne.csv","agent"
"C00841","Kalyan Jewellers India Limited","Public Limited","Private (Indian)","Pan-India","Thrissur, Kerala","Consumer Durables","Jewellery","Listed-NSE+BSE","KALYANKJIL","INE303R01014","EQ","","listed_large_mid.csv;state_psu_south_east_ne.csv","agent"
"C00842","Senco Gold Limited","Public Limited","Private (Indian)","West Bengal","Kolkata, West Bengal","Consumer Durables","Jewellery","Listed-NSE+BSE","SENCO","INE602W01027","EQ","","listed_large_mid.csv","agent"
"C00843","Asian Paints Limited","Public Limited","Private (Indian)","Pan-India","Mumbai, Maharashtra","Chemicals","Paints","Listed-NSE+BSE","ASIANPAINT","INE021A01026","EQ","","listed_large_mid.csv;state_psu_north_west.csv","agent"
"C00844","Berger Paints India Limited","Public Limited","Private (Indian)","Pan-India","Kolkata, West Bengal","Chemicals","Paints","Listed-NSE+BSE","BERGEPAINT","INE463A01038","EQ","","listed_large_mid.csv;state_psu_south_east_ne.csv","agent"
"C00845","Kansai Nerolac Paints Limited","Public Limited","MNC Subsidiary","Pan-India","Mumbai, Maharashtra","Chemicals","Paints","Listed-NSE+BSE","KANSAINER","INE531A01024","EQ","","listed_large_mid.csv;mnc_foreign.csv","agent"
"C00846","Akzo Nobel India Limited","Public Limited","MNC Subsidiary","Pan-India","Gurugram, Haryana","Chemicals","Paints","Listed-NSE+BSE","AKZOINDIA","","","","listed_large_mid.csv;mnc_foreign.csv","agent"
"C00847","Pidilite Industries Limited","Public Limited","Private (Indian)","Pan-India","Mumbai, Maharashtra","Chemicals","Adhesives","Listed-NSE+BSE","PIDILITIND","INE318A01026","EQ","","listed_large_mid.csv","agent"
"C00848","SRF Limited","Public Limited","Private (Indian)","Pan-India","Gurugram, Haryana","Chemicals","Specialty Chemicals","Listed-NSE+BSE","SRF","INE647A01010","EQ","","listed_large_mid.csv","agent"
"C00849","UPL Limited","Public Limited","Private (Indian)","Pan-India","Mumbai, Maharashtra","Chemicals","Agrochemicals","Listed-NSE+BSE","UPL","INE628A01036","EQ","","listed_large_mid.csv","agent"
"C00850","PI Industries Limited","Public Limited","Private (Indian)","Pan-India","Udaipur, Rajasthan","Chemicals","Agrochemicals","Listed-NSE+BSE","PIIND","INE603J01030","EQ","","listed_large_mid.csv","agent"
"C00851","Aarti Industries Limited","Public Limited","Private (Indian)","Maharashtra","Mumbai, Maharashtra","Chemicals","Specialty Chemicals","Listed-NSE+BSE","AARTIIND","INE769A01020","EQ","","listed_large_mid.csv","agent"
"C00852","Deepak Nitrite Limited","Public Limited","Private (Indian)","Gujarat","Vadodara, Gujarat","Chemicals","Specialty Chemicals","Listed-NSE+BSE","DEEPAKNTR","INE288B01029","EQ","","listed_large_mid.csv;state_psu_north_west.csv","agent"
"C00853","Navin Fluorine International Limited","Public Limited","Private (Indian)","Maharashtra","Mumbai, Maharashtra","Chemicals","Fluorochemicals","Listed-NSE+BSE","NAVINFLUOR","INE048G01026","EQ","","listed_large_mid.csv","agent"
"C00854","Tata Chemicals Limited","Public Limited","Private (Indian)","Pan-India","Mumbai, Maharashtra","Chemicals","Soda Ash & Salt","Listed-NSE+BSE","TATACHEM","INE092A01019","EQ","","listed_large_mid.csv","agent"
"C00855","Atul Limited","Public Limited","Private (Indian)","Gujarat","Valsad, Gujarat","Chemicals","Specialty Chemicals","Listed-NSE+BSE","ATUL","INE100A01010","EQ","","listed_large_mid.csv","agent"
"C00856","Vinati Organics Limited","Public Limited","Private (Indian)","Maharashtra","Mumbai, Maharashtra","Chemicals","Specialty Chemicals","Listed-NSE+BSE","VINATIORGA","INE410B01037","EQ","","listed_large_mid.csv","agent"
"C00857","Gujarat Fluorochemicals Limited","Public Limited","Private (Indian)","Gujarat","Vadodara, Gujarat","Chemicals","Fluoropolymers","Listed-NSE+BSE","FLUOROCHEM","INE09N301011","EQ","","listed_large_mid.csv;listed_small_AM.csv;state_psu_north_west.csv","agent"
"C00858","Linde India Limited","Public Limited","MNC Subsidiary","Pan-India","Kolkata, West Bengal","Chemicals","Industrial Gases","Listed-NSE+BSE","LINDEINDIA","INE473A01011","EQ","","listed_large_mid.csv;mnc_foreign.csv","agent"
"C00859","Sumitomo Chemical India Limited","Public Limited","MNC Subsidiary","Pan-India","Mumbai, Maharashtra","Chemicals","Agrochemicals","Listed-NSE+BSE","SUMICHEM","INE258G01013","EQ","","listed_large_mid.csv","agent"
"C00860","Bayer CropScience Limited","Public Limited","MNC Subsidiary","Pan-India","Mumbai, Maharashtra","Chemicals","Agrochemicals","Listed-NSE+BSE","BAYERCROP","INE462A01022","EQ","","listed_large_mid.csv;mnc_foreign.csv","agent"
"C00861","Dhanuka Agritech Limited","Public Limited","Private (Indian)","Haryana","Gurugram, Haryana","Chemicals","Agrochemicals","Listed-NSE+BSE","DHANUKA","INE435G01025","EQ","","listed_large_mid.csv;listed_small_AM.csv","agent"
"C00862","Chambal Fertilisers and Chemicals Limited","Public Limited","Private (Indian)","Rajasthan","Jaipur, Rajasthan","Chemicals","Fertilisers","Listed-NSE+BSE","CHAMBLFERT","INE085A01013","EQ","","listed_large_mid.csv","agent"
"C00863","Coromandel International Limited","Public Limited","Private (Indian)","Pan-India","Secunderabad, Telangana","Chemicals","Fertilisers","Listed-NSE+BSE","COROMANDEL","INE169A01031","EQ","","listed_large_mid.csv","agent"
"C00864","Gujarat State Fertilizers & Chemicals Limited","Government Company (PSU)","State PSU","Gujarat","Vadodara, Gujarat","Chemicals","Fertilisers","Listed-NSE+BSE","GSFC","INE026A01025","EQ","","listed_large_mid.csv;listed_small_AM.csv;state_psu_north_west.csv","agent"
"C00865","Fertilisers and Chemicals Travancore Limited","Government Company (PSU)","Central PSU","Kerala","Kochi, Kerala","Chemicals","Fertilisers","Listed-NSE+BSE","FACT","INE188A01015","EQ","","listed_large_mid.csv","agent"
"C00866","Paradeep Phosphates Limited","Public Limited","Private (Indian)","Odisha","Bhubaneswar, Odisha","Chemicals","Fertilisers","Listed-NSE+BSE","PARADEEP","INE088F01024","EQ","","listed_large_mid.csv","agent"
"C00867","Gujarat Narmada Valley Fertilizers & Chemicals Limited","Government Company (PSU)","State PSU","Gujarat","Bharuch, Gujarat","Chemicals","Fertilisers","Listed-NSE+BSE","GNFC","INE113A01013","EQ","","listed_large_mid.csv;listed_small_AM.csv;state_psu_north_west.csv","agent"
"C00868","Alkyl Amines Chemicals Limited","Public Limited","Private (Indian)","Maharashtra","Mumbai, Maharashtra","Chemicals","Specialty Chemicals","Listed-NSE+BSE","ALKYLAMINE","INE150B01039","EQ","","listed_large_mid.csv;listed_small_AM.csv","agent"
"C00869","Clean Science and Technology Limited","Public Limited","Private (Indian)","Maharashtra","Pune, Maharashtra","Chemicals","Specialty Chemicals","Listed-NSE+BSE","CLEAN","INE227W01023","EQ","","listed_large_mid.csv;listed_small_AM.csv","agent"
"C00870","Fine Organic Industries Limited","Public Limited","Private (Indian)","Maharashtra","Mumbai, Maharashtra","Chemicals","Oleochemical Additives","Listed-NSE+BSE","FINEORG","INE686Y01026","EQ","","listed_large_mid.csv","agent"
"C00871","Tata Communications Limited","Public Limited","Private (Indian)","Pan-India","Mumbai, Maharashtra","Telecommunications","Enterprise Telecom","Listed-NSE+BSE","TATACOMM","INE151A01013","EQ","","listed_large_mid.csv","agent"
"C00872","Vodafone Idea Limited","Public Limited","Private (Indian)","Pan-India","Mumbai, Maharashtra","Telecommunications","Telecom Services","Listed-NSE+BSE","IDEA","INE669E01016","EQ","","listed_large_mid.csv;mnc_foreign.csv","agent"
"C00873","Indus Towers Limited","Public Limited","Private (Indian)","Pan-India","Gurugram, Haryana","Telecommunications","Telecom Towers","Listed-NSE+BSE","INDUSTOWER","INE121J01017","EQ","","listed_large_mid.csv","agent"
"C00874","Bharti Hexacom Limited","Public Limited","Private (Indian)","Rajasthan; Delhi; Assam; North East","New Delhi, Delhi","Telecommunications","Telecom Services","Listed-NSE+BSE","BHARTIHEXA","INE343G01021","EQ","","listed_large_mid.csv","agent"
"C00875","Route Mobile Limited","Public Limited","Private (Indian)","Maharashtra","Mumbai, Maharashtra","Telecommunications","CPaaS","Listed-NSE+BSE","ROUTE","INE450U01017","EQ","","listed_large_mid.csv","agent"
"C00876","Sterlite Technologies","Public Limited","Private (Indian)","Maharashtra","Pune","Telecommunications","Optical fibre and cables","Listed-NSE+BSE","STLTECH","INE089C01029","BE","","listed_large_mid.csv;listed_small_NZ.csv","agent"
"C00877","Vindhya Telelinks","Public Limited","Private (Indian)","Madhya Pradesh","Rewa","Telecommunications","Telecom cables","Listed-NSE+BSE","VINDHYATEL","INE707A01012","EQ","","listed_large_mid.csv;listed_small_NZ.csv","agent"
"C00878","Indraprastha Gas Limited","Government Company (PSU)","Central PSU","Delhi; Uttar Pradesh; Haryana; Rajasthan","New Delhi, Delhi","Energy","City Gas Distribution","Listed-NSE+BSE","IGL","INE203G01027","EQ","","listed_large_mid.csv","agent"
"C00879","Mahanagar Gas Limited","Public Limited","Private (Indian)","Maharashtra","Mumbai, Maharashtra","Energy","City Gas Distribution","Listed-NSE+BSE","MGL","INE002S01010","EQ","","listed_large_mid.csv;state_psu_north_west.csv","agent"
"C00880","Gujarat Gas Limited","Government Company (PSU)","State PSU","Gujarat; Maharashtra; Rajasthan","Ahmedabad, Gujarat","Energy","City Gas Distribution","Listed-NSE+BSE","GUJGASLTD","","","","listed_large_mid.csv;state_psu_north_west.csv","agent"
"C00881","Gujarat State Petronet Limited","Government Company (PSU)","State PSU","Gujarat","Gandhinagar, Gujarat","Energy","Gas Transmission","Listed-NSE+BSE","GSPL","","","","listed_large_mid.csv;state_psu_north_west.csv","agent"
"C00882","Aegis Logistics Limited","Public Limited","Private (Indian)","Maharashtra","Mumbai, Maharashtra","Energy","Gas & Liquid Logistics","Listed-NSE+BSE","AEGISLOG","INE208C01025","EQ","","listed_large_mid.csv;listed_small_AM.csv","agent"
"C00883","Castrol India Limited","Public Limited","MNC Subsidiary","Pan-India","Mumbai, Maharashtra","Energy","Lubricants","Listed-NSE+BSE","CASTROLIND","INE172A01027","EQ","","listed_large_mid.csv;mnc_foreign.csv","agent"
"C00884","Gulf Oil Lubricants India Limited","Public Limited","Private (Indian)","Pan-India","Mumbai, Maharashtra","Energy","Lubricants","Listed-NSE+BSE","GULFOILLUB","INE635Q01029","EQ","","listed_large_mid.csv;listed_small_AM.csv","agent"
"C00885","Adani Enterprises Limited","Public Limited","Private (Indian)","Pan-India","Ahmedabad, Gujarat","Diversified","Conglomerate","Listed-NSE+BSE","ADANIENT","INE423A01024","EQ","","listed_large_mid.csv;state_psu_north_west.csv","agent"
"C00886","Adani Ports and Special Economic Zone Limited","Public Limited","Private (Indian)","Pan-India","Ahmedabad, Gujarat","Infrastructure","Ports & Logistics","Listed-NSE+BSE","ADANIPORTS","INE742F01042","EQ","","listed_large_mid.csv","agent"
"C00887","Adani Power Limited","Public Limited","Private (Indian)","Pan-India","Ahmedabad, Gujarat","Power","Thermal Power","Listed-NSE+BSE","ADANIPOWER","INE814H01029","EQ","","listed_large_mid.csv;state_psu_north_west.csv","agent"
"C00888","Adani Green Energy Limited","Public Limited","Private (Indian)","Pan-India","Ahmedabad, Gujarat","Power","Renewable Energy","Listed-NSE+BSE","ADANIGREEN","INE364U01010","EQ","","listed_large_mid.csv;state_psu_north_west.csv","agent"
"C00889","Adani Energy Solutions Limited","Public Limited","Private (Indian)","Pan-India","Ahmedabad, Gujarat","Power","Transmission","Listed-NSE+BSE","ADANIENSOL","INE931S01010","EQ","","listed_large_mid.csv;state_psu_north_west.csv","agent"
"C00890","Adani Total Gas Limited","Public Limited","Private (Indian)","Gujarat","Ahmedabad, Gujarat","Energy","City Gas Distribution","Listed-NSE+BSE","ATGL","INE399L01023","EQ","","listed_large_mid.csv;state_psu_north_west.csv","agent"
"C00891","Tata Power Company Limited","Public Limited","Private (Indian)","Pan-India","Mumbai, Maharashtra","Power","Integrated Power","Listed-NSE+BSE","TATAPOWER","INE245A01021","EQ","","listed_large_mid.csv;state_psu_north_west.csv","agent"
"C00892","JSW Energy Limited","Public Limited","Private (Indian)","Pan-India","Mumbai, Maharashtra","Power","Integrated Power","Listed-NSE+BSE","JSWENERGY","INE121E01018","EQ","","listed_large_mid.csv","agent"
"C00893","Torrent Power Limited","Public Limited","Private (Indian)","Gujarat; Maharashtra; Uttar Pradesh","Ahmedabad, Gujarat","Power","Integrated Power","Listed-NSE+BSE","TORNTPOWER","INE813H01021","EQ","","listed_large_mid.csv;state_psu_north_west.csv","agent"
"C00894","CESC Limited","Public Limited","Private (Indian)","West Bengal","Kolkata, West Bengal","Power","Power Distribution","Listed-NSE+BSE","CESC","INE486A01021","EQ","","listed_large_mid.csv;state_psu_south_east_ne.csv","agent"
"C00895","IREDA Limited","Government Company (PSU)","Central PSU","Pan-India","New Delhi, Delhi","Financial Services","Renewable Energy Finance","Listed-NSE+BSE","IREDA","INE202E01016","EQ","","listed_large_mid.csv","agent"
"C00896","UltraTech Cement Limited","Public Limited","Private (Indian)","Pan-India","Mumbai, Maharashtra","Cement","Cement","Listed-NSE+BSE","ULTRACEMCO","INE481G01011","EQ","","listed_large_mid.csv","agent"
"C00897","Ambuja Cements Limited","Public Limited","Private (Indian)","Pan-India","Ahmedabad, Gujarat","Cement","Cement","Listed-NSE+BSE","AMBUJACEM","INE079A01024","EQ","","listed_large_mid.csv;state_psu_north_west.csv","agent"
"C00898","ACC Limited","Public Limited","Private (Indian)","Pan-India","Mumbai, Maharashtra","Cement","Cement","Listed-NSE+BSE","ACC","INE012A01025","EQ","","listed_large_mid.csv","agent"
"C00899","Shree Cement Limited","Public Limited","Private (Indian)","Pan-India","Beawar, Rajasthan","Cement","Cement","Listed-NSE+BSE","SHREECEM","INE070A01015","EQ","","listed_large_mid.csv;state_psu_north_west.csv","agent"
"C00900","Dalmia Bharat Limited","Public Limited","Private (Indian)","Pan-India","New Delhi, Delhi","Cement","Cement","Listed-NSE+BSE","DALBHARAT","INE00R701025","EQ","","listed_large_mid.csv","agent"
"C00901","JK Cement Limited","Public Limited","Private (Indian)","Pan-India","Kanpur, Uttar Pradesh","Cement","Cement","Listed-NSE+BSE","JKCEMENT","INE823G01014","EQ","","listed_large_mid.csv;state_psu_north_west.csv","agent"
"C00902","The Ramco Cements Limited","Public Limited","Private (Indian)","Tamil Nadu","Chennai, Tamil Nadu","Cement","Cement","Listed-NSE+BSE","RAMCOCEM","INE331A01037","EQ","","listed_large_mid.csv","agent"
"C00903","JK Lakshmi Cement Limited","Public Limited","Private (Indian)","Rajasthan","Jaipur, Rajasthan","Cement","Cement","Listed-NSE+BSE","JKLAKSHMI","INE786A01032","EQ","","listed_large_mid.csv","agent"
"C00904","Nuvoco Vistas Corporation Limited","Public Limited","Private (Indian)","Maharashtra","Mumbai, Maharashtra","Cement","Cement","Listed-NSE+BSE","NUVOCO","INE118D01016","EQ","","listed_large_mid.csv","agent"
"C00905","Birla Corporation Limited","Public Limited","Private (Indian)","West Bengal","Kolkata, West Bengal","Cement","Cement","Listed-NSE+BSE","BIRLACORPN","INE340A01012","EQ","","listed_large_mid.csv;listed_small_AM.csv;state_psu_north_west.csv","agent"
"C00906","The India Cements Limited","Public Limited","Private (Indian)","Tamil Nadu","Chennai, Tamil Nadu","Cement","Cement","Listed-NSE+BSE","INDIACEM","INE383A01012","EQ","","listed_large_mid.csv","agent"
"C00907","Star Cement Limited","Public Limited","Private (Indian)","West Bengal","Kolkata, West Bengal","Cement","Cement","Listed-NSE+BSE","STARCEMENT","INE460H01021","EQ","","listed_large_mid.csv;listed_small_NZ.csv","agent"
"C00908","Grasim Industries Limited","Public Limited","Private (Indian)","Pan-India","Mumbai, Maharashtra","Diversified","Cement / VSF / Chemicals","Listed-NSE+BSE","GRASIM","INE047A01021","EQ","","listed_large_mid.csv;state_psu_north_west.csv","agent"
"C00909","DLF Limited","Public Limited","Private (Indian)","Pan-India","Gurugram, Haryana","Real Estate","Residential & Commercial","Listed-NSE+BSE","DLF","INE271C01023","EQ","","listed_large_mid.csv;state_psu_north_west.csv","agent"
"C00910","Godrej Properties Limited","Public Limited","Private (Indian)","Pan-India","Mumbai, Maharashtra","Real Estate","Residential","Listed-NSE+BSE","GODREJPROP","INE484J01027","EQ","","listed_large_mid.csv;state_psu_north_west.csv","agent"
"C00911","Macrotech Developers Limited","Public Limited","Private (Indian)","Maharashtra","Mumbai, Maharashtra","Real Estate","Residential","Listed-NSE+BSE","","","","","listed_large_mid.csv","agent"
"C00912","Oberoi Realty Limited","Public Limited","Private (Indian)","Maharashtra","Mumbai, Maharashtra","Real Estate","Residential","Listed-NSE+BSE","OBEROIRLTY","INE093I01010","EQ","","listed_large_mid.csv","agent"
"C00913","Prestige Estates Projects Limited","Public Limited","Private (Indian)","Pan-India","Bengaluru, Karnataka","Real Estate","Residential & Commercial","Listed-NSE+BSE","PRESTIGE","INE811K01011","EQ","","listed_large_mid.csv","agent"
"C00914","Phoenix Mills Limited","Public Limited","Private (Indian)","Pan-India","Mumbai, Maharashtra","Real Estate","Retail Malls","Listed-NSE+BSE","PHOENIXLTD","INE211B01039","EQ","","listed_large_mid.csv","agent"
"C00915","Brigade Enterprises Limited","Public Limited","Private (Indian)","Karnataka","Bengaluru, Karnataka","Real Estate","Residential & Commercial","Listed-NSE+BSE","BRIGADE","INE791I01019","EQ","","listed_large_mid.csv","agent"
"C00916","Sobha Limited","Public Limited","Private (Indian)","Karnataka","Bengaluru, Karnataka","Real Estate","Residential","Listed-NSE+BSE","SOBHA","INE671H01015","EQ","","listed_large_mid.csv","agent"
"C00917","Raymond Realty Limited","Public Limited","Private (Indian)","Maharashtra","Thane, Maharashtra","Real Estate","Residential","Listed-NSE+BSE","RAYMONDREL","INE1SY401010","EQ","","listed_large_mid.csv","agent"
"C00918","Anant Raj Limited","Public Limited","Private (Indian)","Delhi","New Delhi, Delhi","Real Estate","Residential & Data Centres","Listed-NSE+BSE","ANANTRAJ","INE242C01024","EQ","","listed_large_mid.csv;listed_small_AM.csv","agent"
"C00919","Mahindra Lifespace Developers Limited","Public Limited","Private (Indian)","Maharashtra","Mumbai, Maharashtra","Real Estate","Residential","Listed-NSE+BSE","MAHLIFE","INE813A01018","EQ","","listed_large_mid.csv","agent"
"C00920","Signatureglobal (India) Limited","Public Limited","Private (Indian)","Haryana","Gurugram, Haryana","Real Estate","Residential","Listed-NSE+BSE","SIGNATURE","INE903U01023","EQ","","listed_large_mid.csv","agent"
"C00921","Embassy Developments Limited","Public Limited","Private (Indian)","Karnataka","Bengaluru, Karnataka","Real Estate","Residential","Listed-NSE+BSE","EMBDL","INE069I01010","EQ","","listed_large_mid.csv","agent"
"C00922","Aditya Birla Real Estate Limited","Public Limited","Private (Indian)","Maharashtra","Mumbai, Maharashtra","Real Estate","Real Estate","Listed-NSE+BSE","ABREL","INE055A01016","EQ","","listed_large_mid.csv","agent"
"C00923","Godrej Industries Limited","Public Limited","Private (Indian)","Pan-India","Mumbai, Maharashtra","Diversified","Chemicals / Financial","Listed-NSE+BSE","GODREJIND","INE233A01035","EQ","","listed_large_mid.csv","agent"
"C00924","IRB Infrastructure Developers Limited","Public Limited","Private (Indian)","Pan-India","Mumbai, Maharashtra","Infrastructure","Road Concessions","Listed-NSE+BSE","IRB","INE821I01022","EQ","","listed_large_mid.csv","agent"
"C00925","KNR Constructions Limited","Public Limited","Private (Indian)","Telangana","Hyderabad, Telangana","Infrastructure","Construction","Listed-NSE+BSE","KNRCON","INE634I01029","EQ","","listed_large_mid.csv;listed_small_AM.csv","agent"
"C00926","NCC Limited","Public Limited","Private (Indian)","Telangana","Hyderabad, Telangana","Infrastructure","Construction","Listed-NSE+BSE","NCC","INE868B01028","EQ","","listed_large_mid.csv","agent"
"C00927","KEC International Limited","Public Limited","Private (Indian)","Pan-India","Mumbai, Maharashtra","Infrastructure","EPC","Listed-NSE+BSE","KEC","INE389H01022","EQ","","listed_large_mid.csv","agent"
"C00928","Kalpataru Projects International Limited","Public Limited","Private (Indian)","Pan-India","Gandhinagar, Gujarat","Infrastructure","EPC","Listed-NSE+BSE","KPIL","INE220B01022","EQ","","listed_large_mid.csv","agent"
"C00929","GMR Airports Limited","Public Limited","Private (Indian)","Delhi","New Delhi, Delhi","Infrastructure","Airports","Listed-NSE+BSE","GMRAIRPORT","INE776C01039","EQ","","listed_large_mid.csv","agent"
"C00930","Great Eastern Shipping Company Limited","Public Limited","Private (Indian)","Maharashtra","Mumbai, Maharashtra","Infrastructure","Shipping","Listed-NSE+BSE","GESHIP","INE017A01032","EQ","","listed_large_mid.csv","agent"
"C00931","Gujarat Pipavav Port Limited","Public Limited","Private (Indian)","Maharashtra","Mumbai, Maharashtra","Infrastructure","Ports","Listed-NSE+BSE","GPPL","INE517F01014","EQ","","listed_large_mid.csv;listed_small_AM.csv;state_psu_north_west.csv","agent"
"C00932","Blue Dart Express Limited","Public Limited","Private (Indian)","Pan-India","Mumbai, Maharashtra","Logistics","Express Logistics","Listed-NSE+BSE","BLUEDART","INE233B01017","EQ","","listed_large_mid.csv;mnc_foreign.csv","agent"
"C00933","Delhivery Limited","Public Limited","Private (Indian)","Pan-India","Gurugram, Haryana","Logistics","Logistics","Listed-NSE+BSE","DELHIVERY","INE148O01028","EQ","","listed_large_mid.csv;state_psu_north_west.csv","agent"
"C00934","InterGlobe Aviation Limited","Public Limited","Private (Indian)","Pan-India","Gurugram, Haryana","Aviation","Airline","Listed-NSE+BSE","INDIGO","INE646L01027","EQ","","listed_large_mid.csv","agent"
"C00935","SpiceJet Limited","Public Limited","Private (Indian)","Pan-India","Gurugram, Haryana","Aviation","Airline","Listed-NSE+BSE","SPICEJET","","","","listed_large_mid.csv;listed_small_NZ.csv","agent"
"C00936","Eternal Limited (formerly Zomato Limited)","Public Limited","Private (Indian)","Pan-India","Gurugram, Haryana","Consumer Services","Food Delivery & Quick Commerce","Listed-NSE+BSE","ETERNAL","INE758T01015","EQ","","listed_large_mid.csv","agent"
"C00937","Swiggy Limited","Public Limited","Private (Indian)","Pan-India","Bengaluru, Karnataka","Consumer Services","Food Delivery & Quick Commerce","Listed-NSE+BSE","SWIGGY","INE00H001014","EQ","","listed_large_mid.csv;state_psu_south_east_ne.csv","agent"
"C00938","FSN E-Commerce Ventures Limited","Public Limited","Private (Indian)","Pan-India","Mumbai, Maharashtra","Consumer Services","E-commerce (Beauty)","Listed-NSE+BSE","NYKAA","INE388Y01029","EQ","","listed_large_mid.csv","agent"
"C00939","One 97 Communications Limited","Public Limited","Private (Indian)","Pan-India","Noida, Uttar Pradesh","Financial Services","Fintech","Listed-NSE+BSE","PAYTM","INE982J01020","EQ","","listed_large_mid.csv","agent"
"C00940","PB Fintech Limited","Public Limited","Private (Indian)","Pan-India","Gurugram, Haryana","Financial Services","Insurance Marketplace","Listed-NSE+BSE","POLICYBZR","INE417T01026","EQ","","listed_large_mid.csv","agent"
"C00941","Info Edge (India) Limited","Public Limited","Private (Indian)","Pan-India","Noida, Uttar Pradesh","Consumer Services","Online Classifieds","Listed-NSE+BSE","NAUKRI","INE663F01032","EQ","","listed_large_mid.csv;state_psu_north_west.csv","agent"
"C00942","Lenskart Solutions Limited","Public Limited","Private (Indian)","Pan-India","New Delhi, Delhi","Consumer Services","Eyewear Retail","Listed-NSE+BSE","LENSKART","INE956O01016","EQ","","listed_large_mid.csv","agent"
"C00943","Groww (Billionbrains Garage Ventures Limited)","Public Limited","Private (Indian)","Pan-India","Bengaluru, Karnataka","Financial Services","Broking / Fintech","Listed-NSE+BSE","","","","","listed_large_mid.csv","agent"
"C00944","Meesho Limited","Public Limited","Private (Indian)","Pan-India","Bengaluru, Karnataka","Consumer Services","E-commerce","Listed-NSE+BSE","MEESHO","INE0VDM01015","EQ","","listed_large_mid.csv","agent"
"C00945","Nazara Technologies Limited","Public Limited","Private (Indian)","Maharashtra","Mumbai, Maharashtra","Media & Entertainment","Gaming","Listed-NSE+BSE","NAZARA","INE418L01047","EQ","","listed_large_mid.csv","agent"
"C00946","Avenue Supermarts Limited","Public Limited","Private (Indian)","Pan-India","Mumbai, Maharashtra","Retail","Supermarkets","Listed-NSE+BSE","DMART","INE192R01011","EQ","","listed_large_mid.csv","agent"
"C00947","Trent Limited","Public Limited","Private (Indian)","Pan-India","Mumbai, Maharashtra","Retail","Fashion Retail","Listed-NSE+BSE","TRENT","INE849A01020","EQ","","listed_large_mid.csv","agent"
"C00948","Aditya Birla Fashion and Retail Limited","Public Limited","Private (Indian)","Pan-India","Bengaluru, Karnataka","Retail","Fashion Retail","Listed-NSE+BSE","ABFRL","INE647O01011","EQ","","listed_large_mid.csv","agent"
"C00949","Vedant Fashions Limited","Public Limited","Private (Indian)","Pan-India","Kolkata, West Bengal","Retail","Ethnic Wear","Listed-NSE+BSE","MANYAVAR","INE825V01034","EQ","","listed_large_mid.csv","agent"
"C00950","Shoppers Stop Limited","Public Limited","Private (Indian)","Pan-India","Mumbai, Maharashtra","Retail","Department Stores","Listed-NSE+BSE","SHOPERSTOP","INE498B01024","EQ","","listed_large_mid.csv;listed_small_NZ.csv","agent"
"C00951","V-Mart Retail Limited","Public Limited","Private (Indian)","Pan-India","Gurugram, Haryana","Retail","Value Fashion","Listed-NSE+BSE","VMART","INE665J01013","EQ","","listed_large_mid.csv;listed_small_NZ.csv","agent"
"C00952","Page Industries Limited","Public Limited","Private (Indian)","Pan-India","Bengaluru, Karnataka","Textiles & Apparel","Innerwear","Listed-NSE+BSE","PAGEIND","INE761H01022","EQ","","listed_large_mid.csv","agent"
"C00953","Relaxo Footwears Limited","Public Limited","Private (Indian)","Pan-India","New Delhi, Delhi","Consumer Durables","Footwear","Listed-NSE+BSE","RELAXO","INE131B01039","EQ","","listed_large_mid.csv","agent"
"C00954","Metro Brands Limited","Public Limited","Private (Indian)","Pan-India","Mumbai, Maharashtra","Retail","Footwear Retail","Listed-NSE+BSE","METROBRAND","INE317I01021","EQ","","listed_large_mid.csv","agent"
"C00955","Campus Activewear Limited","Public Limited","Private (Indian)","Pan-India","New Delhi, Delhi","Consumer Durables","Footwear","Listed-NSE+BSE","CAMPUS","INE278Y01022","EQ","","listed_large_mid.csv","agent"
"C00956","Devyani International Limited","Public Limited","Private (Indian)","Pan-India","Gurugram, Haryana","Consumer Services","Quick Service Restaurants","Listed-NSE+BSE","DEVYANI","INE872J01023","EQ","","listed_large_mid.csv","agent"
"C00957","Jubilant Foodworks Limited","Public Limited","Private (Indian)","Pan-India","Noida, Uttar Pradesh","Consumer Services","Quick Service Restaurants","Listed-NSE+BSE","JUBLFOOD","INE797F01020","EQ","","listed_large_mid.csv;state_psu_north_west.csv","agent"
"C00958","Sapphire Foods India Limited","Public Limited","Private (Indian)","Maharashtra","Mumbai, Maharashtra","Consumer Services","Quick Service Restaurants","Listed-NSE+BSE","SAPPHIRE","INE806T01020","EQ","","listed_large_mid.csv","agent"
"C00959","Westlife Foodworld Limited","Public Limited","Private (Indian)","Maharashtra","Mumbai, Maharashtra","Consumer Services","Quick Service Restaurants","Listed-NSE+BSE","WESTLIFE","INE274F01020","EQ","","listed_large_mid.csv","agent"
"C00960","The Indian Hotels Company Limited","Public Limited","Private (Indian)","Pan-India","Mumbai, Maharashtra","Hospitality","Hotels","Listed-NSE+BSE","INDHOTEL","INE053A01029","EQ","","listed_large_mid.csv","agent"
"C00961","EIH Limited","Public Limited","Private (Indian)","Pan-India","New Delhi, Delhi","Hospitality","Hotels","Listed-NSE+BSE","EIHOTEL","INE230A01023","EQ","","listed_large_mid.csv","agent"
"C00962","Lemon Tree Hotels Limited","Public Limited","Private (Indian)","Pan-India","New Delhi, Delhi","Hospitality","Hotels","Listed-NSE+BSE","LEMONTREE","INE970X01018","EQ","","listed_large_mid.csv","agent"
"C00963","Chalet Hotels Limited","Public Limited","Private (Indian)","Maharashtra","Mumbai, Maharashtra","Hospitality","Hotels","Listed-NSE+BSE","CHALET","INE427F01016","EQ","","listed_large_mid.csv;listed_small_AM.csv","agent"
"C00964","Juniper Hotels Limited","Public Limited","Private (Indian)","Maharashtra","Mumbai, Maharashtra","Hospitality","Hotels","Listed-NSE+BSE","JUNIPER","INE696F01016","EQ","","listed_large_mid.csv","agent"
"C00965","ITC Hotels Limited","Public Limited","Private (Indian)","Pan-India","Gurugram, Haryana","Hospitality","Hotels","Listed-NSE+BSE","ITCHOTELS","INE379A01028","EQ","","listed_large_mid.csv","agent"
"C00966","Thomas Cook (India) Limited","Public Limited","Private (Indian)","Pan-India","Mumbai, Maharashtra","Consumer Services","Travel Services","Listed-NSE+BSE","THOMASCOOK","INE332A01027","EQ","","listed_large_mid.csv;listed_small_NZ.csv","agent"
"C00967","Easy Trip Planners Limited","Public Limited","Private (Indian)","Pan-India","New Delhi, Delhi","Consumer Services","Travel","Listed-NSE+BSE","EASEMYTRIP","INE07O001026","EQ","","listed_large_mid.csv","agent"
"C00968","Ixigo (Le Travenues Technology Limited)","Public Limited","Private (Indian)","Pan-India","Gurugram, Haryana","Consumer Services","Travel","Listed-NSE+BSE","","","","","listed_large_mid.csv","agent"
"C00969","PVR INOX Limited","Public Limited","Private (Indian)","Pan-India","Mumbai, Maharashtra","Media & Entertainment","Multiplexes","Listed-NSE+BSE","PVRINOX","INE191H01014","EQ","","listed_large_mid.csv","agent"
"C00970","Zee Entertainment Enterprises Limited","Public Limited","Private (Indian)","Pan-India","Mumbai, Maharashtra","Media & Entertainment","Broadcasting","Listed-NSE+BSE","ZEEL","INE256A01028","EQ","","listed_large_mid.csv;state_psu_north_west.csv","agent"
"C00971","Sun TV Network Limited","Public Limited","Private (Indian)","Pan-India","Chennai, Tamil Nadu","Media & Entertainment","Broadcasting","Listed-NSE+BSE","SUNTV","INE424H01027","EQ","","listed_large_mid.csv","agent"
"C00972","Network18 Media & Investments Limited","Public Limited","Private (Indian)","Pan-India","Noida, Uttar Pradesh","Media & Entertainment","Broadcasting","Listed-NSE+BSE","NETWORK18","INE870H01013","EQ","","listed_large_mid.csv","agent"
"C00973","TV18 Broadcast Limited","Public Limited","Private (Indian)","Pan-India","Mumbai, Maharashtra","Media & Entertainment","Broadcasting","Listed-NSE+BSE","TV18BRDCST","","","","listed_large_mid.csv;listed_small_NZ.csv","agent"
"C00974","Saregama India Limited","Public Limited","Private (Indian)","Pan-India","Kolkata, West Bengal","Media & Entertainment","Music","Listed-NSE+BSE","SAREGAMA","INE979A01025","EQ","","listed_large_mid.csv","agent"
"C00975","Tips Music Limited","Public Limited","Private (Indian)","Pan-India","Mumbai, Maharashtra","Media & Entertainment","Music","Listed-NSE+BSE","TIPSMUSIC","INE716B01029","EQ","","listed_large_mid.csv;listed_small_NZ.csv","agent"
"C00976","Jagran Prakashan Limited","Public Limited","Private (Indian)","Uttar Pradesh","Kanpur, Uttar Pradesh","Media & Entertainment","Print Media","Listed-NSE+BSE","JAGRAN","INE199G01027","EQ","","listed_large_mid.csv;listed_small_AM.csv","agent"
"C00977","Dish TV India Limited","Public Limited","Private (Indian)","Pan-India","Noida, Uttar Pradesh","Media & Entertainment","DTH","Listed-NSE+BSE","DISHTV","INE836F01026","EQ","","listed_large_mid.csv;listed_small_AM.csv","agent"
"C00978","CAMS (Computer Age Management Services Limited)","Public Limited","Private (Indian)","Pan-India","Chennai, Tamil Nadu","Financial Services","Registrar","Listed-NSE+BSE","CAMS","INE596I01020","EQ","","listed_large_mid.csv","agent"
"C00979","Bajaj Electricals Limited","Public Limited","Private (Indian)","Pan-India","Mumbai, Maharashtra","Consumer Durables","Electricals","Listed-NSE+BSE","BAJAJELEC","INE193E01025","EQ","","listed_large_mid.csv","agent"
"C00980","Kajaria Ceramics Limited","Public Limited","Private (Indian)","Pan-India","New Delhi, Delhi","Building Materials","Tiles","Listed-NSE+BSE","KAJARIACER","INE217B01036","EQ","","listed_large_mid.csv","agent"
"C00981","Somany Ceramics Limited","Public Limited","Private (Indian)","Pan-India","Kolkata, West Bengal","Building Materials","Tiles","Listed-NSE+BSE","SOMANYCERA","INE355A01028","EQ","","listed_large_mid.csv;listed_small_NZ.csv","agent"
"C00982","Cera Sanitaryware Limited","Public Limited","Private (Indian)","Pan-India","Gurugram, Haryana","Building Materials","Sanitaryware","Listed-NSE+BSE","CERA","INE739E01017","EQ","","listed_large_mid.csv","agent"
"C00983","Astral Limited","Public Limited","Private (Indian)","Pan-India","Ahmedabad, Gujarat","Building Materials","Pipes & Adhesives","Listed-NSE+BSE","ASTRAL","INE006I01046","EQ","","listed_large_mid.csv;state_psu_north_west.csv","agent"
"C00984","Supreme Industries Limited","Public Limited","Private (Indian)","Pan-India","Mumbai, Maharashtra","Building Materials","Plastic Products","Listed-NSE+BSE","SUPREMEIND","INE195A01028","EQ","","listed_large_mid.csv","agent"
"C00985","Finolex Industries Limited","Public Limited","Private (Indian)","Pan-India","Pune, Maharashtra","Building Materials","PVC Pipes","Listed-NSE+BSE","FINPIPE","INE183A01024","EQ","","listed_large_mid.csv","agent"
"C00986","Prince Pipes and Fittings Limited","Public Limited","Private (Indian)","Maharashtra","Mumbai, Maharashtra","Building Materials","Pipes","Listed-NSE+BSE","PRINCEPIPE","INE689W01016","EQ","","listed_large_mid.csv;listed_small_NZ.csv","agent"
"C00987","Century Plyboards (India) Limited","Public Limited","Private (Indian)","Pan-India","Kolkata, West Bengal","Building Materials","Plywood","Listed-NSE+BSE","CENTURYPLY","INE348B01021","EQ","","listed_large_mid.csv;listed_small_AM.csv;state_psu_south_east_ne.csv","agent"
"C00988","Greenply Industries Limited","Public Limited","Private (Indian)","West Bengal","Kolkata, West Bengal","Building Materials","Plywood","Listed-NSE+BSE","GREENPLY","INE461C01038","EQ","","listed_large_mid.csv;listed_small_AM.csv","agent"
"C00989","Hindustan Construction Company Limited","Public Limited","Private (Indian)","Maharashtra","Mumbai, Maharashtra","Infrastructure","Construction","Listed-NSE+BSE","HCC","INE549A01026","EQ","","listed_large_mid.csv","agent"
"C00990","PNC Infratech Limited","Public Limited","Private (Indian)","Uttar Pradesh","Agra, Uttar Pradesh","Infrastructure","Road Construction","Listed-NSE+BSE","PNCINFRA","INE195J01029","EQ","","listed_large_mid.csv","agent"
"C00991","H.G. Infra Engineering Limited","Public Limited","Private (Indian)","Rajasthan","Jaipur, Rajasthan","Infrastructure","Road Construction","Listed-NSE+BSE","HGINFRA","INE926X01010","EQ","","listed_large_mid.csv","agent"
"C00992","Techno Electric & Engineering Company Limited","Public Limited","Private (Indian)","West Bengal","Kolkata, West Bengal","Infrastructure","EPC","Listed-NSE+BSE","TECHNOE","INE285K01026","EQ","","listed_large_mid.csv","agent"
"C00993","Welspun Living Limited","Public Limited","Private (Indian)","Pan-India","Mumbai, Maharashtra","Textiles & Apparel","Home Textiles","Listed-NSE+BSE","WELSPUNLIV","INE192B01031","EQ","","listed_large_mid.csv;state_psu_north_west.csv","agent"
"C00994","KPR Mill Limited","Public Limited","Private (Indian)","Tamil Nadu","Coimbatore, Tamil Nadu","Textiles & Apparel","Textiles","Listed-NSE+BSE","KPRMILL","INE930H01031","EQ","","listed_large_mid.csv","agent"
"C00995","Trident Limited","Public Limited","Private (Indian)","Punjab","Ludhiana, Punjab","Textiles & Apparel","Home Textiles","Listed-NSE+BSE","TRIDENT","INE064C01022","EQ","","listed_large_mid.csv;listed_small_NZ.csv;state_psu_north_west.csv","agent"
"C00996","Vardhman Textiles Limited","Public Limited","Private (Indian)","Punjab","Ludhiana, Punjab","Textiles & Apparel","Yarn","Listed-NSE+BSE","VTL","INE825A01020","EQ","","listed_large_mid.csv;state_psu_north_west.csv","agent"
"C00997","Raymond Limited","Public Limited","Private (Indian)","Pan-India","Thane, Maharashtra","Textiles & Apparel","Textiles","Listed-NSE+BSE","RAYMOND","INE301A01014","EQ","","listed_large_mid.csv","agent"
"C00998","Gokaldas Exports Limited","Public Limited","Private (Indian)","Karnataka","Bengaluru, Karnataka","Textiles & Apparel","Garments","Listed-NSE+BSE","GOKEX","INE887G01027","EQ","","listed_large_mid.csv","agent"
"C00999","Arvind Limited","Public Limited","Private (Indian)","Gujarat","Ahmedabad, Gujarat","Textiles & Apparel","Textiles","Listed-NSE+BSE","ARVIND","INE034A01011","EQ","","listed_large_mid.csv;state_psu_north_west.csv","agent"
"C01000","Godrej Agrovet Limited","Public Limited","Private (Indian)","Pan-India","Mumbai, Maharashtra","Agriculture","Animal Feed & Agri Inputs","Listed-NSE+BSE","GODREJAGRO","INE850D01014","EQ","","listed_large_mid.csv","agent"
"C01001","Balrampur Chini Mills Limited","Public Limited","Private (Indian)","West Bengal; Uttar Pradesh","Kolkata, West Bengal","Agriculture","Sugar","Listed-NSE+BSE","BALRAMCHIN","INE119A01028","EQ","","listed_large_mid.csv;state_psu_north_west.csv","agent"
"C01002","Triveni Engineering & Industries Limited","Public Limited","Private (Indian)","Uttar Pradesh","Noida, Uttar Pradesh","Agriculture","Sugar","Listed-NSE+BSE","TRIVENI","INE256C01024","EQ","","listed_large_mid.csv;listed_small_NZ.csv;state_psu_north_west.csv","agent"
"C01003","EID Parry (India) Limited","Public Limited","Private (Indian)","Tamil Nadu","Chennai, Tamil Nadu","Agriculture","Sugar / Nutraceuticals","Listed-NSE+BSE","EIDPARRY","INE126A01031","EQ","","listed_large_mid.csv;listed_small_AM.csv","agent"
"C01004","KRBL Limited","Public Limited","Private (Indian)","Pan-India","Noida, Uttar Pradesh","Agriculture","Basmati Rice","Listed-NSE+BSE","KRBL","INE001B01026","EQ","","listed_large_mid.csv;listed_small_AM.csv","agent"
"C01005","LT Foods Limited","Public Limited","Private (Indian)","Pan-India","Gurugram, Haryana","Agriculture","Basmati Rice","Listed-NSE+BSE","LTFOODS","INE818H01020","EQ","","listed_large_mid.csv;listed_small_AM.csv","agent"
"C01006","Avanti Feeds Limited","Public Limited","Private (Indian)","Telangana","Hyderabad, Telangana","Agriculture","Aquaculture Feed","Listed-NSE+BSE","AVANTIFEED","INE871C01038","EQ","","listed_large_mid.csv;listed_small_AM.csv","agent"
"C01007","CCL Products (India) Limited","Public Limited","Private (Indian)","Telangana","Hyderabad, Telangana","Agriculture","Instant Coffee","Listed-NSE+BSE","CCL","INE421D01022","EQ","","listed_large_mid.csv","agent"
"C01008","Gujarat Ambuja Exports Limited","Public Limited","Private (Indian)","Gujarat","Ahmedabad, Gujarat","Agriculture","Agro Processing","Listed-NSE+BSE","GAEL","INE036B01030","EQ","","listed_large_mid.csv;listed_small_AM.csv","agent"
"C01009","Rallis India Limited","Public Limited","Private (Indian)","Pan-India","Mumbai, Maharashtra","Chemicals","Agrochemicals","Listed-NSE+BSE","RALLIS","INE613A01020","EQ","","listed_large_mid.csv;listed_small_NZ.csv","agent"
"C01010","Sharda Cropchem Limited","Public Limited","Private (Indian)","Maharashtra","Mumbai, Maharashtra","Chemicals","Agrochemicals","Listed-NSE+BSE","SHARDACROP","INE221J01015","EQ","","listed_large_mid.csv;listed_small_NZ.csv","agent"
"C01011","Jubilant Ingrevia Limited","Public Limited","Private (Indian)","Uttar Pradesh","Noida, Uttar Pradesh","Chemicals","Life Science Chemicals","Listed-NSE+BSE","JUBLINGREA","INE0BY001018","EQ","","listed_large_mid.csv","agent"
"C01012","Jubilant Pharmova Limited","Public Limited","Private (Indian)","Uttar Pradesh","Noida, Uttar Pradesh","Pharmaceuticals","Formulations","Listed-NSE+BSE","JUBLPHARMA","INE700A01033","EQ","","listed_large_mid.csv","agent"
"C01013","Tata Technologies Limited","Public Limited","Private (Indian)","Pan-India","Pune, Maharashtra","Information Technology","Engineering Services","Listed-NSE+BSE","TATATECH","INE142M01025","EQ","","listed_large_mid.csv","agent"
"C01014","Affle (India) Limited","Public Limited","Private (Indian)","Pan-India","Gurugram, Haryana","Information Technology","Ad Tech","Listed-NSE+BSE","AFFLE","INE00WC01027","EQ","","listed_large_mid.csv","agent"
"C01015","Happiest Minds Technologies Limited","Public Limited","Private (Indian)","Pan-India","Bengaluru, Karnataka","Information Technology","IT Services","Listed-NSE+BSE","HAPPSTMNDS","INE419U01012","EQ","","listed_large_mid.csv","agent"
"C01016","Intellect Design Arena Limited","Public Limited","Private (Indian)","Pan-India","Chennai, Tamil Nadu","Information Technology","Software Products","Listed-NSE+BSE","INTELLECT","INE306R01017","EQ","","listed_large_mid.csv;listed_small_AM.csv","agent"
"C01017","Tanla Platforms Limited","Public Limited","Private (Indian)","Pan-India","Hyderabad, Telangana","Information Technology","CPaaS","Listed-NSE+BSE","TANLA","INE483C01032","EQ","","listed_large_mid.csv;listed_small_NZ.csv","agent"
"C01018","Newgen Software Technologies Limited","Public Limited","Private (Indian)","Pan-India","New Delhi, Delhi","Information Technology","Software Products","Listed-NSE+BSE","NEWGEN","INE619B01017","EQ","","listed_large_mid.csv","agent"
"C01019","Latent View Analytics Limited","Public Limited","Private (Indian)","Tamil Nadu","Chennai, Tamil Nadu","Information Technology","Analytics","Listed-NSE+BSE","LATENTVIEW","INE0I7C01011","EQ","","listed_large_mid.csv","agent"
"C01020","CE Info Systems Limited","Public Limited","Private (Indian)","Pan-India","New Delhi, Delhi","Information Technology","Digital Maps","Listed-NSE+BSE","MAPMYINDIA","INE0BV301023","EQ","","listed_large_mid.csv","agent"
"C01021","Firstsource Solutions Limited","Public Limited","Private (Indian)","Pan-India","Mumbai, Maharashtra","Information Technology","BPO","Listed-NSE+BSE","FSL","INE684F01012","EQ","","listed_large_mid.csv","agent"
"C01022","eClerx Services Limited","Public Limited","Private (Indian)","Pan-India","Mumbai, Maharashtra","Information Technology","BPO / Analytics","Listed-NSE+BSE","ECLERX","INE738I01010","EQ","","listed_large_mid.csv","agent"
"C01023","Inventurus Knowledge Solutions Limited","Public Limited","Private (Indian)","Maharashtra","Mumbai, Maharashtra","Information Technology","Healthcare IT","Listed-NSE+BSE","IKS","INE115Q01022","EQ","","listed_large_mid.csv","agent"
"C01024","Netweb Technologies India Limited","Public Limited","Private (Indian)","Haryana","Faridabad, Haryana","Information Technology","Servers","Listed-NSE+BSE","NETWEB","INE0NT901020","EQ","","listed_large_mid.csv","agent"
"C01025","Kaynes Technology India Limited","Public Limited","Private (Indian)","Karnataka","Mysuru, Karnataka","Capital Goods","Electronics Manufacturing","Listed-NSE+BSE","KAYNES","INE918Z01012","EQ","","listed_large_mid.csv","agent"
"C01026","Amber Enterprises India Limited","Public Limited","Private (Indian)","Pan-India","Gurugram, Haryana","Consumer Durables","Room AC Components","Listed-NSE+BSE","AMBER","INE371P01015","EQ","","listed_large_mid.csv","agent"
"C01027","Syrma SGS Technology Limited","Public Limited","Private (Indian)","Tamil Nadu","Chennai, Tamil Nadu","Capital Goods","Electronics Manufacturing","Listed-NSE+BSE","SYRMA","INE0DYJ01015","EQ","","listed_large_mid.csv","agent"
"C01028","Cello World Limited","Public Limited","Private (Indian)","Pan-India","Mumbai, Maharashtra","Consumer Durables","Consumerware","Listed-NSE+BSE","CELLO","INE0LMW01024","EQ","","listed_large_mid.csv","agent"
"C01029","Safari Industries (India) Limited","Public Limited","Private (Indian)","Pan-India","Mumbai, Maharashtra","Consumer Durables","Luggage","Listed-NSE+BSE","SAFARI","INE429E01023","EQ","","listed_large_mid.csv","agent"
"C01030","Symphony Limited","Public Limited","Private (Indian)","Pan-India","Ahmedabad, Gujarat","Consumer Durables","Air Coolers","Listed-NSE+BSE","SYMPHONY","INE225D01027","EQ","","listed_large_mid.csv;state_psu_north_west.csv","agent"
"C01031","Orient Electric Limited","Public Limited","Private (Indian)","Pan-India","New Delhi, Delhi","Consumer Durables","Fans & Appliances","Listed-NSE+BSE","ORIENTELEC","INE142Z01019","EQ","","listed_large_mid.csv;listed_small_NZ.csv","agent"
"C01032","Mahindra Holidays & Resorts India Limited","Public Limited","Private (Indian)","Pan-India","Chennai, Tamil Nadu","Hospitality","Timeshare","Listed-NSE+BSE","MHRIL","INE998I01010","EQ","","listed_large_mid.csv","agent"
"C01033","Indiamart Intermesh Limited","Public Limited","Private (Indian)","Pan-India","Noida, Uttar Pradesh","Consumer Services","B2B Marketplace","Listed-NSE+BSE","INDIAMART","INE933S01016","EQ","","listed_large_mid.csv","agent"
"C01034","Just Dial Limited","Public Limited","Private (Indian)","Pan-India","Mumbai, Maharashtra","Consumer Services","Local Search","Listed-NSE+BSE","JUSTDIAL","INE599M01018","EQ","","listed_large_mid.csv","agent"
"C01035","Redington Limited","Public Limited","Private (Indian)","Pan-India","Chennai, Tamil Nadu","Trading & Distribution","IT Distribution","Listed-NSE+BSE","REDINGTON","INE891D01026","EQ","","listed_large_mid.csv","agent"
"C01036","Time Technoplast Limited","Public Limited","Private (Indian)","Maharashtra","Mumbai, Maharashtra","Building Materials","Polymer Products","Listed-NSE+BSE","TIMETECHNO","INE508G01029","EQ","","listed_large_mid.csv;listed_small_NZ.csv","agent"
"C01037","Rajesh Exports Limited","Public Limited","Private (Indian)","Karnataka","Bengaluru, Karnataka","Consumer Durables","Jewellery","Listed-NSE+BSE","RAJESHEXPO","INE343B01030","BZ","","listed_large_mid.csv;listed_small_NZ.csv","agent"
"C01038","Mahindra CIE Automotive Limited","Public Limited","MNC Subsidiary","Maharashtra","Pune, Maharashtra","Automobile","Auto Components","Listed-NSE+BSE","MAHINDCIE","","","","listed_large_mid.csv","agent"
"C01039","Varroc Engineering Limited","Public Limited","Private (Indian)","Maharashtra","Aurangabad, Maharashtra","Automobile","Auto Components","Listed-NSE+BSE","VARROC","INE665L01035","EQ","","listed_large_mid.csv","agent"
"C01040","Gabriel India Limited","Public Limited","Private (Indian)","Maharashtra","Pune, Maharashtra","Automobile","Auto Components","Listed-NSE+BSE","GABRIEL","INE524A01029","EQ","","listed_large_mid.csv","agent"
"C01041","Subros Limited","Public Limited","Private (Indian)","Delhi","New Delhi, Delhi","Automobile","Auto Components","Listed-NSE+BSE","SUBROS","INE287B01021","EQ","","listed_large_mid.csv;listed_small_NZ.csv","agent"
"C01042","Jamna Auto Industries Limited","Public Limited","Private (Indian)","Haryana","Yamunanagar, Haryana","Automobile","Auto Components","Listed-NSE+BSE","JAMNAAUTO","INE039C01032","EQ","","listed_large_mid.csv;listed_small_AM.csv","agent"
"C01043","Craftsman Automation Limited","Public Limited","Private (Indian)","Tamil Nadu","Coimbatore, Tamil Nadu","Automobile","Auto Components","Listed-NSE+BSE","CRAFTSMAN","INE00LO01017","EQ","","listed_large_mid.csv","agent"
"C01044","Shyam Metalics and Energy Limited","Public Limited","Private (Indian)","West Bengal","Kolkata, West Bengal","Metals & Mining","Steel","Listed-NSE+BSE","SHYAMMETL","INE810G01011","EQ","","listed_large_mid.csv","agent"
"C01045","Ramkrishna Forgings Limited","Public Limited","Private (Indian)","West Bengal","Kolkata, West Bengal","Automobile","Forgings","Listed-NSE+BSE","RKFORGE","INE399G01023","EQ","","listed_large_mid.csv","agent"
"C01046","Aarvee Denims & Exports Ltd","Public Limited","Private (Indian)","Gujarat","Ahmedabad","Textiles","Denim fabric","Listed-NSE+BSE","AARVEEDEN","","","","listed_small_AM.csv","agent"
"C01047","ABC Bearings Ltd","Public Limited","Private (Indian)","Gujarat","Ahmedabad","Industrials","Bearings","Delisted/Unknown","","","","","listed_small_AM.csv","agent"
"C01048","Accelya Solutions India Ltd","Public Limited","MNC Subsidiary","Maharashtra","Pune","Information Technology","Airline software","Listed-NSE+BSE","ACCELYA","INE793A01012","EQ","","listed_small_AM.csv","agent"
"C01049","Action Construction Equipment Ltd","Public Limited","Private (Indian)","Haryana","Faridabad","Capital Goods","Cranes","Listed-NSE+BSE","ACE","INE731H01025","EQ","","listed_small_AM.csv","agent"
"C01050","Advani Hotels & Resorts (India) Ltd","Public Limited","Private (Indian)","Goa","Mumbai","Hospitality","Hotels","Listed-NSE+BSE","ADVANIHOTR","INE199C01026","EQ","","listed_small_AM.csv","agent"
"C01051","Affordable Robotic & Automation Ltd","Public Limited","Private (Indian)","Maharashtra","Pune","Capital Goods","Automation","Listed-NSE","AFFORDABLE","INE692Z01013","EQ","","listed_small_AM.csv","agent"
"C01052","Agro Tech Foods Ltd","Public Limited","Private (Indian)","Maharashtra","Mumbai","FMCG","Packaged foods","Listed-NSE+BSE","ATFL","","","","listed_small_AM.csv","agent"
"C01053","Ahluwalia Contracts (India) Ltd","Public Limited","Private (Indian)","Delhi","New Delhi","Construction","EPC contractor","Listed-NSE+BSE","AHLUCONT","INE758C01029","EQ","","listed_small_AM.csv","agent"
"C01054","Ajanta Soya Ltd","Public Limited","Private (Indian)","Rajasthan","Jaipur","FMCG","Edible oils","Delisted/Unknown","","","","","listed_small_AM.csv","agent"
"C01055","Ajmera Realty & Infra India Ltd","Public Limited","Private (Indian)","Maharashtra","Mumbai","Real Estate","Residential","Listed-NSE+BSE","AJMERA","INE298G01035","EQ","","listed_small_AM.csv","agent"
"C01056","Akshar Spintex Ltd","Public Limited","Private (Indian)","Gujarat","Rajkot","Textiles","Yarn","Listed-NSE","AKSHAR","INE256Z01025","EQ","","listed_small_AM.csv","agent"
"C01057","Alankit Ltd","Public Limited","Private (Indian)","Delhi","New Delhi","Financial Services","Fintech services","Listed-NSE+BSE","ALANKIT","INE914E01040","EQ","","listed_small_AM.csv","agent"
"C01058","Allcargo Gati Ltd","Public Limited","Private (Indian)","Telangana","Hyderabad","Logistics","Express logistics","Listed-NSE+BSE","GATI","","","","listed_small_AM.csv","agent"
"C01059","Allied Digital Services Ltd","Public Limited","Private (Indian)","Maharashtra","Mumbai","Information Technology","IT services","Listed-NSE+BSE","ADSL","INE102I01027","EQ","","listed_small_AM.csv","agent"
"C01060","Alphageo (India) Ltd","Public Limited","Private (Indian)","Telangana","Hyderabad","Energy","Seismic services","Listed-NSE+BSE","ALPHAGEO","INE137C01018","BE","","listed_small_AM.csv","agent"
"C01061","Ambika Cotton Mills Ltd","Public Limited","Private (Indian)","Tamil Nadu","Coimbatore","Textiles","Cotton yarn","Listed-NSE+BSE","AMBIKCO","INE540G01014","EQ","","listed_small_AM.csv","agent"
"C01062","Amrutanjan Health Care Ltd","Public Limited","Private (Indian)","Tamil Nadu","Chennai","FMCG","Healthcare products","Listed-NSE+BSE","AMRUTANJAN","INE098F01031","EQ","","listed_small_AM.csv","agent"
"C01063","Andhra Paper Ltd","Public Limited","Private (Indian)","Andhra Pradesh","Rajahmundry","Paper","Paper and pulp","Listed-NSE+BSE","ANDHRAPAP","INE435A01051","EQ","","listed_small_AM.csv","agent"
"C01064","Andhra Sugars Ltd","Public Limited","Private (Indian)","Andhra Pradesh","Tanuku","Sugar","Sugar and chemicals","Listed-NSE+BSE","ANDHRSUGAR","INE715B01021","EQ","","listed_small_AM.csv;state_psu_south_east_ne.csv","agent"
"C01065","Ansal Properties & Infrastructure Ltd","Public Limited","Private (Indian)","Delhi","New Delhi","Real Estate","Townships","Listed-NSE+BSE","ANSALAPI","INE436A01026","BZ","","listed_small_AM.csv","agent"
"C01066","Apar Industries Ltd","Public Limited","Private (Indian)","Maharashtra","Mumbai","Capital Goods","Conductors and cables","Listed-NSE+BSE","APARINDS","INE372A01015","EQ","","listed_small_AM.csv","agent"
"C01067","Apollo Micro Systems Ltd","Public Limited","Private (Indian)","Telangana","Hyderabad","Defence","Electronics","Listed-NSE+BSE","APOLLO","INE713T01028","EQ","","listed_small_AM.csv","agent"
"C01068","Apollo Pipes Ltd","Public Limited","Private (Indian)","Delhi","New Delhi","Building Materials","PVC pipes","Listed-NSE+BSE","APOLLOPIPE","INE126J01016","EQ","","listed_small_AM.csv","agent"
"C01069","Arihant Superstructures Ltd","Public Limited","Private (Indian)","Maharashtra","Mumbai","Real Estate","Residential","Listed-NSE+BSE","ARIHANTSUP","INE643K01018","EQ","","listed_small_AM.csv","agent"
"C01070","Arvind Fashions Ltd","Public Limited","Private (Indian)","Karnataka","Bengaluru","Retail","Apparel","Listed-NSE+BSE","ARVINDFASN","INE955V01021","EQ","","listed_small_AM.csv","agent"
"C01071","Arvind SmartSpaces Ltd","Public Limited","Private (Indian)","Gujarat","Ahmedabad","Real Estate","Residential","Listed-NSE+BSE","ARVSMART","INE034S01021","EQ","","listed_small_AM.csv","agent"
"C01072","Asahi Songwon Colors Ltd","Public Limited","Private (Indian)","Gujarat","Ahmedabad","Chemicals","Pigments","Listed-NSE+BSE","ASAHISONG","INE228I01012","BE","","listed_small_AM.csv","agent"
"C01073","Ashiana Housing Ltd","Public Limited","Private (Indian)","Delhi","New Delhi","Real Estate","Residential","Listed-NSE+BSE","ASHIANA","INE365D01021","EQ","","listed_small_AM.csv","agent"
"C01074","Ashok Leyland Finance Vehicle Ltd","Public Limited","Private (Indian)","Tamil Nadu","Chennai","Financial Services","NBFC","Delisted/Unknown","","","","","listed_small_AM.csv","agent"
"C01075","Ashoka Metcast Ltd","Public Limited","Private (Indian)","Rajasthan","Jaipur","Metals","Steel","Listed-NSE","ASHOKAMET","INE760Y01011","EQ","","listed_small_AM.csv","agent"
"C01076","Atul Auto Ltd","Public Limited","Private (Indian)","Gujarat","Rajkot","Automobiles","Three-wheelers","Listed-NSE+BSE","ATULAUTO","INE951D01028","EQ","","listed_small_AM.csv","agent"
"C01077","Aurionpro Solutions Ltd","Public Limited","Private (Indian)","Maharashtra","Mumbai","Information Technology","Software","Listed-NSE+BSE","AURIONPRO","INE132H01018","EQ","","listed_small_AM.csv","agent"
"C01078","Automotive Axles Ltd","Public Limited","Private (Indian)","Karnataka","Mysuru","Automobiles","Axles","Listed-NSE+BSE","AUTOAXLES","INE449A01011","EQ","","listed_small_AM.csv","agent"
"C01079","AVT Natural Products Ltd","Public Limited","Private (Indian)","Tamil Nadu","Chennai","FMCG","Natural extracts","Listed-NSE+BSE","AVTNPL","INE488D01021","EQ","","listed_small_AM.csv","agent"
"C01080","Axiscades Technologies Ltd","Public Limited","Private (Indian)","Karnataka","Bengaluru","Information Technology","Engineering services","Listed-NSE+BSE","AXISCADES","INE555B01013","EQ","","listed_small_AM.csv","agent"
"C01081","Bajaj Hindusthan Sugar Ltd","Public Limited","Private (Indian)","Uttar Pradesh","Mumbai","Sugar","Sugar","Listed-NSE+BSE","BAJAJHIND","INE306A01021","EQ","","listed_small_AM.csv;state_psu_north_west.csv","agent"
"C01082","Bajaj Steel Industries Ltd","Public Limited","Private (Indian)","Maharashtra","Nagpur","Capital Goods","Cotton ginning machinery","Listed-NSE+BSE","BAJAJST","INE704G01024","EQ","","listed_small_AM.csv","agent"
"C01083","Balaji Amines Ltd","Public Limited","Private (Indian)","Maharashtra","Solapur","Chemicals","Amines","Listed-NSE+BSE","BALAMINES","INE050E01027","EQ","","listed_small_AM.csv","agent"
"C01084","Bannari Amman Spinning Mills Ltd","Public Limited","Private (Indian)","Tamil Nadu","Coimbatore","Textiles","Yarn","Listed-NSE+BSE","BASML","INE186H01022","BE","","listed_small_AM.csv","agent"
"C01085","Banswara Syntex Ltd","Public Limited","Private (Indian)","Rajasthan","Banswara","Textiles","Synthetic fabrics","Listed-NSE+BSE","BANSWRAS","INE629D01020","EQ","","listed_small_AM.csv","agent"
"C01086","Bharat Bijlee Ltd","Public Limited","Private (Indian)","Maharashtra","Mumbai","Capital Goods","Electricals","Listed-NSE+BSE","BBL","INE464A01036","EQ","","listed_small_AM.csv","agent"
"C01087","Bharat Rasayan Ltd","Public Limited","Private (Indian)","Delhi","New Delhi","Chemicals","Agrochemicals","Listed-NSE+BSE","BHARATRAS","INE838B01021","EQ","","listed_small_AM.csv","agent"
"C01088","Bhansali Engineering Polymers Ltd","Public Limited","Private (Indian)","Maharashtra","Mumbai","Chemicals","ABS plastics","Listed-NSE+BSE","BEPL","INE922A01025","EQ","","listed_small_AM.csv","agent"
"C01089","Bhagiradha Chemicals & Industries Ltd","Public Limited","Private (Indian)","Telangana","Hyderabad","Chemicals","Agrochemicals","Listed-NSE+BSE","BHAGCHEM","INE414D01027","EQ","","listed_small_AM.csv","agent"
"C01090","Bharat Wire Ropes Ltd","Public Limited","Private (Indian)","Maharashtra","Mumbai","Metals","Wire ropes","Listed-NSE+BSE","BHARATWIRE","INE316L01019","EQ","","listed_small_AM.csv","agent"
"C01091","Birla Precision Technologies Ltd","Public Limited","Private (Indian)","Maharashtra","Mumbai","Industrials","Precision tools","Listed-NSE","BIRLAPREC","INE372E01025","BE","","listed_small_AM.csv","agent"
"C01092","Bodal Chemicals Ltd","Public Limited","Private (Indian)","Gujarat","Ahmedabad","Chemicals","Dyes intermediates","Listed-NSE+BSE","BODALCHEM","INE338D01028","BE","","listed_small_AM.csv","agent"
"C01093","Bombay Dyeing & Manufacturing Co Ltd","Public Limited","Private (Indian)","Maharashtra","Mumbai","Textiles","Textiles and real estate","Listed-NSE+BSE","BOMDYEING","INE032A01023","EQ","","listed_small_AM.csv","agent"
"C01094","Borosil Ltd","Public Limited","Private (Indian)","Maharashtra","Mumbai","Consumer Durables","Glassware","Listed-NSE+BSE","BOROLTD","INE02PY01013","EQ","","listed_small_AM.csv","agent"
"C01095","Borosil Renewables Ltd","Public Limited","Private (Indian)","Maharashtra","Mumbai","Renewable Energy","Solar glass","Listed-NSE+BSE","BORORENEW","INE666D01022","EQ","","listed_small_AM.csv","agent"
"C01096","Butterfly Gandhimathi Appliances Ltd","Public Limited","Private (Indian)","Tamil Nadu","Chennai","Consumer Durables","Kitchen appliances","Listed-NSE+BSE","BUTTERFLY","INE295F01017","EQ","","listed_small_AM.csv","agent"
"C01097","BF Utilities Ltd","Public Limited","Private (Indian)","Maharashtra","Pune","Utilities","Wind power","Listed-NSE+BSE","BFUTILITIE","INE243D01012","EQ","","listed_small_AM.csv","agent"
"C01098","Camlin Fine Sciences Ltd","Public Limited","Private (Indian)","Maharashtra","Mumbai","Chemicals","Specialty chemicals","Listed-NSE+BSE","CAMLINFINE","INE052I01032","EQ","","listed_small_AM.csv","agent"
"C01099","Capacite Infraprojects Ltd","Public Limited","Private (Indian)","Maharashtra","Mumbai","Construction","Building construction","Listed-NSE+BSE","CAPACITE","INE264T01014","EQ","","listed_small_AM.csv","agent"
"C01100","Caplin Point Laboratories Ltd","Public Limited","Private (Indian)","Tamil Nadu","Chennai","Pharmaceuticals","Generics","Listed-NSE+BSE","CAPLIPOINT","INE475E01026","EQ","","listed_small_AM.csv","agent"
"C01101","Cars24 Financial Services Ltd","Public Limited","Private (Indian)","Haryana","Gurugram","Financial Services","NBFC","Delisted/Unknown","","","","","listed_small_AM.csv","agent"
"C01102","Ceigall India Ltd","Public Limited","Private (Indian)","Punjab","Jalandhar","Construction","Roads","Listed-NSE+BSE","CEIGALL","INE0AG901020","EQ","","listed_small_AM.csv","agent"
"C01103","Century Enka Ltd","Public Limited","Private (Indian)","Maharashtra","Pune","Textiles","Nylon filament","Listed-NSE+BSE","CENTENKA","INE485A01015","EQ","","listed_small_AM.csv","agent"
"C01104","Cerebra Integrated Technologies Ltd","Public Limited","Private (Indian)","Karnataka","Bengaluru","Information Technology","IT hardware","Listed-NSE+BSE","CEREBRAINT","","","","listed_small_AM.csv","agent"
"C01105","Chemcon Speciality Chemicals Ltd","Public Limited","Private (Indian)","Gujarat","Vadodara","Chemicals","Specialty chemicals","Listed-NSE+BSE","CHEMCON","INE03YM01018","EQ","","listed_small_AM.csv","agent"
"C01106","Chennai Super Kings Cricket Limited","Public Limited","Private (Indian)","Tamil Nadu","Chennai","Sports","IPL franchise","Unlisted","","","","","listed_small_AM.csv;private_startups.csv","agent"
"C01107","Cigniti Technologies Ltd","Public Limited","Private (Indian)","Telangana","Hyderabad","Information Technology","Software testing","Listed-NSE+BSE","CIGNITITEC","","","","listed_small_AM.csv","agent"
"C01108","Cineline India Ltd","Public Limited","Private (Indian)","Maharashtra","Mumbai","Media & Entertainment","Multiplexes","Listed-NSE+BSE","CINELINE","INE704H01022","EQ","","listed_small_AM.csv","agent"
"C01109","Coffee Day Enterprises Ltd","Public Limited","Private (Indian)","Karnataka","Bengaluru","Consumer Services","Coffee retail","Listed-NSE+BSE","COFFEEDAY","INE335K01011","EQ","","listed_small_AM.csv","agent"
"C01110","Continental Seeds and Chemicals Ltd","Public Limited","Private (Indian)","Haryana","Gurugram","Agriculture","Seeds","Delisted/Unknown","","","","","listed_small_AM.csv","agent"
"C01111","Control Print Ltd","Public Limited","Private (Indian)","Maharashtra","Mumbai","Industrials","Coding and marking","Listed-NSE+BSE","CONTROLPR","INE663B01015","EQ","","listed_small_AM.csv","agent"
"C01112","Cosmo First Ltd","Public Limited","Private (Indian)","Delhi","New Delhi","Packaging","BOPP films","Listed-NSE+BSE","COSMOFIRST","INE757A01017","EQ","","listed_small_AM.csv","agent"
"C01113","Coromandel Engineering Co Ltd","Public Limited","Private (Indian)","Tamil Nadu","Chennai","Construction","Engineering","Delisted/Unknown","","","","","listed_small_AM.csv","agent"
"C01114","Cupid Ltd","Public Limited","Private (Indian)","Maharashtra","Nashik","FMCG","Condoms and personal care","Listed-NSE+BSE","CUPID","INE509F01029","EQ","","listed_small_AM.csv","agent"
"C01115","Cyient DLM Ltd","Public Limited","Private (Indian)","Telangana","Hyderabad","Capital Goods","Electronics manufacturing","Listed-NSE+BSE","CYIENTDLM","INE055S01018","EQ","","listed_small_AM.csv","agent"
"C01116","Dalmia Bharat Sugar and Industries Ltd","Public Limited","Private (Indian)","Delhi","New Delhi","Sugar","Sugar","Listed-NSE+BSE","DALMIASUG","INE495A01022","EQ","","listed_small_AM.csv","agent"
"C01117","DCM Shriram Industries Ltd","Public Limited","Private (Indian)","Delhi","New Delhi","Sugar","Sugar and chemicals","Listed-NSE+BSE","DCMSRIND","INE843D01027","EQ","","listed_small_AM.csv","agent"
"C01118","DCW Ltd","Public Limited","Private (Indian)","Tamil Nadu","Chennai","Chemicals","Caustic soda","Listed-NSE+BSE","DCW","INE500A01029","EQ","","listed_small_AM.csv","agent"
"C01119","Deccan Cements Ltd","Public Limited","Private (Indian)","Telangana","Hyderabad","Cement","Cement","Listed-NSE+BSE","DECCANCE","INE583C01021","EQ","","listed_small_AM.csv","agent"
"C01120","Deep Industries Ltd","Public Limited","Private (Indian)","Gujarat","Ahmedabad","Energy","Oilfield services","Listed-NSE+BSE","DEEPINDS","INE0FHS01024","EQ","","listed_small_AM.csv","agent"
"C01121","Delta Corp Ltd","Public Limited","Private (Indian)","Goa","Mumbai","Consumer Services","Casinos","Listed-NSE+BSE","DELTACORP","INE124G01033","EQ","","listed_small_AM.csv","agent"
"C01122","Dhampur Sugar Mills Ltd","Public Limited","Private (Indian)","Uttar Pradesh","Dhampur","Sugar","Sugar","Listed-NSE+BSE","DHAMPURSUG","INE041A01016","EQ","","listed_small_AM.csv;state_psu_north_west.csv","agent"
"C01123","Dhunseri Ventures Ltd","Public Limited","Private (Indian)","West Bengal","Kolkata","Diversified","Diversified","Listed-NSE+BSE","DVL","INE477B01010","EQ","","listed_small_AM.csv","agent"
"C01124","Diamond Power Infrastructure Ltd","Public Limited","Private (Indian)","Gujarat","Vadodara","Capital Goods","Cables","Listed-NSE","DIACABS","INE989C01038","BE","","listed_small_AM.csv","agent"
"C01125","Digjam Ltd","Public Limited","Private (Indian)","Gujarat","Jamnagar","Textiles","Suiting fabrics","Listed-NSE","DIGJAMLMTD","INE731U01028","BE","","listed_small_AM.csv","agent"
"C01126","Dishman Carbogen Amcis Ltd","Public Limited","Private (Indian)","Gujarat","Ahmedabad","Pharmaceuticals","CDMO","Listed-NSE+BSE","DCAL","INE385W01011","EQ","","listed_small_AM.csv","agent"
"C01127","Dollar Industries Ltd","Public Limited","Private (Indian)","West Bengal","Kolkata","Textiles","Innerwear","Listed-NSE+BSE","DOLLAR","INE325C01035","EQ","","listed_small_AM.csv","agent"
"C01128","DreamFolks Services Ltd","Public Limited","Private (Indian)","Delhi","New Delhi","Consumer Services","Airport services","Listed-NSE+BSE","DREAMFOLKS","INE0JS101016","EQ","","listed_small_AM.csv","agent"
"C01129","Dynamatic Technologies Ltd","Public Limited","Private (Indian)","Karnataka","Bengaluru","Industrials","Hydraulics and aerospace","Listed-NSE+BSE","DYNAMATECH","INE221B01012","EQ","","listed_small_AM.csv","agent"
"C01130","Eastern Silk Industries Ltd","Public Limited","Private (Indian)","West Bengal","Kolkata","Textiles","Silk","Listed-NSE","EASTSILK","INE962C01035","BE","","listed_small_AM.csv","agent"
"C01131","Eco Recycling Ltd","Public Limited","Private (Indian)","Maharashtra","Mumbai","Environmental Services","E-waste recycling","Listed-NSE","ECORECO","INE316A01038","EQ","","listed_small_AM.csv","agent"
"C01132","Eimco Elecon (India) Ltd","Public Limited","Private (Indian)","Gujarat","Vallabh Vidyanagar","Capital Goods","Mining equipment","Listed-NSE+BSE","EIMCOELECO","INE158B01016","EQ","","listed_small_AM.csv","agent"
"C01133","Elecon Engineering Co Ltd","Public Limited","Private (Indian)","Gujarat","Vallabh Vidyanagar","Capital Goods","Gears","Listed-NSE+BSE","ELECON","INE205B01031","EQ","","listed_small_AM.csv","agent"
"C01134","Electrosteel Castings Ltd","Public Limited","Private (Indian)","West Bengal","Kolkata","Metals","Ductile iron pipes","Listed-NSE+BSE","ELECTCAST","INE086A01029","EQ","","listed_small_AM.csv","agent"
"C01135","Elgi Rubber Company Ltd","Public Limited","Private (Indian)","Tamil Nadu","Coimbatore","Automobiles","Tread rubber","Listed-NSE+BSE","ELGIRUBCO","INE819L01012","EQ","","listed_small_AM.csv","agent"
"C01136","Emami Paper Mills Ltd","Public Limited","Private (Indian)","West Bengal","Kolkata","Paper","Newsprint","Listed-NSE","EMAMIPAP","INE830C01026","BE","","listed_small_AM.csv","agent"
"C01137","Entero Healthcare Solutions Ltd","Public Limited","Private (Indian)","Uttar Pradesh","Noida","Healthcare","Pharma distribution","Listed-NSE+BSE","ENTERO","INE010601016","EQ","","listed_small_AM.csv","agent"
"C01138","Eris Lifesciences Ltd","Public Limited","Private (Indian)","Gujarat","Ahmedabad","Pharmaceuticals","Branded formulations","Listed-NSE+BSE","ERIS","INE406M01024","EQ","","listed_small_AM.csv","agent"
"C01139","Esab India Ltd","Public Limited","MNC Subsidiary","Tamil Nadu","Chennai","Capital Goods","Welding","Listed-NSE+BSE","ESABINDIA","INE284A01012","EQ","","listed_small_AM.csv","agent"
"C01140","Eveready Industries India Ltd","Public Limited","Private (Indian)","West Bengal","Kolkata","Consumer Durables","Batteries and torches","Listed-NSE+BSE","EVEREADY","INE128A01029","EQ","","listed_small_AM.csv","agent"
"C01141","Excel Industries Ltd","Public Limited","Private (Indian)","Maharashtra","Mumbai","Chemicals","Agrochemicals","Listed-NSE+BSE","EXCELINDUS","INE369A01029","EQ","","listed_small_AM.csv","agent"
"C01142","Exicom Tele-Systems Ltd","Public Limited","Private (Indian)","Haryana","Gurugram","Capital Goods","EV chargers","Listed-NSE+BSE","EXICOM","INE777F01014","EQ","","listed_small_AM.csv","agent"
"C01143","FDC Ltd","Public Limited","Private (Indian)","Maharashtra","Mumbai","Pharmaceuticals","Formulations","Listed-NSE+BSE","FDC","INE258B01022","EQ","","listed_small_AM.csv","agent"
"C01144","Filatex India Ltd","Public Limited","Private (Indian)","Delhi","New Delhi","Textiles","Polyester yarn","Listed-NSE+BSE","FILATEX","INE816B01035","EQ","","listed_small_AM.csv","agent"
"C01145","Fineotex Chemical Ltd","Public Limited","Private (Indian)","Maharashtra","Mumbai","Chemicals","Textile chemicals","Listed-NSE+BSE","FCL","INE045J01034","EQ","","listed_small_AM.csv","agent"
"C01146","Flexituff Ventures International Ltd","Public Limited","Private (Indian)","Madhya Pradesh","Pithampur","Packaging","Flexible packaging","Listed-NSE","FLEXITUFF","INE060J01017","BE","","listed_small_AM.csv","agent"
"C01147","Foseco India Ltd","Public Limited","MNC Subsidiary","Maharashtra","Pune","Chemicals","Foundry chemicals","Listed-NSE+BSE","FOSECOIND","INE519A01011","EQ","","listed_small_AM.csv","agent"
"C01148","Future Consumer Ltd","Public Limited","Private (Indian)","Maharashtra","Mumbai","FMCG","Packaged foods","Delisted/Unknown","","","","","listed_small_AM.csv","agent"
"C01149","GACM Technologies Ltd","Public Limited","Private (Indian)","Maharashtra","Mumbai","Information Technology","Digital services","Delisted/Unknown","","","","","listed_small_AM.csv","agent"
"C01150","Gallantt Ispat Ltd","Public Limited","Private (Indian)","Uttar Pradesh","Lucknow","Metals","Steel","Listed-NSE","GALLANTT","INE297H01019","EQ","","listed_small_AM.csv","agent"
"C01151","Ganesh Housing Corporation Ltd","Public Limited","Private (Indian)","Gujarat","Ahmedabad","Real Estate","Residential","Listed-NSE+BSE","GANESHHOU","INE460C01014","EQ","","listed_small_AM.csv","agent"
"C01152","Garware Hi-Tech Films Ltd","Public Limited","Private (Indian)","Maharashtra","Mumbai","Chemicals","Polyester films","Listed-NSE+BSE","GRWRHITECH","INE291A01017","EQ","","listed_small_AM.csv","agent"
"C01153","Garware Technical Fibres Ltd","Public Limited","Private (Indian)","Maharashtra","Pune","Textiles","Technical textiles","Listed-NSE+BSE","GARFIBRES","INE276A01018","EQ","","listed_small_AM.csv","agent"
"C01154","Gateway Distriparks Ltd","Public Limited","Private (Indian)","Maharashtra","Mumbai","Logistics","Container freight stations","Listed-NSE+BSE","GATEWAY","INE079J01017","EQ","","listed_small_AM.csv","agent"
"C01155","GeeCee Ventures Ltd","Public Limited","Private (Indian)","Delhi","New Delhi","Real Estate","Real estate","Listed-NSE+BSE","GEECEE","INE916G01016","BE","","listed_small_AM.csv","agent"
"C01156","Genus Power Infrastructures Ltd","Public Limited","Private (Indian)","Rajasthan","Jaipur","Capital Goods","Smart meters","Listed-NSE+BSE","GENUSPOWER","INE955D01029","EQ","","listed_small_AM.csv","agent"
"C01157","GHCL Ltd","Public Limited","Private (Indian)","Gujarat","Ahmedabad","Chemicals","Soda ash","Listed-NSE+BSE","GHCL","INE539A01019","EQ","","listed_small_AM.csv","agent"
"C01158","GHCL Textiles Ltd","Public Limited","Private (Indian)","Tamil Nadu","Chennai","Textiles","Yarn","Listed-NSE","GHCLTEXTIL","INE0PA801013","EQ","","listed_small_AM.csv","agent"
"C01159","Gillanders Arbuthnot & Co Ltd","Public Limited","Private (Indian)","West Bengal","Kolkata","Diversified","Trading and tea","Listed-NSE+BSE","GILLANDERS","INE047B01011","EQ","","listed_small_AM.csv","agent"
"C01160","Ginni Filaments Ltd","Public Limited","Private (Indian)","Uttar Pradesh","Mathura","Textiles","Nonwovens","Listed-NSE+BSE","GINNIFILA","INE424C01010","BE","","listed_small_AM.csv","agent"
"C01161","GKW Ltd","Public Limited","Private (Indian)","West Bengal","Kolkata","Industrials","Land and engineering","Listed-NSE","GKWLIMITED","INE528A01020","EQ","","listed_small_AM.csv","agent"
"C01162","GM Breweries Ltd","Public Limited","Private (Indian)","Maharashtra","Mumbai","Beverages","Liquor","Listed-NSE+BSE","GMBREW","INE075D01018","EQ","","listed_small_AM.csv","agent"
"C01163","GNA Axles Ltd","Public Limited","Private (Indian)","Punjab","Phagwara","Automobiles","Axle shafts","Listed-NSE+BSE","GNA","INE934S01014","EQ","","listed_small_AM.csv","agent"
"C01164","Godfrey Phillips India Ltd","Public Limited","Private (Indian)","Delhi","New Delhi","FMCG","Tobacco","Listed-NSE+BSE","GODFRYPHLP","INE260B01028","EQ","","listed_small_AM.csv","agent"
"C01165","Gokul Agro Resources Ltd","Public Limited","Private (Indian)","Gujarat","Ahmedabad","FMCG","Edible oils","Listed-NSE+BSE","GOKULAGRO","INE314T01033","EQ","","listed_small_AM.csv","agent"
"C01166","Goldiam International Ltd","Public Limited","Private (Indian)","Maharashtra","Mumbai","Consumer Discretionary","Jewellery exports","Listed-NSE+BSE","GOLDIAM","INE025B01025","EQ","","listed_small_AM.csv","agent"
"C01167","Gravita India Ltd","Public Limited","Private (Indian)","Rajasthan","Jaipur","Metals","Lead recycling","Listed-NSE+BSE","GRAVITA","INE024L01027","EQ","","listed_small_AM.csv","agent"
"C01168","Greenpanel Industries Ltd","Public Limited","Private (Indian)","West Bengal","Kolkata","Building Materials","MDF and plywood","Listed-NSE+BSE","GREENPANEL","INE08ZM01014","EQ","","listed_small_AM.csv","agent"
"C01169","Gufic Biosciences Ltd","Public Limited","Private (Indian)","Maharashtra","Mumbai","Pharmaceuticals","Injectables","Listed-NSE+BSE","GUFICBIO","INE742B01025","EQ","","listed_small_AM.csv","agent"
"C01170","Gujarat Alkalies & Chemicals Ltd","Government Company (PSU)","State PSU","Gujarat","Vadodara","Chemicals","Caustic soda","Listed-NSE+BSE","GUJALKALI","INE186A01019","EQ","","listed_small_AM.csv;state_psu_north_west.csv","agent"
"C01171","Gujarat Apollo Industries Ltd","Public Limited","Private (Indian)","Gujarat","Ahmedabad","Capital Goods","Road construction equipment","Listed-NSE+BSE","GUJAPOLLO","INE826C01016","EQ","","listed_small_AM.csv;state_psu_north_west.csv","agent"
"C01172","Gujarat Industries Power Co Ltd","Government Company (PSU)","State PSU","Gujarat","Vadodara","Power","Power generation","Listed-NSE+BSE","GIPCL","INE162A01010","EQ","","listed_small_AM.csv;state_psu_north_west.csv","agent"
"C01173","Gulshan Polyols Ltd","Public Limited","Private (Indian)","Uttar Pradesh","Muzaffarnagar","Chemicals","Maize derivatives","Listed-NSE+BSE","GULPOLY","INE255D01024","EQ","","listed_small_AM.csv","agent"
"C01174","Hariom Pipe Industries Ltd","Public Limited","Private (Indian)","Telangana","Hyderabad","Metals","Steel pipes","Listed-NSE+BSE","HARIOMPIPE","INE00EV01017","EQ","","listed_small_AM.csv","agent"
"C01175","Harrisons Malayalam Ltd","Public Limited","Private (Indian)","Kerala","Kochi","Agriculture","Plantations","Listed-NSE+BSE","HARRMALAYA","INE544A01019","EQ","","listed_small_AM.csv","agent"
"C01176","Hawkins Cookers Ltd","Public Limited","Private (Indian)","Maharashtra","Mumbai","Consumer Durables","Pressure cookers","Listed-NSE+BSE","HAWKINCOOK","INE979B01015","EQ","","listed_small_AM.csv","agent"
"C01177","HBL Engineering Ltd","Public Limited","Private (Indian)","Telangana","Hyderabad","Capital Goods","Batteries and defence electronics","Listed-NSE+BSE","HBLENGINE","INE292B01021","EQ","","listed_small_AM.csv","agent"
"C01178","HeidelbergCement India Ltd","Public Limited","MNC Subsidiary","Delhi","New Delhi","Cement","Cement","Listed-NSE+BSE","HEIDELBERG","INE578A01017","EQ","","listed_small_AM.csv","agent"
"C01179","Heritage Foods Ltd","Public Limited","Private (Indian)","Telangana","Hyderabad","FMCG","Dairy","Listed-NSE+BSE","HERITGFOOD","INE978A01027","EQ","","listed_small_AM.csv","agent"
"C01180","Hester Biosciences Ltd","Public Limited","Private (Indian)","Gujarat","Ahmedabad","Pharmaceuticals","Animal health","Listed-NSE+BSE","HESTERBIO","INE782E01017","EQ","","listed_small_AM.csv","agent"
"C01181","HG Infra Engineering Ltd","Public Limited","Private (Indian)","Rajasthan","Jaipur","Construction","Roads","Listed-NSE+BSE","HGINFRA","INE926X01010","EQ","","listed_small_AM.csv","agent"
"C01182","Hikal Ltd","Public Limited","Private (Indian)","Maharashtra","Mumbai","Pharmaceuticals","Contract manufacturing","Listed-NSE+BSE","HIKAL","INE475B01022","EQ","","listed_small_AM.csv","agent"
"C01183","Himatsingka Seide Ltd","Public Limited","Private (Indian)","Karnataka","Bengaluru","Textiles","Home textiles","Listed-NSE+BSE","HIMATSEIDE","INE049A01027","EQ","","listed_small_AM.csv","agent"
"C01184","Hindustan Foods Ltd","Public Limited","Private (Indian)","Maharashtra","Mumbai","FMCG","Contract manufacturing","Listed-NSE+BSE","HNDFDS","INE254N01026","EQ","","listed_small_AM.csv","agent"
"C01185","Hindustan Media Ventures Ltd","Public Limited","Private (Indian)","Delhi","New Delhi","Media & Entertainment","Newspapers","Listed-NSE+BSE","HMVL","INE871K01015","BE","","listed_small_AM.csv","agent"
"C01186","Hindware Home Innovation Ltd","Public Limited","Private (Indian)","Haryana","Gurugram","Building Materials","Sanitaryware","Listed-NSE+BSE","HINDWAREAP","INE05AN01011","EQ","","listed_small_AM.csv","agent"
"C01187","Hi-Tech Pipes Ltd","Public Limited","Private (Indian)","Delhi","New Delhi","Metals","Steel pipes","Listed-NSE+BSE","HITECH","INE106T01025","EQ","","listed_small_AM.csv","agent"
"C01188","Hubtown Ltd","Public Limited","Private (Indian)","Maharashtra","Mumbai","Real Estate","Real estate","Listed-NSE+BSE","HUBTOWN","INE703H01016","EQ","","listed_small_AM.csv","agent"
"C01189","HP Adhesives Ltd","Public Limited","Private (Indian)","Maharashtra","Mumbai","Chemicals","Adhesives","Listed-NSE+BSE","HPAL","INE0GSL01024","EQ","","listed_small_AM.csv","agent"
"C01190","Ideaforge Technology Ltd","Public Limited","Private (Indian)","Maharashtra","Mumbai","Defence","Drones","Listed-NSE+BSE","IDEAFORGE","INE349Y01013","EQ","","listed_small_AM.csv","agent"
"C01191","IFB Industries Ltd","Public Limited","Private (Indian)","West Bengal","Kolkata","Consumer Durables","Home appliances","Listed-NSE+BSE","IFBIND","INE559A01017","EQ","","listed_small_AM.csv","agent"
"C01192","IG Petrochemicals Ltd","Public Limited","Private (Indian)","Maharashtra","Mumbai","Chemicals","Phthalic anhydride","Listed-NSE+BSE","IGPL","INE204A01010","EQ","","listed_small_AM.csv","agent"
"C01193","Igarashi Motors India Ltd","Public Limited","Private (Indian)","Tamil Nadu","Chennai","Automobiles","Motors","Listed-NSE+BSE","IGARASHI","INE188B01013","EQ","","listed_small_AM.csv","agent"
"C01194","IL&FS Engineering and Construction Co Ltd","Public Limited","Private (Indian)","Delhi","New Delhi","Construction","Engineering","Listed-NSE","IL&FSENGG","INE369I01014","BZ","","listed_small_AM.csv","agent"
"C01195","IMP Powers Ltd","Public Limited","Private (Indian)","Maharashtra","Mumbai","Capital Goods","Transformers","Delisted/Unknown","","","","","listed_small_AM.csv","agent"
"C01196","India Glycols Ltd","Public Limited","Private (Indian)","Uttarakhand","Noida","Chemicals","Glycols","Listed-NSE+BSE","INDIAGLYCO","INE560A01023","EQ","","listed_small_AM.csv","agent"
"C01197","India Nippon Electricals Ltd","Public Limited","Private (Indian)","Tamil Nadu","Chennai","Automobiles","Ignition systems","Listed-NSE+BSE","INDNIPPON","INE092B01025","EQ","","listed_small_AM.csv","agent"
"C01198","Indian Hume Pipe Co Ltd","Public Limited","Private (Indian)","Maharashtra","Mumbai","Construction","Concrete pipes","Listed-NSE+BSE","INDIANHUME","INE323C01030","EQ","","listed_small_AM.csv","agent"
"C01199","Indo Count Industries Ltd","Public Limited","Private (Indian)","Maharashtra","Mumbai","Textiles","Home textiles","Listed-NSE+BSE","ICIL","INE483B01026","EQ","","listed_small_AM.csv","agent"
"C01200","Indo Rama Synthetics (India) Ltd","Public Limited","Private (Indian)","Maharashtra","Nagpur","Textiles","Polyester","Listed-NSE+BSE","INDORAMA","INE156A01020","EQ","","listed_small_AM.csv","agent"
"C01201","Indoco Remedies Ltd","Public Limited","Private (Indian)","Maharashtra","Mumbai","Pharmaceuticals","Formulations","Listed-NSE+BSE","INDOCO","INE873D01024","EQ","","listed_small_AM.csv","agent"
"C01202","Ingersoll-Rand (India) Ltd","Public Limited","MNC Subsidiary","Gujarat","Ahmedabad","Capital Goods","Compressors","Listed-NSE+BSE","INGERRAND","INE177A01018","EQ","","listed_small_AM.csv;mnc_foreign.csv","agent"
"C01203","Insecticides (India) Ltd","Public Limited","Private (Indian)","Delhi","New Delhi","Chemicals","Agrochemicals","Listed-NSE+BSE","INSECTICID","INE070I01018","EQ","","listed_small_AM.csv","agent"
"C01204","IOL Chemicals and Pharmaceuticals Ltd","Public Limited","Private (Indian)","Punjab","Barnala","Pharmaceuticals","APIs","Listed-NSE+BSE","IOLCP","INE485C01029","EQ","","listed_small_AM.csv","agent"
"C01205","ISGEC Heavy Engineering Ltd","Public Limited","Private (Indian)","Uttar Pradesh","Noida","Capital Goods","Engineering","Listed-NSE+BSE","ISGEC","INE858B01029","EQ","","listed_small_AM.csv","agent"
"C01206","Ishan Dyes & Chemicals Ltd","Public Limited","Private (Indian)","Gujarat","Ahmedabad","Chemicals","Pigments","Listed-NSE","ISHANCH","INE561M01018","EQ","","listed_small_AM.csv","agent"
"C01207","J Kumar Infraprojects Ltd","Public Limited","Private (Indian)","Maharashtra","Mumbai","Construction","Infrastructure","Listed-NSE+BSE","JKIL","INE576I01022","EQ","","listed_small_AM.csv","agent"
"C01208","Jai Corp Ltd","Public Limited","Private (Indian)","Maharashtra","Mumbai","Diversified","Plastics and real estate","Listed-NSE+BSE","JAICORPLTD","INE070D01027","EQ","","listed_small_AM.csv","agent"
"C01209","Jaiprakash Associates Ltd","Public Limited","Private (Indian)","Uttar Pradesh","Noida","Construction","Infrastructure","Listed-NSE+BSE","JPASSOCIAT","","","","listed_small_AM.csv","agent"
"C01210","Jaiprakash Power Ventures Ltd","Public Limited","Private (Indian)","Madhya Pradesh","Noida","Power","Power generation","Listed-NSE+BSE","JPPOWER","INE351F01018","EQ","","listed_small_AM.csv","agent"
"C01211","Jash Engineering Ltd","Public Limited","Private (Indian)","Madhya Pradesh","Indore","Capital Goods","Valves","Listed-NSE+BSE","JASH","INE039O01029","EQ","","listed_small_AM.csv","agent"
"C01212","Jay Bharat Maruti Ltd","Public Limited","Private (Indian)","Haryana","Gurugram","Automobiles","Auto components","Listed-NSE+BSE","JAYBARMARU","INE571B01036","EQ","","listed_small_AM.csv","agent"
"C01213","Jayaswal Neco Industries Ltd","Public Limited","Private (Indian)","Chhattisgarh","Nagpur","Metals","Steel and castings","Listed-NSE+BSE","JAYNECOIND","INE854B01010","EQ","","listed_small_AM.csv","agent"
"C01214","JBM Auto Ltd","Public Limited","Private (Indian)","Haryana","Gurugram","Automobiles","Buses and components","Listed-NSE+BSE","JBMA","INE927D01051","EQ","","listed_small_AM.csv","agent"
"C01215","Jindal Poly Films Ltd","Public Limited","Private (Indian)","Delhi","New Delhi","Packaging","BOPET films","Listed-NSE+BSE","JINDALPOLY","INE197D01010","EQ","","listed_small_AM.csv","agent"
"C01216","Jindal Worldwide Ltd","Public Limited","Private (Indian)","Gujarat","Ahmedabad","Textiles","Denim","Listed-NSE+BSE","JINDWORLD","INE247D01039","EQ","","listed_small_AM.csv","agent"
"C01217","JMC Projects (India) Ltd","Public Limited","Private (Indian)","Gujarat","Ahmedabad","Construction","EPC","Listed-NSE+BSE","JMCPROJECT","","","","listed_small_AM.csv","agent"
"C01218","JSW Holdings Ltd","Public Limited","Private (Indian)","Maharashtra","Mumbai","Financial Services","Holding company","Listed-NSE+BSE","JSWHL","INE824G01012","EQ","","listed_small_AM.csv","agent"
"C01219","Jyoti Structures Ltd","Public Limited","Private (Indian)","Maharashtra","Mumbai","Capital Goods","Transmission towers","Listed-NSE+BSE","JYOTISTRUC","INE197A01024","EQ","","listed_small_AM.csv","agent"
"C01220","Kabra Extrusion Technik Ltd","Public Limited","Private (Indian)","Maharashtra","Mumbai","Capital Goods","Extrusion machinery","Listed-NSE+BSE","KABRAEXTRU","INE900B01029","EQ","","listed_small_AM.csv","agent"
"C01221","Kalyani Steels Ltd","Public Limited","Private (Indian)","Karnataka","Pune","Metals","Special steel","Listed-NSE+BSE","KSL","INE907A01026","EQ","","listed_small_AM.csv","agent"
"C01222","Kamdhenu Ltd","Public Limited","Private (Indian)","Haryana","Gurugram","Building Materials","TMT bars and paints","Listed-NSE+BSE","KAMDHENU","INE390H01020","EQ","","listed_small_AM.csv","agent"
"C01223","Kanoria Chemicals & Industries Ltd","Public Limited","Private (Indian)","West Bengal","Kolkata","Chemicals","Chemicals","Listed-NSE+BSE","KANORICHEM","INE138C01024","BE","","listed_small_AM.csv","agent"
"C01224","Kaveri Seed Company Ltd","Public Limited","Private (Indian)","Telangana","Secunderabad","Agriculture","Seeds","Listed-NSE+BSE","KSCL","INE455I01029","EQ","","listed_small_AM.csv","agent"
"C01225","KCP Ltd","Public Limited","Private (Indian)","Andhra Pradesh","Chennai","Cement","Cement","Listed-NSE+BSE","KCP","INE805C01028","EQ","","listed_small_AM.csv","agent"
"C01226","KDDL Ltd","Public Limited","Private (Indian)","Punjab","Mumbai","Consumer Discretionary","Watch components","Listed-NSE+BSE","KDDL","INE291D01011","EQ","","listed_small_AM.csv","agent"
"C01227","Kellton Tech Solutions Ltd","Public Limited","Private (Indian)","Telangana","Hyderabad","Information Technology","IT services","Listed-NSE+BSE","KELLTONTEC","INE164B01030","EQ","","listed_small_AM.csv","agent"
"C01228","Kesoram Industries Ltd","Public Limited","Private (Indian)","West Bengal","Kolkata","Diversified","Tyres and cement","Listed-NSE+BSE","KESORAMIND","INE087A01019","EQ","","listed_small_AM.csv","agent"
"C01229","Kilburn Engineering Ltd","Public Limited","Private (Indian)","West Bengal","Kolkata","Capital Goods","Drying equipment","Listed-NSE","KLBRENG-B","INE338F01015","EQ","","listed_small_AM.csv","agent"
"C01230","Kingfa Science & Technology (India) Ltd","Public Limited","MNC Subsidiary","Maharashtra","Pune","Chemicals","Polymer compounds","Listed-NSE+BSE","KINGFA","INE473D01015","EQ","","listed_small_AM.csv","agent"
"C01231","Kirloskar Ferrous Industries Ltd","Public Limited","Private (Indian)","Maharashtra","Pune","Metals","Pig iron and castings","Listed-NSE+BSE","KIRLFER","INE884B01025","EQ","","listed_small_AM.csv","agent"
"C01232","Kitex Garments Ltd","Public Limited","Private (Indian)","Kerala","Kochi","Textiles","Children apparel","Listed-NSE+BSE","KITEX","INE602G01020","EQ","","listed_small_AM.csv;state_psu_south_east_ne.csv","agent"
"C01233","Kokuyo Camlin Ltd","Public Limited","Private (Indian)","Maharashtra","Mumbai","FMCG","Stationery","Listed-NSE","KOKUYOCMLN","INE760A01029","EQ","","listed_small_AM.csv","agent"
"C01234","Kopran Ltd","Public Limited","Private (Indian)","Maharashtra","Mumbai","Pharmaceuticals","APIs and formulations","Listed-NSE+BSE","KOPRAN","INE082A01010","EQ","","listed_small_AM.csv","agent"
"C01235","Kothari Products Ltd","Public Limited","Private (Indian)","Uttar Pradesh","Kanpur","FMCG","Pan masala","Listed-NSE","KOTHARIPRO","INE823A01017","EQ","","listed_small_AM.csv","agent"
"C01236","Kothari Sugars & Chemicals Ltd","Public Limited","Private (Indian)","Tamil Nadu","Chennai","Sugar","Sugar","Listed-NSE+BSE","KOTARISUG","INE419A01022","BE","","listed_small_AM.csv","agent"
"C01237","KPI Green Energy Ltd","Public Limited","Private (Indian)","Gujarat","Surat","Renewable Energy","Solar and wind","Listed-NSE+BSE","KPIGREEN","INE542W01025","EQ","","listed_small_AM.csv","agent"
"C01238","Kriti Industries (India) Ltd","Public Limited","Private (Indian)","Madhya Pradesh","Indore","Chemicals","PVC pipes","Listed-NSE+BSE","KRITI","INE479D01038","EQ","","listed_small_AM.csv","agent"
"C01239","KSB Ltd","Public Limited","MNC Subsidiary","Maharashtra","Pune","Capital Goods","Pumps","Listed-NSE+BSE","KSB","INE999A01023","EQ","","listed_small_AM.csv","agent"
"C01240","Kuantum Papers Ltd","Public Limited","Private (Indian)","Punjab","Hoshiarpur","Paper","Paper","Listed-NSE+BSE","KUANTUM","INE529I01021","EQ","","listed_small_AM.csv","agent"
"C01241","La Opala RG Ltd","Public Limited","Private (Indian)","West Bengal","Kolkata","Consumer Durables","Glassware","Listed-NSE+BSE","LAOPALA","INE059D01020","EQ","","listed_small_AM.csv","agent"
"C01242","Lakshmi Finance & Industrial Corporation Ltd","Public Limited","Private (Indian)","Rajasthan","Jaipur","Financial Services","NBFC","Listed-NSE","LFIC","INE850E01012","EQ","","listed_small_AM.csv","agent"
"C01243","Lancor Holdings Ltd","Public Limited","Private (Indian)","Tamil Nadu","Chennai","Real Estate","Residential","Listed-NSE+BSE","LANCORHOL","INE572G01025","BE","","listed_small_AM.csv","agent"
"C01244","Lumax Auto Technologies Ltd","Public Limited","Private (Indian)","Haryana","Gurugram","Automobiles","Auto components","Listed-NSE+BSE","LUMAXTECH","INE872H01027","EQ","","listed_small_AM.csv","agent"
"C01245","Lumax Industries Ltd","Public Limited","Private (Indian)","Haryana","Gurugram","Automobiles","Lighting","Listed-NSE+BSE","LUMAXIND","INE162B01018","EQ","","listed_small_AM.csv","agent"
"C01246","Lux Industries Ltd","Public Limited","Private (Indian)","West Bengal","Kolkata","Textiles","Innerwear","Listed-NSE+BSE","LUXIND","INE150G01020","EQ","","listed_small_AM.csv","agent"
"C01247","Man Infraconstruction Ltd","Public Limited","Private (Indian)","Maharashtra","Mumbai","Construction","Infrastructure","Listed-NSE+BSE","MANINFRA","INE949H01023","EQ","","listed_small_AM.csv","agent"
"C01248","Magadh Sugar & Energy Ltd","Public Limited","Private (Indian)","Bihar","Kolkata","Sugar","Sugar","Listed-NSE+BSE","MAGADSUGAR","INE347W01011","EQ","","listed_small_AM.csv","agent"
"C01249","Maharashtra Seamless Ltd","Public Limited","Private (Indian)","Maharashtra","Pune","Metals","Seamless pipes","Listed-NSE+BSE","MAHSEAMLES","INE271B01025","EQ","","listed_small_AM.csv;state_psu_north_west.csv","agent"
"C01250","Mahindra EPC Irrigation Ltd","Public Limited","Private (Indian)","Maharashtra","Mumbai","Capital Goods","Irrigation","Listed-NSE+BSE","MAHEPC","INE215D01010","EQ","","listed_small_AM.csv","agent"
"C01251","Man Industries (India) Ltd","Public Limited","Private (Indian)","Maharashtra","Mumbai","Metals","Pipes","Listed-NSE+BSE","MANINDS","INE993A01026","EQ","","listed_small_AM.csv","agent"
"C01252","Marksans Pharma Ltd","Public Limited","Private (Indian)","Maharashtra","Mumbai","Pharmaceuticals","Formulations","Listed-NSE+BSE","MARKSANS","INE750C01026","EQ","","listed_small_AM.csv","agent"
"C01253","Mastek Ltd","Public Limited","Private (Indian)","Gujarat","Mumbai","Information Technology","IT services","Listed-NSE+BSE","MASTEK","INE759A01021","EQ","","listed_small_AM.csv","agent"
"C01254","Match Crop Ltd","Public Limited","Private (Indian)","Maharashtra","Mumbai","Agriculture","Agri","Delisted/Unknown","","","","","listed_small_AM.csv","agent"
"C01255","Mayur Uniquoters Ltd","Public Limited","Private (Indian)","Rajasthan","Jaipur","Textiles","Synthetic leather","Listed-NSE+BSE","MAYURUNIQ","INE040D01038","EQ","","listed_small_AM.csv","agent"
"C01256","Meghmani Organics Ltd","Public Limited","Private (Indian)","Gujarat","Ahmedabad","Chemicals","Pigments and agrochemicals","Listed-NSE+BSE","MOL","INE0CT101020","EQ","","listed_small_AM.csv","agent"
"C01257","Menon Bearings Ltd","Public Limited","Private (Indian)","Karnataka","Bengaluru","Automobiles","Bearings","Listed-NSE+BSE","MENONBE","INE071D01033","EQ","","listed_small_AM.csv","agent"
"C01258","Menon Pistons Ltd","Public Limited","Private (Indian)","Maharashtra","Kolhapur","Automobiles","Pistons","Listed-NSE","MENNPIS","INE650G01029","BE","","listed_small_AM.csv","agent"
"C01259","Mercator Ltd","Public Limited","Private (Indian)","Maharashtra","Mumbai","Energy","Coal mining and shipping","Delisted/Unknown","","","","","listed_small_AM.csv","agent"
"C01260","Minda Corporation Ltd","Public Limited","Private (Indian)","Haryana","Gurugram","Automobiles","Auto components","Listed-NSE+BSE","MINDACORP","INE842C01021","EQ","","listed_small_AM.csv","agent"
"C01261","MM Forgings Ltd","Public Limited","Private (Indian)","Tamil Nadu","Chennai","Automobiles","Forgings","Listed-NSE+BSE","MMFL","INE227C01017","EQ","","listed_small_AM.csv","agent"
"C01262","Modison Ltd","Public Limited","Private (Indian)","Maharashtra","Mumbai","Metals","Electrical contacts","Listed-NSE+BSE","MODISONLTD","INE737D01021","BE","","listed_small_AM.csv","agent"
"C01263","Monte Carlo Fashions Ltd","Public Limited","Private (Indian)","Punjab","Ludhiana","Textiles","Apparel","Listed-NSE+BSE","MONTECARLO","INE950M01013","EQ","","listed_small_AM.csv","agent"
"C01264","Morepen Laboratories Ltd","Public Limited","Private (Indian)","Himachal Pradesh","New Delhi","Pharmaceuticals","APIs","Listed-NSE+BSE","MOREPENLAB","INE083A01026","EQ","","listed_small_AM.csv","agent"
"C01265","Mold-Tek Packaging Ltd","Public Limited","Private (Indian)","Telangana","Hyderabad","Packaging","Plastic packaging","Listed-NSE+BSE","MOLDTKPAC","INE893J01029","EQ","","listed_small_AM.csv","agent"
"C01266","MPS Ltd","Public Limited","Private (Indian)","Uttar Pradesh","Noida","Media & Entertainment","Publishing services","Listed-NSE+BSE","MPSLTD","INE943D01017","EQ","","listed_small_AM.csv","agent"
"C01267","MSP Steel & Power Ltd","Public Limited","Private (Indian)","West Bengal","Kolkata","Metals","Steel","Listed-NSE+BSE","MSPL","INE752G01015","EQ","","listed_small_AM.csv","agent"
"C01268","MSTC Ltd","Government Company (PSU)","Central PSU","West Bengal","Kolkata","Trading","E-commerce services","Listed-NSE+BSE","MSTCLTD","INE255X01014","EQ","","listed_small_AM.csv","agent"
"C01269","MTAR Technologies Ltd","Public Limited","Private (Indian)","Telangana","Hyderabad","Defence","Precision engineering","Listed-NSE+BSE","MTARTECH","INE864I01014","BE","","listed_small_AM.csv","agent"
"C01270","Munjal Auto Industries Ltd","Public Limited","Private (Indian)","Haryana","Gurugram","Automobiles","Auto components","Listed-NSE+BSE","MUNJALAU","INE672B01032","EQ","","listed_small_AM.csv","agent"
"C01271","Munjal Showa Ltd","Public Limited","Private (Indian)","Haryana","Gurugram","Automobiles","Shock absorbers","Listed-NSE+BSE","MUNJALSHOW","INE577A01027","EQ","","listed_small_AM.csv","agent"
"C01272","Kerala Ayurveda Ltd","Public Limited","Private (Indian)","Kerala","Kochi","Healthcare","Ayurveda","Delisted/Unknown","","","","","listed_small_AM.csv","agent"
"C01273","Kesar Enterprises Ltd","Public Limited","Private (Indian)","Maharashtra","Mumbai","Sugar","Sugar","Delisted/Unknown","","","","","listed_small_AM.csv","agent"
"C01274","Lakshmi Vilas Bank Ltd","Public Limited","Private (Indian)","Tamil Nadu","Chennai","Banking","Bank","Delisted/Unknown","","","","","listed_small_AM.csv","agent"
"C01275","Ganesh Benzoplast Ltd","Public Limited","Private (Indian)","Maharashtra","Mumbai","Chemicals","Chemical logistics","Listed-NSE+BSE","GANESHBE","INE388A01029","BE","","listed_small_AM.csv","agent"
"C01276","Kridhan Infra Ltd","Public Limited","Private (Indian)","Maharashtra","Mumbai","Construction","Infrastructure","Listed-NSE","KRIDHANINF","INE524L01026","EQ","","listed_small_AM.csv","agent"
"C01277","Lloyds Enterprises Ltd","Public Limited","Private (Indian)","Maharashtra","Mumbai","Diversified","Trading","Listed-NSE+BSE","LLOYDSENT","INE080I01025","EQ","","listed_small_AM.csv","agent"
"C01278","Mahamaya Steel Industries Ltd","Public Limited","Private (Indian)","Chhattisgarh","Raipur","Metals","Steel","Listed-NSE","MAHASTEEL","INE451L01014","BE","","listed_small_AM.csv","agent"
"C01279","Mangalam Cement Ltd","Public Limited","Private (Indian)","Rajasthan","Noida","Cement","Cement","Listed-NSE+BSE","MANGLMCEM","INE347A01017","EQ","","listed_small_AM.csv;state_psu_north_west.csv","agent"
"C01280","Mangalam Drugs & Organics Ltd","Public Limited","Private (Indian)","Maharashtra","Mumbai","Pharmaceuticals","APIs","Listed-NSE+BSE","MANGALAM","INE584F01014","EQ","","listed_small_AM.csv","agent"
"C01281","Mangalore Chemicals & Fertilizers Ltd","Public Limited","Private (Indian)","Karnataka","Bengaluru","Fertilizers","Fertilizers","Listed-NSE+BSE","MANGCHEFER","","","","listed_small_AM.csv","agent"
"C01282","Manaksia Ltd","Public Limited","Private (Indian)","West Bengal","Kolkata","Metals","Metal products","Listed-NSE+BSE","MANAKSIA","INE015D01022","EQ","","listed_small_AM.csv","agent"
"C01283","Manaksia Steels Ltd","Public Limited","Private (Indian)","West Bengal","Kolkata","Metals","Steel","Listed-NSE+BSE","MANAKSTEEL","INE824Q01011","BE","","listed_small_AM.csv","agent"
"C01284","Maan Aluminium Ltd","Public Limited","Private (Indian)","Delhi","New Delhi","Metals","Aluminium extrusions","Listed-NSE+BSE","MAANALU","INE215I01027","EQ","","listed_small_AM.csv","agent"
"C01285","McLeod Russel India Ltd","Public Limited","Private (Indian)","West Bengal","Kolkata","Agriculture","Tea","Listed-NSE+BSE","MCLEODRUSS","INE942G01012","EQ","","listed_small_AM.csv","agent"
"C01286","MOIL Ltd","Government Company (PSU)","Central PSU","Maharashtra","Nagpur","Metals","Manganese ore","Listed-NSE+BSE","MOIL","INE490G01020","EQ","","listed_small_AM.csv","agent"
"C01287","Music Broadcast Ltd","Public Limited","Private (Indian)","Maharashtra","Mumbai","Media & Entertainment","Radio","Listed-NSE+BSE","RADIOCITY","INE919I01024","EQ","","listed_small_AM.csv","agent"
"C01288","Mukand Ltd","Public Limited","Private (Indian)","Maharashtra","Mumbai","Metals","Steel","Listed-NSE+BSE","MUKANDLTD","INE304A01026","EQ","","listed_small_AM.csv","agent"
"C01289","Mold-Tek Technologies Ltd","Public Limited","Private (Indian)","Telangana","Hyderabad","Information Technology","Engineering services","Listed-NSE+BSE","MOLDTECH","INE835B01035","BE","","listed_small_AM.csv","agent"
"C01290","Ador Welding Ltd","Public Limited","Private (Indian)","Maharashtra","Mumbai","Capital Goods","Welding consumables","Listed-NSE+BSE","ADOR","INE045A01017","EQ","","listed_small_AM.csv","agent"
"C01291","Ador Multiproducts Ltd","Public Limited","Private (Indian)","Maharashtra","Mumbai","Diversified","Diversified","Delisted/Unknown","","","","","listed_small_AM.csv","agent"
"C01292","Advait Infratech Ltd","Public Limited","Private (Indian)","Gujarat","Ahmedabad","Capital Goods","Transmission towers","Listed-NSE+BSE","ADVAIT","INE0ALI01010","EQ","","listed_small_AM.csv","agent"
"C01293","AGI Greenpac Ltd","Public Limited","Private (Indian)","Telangana","Hyderabad","Packaging","Glass containers","Listed-NSE+BSE","AGI","INE415A01038","EQ","","listed_small_AM.csv","agent"
"C01294","Ambika Enterprises Ltd","Public Limited","Private (Indian)","Delhi","New Delhi","Diversified","Trading","Delisted/Unknown","","","","","listed_small_AM.csv","agent"
"C01295","Apex Frozen Foods Ltd","Public Limited","Private (Indian)","Andhra Pradesh","Kakinada","FMCG","Seafood","Listed-NSE+BSE","APEX","INE346W01013","EQ","","listed_small_AM.csv","agent"
"C01296","Arrow Greentech Ltd","Public Limited","Private (Indian)","Maharashtra","Mumbai","Chemicals","Water-soluble films","Listed-NSE+BSE","ARROWGREEN","INE570D01018","EQ","","listed_small_AM.csv","agent"
"C01297","Ashapura Minechem Ltd","Public Limited","Private (Indian)","Maharashtra","Mumbai","Metals","Minerals","Listed-NSE+BSE","ASHAPURMIN","INE348A01023","EQ","","listed_small_AM.csv","agent"
"C01298","Associated Alcohols & Breweries Ltd","Public Limited","Private (Indian)","Madhya Pradesh","Indore","Beverages","Alcohol","Listed-NSE+BSE","ASALCBR","INE073G01016","EQ","","listed_small_AM.csv","agent"
"C01299","Astec LifeSciences Ltd","Public Limited","Private (Indian)","Maharashtra","Mumbai","Chemicals","Agrochemicals","Listed-NSE+BSE","ASTEC","INE563J01010","EQ","","listed_small_AM.csv","agent"
"C01300","Bharat Seats Ltd","Public Limited","Private (Indian)","Haryana","Gurugram","Automobiles","Seats","Listed-NSE+BSE","BHARATSE","INE415D01024","EQ","","listed_small_AM.csv","agent"
"C01301","Bhagyanagar India Ltd","Public Limited","Private (Indian)","Telangana","Hyderabad","Metals","Copper products","Listed-NSE+BSE","BHAGYANGR","INE458B01036","EQ","","listed_small_AM.csv","agent"
"C01302","BLS International Services Ltd","Public Limited","Private (Indian)","Delhi","New Delhi","Consumer Services","Visa services","Listed-NSE+BSE","BLS","INE153T01027","EQ","","listed_small_AM.csv","agent"
"C01303","Bombay Super Hybrid Seeds Ltd","Public Limited","Private (Indian)","Maharashtra","Mumbai","Agriculture","Seeds","Listed-NSE","BSHSL","INE032Z01020","EQ","","listed_small_AM.csv","agent"
"C01304","Cantabil Retail India Ltd","Public Limited","Private (Indian)","Delhi","New Delhi","Retail","Apparel","Listed-NSE+BSE","CANTABIL","INE068L01024","EQ","","listed_small_AM.csv","agent"
"C01305","Centum Electronics Ltd","Public Limited","Private (Indian)","Karnataka","Bengaluru","Defence","Electronics","Listed-NSE+BSE","CENTUM","INE320B01020","EQ","","listed_small_AM.csv","agent"
"C01306","Filatex Fashions Ltd","Public Limited","Private (Indian)","Delhi","New Delhi","Textiles","Apparel","Listed-NSE","FILATFASH","INE185E01021","EQ","","listed_small_AM.csv","agent"
"C01307","Frontier Springs Ltd","Public Limited","Private (Indian)","Haryana","Ludhiana","Industrials","Springs","Listed-NSE+BSE","FRONTSP","INE572D01014","EQ","","listed_small_AM.csv","agent"
"C01308","Gayatri Projects Ltd","Public Limited","Private (Indian)","Telangana","Hyderabad","Construction","Infrastructure","Listed-NSE","GAYAPROJ","INE336H01023","EQ","","listed_small_AM.csv","agent"
"C01309","GTL Infrastructure Ltd","Public Limited","Private (Indian)","Maharashtra","Mumbai","Telecom","Tower infrastructure","Listed-NSE+BSE","GTLINFRA","INE221H01019","EQ","","listed_small_AM.csv","agent"
"C01310","Gujarat Themis Biosyn Ltd","Public Limited","Private (Indian)","Gujarat","Vapi","Pharmaceuticals","APIs","Listed-NSE+BSE","GUJTHEM","INE942C01045","EQ","","listed_small_AM.csv","agent"
"C01311","HFCL Ltd","Public Limited","Private (Indian)","Haryana","Gurugram","Telecom","Optical fibre and equipment","Listed-NSE+BSE","HFCL","INE548A01028","BE","","listed_small_AM.csv","agent"
"C01312","Himachal Futuristic Communications Ltd","Public Limited","Private (Indian)","Himachal Pradesh","New Delhi","Telecom","Telecom equipment","Delisted/Unknown","","","","","listed_small_AM.csv;state_psu_north_west.csv","agent"
"C01313","Ion Exchange (India) Ltd","Public Limited","Private (Indian)","Maharashtra","Mumbai","Environmental Services","Water treatment","Listed-NSE+BSE","IONEXCHANG","INE570A01022","EQ","","listed_small_AM.csv","agent"
"C01314","Kama Holdings Ltd","Public Limited","Private (Indian)","Delhi","New Delhi","Financial Services","Holding company","Listed-NSE","KAMAHOLD","INE411F01010","EQ","","listed_small_AM.csv","agent"
"C01315","Kirloskar Industries Ltd","Public Limited","Private (Indian)","Maharashtra","Pune","Diversified","Holding company","Listed-NSE+BSE","KIRLOSIND","INE250A01039","EQ","","listed_small_AM.csv","agent"
"C01316","Kinetic Engineering Ltd","Public Limited","Private (Indian)","Maharashtra","Pune","Automobiles","Components","Listed-NSE+BSE","KINETICENG","","","","listed_small_AM.csv","agent"
"C01317","Lotus Chocolate Company Ltd","Public Limited","Private (Indian)","Maharashtra","Mumbai","FMCG","Chocolates","Listed-NSE","LOTUSCHO","INE026D01011","EQ","","listed_small_AM.csv","agent"
"C01318","Lokesh Machines Ltd","Public Limited","Private (Indian)","Telangana","Hyderabad","Capital Goods","Machine tools","Listed-NSE+BSE","LOKESHMACH","INE397H01017","EQ","","listed_small_AM.csv","agent"
"C01319","Liberty Shoes Ltd","Public Limited","Private (Indian)","Haryana","Karnal","Consumer Discretionary","Footwear","Listed-NSE+BSE","LIBERTSHOE","INE557B01019","EQ","","listed_small_AM.csv","agent"
"C01320","Lypsa Gems & Jewellery Ltd","Public Limited","Private (Indian)","West Bengal","Kolkata","Consumer Discretionary","Jewellery","Delisted/Unknown","","","","","listed_small_AM.csv","agent"
"C01321","Madhav Copper Ltd","Public Limited","Private (Indian)","Gujarat","Ahmedabad","Metals","Copper","Delisted/Unknown","","","","","listed_small_AM.csv","agent"
"C01322","Magnum Ventures Ltd","Public Limited","Private (Indian)","Uttar Pradesh","Ghaziabad","Paper","Paper","Listed-NSE","MAGNUM","INE387I01016","EQ","","listed_small_AM.csv","agent"
"C01323","Mafatlal Industries Ltd","Public Limited","Private (Indian)","Maharashtra","Mumbai","Textiles","Fabrics","Listed-NSE+BSE","MAFATIND","INE270B01035","EQ","","listed_small_AM.csv","agent"
"C01324","Mahalaxmi Fabric Mills Ltd","Public Limited","Private (Indian)","Gujarat","Ahmedabad","Textiles","Fabrics","Listed-NSE","MFML","INE0US801024","EQ","","listed_small_AM.csv","agent"
"C01325","Mallcom (India) Ltd","Public Limited","Private (Indian)","West Bengal","Kolkata","Textiles","Safety products","Listed-NSE+BSE","MALLCOM","INE389C01015","EQ","","listed_small_AM.csv","agent"
"C01326","Manali Petrochemicals Ltd","Public Limited","Private (Indian)","Tamil Nadu","Chennai","Chemicals","Propylene oxide","Listed-NSE+BSE","MANALIPETC","INE201A01024","EQ","","listed_small_AM.csv","agent"
"C01327","Marine Electricals (India) Ltd","Public Limited","Private (Indian)","Maharashtra","Mumbai","Capital Goods","Marine electrical","Listed-NSE+BSE","MARINE","INE01JE01028","EQ","","listed_small_AM.csv","agent"
"C01328","Mayur Leather Products Ltd","Public Limited","Private (Indian)","Delhi","New Delhi","Consumer Discretionary","Leather","Delisted/Unknown","","","","","listed_small_AM.csv","agent"
"C01329","Mangalam Global Enterprise Ltd","Public Limited","Private (Indian)","Gujarat","Ahmedabad","Agriculture","Agri trading","Listed-NSE+BSE","MGEL","INE0APB01032","EQ","","listed_small_AM.csv","agent"
"C01330","Mishtann Foods Ltd","Public Limited","Private (Indian)","Gujarat","Ahmedabad","FMCG","Rice","Listed-NSE+BSE","MISHTANN","","","","listed_small_AM.csv","agent"
"C01331","Modi Rubber Ltd","Public Limited","Private (Indian)","Delhi","New Delhi","Diversified","Rubber and real estate","Listed-NSE+BSE","MODIRUBBER","INE832A01018","EQ","","listed_small_AM.csv","agent"
"C01332","Mrs Bectors Food Specialities Ltd","Public Limited","Private (Indian)","Punjab","Phillaur","FMCG","Biscuits","Listed-NSE+BSE","BECTORFOOD","INE495P01020","EQ","","listed_small_AM.csv","agent"
"C01333","Nitin Spinners Ltd","Public Limited","Private (Indian)","Rajasthan","Bhilwara","Textiles","Yarn","Listed-NSE+BSE","NITINSPIN","INE229H01012","EQ","","listed_small_AM.csv;listed_small_NZ.csv","agent"
"C01334","Jullundur Motor Agency (Delhi) Ltd","Public Limited","Private (Indian)","Delhi","New Delhi","Automobiles","Dealership","Listed-NSE","JMA","INE412C01023","EQ","","listed_small_AM.csv","agent"
"C01335","Jainco Projects (India) Ltd","Public Limited","Private (Indian)","West Bengal","Kolkata","Construction","Projects","Delisted/Unknown","","","","","listed_small_AM.csv","agent"
"C01336","Jaybee Laminations Ltd","Public Limited","Private (Indian)","Haryana","Gurugram","Capital Goods","Laminations","Delisted/Unknown","","","","","listed_small_AM.csv","agent"
"C01337","Kaya Ltd","Public Limited","Private (Indian)","Maharashtra","Mumbai","Consumer Services","Skin clinics","Listed-NSE+BSE","KAYA","INE587G01015","BE","","listed_small_AM.csv","agent"
"C01338","HCL Infosystems Ltd","Public Limited","Private (Indian)","Uttar Pradesh","Noida","Information Technology","IT hardware","Listed-NSE+BSE","HCL-INSYS","INE236A01020","EQ","","listed_small_AM.csv","agent"
"C01339","Hindustan Oil Exploration Co Ltd","Public Limited","Private (Indian)","Gujarat","Vadodara","Energy","Oil and gas E&P","Listed-NSE+BSE","HINDOILEXP","INE345A01011","EQ","","listed_small_AM.csv","agent"
"C01340","Hinduja Global Solutions Ltd","Public Limited","Private (Indian)","Karnataka","Bengaluru","Information Technology","BPO","Listed-NSE+BSE","HGS","INE170I01016","EQ","","listed_small_AM.csv","agent"
"C01341","Hindcon Chemicals Ltd","Public Limited","Private (Indian)","Maharashtra","Mumbai","Chemicals","Chemicals","Listed-NSE","HINDCON","INE642Y01029","EQ","","listed_small_AM.csv","agent"
"C01342","Hittco Tools Ltd","Public Limited","Private (Indian)","Gujarat","Ahmedabad","Industrials","Tools","Delisted/Unknown","","","","","listed_small_AM.csv","agent"
"C01343","Innovana Thinklabs Ltd","Public Limited","Private (Indian)","Telangana","Hyderabad","Information Technology","Software","Listed-NSE","INNOVANA","INE403Y01018","EQ","","listed_small_AM.csv","agent"
"C01344","Ind-Swift Laboratories Ltd","Public Limited","Private (Indian)","Chandigarh","Chandigarh","Pharmaceuticals","APIs","Listed-NSE+BSE","INDSWFTLAB","INE915B01019","EQ","","listed_small_AM.csv","agent"
"C01345","Ind-Swift Ltd","Public Limited","Private (Indian)","Chandigarh","Chandigarh","Pharmaceuticals","Formulations","Listed-NSE+BSE","INDSWFTLTD","","","","listed_small_AM.csv","agent"
"C01346","Indiabulls Enterprises Ltd","Public Limited","Private (Indian)","Maharashtra","Mumbai","Financial Services","Holding","Delisted/Unknown","","","","","listed_small_AM.csv","agent"
"C01347","Indo Thai Securities Ltd","Public Limited","Private (Indian)","Madhya Pradesh","Indore","Financial Services","Broking","Listed-NSE+BSE","INDOTHAI","INE337M01021","EQ","","listed_small_AM.csv","agent"
"C01348","Indosolar Ltd","Public Limited","Private (Indian)","Uttar Pradesh","Noida","Renewable Energy","Solar cells","Listed-NSE","WAAREEINDO","INE866K01023","EQ","","listed_small_AM.csv","agent"
"C01349","Inspirisys Solutions Ltd","Public Limited","Private (Indian)","Tamil Nadu","Chennai","Information Technology","IT services","Listed-NSE+BSE","INSPIRISYS","INE020G01017","EQ","","listed_small_AM.csv","agent"
"C01350","Jetking Infotrain Ltd","Public Limited","Private (Indian)","Maharashtra","Mumbai","Education","IT training","Delisted/Unknown","","","","","listed_small_AM.csv","agent"
"C01351","Jindal Drilling & Industries Ltd","Public Limited","Private (Indian)","Delhi","New Delhi","Energy","Drilling services","Listed-NSE+BSE","JINDRILL","INE742C01031","EQ","","listed_small_AM.csv","agent"
"C01352","JITF Infralogistics Ltd","Public Limited","Private (Indian)","Delhi","New Delhi","Logistics","Logistics","Listed-NSE","JITFINFRA","INE863T01013","EQ","","listed_small_AM.csv","agent"
"C01353","Kaushalya Logistics Ltd","Public Limited","Private (Indian)","Maharashtra","Mumbai","Logistics","Logistics","Delisted/Unknown","","","","","listed_small_AM.csv","agent"
"C01354","Khadim India Ltd","Public Limited","Private (Indian)","West Bengal","Kolkata","Consumer Discretionary","Footwear","Listed-NSE+BSE","KHADIM","INE834I01025","BE","","listed_small_AM.csv","agent"
"C01355","Kiri Industries Ltd","Public Limited","Private (Indian)","Gujarat","Ahmedabad","Chemicals","Dyes","Listed-NSE+BSE","KIRIINDUS","INE415I01015","EQ","","listed_small_AM.csv","agent"
"C01356","Kwality Pharmaceuticals Ltd","Public Limited","Private (Indian)","Punjab","Amritsar","Pharmaceuticals","Formulations","Listed-NSE+BSE","KPL","INE552U01010","EQ","","listed_small_AM.csv","agent"
"C01357","Nahar Spinning Mills","Public Limited","Private (Indian)","Punjab","Ludhiana","Textiles","Cotton yarn","Listed-NSE+BSE","NAHARSPING","INE290A01027","EQ","","listed_small_NZ.csv;state_psu_north_west.csv","agent"
"C01358","Nahar Industrial Enterprises","Public Limited","Private (Indian)","Punjab","Ludhiana","Textiles","Yarn and fabrics","Listed-NSE+BSE","NAHARINDUS","INE289A01011","EQ","","listed_small_NZ.csv","agent"
"C01359","Nahar Capital and Financial Services","Public Limited","Private (Indian)","Punjab","Ludhiana","Financial Services","Investment holding","Listed-NSE+BSE","NAHARCAP","INE049I01012","EQ","","listed_small_NZ.csv","agent"
"C01360","NRB Bearings","Public Limited","Private (Indian)","Maharashtra","Mumbai","Automobile and Auto Components","Bearings","Listed-NSE+BSE","NRBBEARING","INE349A01021","EQ","","listed_small_NZ.csv","agent"
"C01361","Nucleus Software Exports","Public Limited","Private (Indian)","Uttar Pradesh","Noida","Information Technology","Banking software","Listed-NSE+BSE","NUCLEUS","INE096B01018","EQ","","listed_small_NZ.csv","agent"
"C01362","Navkar Corporation","Public Limited","Private (Indian)","Maharashtra","Mumbai","Logistics","Container freight station","Listed-NSE+BSE","NAVKARCORP","INE278M01019","EQ","","listed_small_NZ.csv","agent"
"C01363","Nilkamal","Public Limited","Private (Indian)","Maharashtra","Mumbai","Consumer Goods","Plastic furniture and crates","Listed-NSE+BSE","NILKAMAL","INE310A01015","EQ","","listed_small_NZ.csv","agent"
"C01364","NIIT Ltd","Public Limited","Private (Indian)","Delhi","New Delhi","Education","Skill training","Listed-NSE+BSE","NIITLTD","INE161A01038","EQ","","listed_small_NZ.csv","agent"
"C01365","NIIT Learning Systems","Public Limited","Private (Indian)","Haryana","Gurugram","Education","Managed training services","Listed-NSE+BSE","NIITMTS","INE342G01023","EQ","","listed_small_NZ.csv","agent"
"C01366","Neuland Laboratories","Public Limited","Private (Indian)","Telangana","Hyderabad","Pharmaceuticals","APIs","Listed-NSE+BSE","NEULANDLAB","INE794A01010","EQ","","listed_small_NZ.csv","agent"
"C01367","Nelcast","Public Limited","Private (Indian)","Tamil Nadu","Chennai","Automobile and Auto Components","Iron castings","Listed-NSE+BSE","NELCAST","INE189I01024","EQ","","listed_small_NZ.csv","agent"
"C01368","Nectar Lifesciences","Public Limited","Private (Indian)","Punjab","Chandigarh","Pharmaceuticals","Cephalosporin APIs","Listed-NSE+BSE","NECLIFE","INE023H01027","EQ","","listed_small_NZ.csv","agent"
"C01369","Nagreeka Exports","Public Limited","Private (Indian)","Maharashtra","Mumbai","Textiles","Textile exports","Listed-NSE+BSE","NAGREEKEXP","INE123B01028","EQ","","listed_small_NZ.csv","agent"
"C01370","Nelco","Public Limited","Private (Indian)","Maharashtra","Mumbai","Telecommunications","Satellite communication","Listed-NSE+BSE","NELCO","INE045B01015","EQ","","listed_small_NZ.csv","agent"
"C01371","Neogen Chemicals","Public Limited","Private (Indian)","Maharashtra","Mumbai","Chemicals","Specialty organic chemicals","Listed-NSE+BSE","NEOGEN","INE136S01016","EQ","","listed_small_NZ.csv","agent"
"C01372","Nesco","Public Limited","Private (Indian)","Maharashtra","Mumbai","Real Estate","Exhibition centre and IT parks","Listed-NSE+BSE","NESCO","INE317F01035","EQ","","listed_small_NZ.csv","agent"
"C01373","Nirlon","Public Limited","Private (Indian)","Maharashtra","Mumbai","Real Estate","Commercial leasing","Listed-NSE+BSE","NIRLON","INE910A01012","EQ","","listed_small_NZ.csv","agent"
"C01374","Nila Infrastructures","Public Limited","Private (Indian)","Gujarat","Ahmedabad","Real Estate","Real estate development","Listed-NSE+BSE","NILAINFRA","INE937C01029","EQ","","listed_small_NZ.csv","agent"
"C01375","Nitta Gelatin India","Public Limited","Private (Indian)","Kerala","Kochi","Chemicals","Gelatin and collagen peptides","Listed-NSE+BSE","NITTAGELA","INE265B01019","EQ","","listed_small_NZ.csv","agent"
"C01376","NGL Fine-Chem","Public Limited","Private (Indian)","Maharashtra","Mumbai","Pharmaceuticals","Veterinary formulations","Listed-NSE+BSE","NGLFINE","INE887E01022","EQ","","listed_small_NZ.csv","agent"
"C01377","Novartis India","Public Limited","Private (Indian)","Maharashtra","Mumbai","Pharmaceuticals","Formulations","Listed-NSE+BSE","NOVARTIND","INE234A01025","EQ","","listed_small_NZ.csv;mnc_foreign.csv","agent"
"C01378","NOCIL","Public Limited","Private (Indian)","Maharashtra","Mumbai","Chemicals","Rubber chemicals","Listed-NSE+BSE","NOCIL","INE163A01018","EQ","","listed_small_NZ.csv","agent"
"C01379","Oriental Hotels","Public Limited","Private (Indian)","Tamil Nadu","Chennai","Hospitality","Hotels","Listed-NSE+BSE","ORIENTHOT","INE750A01020","EQ","","listed_small_NZ.csv","agent"
"C01380","Oriental Carbon and Chemicals","Public Limited","Private (Indian)","West Bengal","Kolkata","Chemicals","Insoluble sulphur","Listed-NSE+BSE","OCCL","","","","listed_small_NZ.csv","agent"
"C01381","Orissa Minerals Development Company","Public Limited","Private (Indian)","West Bengal","Kolkata","Metals and Mining","Iron ore mining","Listed-NSE+BSE","ORISSAMINE","INE725E01024","EQ","","listed_small_NZ.csv","agent"
"C01382","Optiemus Infracom","Public Limited","Private (Indian)","Delhi","New Delhi","Electronics","Mobile devices and accessories","Listed-NSE+BSE","OPTIEMUS","INE350C01017","EQ","","listed_small_NZ.csv","agent"
"C01383","Omaxe","Public Limited","Private (Indian)","Delhi","New Delhi","Real Estate","Residential and commercial development","Listed-NSE+BSE","OMAXE","INE800H01010","EQ","","listed_small_NZ.csv","agent"
"C01384","Onward Technologies","Public Limited","Private (Indian)","Maharashtra","Mumbai","Information Technology","Engineering services","Listed-NSE+BSE","ONWARDTEC","INE229A01017","EQ","","listed_small_NZ.csv","agent"
"C01385","Oricon Enterprises","Public Limited","Private (Indian)","Maharashtra","Mumbai","Packaging","Packaging and investments","Listed-NSE+BSE","ORICONENT","INE730A01022","EQ","","listed_small_NZ.csv","agent"
"C01386","Orient Bell","Public Limited","Private (Indian)","Delhi","New Delhi","Building Materials","Ceramic and vitrified tiles","Listed-NSE+BSE","ORIENTBELL","INE607D01018","EQ","","listed_small_NZ.csv","agent"
"C01387","OnMobile Global","Public Limited","Private (Indian)","Karnataka","Bengaluru","Telecommunications","Mobile VAS","Listed-NSE+BSE","ONMOBILE","INE809I01019","BE","","listed_small_NZ.csv","agent"
"C01388","Oil Country Tubular","Public Limited","Private (Indian)","Telangana","Hyderabad","Metals and Mining","Steel tubulars","Listed-NSE+BSE","OILCOUNTUB","INE591A01010","BE","","listed_small_NZ.csv","agent"
"C01389","Olectra Greentech","Public Limited","Private (Indian)","Telangana","Hyderabad","Automobile and Auto Components","Electric buses","Listed-NSE+BSE","OLECTRA","INE260D01016","EQ","","listed_small_NZ.csv","agent"
"C01390","Panama Petrochem","Public Limited","Private (Indian)","Maharashtra","Mumbai","Chemicals","Petroleum specialty products","Listed-NSE+BSE","PANAMAPET","INE305C01029","EQ","","listed_small_NZ.csv","agent"
"C01391","Parag Milk Foods","Public Limited","Private (Indian)","Maharashtra","Pune","Food and Beverages","Dairy products","Listed-NSE+BSE","PARAGMILK","INE883N01014","EQ","","listed_small_NZ.csv","agent"
"C01392","Paras Defence and Space Technologies","Public Limited","Private (Indian)","Maharashtra","Mumbai","Defence","Optics and defence electronics","Listed-NSE+BSE","PARAS","INE045601023","EQ","","listed_small_NZ.csv","agent"
"C01393","Patel Engineering","Public Limited","Private (Indian)","Maharashtra","Mumbai","Infrastructure and Construction","Civil construction","Listed-NSE+BSE","PATELENG","INE244B01030","EQ","","listed_small_NZ.csv","agent"
"C01394","Pennar Industries","Public Limited","Private (Indian)","Telangana","Hyderabad","Metals and Mining","Steel products","Listed-NSE+BSE","PENIND","INE932A01024","EQ","","listed_small_NZ.csv","agent"
"C01395","Pitti Engineering","Public Limited","Private (Indian)","Telangana","Hyderabad","Capital Goods","Electric motor components","Listed-NSE+BSE","PITTIENG","INE450D01021","EQ","","listed_small_NZ.csv","agent"
"C01396","PTC India","Public Limited","Private (Indian)","Delhi","New Delhi","Power","Power trading","Listed-NSE+BSE","PTC","INE877F01012","EQ","","listed_small_NZ.csv","agent"
"C01397","Prakash Industries","Public Limited","Private (Indian)","Delhi","New Delhi","Metals and Mining","Steel and power","Listed-NSE+BSE","PRAKASH","INE603A01013","EQ","","listed_small_NZ.csv","agent"
"C01398","Precision Wires India","Public Limited","Private (Indian)","Maharashtra","Mumbai","Capital Goods","Winding wires","Listed-NSE+BSE","PRECWIRE","INE372C01037","EQ","","listed_small_NZ.csv","agent"
"C01399","Premier Explosives","Public Limited","Private (Indian)","Telangana","Hyderabad","Defence","Explosives and defence products","Listed-NSE+BSE","PREMEXPLN","INE863B01029","EQ","","listed_small_NZ.csv","agent"
"C01400","Pricol","Public Limited","Private (Indian)","Tamil Nadu","Coimbatore","Automobile and Auto Components","Instrument clusters","Listed-NSE+BSE","PRICOLLTD","INE726V01018","EQ","","listed_small_NZ.csv","agent"
"C01401","Prism Johnson","Public Limited","Private (Indian)","Maharashtra","Mumbai","Building Materials","Cement, tiles and RMC","Listed-NSE+BSE","PRSMJOHNSN","INE010A01011","EQ","","listed_small_NZ.csv;state_psu_north_west.csv","agent"
"C01402","Puravankara","Public Limited","Private (Indian)","Karnataka","Bengaluru","Real Estate","Residential development","Listed-NSE+BSE","PURVA","INE323I01011","EQ","","listed_small_NZ.csv","agent"
"C01403","PNB Gilts","Public Limited","Private (Indian)","Delhi","New Delhi","Financial Services","Primary dealer","Listed-NSE+BSE","PNBGILTS","INE859A01011","EQ","","listed_small_NZ.csv","agent"
"C01404","PSP Projects","Public Limited","Private (Indian)","Gujarat","Ahmedabad","Infrastructure and Construction","Construction","Listed-NSE+BSE","PSPPROJECT","INE488V01015","EQ","","listed_small_NZ.csv","agent"
"C01405","Panacea Biotec","Public Limited","Private (Indian)","Delhi","New Delhi","Pharmaceuticals","Vaccines and formulations","Listed-NSE+BSE","PANACEABIO","INE922B01023","EQ","","listed_small_NZ.csv","agent"
"C01406","Pokarna","Public Limited","Private (Indian)","Telangana","Hyderabad","Building Materials","Quartz surfaces and granite","Listed-NSE+BSE","POKARNA","INE637C01025","EQ","","listed_small_NZ.csv","agent"
"C01407","Polyplex Corporation","Public Limited","Private (Indian)","Uttar Pradesh","Noida","Packaging","Polyester film","Listed-NSE+BSE","POLYPLEX","INE633B01018","EQ","","listed_small_NZ.csv","agent"
"C01408","Prataap Snacks","Public Limited","Private (Indian)","Madhya Pradesh","Indore","Food and Beverages","Snacks","Listed-NSE+BSE","DIAMONDYD","INE393P01035","EQ","","listed_small_NZ.csv","agent"
"C01409","Power Mech Projects","Public Limited","Private (Indian)","Telangana","Hyderabad","Infrastructure and Construction","Power plant services","Listed-NSE+BSE","POWERMECH","INE211R01019","EQ","","listed_small_NZ.csv","agent"
"C01410","Parsvnath Developers","Public Limited","Private (Indian)","Delhi","New Delhi","Real Estate","Real estate development","Listed-NSE+BSE","PARSVNATH","INE561H01026","BE","","listed_small_NZ.csv","agent"
"C01411","Pearl Global Industries","Public Limited","Private (Indian)","Haryana","Gurugram","Textiles","Apparel manufacturing","Listed-NSE+BSE","PGIL","INE940H01022","EQ","","listed_small_NZ.csv","agent"
"C01412","Rain Industries","Public Limited","Private (Indian)","Telangana","Hyderabad","Chemicals","Carbon and cement","Listed-NSE+BSE","RAIN","INE855B01025","EQ","","listed_small_NZ.csv","agent"
"C01413","Ramco Industries","Public Limited","Private (Indian)","Tamil Nadu","Chennai","Building Materials","Fibre cement sheets","Listed-NSE+BSE","RAMCOIND","INE614A01028","EQ","","listed_small_NZ.csv","agent"
"C01414","Ramco Systems","Public Limited","Private (Indian)","Tamil Nadu","Chennai","Information Technology","Enterprise software","Listed-NSE+BSE","RAMCOSYS","INE246B01019","EQ","","listed_small_NZ.csv","agent"
"C01415","Ramky Infrastructure","Public Limited","Private (Indian)","Telangana","Hyderabad","Infrastructure and Construction","EPC and infrastructure","Listed-NSE+BSE","RAMKY","INE874I01013","EQ","","listed_small_NZ.csv","agent"
"C01416","RattanIndia Power","Public Limited","Private (Indian)","Delhi","New Delhi","Power","Thermal power","Listed-NSE+BSE","RTNPOWER","INE399K01017","EQ","","listed_small_NZ.csv","agent"
"C01417","RattanIndia Enterprises","Public Limited","Private (Indian)","Delhi","New Delhi","Diversified","E-commerce and drones","Listed-NSE+BSE","RTNINDIA","INE834M01019","EQ","","listed_small_NZ.csv","agent"
"C01418","Rajratan Global Wire","Public Limited","Private (Indian)","Madhya Pradesh","Indore","Automobile and Auto Components","Tyre bead wire","Listed-NSE+BSE","RAJRATAN","INE451D01029","EQ","","listed_small_NZ.csv","agent"
"C01419","Rane Holdings","Public Limited","Private (Indian)","Tamil Nadu","Chennai","Automobile and Auto Components","Auto component holding","Listed-NSE+BSE","RANEHOLDIN","INE384A01010","EQ","","listed_small_NZ.csv","agent"
"C01420","Refex Industries","Public Limited","Private (Indian)","Tamil Nadu","Chennai","Diversified","Refrigerant gases and ash handling","Listed-NSE+BSE","REFEX","INE056I01025","EQ","","listed_small_NZ.csv","agent"
"C01421","Repro India","Public Limited","Private (Indian)","Maharashtra","Mumbai","Media and Publishing","Printing and publishing","Listed-NSE+BSE","REPRO","INE461B01014","EQ","","listed_small_NZ.csv","agent"
"C01422","Rico Auto Industries","Public Limited","Private (Indian)","Haryana","Gurugram","Automobile and Auto Components","Aluminium and iron castings","Listed-NSE+BSE","RICOAUTO","INE209B01025","EQ","","listed_small_NZ.csv","agent"
"C01423","Rolex Rings","Public Limited","Private (Indian)","Gujarat","Rajkot","Automobile and Auto Components","Forged bearing rings","Listed-NSE+BSE","ROLEXRINGS","INE645S01024","EQ","","listed_small_NZ.csv","agent"
"C01424","Rossari Biotech","Public Limited","Private (Indian)","Maharashtra","Mumbai","Chemicals","Specialty chemicals","Listed-NSE+BSE","ROSSARI","INE02A801020","EQ","","listed_small_NZ.csv","agent"
"C01425","RSWM","Public Limited","Private (Indian)","Uttar Pradesh","Noida","Textiles","Yarn and fabrics","Listed-NSE+BSE","RSWM","INE611A01016","EQ","","listed_small_NZ.csv;state_psu_north_west.csv","agent"
"C01426","Royal Orchid Hotels","Public Limited","Private (Indian)","Karnataka","Bengaluru","Hospitality","Hotels","Listed-NSE+BSE","ROHLTD","INE283H01019","EQ","","listed_small_NZ.csv","agent"
"C01427","Ruchira Papers","Public Limited","Private (Indian)","Haryana","Ambala","Paper","Kraft paper","Listed-NSE+BSE","RUCHIRA","INE803H01014","EQ","","listed_small_NZ.csv","agent"
"C01428","Rupa and Company","Public Limited","Private (Indian)","West Bengal","Kolkata","Textiles","Innerwear","Listed-NSE+BSE","RUPA","INE895B01021","EQ","","listed_small_NZ.csv","agent"
"C01429","Rushil Decor","Public Limited","Private (Indian)","Gujarat","Gandhinagar","Building Materials","Laminates and MDF","Listed-NSE+BSE","RUSHIL","INE573K01025","EQ","","listed_small_NZ.csv","agent"
"C01430","RPSG Ventures","Public Limited","Private (Indian)","West Bengal","Kolkata","Diversified","Holding company","Listed-NSE+BSE","RPSGVENT","INE425Y01011","EQ","","listed_small_NZ.csv","agent"
"C01431","Rajoo Engineers","Public Limited","Private (Indian)","Gujarat","Rajkot","Capital Goods","Plastic extrusion machinery","Listed-NSE+BSE","RAJOOENG","INE535F01024","BE","","listed_small_NZ.csv","agent"
"C01432","Sanghvi Movers","Public Limited","Private (Indian)","Maharashtra","Pune","Infrastructure and Construction","Crane rental","Listed-NSE+BSE","SANGHVIMOV","INE989A01032","EQ","","listed_small_NZ.csv","agent"
"C01433","Sagar Cements","Public Limited","Private (Indian)","Telangana","Hyderabad","Building Materials","Cement","Listed-NSE+BSE","SAGCEM","INE229C01021","EQ","","listed_small_NZ.csv","agent"
"C01434","Sakthi Sugars","Public Limited","Private (Indian)","Tamil Nadu","Coimbatore","Food and Beverages","Sugar","Listed-NSE+BSE","SAKHTISUG","INE623A01011","EQ","","listed_small_NZ.csv","agent"
"C01435","Salzer Electronics","Public Limited","Private (Indian)","Tamil Nadu","Coimbatore","Capital Goods","Electrical switches and cables","Listed-NSE+BSE","SALZERELEC","INE457F01013","EQ","","listed_small_NZ.csv","agent"
"C01436","Sandhar Technologies","Public Limited","Private (Indian)","Haryana","Gurugram","Automobile and Auto Components","Auto components","Listed-NSE+BSE","SANDHAR","INE278H01035","EQ","","listed_small_NZ.csv","agent"
"C01437","Sanghi Industries","Public Limited","Private (Indian)","Gujarat","Ahmedabad","Building Materials","Cement","Listed-NSE+BSE","SANGHIIND","","","","listed_small_NZ.csv","agent"
"C01438","Sarda Energy and Minerals","Public Limited","Private (Indian)","Chhattisgarh","Raipur","Metals and Mining","Sponge iron and steel","Listed-NSE+BSE","SARDAEN","INE385C01021","EQ","","listed_small_NZ.csv;state_psu_north_west.csv","agent"
"C01439","Savita Oil Technologies","Public Limited","Private (Indian)","Maharashtra","Mumbai","Chemicals","Transformer and lubricating oils","Listed-NSE+BSE","SOTL","INE035D01020","EQ","","listed_small_NZ.csv","agent"
"C01440","Shalby","Public Limited","Private (Indian)","Gujarat","Ahmedabad","Healthcare","Hospitals","Listed-NSE+BSE","SHALBY","INE597J01018","EQ","","listed_small_NZ.csv","agent"
"C01441","Shankara Building Products","Public Limited","Private (Indian)","Karnataka","Bengaluru","Building Materials","Building products retail","Listed-NSE+BSE","SHANKARA","INE274V01019","EQ","","listed_small_NZ.csv","agent"
"C01442","Sharda Motor Industries","Public Limited","Private (Indian)","Delhi","New Delhi","Automobile and Auto Components","Exhaust systems","Listed-NSE+BSE","SHARDAMOTR","INE597I01028","EQ","","listed_small_NZ.csv","agent"
"C01443","Shilpa Medicare","Public Limited","Private (Indian)","Karnataka","Raichur","Pharmaceuticals","APIs and formulations","Listed-NSE+BSE","SHILPAMED","INE790G01031","EQ","","listed_small_NZ.csv","agent"
"C01444","Shree Digvijay Cement","Public Limited","Private (Indian)","Gujarat","Jamnagar","Building Materials","Cement","Listed-NSE+BSE","SHREDIGCEM","INE232A01011","EQ","","listed_small_NZ.csv","agent"
"C01445","Shree Renuka Sugars","Public Limited","Private (Indian)","Karnataka","Belagavi","Food and Beverages","Sugar and ethanol","Listed-NSE+BSE","RENUKA","INE087H01022","EQ","","listed_small_NZ.csv","agent"
"C01446","Shriram Pistons and Rings","Public Limited","Private (Indian)","Delhi","New Delhi","Automobile and Auto Components","Pistons and rings","Listed-NSE+BSE","SHRIPISTON","INE526E01018","EQ","","listed_small_NZ.csv","agent"
"C01447","Siyaram Silk Mills","Public Limited","Private (Indian)","Maharashtra","Mumbai","Textiles","Fabrics and apparel","Listed-NSE+BSE","SIYSIL","INE076B01028","EQ","","listed_small_NZ.csv","agent"
"C01448","Spencers Retail","Public Limited","Private (Indian)","West Bengal","Kolkata","Retail","Supermarkets","Listed-NSE+BSE","SPENCERS","INE020801028","EQ","","listed_small_NZ.csv","agent"
"C01449","SP Apparels","Public Limited","Private (Indian)","Tamil Nadu","Tiruppur","Textiles","Knitwear","Listed-NSE+BSE","SPAL","INE212I01016","EQ","","listed_small_NZ.csv","agent"
"C01450","Stylam Industries","Public Limited","Private (Indian)","Haryana","Chandigarh","Building Materials","Laminates","Listed-NSE+BSE","STYLAMIND","INE239C01020","EQ","","listed_small_NZ.csv","agent"
"C01451","Supreme Petrochem","Public Limited","Private (Indian)","Maharashtra","Mumbai","Chemicals","Polystyrene","Listed-NSE+BSE","SPLPETRO","INE663A01033","EQ","","listed_small_NZ.csv","agent"
"C01452","Surya Roshni","Public Limited","Private (Indian)","Delhi","New Delhi","Capital Goods","Lighting and steel pipes","Listed-NSE+BSE","SURYAROSNI","INE335A01020","EQ","","listed_small_NZ.csv","agent"
"C01453","Sutlej Textiles and Industries","Public Limited","Private (Indian)","Rajasthan","Mumbai","Textiles","Yarn","Listed-NSE+BSE","SUTLEJTEX","INE645H01027","BE","","listed_small_NZ.csv","agent"
"C01454","Swan Corp","Public Limited","Private (Indian)","Maharashtra","Mumbai","Diversified","Textiles, LNG terminal and construction","Listed-NSE+BSE","SWANCORP","INE665A01038","EQ","","listed_small_NZ.csv","agent"
"C01455","Shakti Pumps India","Public Limited","Private (Indian)","Madhya Pradesh","Indore","Capital Goods","Solar pumps","Listed-NSE+BSE","SHAKTIPUMP","INE908D01010","EQ","","listed_small_NZ.csv","agent"
"C01456","Shanthi Gears","Public Limited","Private (Indian)","Tamil Nadu","Coimbatore","Capital Goods","Industrial gears","Listed-NSE+BSE","SHANTIGEAR","INE631A01022","EQ","","listed_small_NZ.csv","agent"
"C01457","Sterling and Wilson Renewable Energy","Public Limited","Private (Indian)","Maharashtra","Mumbai","Power","Solar EPC","Listed-NSE+BSE","SWSOLAR","INE00M201021","EQ","","listed_small_NZ.csv","agent"
"C01458","Steel Strips Wheels","Public Limited","Private (Indian)","Chandigarh","Chandigarh","Automobile and Auto Components","Steel wheels","Listed-NSE+BSE","SSWL","INE802C01033","EQ","","listed_small_NZ.csv","agent"
"C01459","Sansera Engineering","Public Limited","Private (Indian)","Karnataka","Bengaluru","Automobile and Auto Components","Precision forgings","Listed-NSE+BSE","SANSERA","INE953O01021","EQ","","listed_small_NZ.csv","agent"
"C01460","SEPC","Public Limited","Private (Indian)","Tamil Nadu","Chennai","Infrastructure and Construction","EPC","Listed-NSE+BSE","SEPC","INE964H01014","EQ","","listed_small_NZ.csv","agent"
"C01461","Sunteck Realty","Public Limited","Private (Indian)","Maharashtra","Mumbai","Real Estate","Residential development","Listed-NSE+BSE","SUNTECK","INE805D01034","EQ","","listed_small_NZ.csv","agent"
"C01462","Supriya Lifescience","Public Limited","Private (Indian)","Maharashtra","Mumbai","Pharmaceuticals","APIs","Listed-NSE+BSE","SUPRIYA","INE07RO01027","EQ","","listed_small_NZ.csv","agent"
"C01463","Sasken Technologies","Public Limited","Private (Indian)","Karnataka","Bengaluru","Information Technology","Product engineering","Listed-NSE+BSE","SASKEN","INE231F01020","EQ","","listed_small_NZ.csv","agent"
"C01464","Saksoft","Public Limited","Private (Indian)","Tamil Nadu","Chennai","Information Technology","IT services","Listed-NSE+BSE","SAKSOFT","INE667G01023","EQ","","listed_small_NZ.csv","agent"
"C01465","Subex","Public Limited","Private (Indian)","Karnataka","Bengaluru","Information Technology","Telecom analytics","Listed-NSE+BSE","SUBEXLTD","INE754A01055","EQ","","listed_small_NZ.csv","agent"
"C01466","Sun Pharma Advanced Research Company","Public Limited","Private (Indian)","Maharashtra","Mumbai","Pharmaceuticals","Drug discovery","Listed-NSE+BSE","SPARC","INE232I01014","EQ","","listed_small_NZ.csv","agent"
"C01467","Sequent Scientific","Public Limited","Private (Indian)","Maharashtra","Mumbai","Pharmaceuticals","Animal health","Listed-NSE+BSE","SEQUENT","","","","listed_small_NZ.csv","agent"
"C01468","Sunflag Iron and Steel","Public Limited","Private (Indian)","Maharashtra","Nagpur","Metals and Mining","Alloy steel","Listed-NSE+BSE","SUNFLAG","INE947A01014","EQ","","listed_small_NZ.csv","agent"
"C01469","Steelcast","Public Limited","Private (Indian)","Gujarat","Bhavnagar","Metals and Mining","Steel castings","Listed-NSE+BSE","STEELCAS","INE124E01038","EQ","","listed_small_NZ.csv","agent"
"C01470","Seamec","Public Limited","Private (Indian)","Maharashtra","Mumbai","Shipping","Offshore support vessels","Listed-NSE+BSE","SEAMECLTD","INE497B01018","EQ","","listed_small_NZ.csv","agent"
"C01471","Shreyas Shipping and Logistics","Public Limited","Private (Indian)","Maharashtra","Mumbai","Shipping","Container feeder shipping","Listed-NSE+BSE","SHREYAS","","","","listed_small_NZ.csv","agent"
"C01472","Sadbhav Engineering","Public Limited","Private (Indian)","Gujarat","Ahmedabad","Infrastructure and Construction","Road construction","Listed-NSE+BSE","SADBHAV","INE226H01026","EQ","","listed_small_NZ.csv","agent"
"C01473","Simplex Infrastructures","Public Limited","Private (Indian)","West Bengal","Kolkata","Infrastructure and Construction","Civil construction","Listed-NSE+BSE","SIMPLEXINF","INE059B01024","EQ","","listed_small_NZ.csv","agent"
"C01474","Snowman Logistics","Public Limited","Private (Indian)","Haryana","Gurugram","Logistics","Cold chain","Listed-NSE+BSE","SNOWMAN","INE734N01019","EQ","","listed_small_NZ.csv","agent"
"C01475","Swaraj Engines","Public Limited","Private (Indian)","Punjab","Mohali","Automobile and Auto Components","Tractor engines","Listed-NSE+BSE","SWARAJENG","INE277A01016","EQ","","listed_small_NZ.csv","agent"
"C01476","Tata Teleservices (Maharashtra)","Public Limited","Private (Indian)","Maharashtra","Mumbai","Telecommunications","Enterprise connectivity","Listed-NSE+BSE","TTML","INE517B01013","EQ","","listed_small_NZ.csv","agent"
"C01477","TD Power Systems","Public Limited","Private (Indian)","Karnataka","Bengaluru","Capital Goods","Generators","Listed-NSE+BSE","TDPOWERSYS","INE419M01035","EQ","","listed_small_NZ.csv","agent"
"C01478","TCI Express","Public Limited","Private (Indian)","Haryana","Gurugram","Logistics","Express cargo","Listed-NSE+BSE","TCIEXP","INE586V01016","EQ","","listed_small_NZ.csv","agent"
"C01479","Texmaco Rail and Engineering","Public Limited","Private (Indian)","West Bengal","Kolkata","Capital Goods","Railway wagons","Listed-NSE+BSE","TEXRAIL","INE621L01012","EQ","","listed_small_NZ.csv","agent"
"C01480","Tips Industries","Public Limited","Private (Indian)","Maharashtra","Mumbai","Media and Entertainment","Music and films","Listed-NSE+BSE","TIPSINDLTD","","","","listed_small_NZ.csv","agent"
"C01481","Transport Corporation of India","Public Limited","Private (Indian)","Telangana","Gurugram","Logistics","Freight and supply chain","Listed-NSE+BSE","TCI","INE688A01022","EQ","","listed_small_NZ.csv","agent"
"C01482","TTK Prestige","Public Limited","Private (Indian)","Karnataka","Bengaluru","Consumer Durables","Pressure cookers and appliances","Listed-NSE+BSE","TTKPRESTIG","INE690A01028","EQ","","listed_small_NZ.csv","agent"
"C01483","Tide Water Oil Company (India)","Public Limited","Private (Indian)","West Bengal","Kolkata","Chemicals","Lubricants","Listed-NSE+BSE","TIDEWATER","","","","listed_small_NZ.csv","agent"
"C01484","Tatva Chintan Pharma Chem","Public Limited","Private (Indian)","Gujarat","Vadodara","Chemicals","Specialty chemicals","Listed-NSE+BSE","TATVA","INE0GK401011","EQ","","listed_small_NZ.csv","agent"
"C01485","Thangamayil Jewellery","Public Limited","Private (Indian)","Tamil Nadu","Madurai","Consumer Goods","Jewellery retail","Listed-NSE+BSE","THANGAMAYL","INE085J01014","EQ","","listed_small_NZ.csv","agent"
"C01486","Tamil Nadu Newsprint and Papers","Government Company (PSU)","State PSU","Tamil Nadu","Chennai","Paper","Newsprint and paper","Listed-NSE+BSE","TNPL","INE107A01015","EQ","","listed_small_NZ.csv;state_psu_south_east_ne.csv","agent"
"C01487","Tamil Nadu Petroproducts","Public Limited","Private (Indian)","Tamil Nadu","Chennai","Chemicals","Petrochemicals","Listed-NSE+BSE","TNPETRO","INE148A01019","EQ","","listed_small_NZ.csv","agent"
"C01488","TVS Electronics","Public Limited","Private (Indian)","Tamil Nadu","Chennai","Electronics","Peripherals and services","Listed-NSE+BSE","TVSELECT","INE236G01019","EQ","","listed_small_NZ.csv","agent"
"C01489","TVS Srichakra","Public Limited","Private (Indian)","Tamil Nadu","Madurai","Automobile and Auto Components","Two-wheeler tyres","Listed-NSE+BSE","TVSSRICHAK","INE421C01016","EQ","","listed_small_NZ.csv","agent"
"C01490","TV Today Network","Public Limited","Private (Indian)","Delhi","Noida","Media and Entertainment","News broadcasting","Listed-NSE+BSE","TVTODAY","INE038F01029","EQ","","listed_small_NZ.csv","agent"
"C01491","Transformers and Rectifiers (India)","Public Limited","Private (Indian)","Gujarat","Ahmedabad","Capital Goods","Transformers","Listed-NSE+BSE","TARIL","INE763I01026","EQ","","listed_small_NZ.csv","agent"
"C01492","TARC","Public Limited","Private (Indian)","Delhi","New Delhi","Real Estate","Real estate development","Listed-NSE+BSE","TARC","INE0EK901012","EQ","","listed_small_NZ.csv","agent"
"C01493","Talbros Automotive Components","Public Limited","Private (Indian)","Haryana","Gurugram","Automobile and Auto Components","Gaskets","Listed-NSE+BSE","TALBROAUTO","INE187D01029","EQ","","listed_small_NZ.csv","agent"
"C01494","TeamLease Services","Public Limited","Private (Indian)","Karnataka","Bengaluru","Business Services","Staffing","Listed-NSE+BSE","TEAMLEASE","INE985S01024","EQ","","listed_small_NZ.csv","agent"
"C01495","Tilaknagar Industries","Public Limited","Private (Indian)","Maharashtra","Mumbai","Food and Beverages","Liquor","Listed-NSE+BSE","TI","INE133E01013","EQ","","listed_small_NZ.csv","agent"
"C01496","Thirumalai Chemicals","Public Limited","Private (Indian)","Tamil Nadu","Chennai","Chemicals","Organic acids","Listed-NSE+BSE","TIRUMALCHM","INE338A01024","EQ","","listed_small_NZ.csv","agent"
"C01497","Uflex","Public Limited","Private (Indian)","Uttar Pradesh","Noida","Packaging","Flexible packaging","Listed-NSE+BSE","UFLEX","INE516A01017","EQ","","listed_small_NZ.csv","agent"
"C01498","Unichem Laboratories","Public Limited","Private (Indian)","Maharashtra","Mumbai","Pharmaceuticals","Formulations","Listed-NSE+BSE","UNICHEMLAB","INE351A01035","EQ","","listed_small_NZ.csv","agent"
"C01499","Unitech","Public Limited","Private (Indian)","Haryana","Gurugram","Real Estate","Real estate development","Listed-NSE+BSE","UNITECH","INE694A01020","EQ","","listed_small_NZ.csv","agent"
"C01500","Uniparts India","Public Limited","Private (Indian)","Uttar Pradesh","Noida","Automobile and Auto Components","Off-highway components","Listed-NSE+BSE","UNIPARTS","INE244O01017","EQ","","listed_small_NZ.csv","agent"
"C01501","Universal Cables","Public Limited","Private (Indian)","Madhya Pradesh","Satna","Capital Goods","Power cables","Listed-NSE+BSE","UNIVCABLES","INE279A01012","EQ","","listed_small_NZ.csv","agent"
"C01502","Usha Martin","Public Limited","Private (Indian)","West Bengal","Kolkata","Metals and Mining","Wire ropes","Listed-NSE+BSE","USHAMART","INE228A01035","EQ","","listed_small_NZ.csv","agent"
"C01503","VA Tech Wabag","Public Limited","Private (Indian)","Tamil Nadu","Chennai","Infrastructure and Construction","Water treatment","Listed-NSE+BSE","WABAG","INE956G01038","EQ","","listed_small_NZ.csv","agent"
"C01504","Vakrangee","Public Limited","Private (Indian)","Maharashtra","Mumbai","Business Services","Retail outlets and services","Listed-NSE+BSE","VAKRANGEE","INE051B01021","EQ","","listed_small_NZ.csv","agent"
"C01505","Vardhman Holdings","Public Limited","Private (Indian)","Punjab","Ludhiana","Financial Services","Investment holding","Listed-NSE+BSE","VHL","INE701A01023","EQ","","listed_small_NZ.csv","agent"
"C01506","Vardhman Special Steels","Public Limited","Private (Indian)","Punjab","Ludhiana","Metals and Mining","Special steel","Listed-NSE+BSE","VSSL","INE050M01012","EQ","","listed_small_NZ.csv","agent"
"C01507","Vaibhav Global","Public Limited","Private (Indian)","Rajasthan","Jaipur","Retail","Electronic retail of jewellery","Listed-NSE+BSE","VAIBHAVGBL","INE884A01027","EQ","","listed_small_NZ.csv","agent"
"C01508","Venky's (India)","Public Limited","Private (Indian)","Maharashtra","Pune","Food and Beverages","Poultry and animal health","Listed-NSE+BSE","VENKEYS","INE398A01010","EQ","","listed_small_NZ.csv","agent"
"C01509","Vesuvius India","Public Limited","Private (Indian)","West Bengal","Kolkata","Capital Goods","Refractories","Listed-NSE+BSE","VESUVIUS","INE386A01023","EQ","","listed_small_NZ.csv","agent"
"C01510","VST Industries","Public Limited","Private (Indian)","Telangana","Hyderabad","Food and Beverages","Cigarettes","Listed-NSE+BSE","VSTIND","INE710A01016","EQ","","listed_small_NZ.csv","agent"
"C01511","VST Tillers Tractors","Public Limited","Private (Indian)","Karnataka","Bengaluru","Automobile and Auto Components","Power tillers","Listed-NSE+BSE","VSTTILLERS","INE764D01017","EQ","","listed_small_NZ.csv","agent"
"C01512","Visaka Industries","Public Limited","Private (Indian)","Telangana","Hyderabad","Building Materials","Fibre cement sheets","Listed-NSE+BSE","VISAKAIND","INE392A01021","BE","","listed_small_NZ.csv","agent"
"C01513","Vishnu Chemicals","Public Limited","Private (Indian)","Telangana","Hyderabad","Chemicals","Chromium chemicals","Listed-NSE+BSE","VISHNU","INE270I01022","EQ","","listed_small_NZ.csv","agent"
"C01514","Vimta Labs","Public Limited","Private (Indian)","Telangana","Hyderabad","Healthcare","Testing laboratories","Listed-NSE+BSE","VIMTALABS","INE579C01029","EQ","","listed_small_NZ.csv","agent"
"C01515","VIP Industries","Public Limited","Private (Indian)","Maharashtra","Mumbai","Consumer Goods","Luggage","Listed-NSE+BSE","VIPIND","INE054A01027","EQ","","listed_small_NZ.csv","agent"
"C01516","Vascon Engineers","Public Limited","Private (Indian)","Maharashtra","Pune","Infrastructure and Construction","Construction","Listed-NSE+BSE","VASCONEQ","INE893I01013","EQ","","listed_small_NZ.csv","agent"
"C01517","Venus Pipes and Tubes","Public Limited","Private (Indian)","Gujarat","Kutch","Metals and Mining","Stainless steel pipes","Listed-NSE+BSE","VENUSPIPES","INE0JA001018","EQ","","listed_small_NZ.csv","agent"
"C01518","Voltamp Transformers","Public Limited","Private (Indian)","Gujarat","Vadodara","Capital Goods","Transformers","Listed-NSE+BSE","VOLTAMP","INE540H01012","EQ","","listed_small_NZ.csv","agent"
"C01519","Websol Energy System","Public Limited","Private (Indian)","West Bengal","Kolkata","Power","Solar cells","Listed-NSE+BSE","WEBELSOLAR","INE855C01023","EQ","","listed_small_NZ.csv","agent"
"C01520","Welspun Enterprises","Public Limited","Private (Indian)","Maharashtra","Mumbai","Infrastructure and Construction","Roads and water infrastructure","Listed-NSE+BSE","WELENT","INE625G01013","EQ","","listed_small_NZ.csv","agent"
"C01521","West Coast Paper Mills","Public Limited","Private (Indian)","West Bengal","Kolkata","Paper","Paper and paperboard","Listed-NSE+BSE","WSTCSTPAPR","INE976A01021","EQ","","listed_small_NZ.csv","agent"
"C01522","Wonderla Holidays","Public Limited","Private (Indian)","Karnataka","Bengaluru","Hospitality","Amusement parks","Listed-NSE+BSE","WONDERLA","INE066O01014","EQ","","listed_small_NZ.csv","agent"
"C01523","Wheels India","Public Limited","Private (Indian)","Tamil Nadu","Chennai","Automobile and Auto Components","Steel wheels","Listed-NSE+BSE","WHEELS","INE715A01015","EQ","","listed_small_NZ.csv","agent"
"C01524","WPIL","Public Limited","Private (Indian)","West Bengal","Kolkata","Capital Goods","Pumps","Listed-NSE+BSE","WPIL","INE765D01022","EQ","","listed_small_NZ.csv","agent"
"C01525","Xpro India","Public Limited","Private (Indian)","West Bengal","Kolkata","Packaging","Specialty films","Listed-NSE+BSE","XPROINDIA","INE445C01015","EQ","","listed_small_NZ.csv","agent"
"C01526","Zee Media Corporation","Public Limited","Private (Indian)","Maharashtra","Mumbai","Media and Entertainment","News broadcasting","Listed-NSE+BSE","ZEEMEDIA","INE966H01019","EQ","","listed_small_NZ.csv","agent"
"C01527","Zen Technologies","Public Limited","Private (Indian)","Telangana","Hyderabad","Defence","Simulators and anti-drone","Listed-NSE+BSE","ZENTEC","INE251B01027","EQ","","listed_small_NZ.csv","agent"
"C01528","Zuari Agro Chemicals","Public Limited","Private (Indian)","Goa","Zuarinagar","Fertilizers","Fertilizers","Listed-NSE+BSE","ZUARI","INE840M01016","EQ","","listed_small_NZ.csv;state_psu_north_west.csv","agent"
"C01529","Yatra Online","Public Limited","Private (Indian)","Haryana","Gurugram","Travel and Tourism","Online travel","Listed-NSE+BSE","YATRA","INE0JR601024","EQ","","listed_small_NZ.csv","agent"
"C01530","Yasho Industries","Public Limited","Private (Indian)","Maharashtra","Mumbai","Chemicals","Specialty chemicals","Listed-NSE+BSE","YASHO","INE616Z01012","EQ","","listed_small_NZ.csv","agent"
"C01531","Yuken India","Public Limited","Private (Indian)","Karnataka","Bengaluru","Capital Goods","Hydraulic equipment","Listed-NSE+BSE","YUKEN","INE384C01016","EQ","","listed_small_NZ.csv","agent"
"C01532","Pix Transmissions","Public Limited","Private (Indian)","Maharashtra","Nagpur","Automobile and Auto Components","Belts","Listed-NSE+BSE","PIXTRANS","INE751B01018","EQ","","listed_small_NZ.csv","agent"
"C01533","Ratnaveer Precision Engineering","Public Limited","Private (Indian)","Gujarat","Vadodara","Metals and Mining","Stainless steel products","Listed-NSE+BSE","RATNAVEER","INE05CZ01011","EQ","","listed_small_NZ.csv","agent"
"C01534","Siemens Energy India Ltd","Public Limited","MNC Subsidiary","Pan-India","Maharashtra","Capital Goods","Power Equipment","Listed-NSE+BSE","ENRIN","INE1NPP01017","EQ","","mnc_foreign.csv","agent"
"C01535","Procter & Gamble Health Ltd","Public Limited","MNC Subsidiary","Pan-India","Maharashtra","Healthcare","Pharma","Listed-NSE+BSE","PGHL","INE199A01012","EQ","","mnc_foreign.csv","agent"
"C01536","AstraZeneca Pharma India Ltd","Public Limited","MNC Subsidiary","Pan-India","Karnataka","Healthcare","Pharma","Listed-NSE+BSE","ASTRAZEN","INE203A01020","EQ","","mnc_foreign.csv","agent"
"C01537","3M India Ltd","Public Limited","MNC Subsidiary","Pan-India","Karnataka","Diversified","Industrial & Consumer Products","Listed-NSE+BSE","3MINDIA","INE470A01017","EQ","","mnc_foreign.csv","agent"
"C01538","Kennametal India Ltd","Public Limited","MNC Subsidiary","Pan-India","Karnataka","Capital Goods","Tooling","Listed-NSE+BSE","KENNAMET","INE717A01029","EQ","","mnc_foreign.csv","agent"
"C01539","Heidelberg Cement India Ltd","Public Limited","MNC Subsidiary","Pan-India","Haryana","Construction Materials","Cement","Listed-NSE+BSE","HEIDELBERG","INE578A01017","EQ","","mnc_foreign.csv","agent"
"C01540","Honda India Power Products Ltd","Public Limited","MNC Subsidiary","Pan-India","Uttar Pradesh","Capital Goods","Power Products","Listed-NSE+BSE","HONDAPOWER","INE634A01018","EQ","","mnc_foreign.csv","agent"
"C01541","Goodyear India Ltd","Public Limited","MNC Subsidiary","Pan-India","Haryana","Automobile","Tyres","Listed-NSE+BSE","GOODYEAR","INE533A01012","EQ","","mnc_foreign.csv","agent"
"C01542","Johnson Controls-Hitachi Air Conditioning India Ltd","Public Limited","Joint Venture","Pan-India","Gujarat","Consumer Durables","Air Conditioning","Listed-NSE+BSE","JCHAC","","","","mnc_foreign.csv","agent"
"C01543","Schneider Electric Infrastructure Ltd","Public Limited","MNC Subsidiary","Pan-India","Haryana","Capital Goods","Electrical Equipment","Listed-NSE+BSE","SCHNEIDER","INE839M01018","EQ","","mnc_foreign.csv","agent"
"C01544","Hexaware Technologies Ltd","Public Limited","MNC Subsidiary","Pan-India","Maharashtra","Information Technology","IT Services","Listed-NSE+BSE","HEXT","INE093A01041","EQ","","mnc_foreign.csv","agent"
"C01545","LG Electronics India Ltd","Public Limited","MNC Subsidiary","Pan-India","Uttar Pradesh","Consumer Durables","Home Appliances & Electronics","Listed-NSE+BSE","LGEINDIA","INE324D01010","EQ","","mnc_foreign.csv","agent"
"C01546","Panasonic Energy India Co Ltd","Public Limited","MNC Subsidiary","Pan-India","Delhi","Consumer Durables","Batteries","Listed-NSE+BSE","PANASONIC","","","","mnc_foreign.csv","agent"
"C01547","Wendt (India) Ltd","Public Limited","MNC Subsidiary","Pan-India","Karnataka","Capital Goods","Abrasives","Listed-NSE+BSE","WENDT","INE274C01019","EQ","","mnc_foreign.csv","agent"
"C01548","Google India Private Limited","Private Limited","MNC Subsidiary","Pan-India","Karnataka","Information Technology","Internet & Software","Unlisted","","","","","mnc_foreign.csv","agent"
"C01549","Amazon Seller Services Private Limited","Private Limited","MNC Subsidiary","Pan-India","Karnataka","Retail & E-commerce","Marketplace","Unlisted","","","","","mnc_foreign.csv","agent"
"C01550","Microsoft Corporation (India) Private Limited","Private Limited","MNC Subsidiary","Pan-India","Delhi","Information Technology","Software & Services","Unlisted","","","","","mnc_foreign.csv","agent"
"C01551","Apple India Private Limited","Private Limited","MNC Subsidiary","Pan-India","Karnataka","Consumer Electronics","Devices & Retail","Unlisted","","","","","mnc_foreign.csv","agent"
"C01552","Samsung India Electronics Private Limited","Private Limited","MNC Subsidiary","Pan-India","Delhi","Consumer Electronics","Electronics & Appliances","Unlisted","","","","","mnc_foreign.csv","agent"
"C01553","Toyota Kirloskar Motor Private Limited","Private Limited","Joint Venture","Pan-India","Karnataka","Automobile","Passenger Vehicles","Unlisted","","","","","mnc_foreign.csv","agent"
"C01554","IBM India Private Limited","Private Limited","MNC Subsidiary","Pan-India","Karnataka","Information Technology","IT Services","Unlisted","","","","","mnc_foreign.csv","agent"
"C01555","Amazon Web Services India Private Limited","Private Limited","MNC Subsidiary","Pan-India","Karnataka","Information Technology","Cloud","Unlisted","","","","","mnc_foreign.csv","agent"
"C01556","Amazon Development Centre (India) Private Limited","Private Limited","MNC Subsidiary","Pan-India","Karnataka","Information Technology","GCC / R&D","Unlisted","","","","","mnc_foreign.csv","agent"
"C01557","Amazon Retail India Private Limited","Private Limited","MNC Subsidiary","Pan-India","Karnataka","Retail & E-commerce","Retail","Unlisted","","","","","mnc_foreign.csv","agent"
"C01558","Amazon Transportation Services Private Limited","Private Limited","MNC Subsidiary","Pan-India","Karnataka","Logistics","Delivery","Unlisted","","","","","mnc_foreign.csv","agent"
"C01559","Samsung R&D Institute India-Bangalore Private Limited","Private Limited","MNC Subsidiary","Pan-India","Karnataka","Information Technology","GCC / R&D","Unlisted","","","","","mnc_foreign.csv","agent"
"C01560","Kia India Private Limited","Private Limited","MNC Subsidiary","Pan-India","Andhra Pradesh","Automobile","Passenger Vehicles","Unlisted","","","","","mnc_foreign.csv","agent"
"C01561","JSW MG Motor India Private Limited","Private Limited","MNC Subsidiary","Pan-India","Haryana","Automobile","Passenger Vehicles","Unlisted","","","","","mnc_foreign.csv","agent"
"C01562","Honda Cars India Limited","Public Limited","MNC Subsidiary","Pan-India","Rajasthan","Automobile","Passenger Vehicles","Unlisted","","","","","mnc_foreign.csv","agent"
"C01563","Honda Motorcycle & Scooter India Private Limited","Private Limited","MNC Subsidiary","Pan-India","Haryana","Automobile","Two Wheelers","Unlisted","","","","","mnc_foreign.csv","agent"
"C01564","India Yamaha Motor Private Limited","Private Limited","MNC Subsidiary","Pan-India","Uttar Pradesh","Automobile","Two Wheelers","Unlisted","","","","","mnc_foreign.csv","agent"
"C01565","Suzuki Motorcycle India Private Limited","Private Limited","MNC Subsidiary","Pan-India","Haryana","Automobile","Two Wheelers","Unlisted","","","","","mnc_foreign.csv","agent"
"C01566","Nissan Motor India Private Limited","Private Limited","MNC Subsidiary","Pan-India","Tamil Nadu","Automobile","Passenger Vehicles","Unlisted","","","","","mnc_foreign.csv","agent"
"C01567","Renault India Private Limited","Private Limited","MNC Subsidiary","Pan-India","Tamil Nadu","Automobile","Passenger Vehicles","Unlisted","","","","","mnc_foreign.csv","agent"
"C01568","Volkswagen India Private Limited","Private Limited","MNC Subsidiary","Pan-India","Maharashtra","Automobile","Passenger Vehicles","Unlisted","","","","","mnc_foreign.csv","agent"
"C01569","Skoda Auto Volkswagen India Private Limited","Private Limited","MNC Subsidiary","Pan-India","Maharashtra","Automobile","Passenger Vehicles","Unlisted","","","","","mnc_foreign.csv","agent"
"C01570","Mercedes-Benz India Private Limited","Private Limited","MNC Subsidiary","Pan-India","Maharashtra","Automobile","Passenger Vehicles","Unlisted","","","","","mnc_foreign.csv","agent"
"C01571","Mercedes-Benz Research and Development India Private Limited","Private Limited","MNC Subsidiary","Pan-India","Karnataka","Automobile","GCC / R&D","Unlisted","","","","","mnc_foreign.csv","agent"
"C01572","BMW India Private Limited","Private Limited","MNC Subsidiary","Pan-India","Haryana","Automobile","Passenger Vehicles","Unlisted","","","","","mnc_foreign.csv","agent"
"C01573","Volvo Auto India Private Limited","Private Limited","MNC Subsidiary","Pan-India","Karnataka","Automobile","Passenger Vehicles","Unlisted","","","","","mnc_foreign.csv","agent"
"C01574","Volvo Group India Private Limited","Private Limited","MNC Subsidiary","Pan-India","Karnataka","Automobile","Commercial Vehicles","Unlisted","","","","","mnc_foreign.csv","agent"
"C01575","Ford India Private Limited","Private Limited","MNC Subsidiary","Pan-India","Tamil Nadu","Automobile","Passenger Vehicles","Unlisted","","","","","mnc_foreign.csv","agent"
"C01576","Ford Business Solutions Private Limited","Private Limited","MNC Subsidiary","Pan-India","Tamil Nadu","Information Technology","GCC","Unlisted","","","","","mnc_foreign.csv","agent"
"C01577","General Motors India Private Limited","Private Limited","MNC Subsidiary","Pan-India","Maharashtra","Automobile","Passenger Vehicles","Unlisted","","","","","mnc_foreign.csv","agent"
"C01578","Tesla India Motors and Energy Private Limited","Private Limited","MNC Subsidiary","Pan-India","Karnataka","Automobile","Electric Vehicles","Unlisted","","","","","mnc_foreign.csv","agent"
"C01579","Daimler India Commercial Vehicles Private Limited","Private Limited","MNC Subsidiary","Pan-India","Tamil Nadu","Automobile","Commercial Vehicles","Unlisted","","","","","mnc_foreign.csv","agent"
"C01580","Isuzu Motors India Private Limited","Private Limited","MNC Subsidiary","Pan-India","Andhra Pradesh","Automobile","Commercial Vehicles","Unlisted","","","","","mnc_foreign.csv","agent"
"C01581","Harley-Davidson India Private Limited","Private Limited","MNC Subsidiary","Pan-India","Haryana","Automobile","Two Wheelers","Unlisted","","","","","mnc_foreign.csv","agent"
"C01582","Caterpillar India Private Limited","Private Limited","MNC Subsidiary","Pan-India","Tamil Nadu","Capital Goods","Construction Equipment","Unlisted","","","","","mnc_foreign.csv","agent"
"C01583","John Deere India Private Limited","Private Limited","MNC Subsidiary","Pan-India","Maharashtra","Capital Goods","Agri Machinery","Unlisted","","","","","mnc_foreign.csv","agent"
"C01584","CNH Industrial (India) Private Limited","Private Limited","MNC Subsidiary","Pan-India","Haryana","Capital Goods","Agri & Construction Machinery","Unlisted","","","","","mnc_foreign.csv","agent"
"C01585","Cargill India Private Limited","Private Limited","MNC Subsidiary","Pan-India","Haryana","FMCG","Agri Commodities & Food","Unlisted","","","","","mnc_foreign.csv","agent"
"C01586","Accenture Solutions Private Limited","Private Limited","MNC Subsidiary","Pan-India","Karnataka","Information Technology","IT Services","Unlisted","","","","","mnc_foreign.csv","agent"
"C01587","Cognizant Technology Solutions India Private Limited","Private Limited","MNC Subsidiary","Pan-India","Tamil Nadu","Information Technology","IT Services","Unlisted","","","","","mnc_foreign.csv","agent"
"C01588","Oracle India Private Limited","Private Limited","MNC Subsidiary","Pan-India","Karnataka","Information Technology","Software","Unlisted","","","","","mnc_foreign.csv","agent"
"C01589","SAP India Private Limited","Private Limited","MNC Subsidiary","Pan-India","Karnataka","Information Technology","Software","Unlisted","","","","","mnc_foreign.csv","agent"
"C01590","SAP Labs India Private Limited","Private Limited","MNC Subsidiary","Pan-India","Karnataka","Information Technology","GCC / R&D","Unlisted","","","","","mnc_foreign.csv","agent"
"C01591","Adobe Systems India Private Limited","Private Limited","MNC Subsidiary","Pan-India","Uttar Pradesh","Information Technology","Software","Unlisted","","","","","mnc_foreign.csv","agent"
"C01592","Intel Technology India Private Limited","Private Limited","MNC Subsidiary","Pan-India","Karnataka","Information Technology","Semiconductors GCC","Unlisted","","","","","mnc_foreign.csv","agent"
"C01593","Qualcomm India Private Limited","Private Limited","MNC Subsidiary","Pan-India","Karnataka","Information Technology","Semiconductors","Unlisted","","","","","mnc_foreign.csv","agent"
"C01594","Texas Instruments (India) Private Limited","Private Limited","MNC Subsidiary","Pan-India","Karnataka","Information Technology","Semiconductors","Unlisted","","","","","mnc_foreign.csv","agent"
"C01595","Cisco Systems (India) Private Limited","Private Limited","MNC Subsidiary","Pan-India","Karnataka","Information Technology","Networking","Unlisted","","","","","mnc_foreign.csv","agent"
"C01596","Dell International Services India Private Limited","Private Limited","MNC Subsidiary","Pan-India","Karnataka","Information Technology","GCC","Unlisted","","","","","mnc_foreign.csv","agent"
"C01597","Dell India Private Limited","Private Limited","MNC Subsidiary","Pan-India","Karnataka","Information Technology","Hardware","Unlisted","","","","","mnc_foreign.csv","agent"
"C01598","HP India Sales Private Limited","Private Limited","MNC Subsidiary","Pan-India","Karnataka","Information Technology","Hardware","Unlisted","","","","","mnc_foreign.csv","agent"
"C01599","Hewlett-Packard Enterprise India Private Limited","Private Limited","MNC Subsidiary","Pan-India","Karnataka","Information Technology","Enterprise IT","Unlisted","","","","","mnc_foreign.csv","agent"
"C01600","Lenovo (India) Private Limited","Private Limited","MNC Subsidiary","Pan-India","Karnataka","Information Technology","Hardware","Unlisted","","","","","mnc_foreign.csv","agent"
"C01601","NVIDIA Graphics Private Limited","Private Limited","MNC Subsidiary","Pan-India","Maharashtra","Information Technology","Semiconductors","Unlisted","","","","","mnc_foreign.csv","agent"
"C01602","Advanced Micro Devices India Private Limited","Private Limited","MNC Subsidiary","Pan-India","Karnataka","Information Technology","Semiconductors","Unlisted","","","","","mnc_foreign.csv","agent"
"C01603","Micron Semiconductor India Private Limited","Private Limited","MNC Subsidiary","Pan-India","Gujarat","Information Technology","Semiconductors","Unlisted","","","","","mnc_foreign.csv","agent"
"C01604","Salesforce.com India Private Limited","Private Limited","MNC Subsidiary","Pan-India","Telangana","Information Technology","Software","Unlisted","","","","","mnc_foreign.csv","agent"
"C01605","ServiceNow Software Development India Private Limited","Private Limited","MNC Subsidiary","Pan-India","Telangana","Information Technology","GCC / R&D","Unlisted","","","","","mnc_foreign.csv","agent"
"C01606","VMware Software India Private Limited","Private Limited","MNC Subsidiary","Pan-India","Karnataka","Information Technology","GCC / R&D","Unlisted","","","","","mnc_foreign.csv","agent"
"C01607","Uber India Systems Private Limited","Private Limited","MNC Subsidiary","Pan-India","Karnataka","Information Technology","Mobility Platform","Unlisted","","","","","mnc_foreign.csv","agent"
"C01608","Facebook India Online Services Private Limited","Private Limited","MNC Subsidiary","Pan-India","Delhi","Information Technology","Internet","Unlisted","","","","","mnc_foreign.csv","agent"
"C01609","Netflix Entertainment Services India LLP","LLP","MNC Subsidiary","Pan-India","Maharashtra","Media","Streaming","Unlisted","","","","","mnc_foreign.csv","agent"
"C01610","Flipkart India Private Limited","Private Limited","MNC Subsidiary","Pan-India","Karnataka","Retail & E-commerce","Marketplace","Unlisted","","","","","mnc_foreign.csv","agent"
"C01611","Walmart India Private Limited","Private Limited","MNC Subsidiary","Pan-India","Haryana","Retail & E-commerce","Wholesale","Unlisted","","","","","mnc_foreign.csv","agent"
"C01612","Walmart Global Tech India Private Limited","Private Limited","MNC Subsidiary","Pan-India","Karnataka","Information Technology","GCC","Unlisted","","","","","mnc_foreign.csv","agent"
"C01613","Target Corporation India Private Limited","Private Limited","MNC Subsidiary","Pan-India","Karnataka","Information Technology","GCC","Unlisted","","","","","mnc_foreign.csv","agent"
"C01614","Lowe's Services India Private Limited","Private Limited","MNC Subsidiary","Pan-India","Karnataka","Information Technology","GCC","Unlisted","","","","","mnc_foreign.csv","agent"
"C01615","Wells Fargo International Solutions Private Limited","Private Limited","MNC Subsidiary","Pan-India","Karnataka","Financial Services","GCC","Unlisted","","","","","mnc_foreign.csv","agent"
"C01616","Goldman Sachs Services Private Limited","Private Limited","MNC Subsidiary","Pan-India","Karnataka","Financial Services","GCC","Unlisted","","","","","mnc_foreign.csv","agent"
"C01617","JPMorgan Chase Bank N.A. India Services (J.P. Morgan Services India Private Limited)","Private Limited","MNC Subsidiary","Pan-India","Karnataka","Financial Services","GCC","Unlisted","","","","","mnc_foreign.csv","agent"
"C01618","Morgan Stanley Advantage Services Private Limited","Private Limited","MNC Subsidiary","Pan-India","Maharashtra","Financial Services","GCC","Unlisted","","","","","mnc_foreign.csv","agent"
"C01619","Citicorp Services India Private Limited","Private Limited","MNC Subsidiary","Pan-India","Maharashtra","Financial Services","GCC","Unlisted","","","","","mnc_foreign.csv","agent"
"C01620","Barclays Global Service Centre Private Limited","Private Limited","MNC Subsidiary","Pan-India","Maharashtra","Financial Services","GCC","Unlisted","","","","","mnc_foreign.csv","agent"
"C01621","Deutsche India Private Limited","Private Limited","MNC Subsidiary","Pan-India","Maharashtra","Financial Services","GCC","Unlisted","","","","","mnc_foreign.csv","agent"
"C01622","UBS Business Solutions India Private Limited","Private Limited","MNC Subsidiary","Pan-India","Maharashtra","Financial Services","GCC","Unlisted","","","","","mnc_foreign.csv","agent"
"C01623","American Express (India) Private Limited","Private Limited","MNC Subsidiary","Pan-India","Haryana","Financial Services","Payments","Unlisted","","","","","mnc_foreign.csv","agent"
"C01624","Mastercard India Services Private Limited","Private Limited","MNC Subsidiary","Pan-India","Maharashtra","Financial Services","Payments GCC","Unlisted","","","","","mnc_foreign.csv","agent"
"C01625","Visa Worldwide (India) Private Limited","Private Limited","MNC Subsidiary","Pan-India","Karnataka","Financial Services","Payments","Unlisted","","","","","mnc_foreign.csv","agent"
"C01626","PayPal Payments Private Limited","Private Limited","MNC Subsidiary","Pan-India","Tamil Nadu","Financial Services","Payments","Unlisted","","","","","mnc_foreign.csv","agent"
"C01627","Fidelity Business Services India Private Limited","Private Limited","MNC Subsidiary","Pan-India","Karnataka","Financial Services","GCC","Unlisted","","","","","mnc_foreign.csv","agent"
"C01628","Coca-Cola India Private Limited","Private Limited","MNC Subsidiary","Pan-India","Haryana","FMCG","Beverages","Unlisted","","","","","mnc_foreign.csv","agent"
"C01629","Hindustan Coca-Cola Beverages Private Limited","Private Limited","MNC Subsidiary","Pan-India","Haryana","FMCG","Beverages","Unlisted","","","","","mnc_foreign.csv","agent"
"C01630","PepsiCo India Holdings Private Limited","Private Limited","MNC Subsidiary","Pan-India","Haryana","FMCG","Beverages & Snacks","Unlisted","","","","","mnc_foreign.csv","agent"
"C01631","Mondelez India Foods Private Limited","Private Limited","MNC Subsidiary","Pan-India","Maharashtra","FMCG","Confectionery","Unlisted","","","","","mnc_foreign.csv","agent"
"C01632","Kellogg India Private Limited","Private Limited","MNC Subsidiary","Pan-India","Maharashtra","FMCG","Cereals","Unlisted","","","","","mnc_foreign.csv","agent"
"C01633","Mars International India Private Limited","Private Limited","MNC Subsidiary","Pan-India","Haryana","FMCG","Confectionery & Pet Care","Unlisted","","","","","mnc_foreign.csv","agent"
"C01634","Ferrero India Private Limited","Private Limited","MNC Subsidiary","Pan-India","Maharashtra","FMCG","Confectionery","Unlisted","","","","","mnc_foreign.csv","agent"
"C01635","Reckitt Benckiser (India) Private Limited","Private Limited","MNC Subsidiary","Pan-India","Haryana","FMCG","Health & Hygiene","Unlisted","","","","","mnc_foreign.csv","agent"
"C01636","L'Oreal India Private Limited","Private Limited","MNC Subsidiary","Pan-India","Maharashtra","FMCG","Beauty","Unlisted","","","","","mnc_foreign.csv","agent"
"C01637","Johnson & Johnson Private Limited","Private Limited","MNC Subsidiary","Pan-India","Maharashtra","Healthcare","Consumer Health & Medtech","Unlisted","","","","","mnc_foreign.csv","agent"
"C01638","Philips India Limited","Public Limited","MNC Subsidiary","Pan-India","Haryana","Consumer Durables","Healthcare & Lighting","Unlisted","","","","","mnc_foreign.csv","agent"
"C01639","Sony India Private Limited","Private Limited","MNC Subsidiary","Pan-India","Delhi","Consumer Electronics","Electronics","Unlisted","","","","","mnc_foreign.csv","agent"
"C01640","Daikin Air-conditioning India Private Limited","Private Limited","MNC Subsidiary","Pan-India","Haryana","Consumer Durables","Air Conditioning","Unlisted","","","","","mnc_foreign.csv","agent"
"C01641","Mitsubishi Electric India Private Limited","Private Limited","MNC Subsidiary","Pan-India","Haryana","Capital Goods","Electrical & Automation","Unlisted","","","","","mnc_foreign.csv","agent"
"C01642","Canon India Private Limited","Private Limited","MNC Subsidiary","Pan-India","Haryana","Consumer Electronics","Imaging","Unlisted","","","","","mnc_foreign.csv","agent"
"C01643","Fujifilm India Private Limited","Private Limited","MNC Subsidiary","Pan-India","Maharashtra","Consumer Electronics","Imaging","Unlisted","","","","","mnc_foreign.csv","agent"
"C01644","Ricoh India Limited","Public Limited","MNC Subsidiary","Pan-India","Maharashtra","Information Technology","Document Solutions","Unlisted","","","","","mnc_foreign.csv","agent"
"C01645","Xerox India Limited","Public Limited","MNC Subsidiary","Pan-India","Haryana","Information Technology","Document Solutions","Unlisted","","","","","mnc_foreign.csv","agent"
"C01646","Schneider Electric India Private Limited","Private Limited","MNC Subsidiary","Pan-India","Haryana","Capital Goods","Electrical Equipment","Unlisted","","","","","mnc_foreign.csv","agent"
"C01647","Legrand India Private Limited","Private Limited","MNC Subsidiary","Pan-India","Maharashtra","Capital Goods","Electrical Equipment","Unlisted","","","","","mnc_foreign.csv","agent"
"C01648","Eaton Power Quality Private Limited","Private Limited","MNC Subsidiary","Pan-India","Maharashtra","Capital Goods","Electrical Equipment","Unlisted","","","","","mnc_foreign.csv","agent"
"C01649","Emerson Process Management India Private Limited","Private Limited","MNC Subsidiary","Pan-India","Maharashtra","Capital Goods","Automation","Unlisted","","","","","mnc_foreign.csv","agent"
"C01650","Rockwell Automation India Private Limited","Private Limited","MNC Subsidiary","Pan-India","Karnataka","Capital Goods","Automation","Unlisted","","","","","mnc_foreign.csv","agent"
"C01651","Danfoss Industries Private Limited","Private Limited","MNC Subsidiary","Pan-India","Tamil Nadu","Capital Goods","Industrial Equipment","Unlisted","","","","","mnc_foreign.csv","agent"
"C01652","Grundfos Pumps India Private Limited","Private Limited","MNC Subsidiary","Pan-India","Tamil Nadu","Capital Goods","Pumps","Unlisted","","","","","mnc_foreign.csv","agent"
"C01653","Kone Elevator India Private Limited","Private Limited","MNC Subsidiary","Pan-India","Tamil Nadu","Capital Goods","Elevators","Unlisted","","","","","mnc_foreign.csv","agent"
"C01654","Otis Elevator Company (India) Limited","Public Limited","MNC Subsidiary","Pan-India","Maharashtra","Capital Goods","Elevators","Unlisted","","","","","mnc_foreign.csv","agent"
"C01655","Thyssenkrupp Industries India Private Limited","Private Limited","MNC Subsidiary","Pan-India","Maharashtra","Capital Goods","Industrial Engineering","Unlisted","","","","","mnc_foreign.csv","agent"
"C01656","Roche Products (India) Private Limited","Private Limited","MNC Subsidiary","Pan-India","Maharashtra","Healthcare","Pharma","Unlisted","","","","","mnc_foreign.csv","agent"
"C01657","Boehringer Ingelheim India Private Limited","Private Limited","MNC Subsidiary","Pan-India","Maharashtra","Healthcare","Pharma","Unlisted","","","","","mnc_foreign.csv","agent"
"C01658","Eli Lilly and Company (India) Private Limited","Private Limited","MNC Subsidiary","Pan-India","Haryana","Healthcare","Pharma","Unlisted","","","","","mnc_foreign.csv","agent"
"C01659","MSD Pharmaceuticals Private Limited","Private Limited","MNC Subsidiary","Pan-India","Maharashtra","Healthcare","Pharma","Unlisted","","","","","mnc_foreign.csv","agent"
"C01660","Takeda Pharmaceuticals India Private Limited","Private Limited","MNC Subsidiary","Pan-India","Maharashtra","Healthcare","Pharma","Unlisted","","","","","mnc_foreign.csv","agent"
"C01661","Novo Nordisk India Private Limited","Private Limited","MNC Subsidiary","Pan-India","Karnataka","Healthcare","Pharma","Unlisted","","","","","mnc_foreign.csv","agent"
"C01662","Deloitte Touche Tohmatsu India LLP","LLP","MNC Subsidiary","Pan-India","Maharashtra","Professional Services","Audit & Consulting","Unlisted","","","","","mnc_foreign.csv","agent"
"C01663","PricewaterhouseCoopers Private Limited","Private Limited","MNC Subsidiary","Pan-India","Delhi","Professional Services","Consulting","Unlisted","","","","","mnc_foreign.csv","agent"
"C01664","Ernst & Young LLP","LLP","MNC Subsidiary","Pan-India","Haryana","Professional Services","Audit & Consulting","Unlisted","","","","","mnc_foreign.csv","agent"
"C01665","KPMG Assurance and Consulting Services LLP","LLP","MNC Subsidiary","Pan-India","Maharashtra","Professional Services","Audit & Consulting","Unlisted","","","","","mnc_foreign.csv","agent"
"C01666","McKinsey Knowledge Centre India Private Limited","Private Limited","MNC Subsidiary","Pan-India","Haryana","Professional Services","GCC / Consulting","Unlisted","","","","","mnc_foreign.csv","agent"
"C01667","Bain Capability Center India Private Limited","Private Limited","MNC Subsidiary","Pan-India","Haryana","Professional Services","GCC / Consulting","Unlisted","","","","","mnc_foreign.csv","agent"
"C01668","Boston Consulting Group India Private Limited","Private Limited","MNC Subsidiary","Pan-India","Haryana","Professional Services","Consulting","Unlisted","","","","","mnc_foreign.csv","agent"
"C01669","Capgemini Technology Services India Limited","Public Limited","MNC Subsidiary","Pan-India","Maharashtra","Information Technology","IT Services","Unlisted","","","","","mnc_foreign.csv","agent"
"C01670","Shell India Markets Private Limited","Private Limited","MNC Subsidiary","Pan-India","Karnataka","Oil & Gas","Fuels Marketing","Unlisted","","","","","mnc_foreign.csv","agent"
"C01671","BP India Services Private Limited","Private Limited","MNC Subsidiary","Pan-India","Maharashtra","Oil & Gas","GCC","Unlisted","","","","","mnc_foreign.csv","agent"
"C01672","TotalEnergies Marketing India Private Limited","Private Limited","MNC Subsidiary","Pan-India","Maharashtra","Oil & Gas","Lubricants","Unlisted","","","","","mnc_foreign.csv","agent"
"C01673","Baker Hughes India Private Limited","Private Limited","MNC Subsidiary","Pan-India","Maharashtra","Oil & Gas","Oilfield Services","Unlisted","","","","","mnc_foreign.csv","agent"
"C01674","Xiaomi Technology India Private Limited","Private Limited","MNC Subsidiary","Pan-India","Karnataka","Consumer Electronics","Smartphones","Unlisted","","","","","mnc_foreign.csv","agent"
"C01675","Oppo Mobiles India Private Limited","Private Limited","MNC Subsidiary","Pan-India","Uttar Pradesh","Consumer Electronics","Smartphones","Unlisted","","","","","mnc_foreign.csv","agent"
"C01676","Vivo Mobile India Private Limited","Private Limited","MNC Subsidiary","Pan-India","Uttar Pradesh","Consumer Electronics","Smartphones","Unlisted","","","","","mnc_foreign.csv","agent"
"C01677","Realme Mobiles India Private Limited","Private Limited","MNC Subsidiary","Pan-India","Karnataka","Consumer Electronics","Smartphones","Unlisted","","","","","mnc_foreign.csv","agent"
"C01678","OnePlus Technology (Shenzhen) India Private Limited","Private Limited","MNC Subsidiary","Pan-India","Karnataka","Consumer Electronics","Smartphones","Unlisted","","","","","mnc_foreign.csv","agent"
"C01679","Huawei Telecommunications (India) Company Private Limited","Private Limited","MNC Subsidiary","Pan-India","Haryana","Telecom","Equipment","Unlisted","","","","","mnc_foreign.csv","agent"
"C01680","ZTE Telecom India Private Limited","Private Limited","MNC Subsidiary","Pan-India","Haryana","Telecom","Equipment","Unlisted","","","","","mnc_foreign.csv","agent"
"C01681","Ericsson India Private Limited","Private Limited","MNC Subsidiary","Pan-India","Haryana","Telecom","Equipment","Unlisted","","","","","mnc_foreign.csv","agent"
"C01682","Nokia Solutions and Networks India Private Limited","Private Limited","MNC Subsidiary","Pan-India","Tamil Nadu","Telecom","Equipment","Unlisted","","","","","mnc_foreign.csv","agent"
"C01683","IKEA Trading (India) Private Limited","Private Limited","MNC Subsidiary","Pan-India","Maharashtra","Retail & E-commerce","Home Furnishing","Unlisted","","","","","mnc_foreign.csv","agent"
"C01684","H&M Hennes & Mauritz Retail Private Limited","Private Limited","MNC Subsidiary","Pan-India","Delhi","Retail & E-commerce","Apparel","Unlisted","","","","","mnc_foreign.csv","agent"
"C01685","Decathlon Sports India Private Limited","Private Limited","MNC Subsidiary","Pan-India","Karnataka","Retail & E-commerce","Sporting Goods","Unlisted","","","","","mnc_foreign.csv","agent"
"C01686","DHL Express (India) Private Limited","Private Limited","MNC Subsidiary","Pan-India","Delhi","Logistics","Express","Unlisted","","","","","mnc_foreign.csv","agent"
"C01687","FedEx Express Transportation and Supply Chain Services (India) Private Limited","Private Limited","MNC Subsidiary","Pan-India","Maharashtra","Logistics","Express","Unlisted","","","","","mnc_foreign.csv","agent"
"C01688","United Parcel Service India Private Limited","Private Limited","MNC Subsidiary","Pan-India","Haryana","Logistics","Express","Unlisted","","","","","mnc_foreign.csv","agent"
"C01689","Maersk Global Service Centres (India) Private Limited","Private Limited","MNC Subsidiary","Pan-India","Maharashtra","Logistics","GCC","Unlisted","","","","","mnc_foreign.csv","agent"
"C01690","MSC Agency (India) Private Limited","Private Limited","MNC Subsidiary","Pan-India","Maharashtra","Logistics","Shipping","Unlisted","","","","","mnc_foreign.csv","agent"
"C01691","DP World Private Limited","Private Limited","MNC Subsidiary","Pan-India","Maharashtra","Logistics","Ports","Unlisted","","","","","mnc_foreign.csv","agent"
"C01692","Airbus India Private Limited","Private Limited","MNC Subsidiary","Pan-India","Karnataka","Aerospace & Defence","Aerospace","Unlisted","","","","","mnc_foreign.csv","agent"
"C01693","Boeing India Private Limited","Private Limited","MNC Subsidiary","Pan-India","Karnataka","Aerospace & Defence","Aerospace","Unlisted","","","","","mnc_foreign.csv","agent"
"C01694","Lockheed Martin India Private Limited","Private Limited","MNC Subsidiary","Pan-India","Delhi","Aerospace & Defence","Defence","Unlisted","","","","","mnc_foreign.csv","agent"
"C01695","Honeywell Technology Solutions Lab Private Limited","Private Limited","MNC Subsidiary","Pan-India","Karnataka","Information Technology","GCC","Unlisted","","","","","mnc_foreign.csv","agent"
"C01696","Rolls-Royce India Private Limited","Private Limited","MNC Subsidiary","Pan-India","Delhi","Aerospace & Defence","Engines","Unlisted","","","","","mnc_foreign.csv","agent"
"C01697","Jaguar Land Rover India Limited","Public Limited","MNC Subsidiary","Pan-India","Maharashtra","Automobile","Passenger Vehicles","Unlisted","","","","","mnc_foreign.csv","agent"
"C01698","Airbnb India Private Limited","Private Limited","MNC Subsidiary","Pan-India","Karnataka","Travel & Hospitality","Online Platform","Unlisted","","","","","mnc_foreign.csv","agent"
"C01699","Booking.com India Private Limited","Private Limited","MNC Subsidiary","Pan-India","Haryana","Travel & Hospitality","Online Travel","Unlisted","","","","","mnc_foreign.csv","agent"
"C01700","Cushman & Wakefield India Private Limited","Private Limited","MNC Subsidiary","Pan-India","Maharashtra","Real Estate","Services","Unlisted","","","","","mnc_foreign.csv","agent"
"C01701","Citibank N.A. - India branches","Foreign Company Branch","MNC Subsidiary","Pan-India","Maharashtra","Banking","Foreign Bank Branch","Unlisted","","","","","mnc_foreign.csv","agent"
"C01702","HSBC (The Hongkong and Shanghai Banking Corporation Limited) - India branches","Foreign Company Branch","MNC Subsidiary","Pan-India","Maharashtra","Banking","Foreign Bank Branch","Unlisted","","","","","mnc_foreign.csv","agent"
"C01703","Standard Chartered Bank - India branches","Foreign Company Branch","MNC Subsidiary","Pan-India","Maharashtra","Banking","Foreign Bank Branch","Unlisted","","","","","mnc_foreign.csv","agent"
"C01704","Deutsche Bank AG - India branches","Foreign Company Branch","MNC Subsidiary","Pan-India","Maharashtra","Banking","Foreign Bank Branch","Unlisted","","","","","mnc_foreign.csv","agent"
"C01705","Barclays Bank PLC - India branches","Foreign Company Branch","MNC Subsidiary","Pan-India","Maharashtra","Banking","Foreign Bank Branch","Unlisted","","","","","mnc_foreign.csv","agent"
"C01706","Bank of America N.A. - India branches","Foreign Company Branch","MNC Subsidiary","Pan-India","Maharashtra","Banking","Foreign Bank Branch","Unlisted","","","","","mnc_foreign.csv","agent"
"C01707","JPMorgan Chase Bank N.A. - India branches","Foreign Company Branch","MNC Subsidiary","Pan-India","Maharashtra","Banking","Foreign Bank Branch","Unlisted","","","","","mnc_foreign.csv","agent"
"C01708","BNP Paribas - India branches","Foreign Company Branch","MNC Subsidiary","Pan-India","Maharashtra","Banking","Foreign Bank Branch","Unlisted","","","","","mnc_foreign.csv","agent"
"C01709","Societe Generale - India branches","Foreign Company Branch","MNC Subsidiary","Pan-India","Maharashtra","Banking","Foreign Bank Branch","Unlisted","","","","","mnc_foreign.csv","agent"
"C01710","MUFG Bank Ltd - India branches","Foreign Company Branch","MNC Subsidiary","Pan-India","Maharashtra","Banking","Foreign Bank Branch","Unlisted","","","","","mnc_foreign.csv","agent"
"C01711","Mizuho Bank Ltd - India branches","Foreign Company Branch","MNC Subsidiary","Pan-India","Maharashtra","Banking","Foreign Bank Branch","Unlisted","","","","","mnc_foreign.csv","agent"
"C01712","Sumitomo Mitsui Banking Corporation - India branches","Foreign Company Branch","MNC Subsidiary","Pan-India","Maharashtra","Banking","Foreign Bank Branch","Unlisted","","","","","mnc_foreign.csv","agent"
"C01713","Credit Agricole Corporate and Investment Bank - India branches","Foreign Company Branch","MNC Subsidiary","Pan-India","Maharashtra","Banking","Foreign Bank Branch","Unlisted","","","","","mnc_foreign.csv","agent"
"C01714","Bank of China Ltd - India branches","Foreign Company Branch","MNC Subsidiary","Pan-India","Maharashtra","Banking","Foreign Bank Branch","Unlisted","","","","","mnc_foreign.csv","agent"
"C01715","Industrial and Commercial Bank of China Ltd - India branches","Foreign Company Branch","MNC Subsidiary","Pan-India","Maharashtra","Banking","Foreign Bank Branch","Unlisted","","","","","mnc_foreign.csv","agent"
"C01716","Emirates NBD Bank (P.J.S.C.) - India branches","Foreign Company Branch","MNC Subsidiary","Pan-India","Maharashtra","Banking","Foreign Bank Branch","Unlisted","","","","","mnc_foreign.csv","agent"
"C01717","Doha Bank Q.P.S.C. - India branches","Foreign Company Branch","MNC Subsidiary","Pan-India","Maharashtra","Banking","Foreign Bank Branch","Unlisted","","","","","mnc_foreign.csv","agent"
"C01718","Qatar National Bank (Q.P.S.C.) - India branches","Foreign Company Branch","MNC Subsidiary","Pan-India","Maharashtra","Banking","Foreign Bank Branch","Unlisted","","","","","mnc_foreign.csv","agent"
"C01719","First Abu Dhabi Bank PJSC - India branches","Foreign Company Branch","MNC Subsidiary","Pan-India","Maharashtra","Banking","Foreign Bank Branch","Unlisted","","","","","mnc_foreign.csv","agent"
"C01720","Mashreq Bank PSC - India branches","Foreign Company Branch","MNC Subsidiary","Pan-India","Maharashtra","Banking","Foreign Bank Branch","Unlisted","","","","","mnc_foreign.csv","agent"
"C01721","Abu Dhabi Commercial Bank PJSC - India branches","Foreign Company Branch","MNC Subsidiary","Pan-India","Maharashtra","Banking","Foreign Bank Branch","Unlisted","","","","","mnc_foreign.csv","agent"
"C01722","Bank of Bahrain and Kuwait B.S.C. - India branches","Foreign Company Branch","MNC Subsidiary","Pan-India","Maharashtra","Banking","Foreign Bank Branch","Unlisted","","","","","mnc_foreign.csv","agent"
"C01723","Sonali Bank PLC - India branches","Foreign Company Branch","MNC Subsidiary","Pan-India","Maharashtra","Banking","Foreign Bank Branch","Unlisted","","","","","mnc_foreign.csv","agent"
"C01724","Woori Bank - India branches","Foreign Company Branch","MNC Subsidiary","Pan-India","Maharashtra","Banking","Foreign Bank Branch","Unlisted","","","","","mnc_foreign.csv","agent"
"C01725","Shinhan Bank - India branches","Foreign Company Branch","MNC Subsidiary","Pan-India","Maharashtra","Banking","Foreign Bank Branch","Unlisted","","","","","mnc_foreign.csv","agent"
"C01726","KEB Hana Bank - India branches","Foreign Company Branch","MNC Subsidiary","Pan-India","Maharashtra","Banking","Foreign Bank Branch","Unlisted","","","","","mnc_foreign.csv","agent"
"C01727","Australia and New Zealand Banking Group Limited - India branches","Foreign Company Branch","MNC Subsidiary","Pan-India","Maharashtra","Banking","Foreign Bank Branch","Unlisted","","","","","mnc_foreign.csv","agent"
"C01728","Commonwealth Bank of Australia - India branches","Foreign Company Branch","MNC Subsidiary","Pan-India","Maharashtra","Banking","Foreign Bank Branch","Unlisted","","","","","mnc_foreign.csv","agent"
"C01729","Westpac Banking Corporation - India branches","Foreign Company Branch","MNC Subsidiary","Pan-India","Maharashtra","Banking","Foreign Bank Branch","Unlisted","","","","","mnc_foreign.csv","agent"
"C01730","Bank of Ceylon - India branches","Foreign Company Branch","MNC Subsidiary","Pan-India","Maharashtra","Banking","Foreign Bank Branch","Unlisted","","","","","mnc_foreign.csv","agent"
"C01731","Sberbank - India branches","Foreign Company Branch","MNC Subsidiary","Pan-India","Maharashtra","Banking","Foreign Bank Branch","Unlisted","","","","","mnc_foreign.csv","agent"
"C01732","DBS Bank India Limited","Public Limited","MNC Subsidiary","Pan-India","Maharashtra","Banking","Wholly Owned Subsidiary Bank","Unlisted","","","","","mnc_foreign.csv","agent"
"C01733","Schlumberger Asia Services Limited - India Branch","Foreign Company Branch","MNC Subsidiary","Pan-India","Maharashtra","Oil & Gas","Oilfield Services","Unlisted","","","","","mnc_foreign.csv","agent"
"C01734","Halliburton Offshore Services Inc. - India Branch","Foreign Company Branch","MNC Subsidiary","Pan-India","Maharashtra","Oil & Gas","Oilfield Services","Unlisted","","","","","mnc_foreign.csv","agent"
"C01735","Razorpay","Private Limited","Private (Indian)","Pan-India","Bengaluru","Financial Services / Fintech","Payments","Unlisted","","","","","private_startups.csv","agent"
"C01736","CRED","Private Limited","Private (Indian)","Pan-India","Bengaluru","Financial Services / Fintech","Credit/rewards","Unlisted","","","","","private_startups.csv","agent"
"C01737","Zerodha","Private Limited","Private (Indian)","Pan-India","Bengaluru","Financial Services / Fintech","Stock broking","Unlisted","","","","","private_startups.csv","agent"
"C01738","Upstox","Private Limited","Private (Indian)","Pan-India","Mumbai","Financial Services / Fintech","Stock broking","Unlisted","","","","","private_startups.csv","agent"
"C01739","Juspay","Private Limited","Private (Indian)","Pan-India","Bengaluru","Financial Services / Fintech","Payments infrastructure","Unlisted","","","","","private_startups.csv","agent"
"C01740","Slice","Private Limited","Private (Indian)","Pan-India","Bengaluru","Financial Services / Fintech","Neobank","Unlisted","","","","","private_startups.csv","agent"
"C01741","Jupiter Money","Private Limited","Private (Indian)","Pan-India","Bengaluru","Financial Services / Fintech","Neobank","Unlisted","","","","","private_startups.csv","agent"
"C01742","Navi Technologies","Private Limited","Private (Indian)","Pan-India","Bengaluru","Financial Services / Fintech","Lending/insurance","Unlisted","","","","","private_startups.csv","agent"
"C01743","BharatPe","Private Limited","Private (Indian)","Pan-India","New Delhi","Financial Services / Fintech","Merchant payments/lending","Unlisted","","","","","private_startups.csv","agent"
"C01744","PayU India","Private Limited","Private (Indian)","Pan-India","Gurugram","Financial Services / Fintech","Payments","Unlisted","","","","","private_startups.csv","agent"
"C01745","Perfios","Private Limited","Private (Indian)","Pan-India","Bengaluru","Financial Services / Fintech","Fintech SaaS","Unlisted","","","","","private_startups.csv","agent"
"C01746","OfBusiness","Private Limited","Private (Indian)","Pan-India","Gurugram","Financial Services / Fintech","B2B commerce/lending","Unlisted","","","","","private_startups.csv","agent"
"C01747","Zeta","Private Limited","Private (Indian)","Pan-India","Bengaluru","Financial Services / Fintech","Banking tech","Unlisted","","","","","private_startups.csv","agent"
"C01748","Open Financial Technologies","Private Limited","Private (Indian)","Pan-India","Bengaluru","Financial Services / Fintech","Neobanking","Unlisted","","","","","private_startups.csv","agent"
"C01749","InCred Holdings","Private Limited","Private (Indian)","Pan-India","Mumbai","Financial Services / Fintech","NBFC","Unlisted","","","","","private_startups.csv","agent"
"C01750","Lendingkart Technologies","Private Limited","Private (Indian)","Pan-India","Ahmedabad","Financial Services / Fintech","MSME lending","Unlisted","","","","","private_startups.csv","agent"
"C01751","Finnov Private Limited (KreditBee)","Private Limited","Private (Indian)","Pan-India","Bengaluru","Financial Services / Fintech","Consumer lending","Unlisted","","","","","private_startups.csv","agent"
"C01752","MoneyTap","Private Limited","Private (Indian)","Pan-India","Bengaluru","Financial Services / Fintech","Credit line","Unlisted","","","","","private_startups.csv","agent"
"C01753","Turtlemint","Private Limited","Private (Indian)","Pan-India","Mumbai","Financial Services / Fintech","Insurtech","Unlisted","","","","","private_startups.csv","agent"
"C01754","InsuranceDekho (Girnar Insurance Brokers)","Private Limited","Private (Indian)","Pan-India","Gurugram","Financial Services / Fintech","Insurtech","Unlisted","","","","","private_startups.csv","agent"
"C01755","Fibe (EarlySalary Services)","Private Limited","Private (Indian)","Pan-India","Pune","Financial Services / Fintech","Consumer lending","Unlisted","","","","","private_startups.csv","agent"
"C01756","Uni Cards","Private Limited","Private (Indian)","Pan-India","Bengaluru","Financial Services / Fintech","Credit cards/BNPL","Unlisted","","","","","private_startups.csv","agent"
"C01757","Fi Money (Epifi Technologies)","Private Limited","Private (Indian)","Pan-India","Bengaluru","Financial Services / Fintech","Neobank","Unlisted","","","","","private_startups.csv","agent"
"C01758","Kissht (OnEMI Technology Solutions)","Private Limited","Private (Indian)","Pan-India","Mumbai","Financial Services / Fintech","Consumer lending","Unlisted","","","","","private_startups.csv","agent"
"C01759","Dhan (Raise Securities)","Private Limited","Private (Indian)","Pan-India","Mumbai","Financial Services / Fintech","Broking","Unlisted","","","","","private_startups.csv","agent"
"C01760","Jar App","Private Limited","Private (Indian)","Pan-India","Bengaluru","Financial Services / Fintech","Digital gold savings","Unlisted","","","","","private_startups.csv","agent"
"C01761","Easebuzz","Private Limited","Private (Indian)","Pan-India","Pune","Financial Services / Fintech","Payments","Unlisted","","","","","private_startups.csv","agent"
"C01762","PayNearby (Nearby Technologies)","Private Limited","Private (Indian)","Pan-India","Mumbai","Financial Services / Fintech","Assisted fintech","Unlisted","","","","","private_startups.csv","agent"
"C01763","Rupeek Fintech","Private Limited","Private (Indian)","Pan-India","Bengaluru","Financial Services / Fintech","Gold loans","Unlisted","","","","","private_startups.csv","agent"
"C01764","Niyo Solutions","Private Limited","Private (Indian)","Pan-India","Bengaluru","Financial Services / Fintech","Neobank","Unlisted","","","","","private_startups.csv","agent"
"C01765","Yubi (CredAvenue)","Private Limited","Private (Indian)","Pan-India","Bengaluru","Financial Services / Fintech","Debt marketplace","Unlisted","","","","","private_startups.csv","agent"
"C01766","Snapmint","Private Limited","Private (Indian)","Pan-India","Gurugram","Financial Services / Fintech","BNPL","Unlisted","","","","","private_startups.csv","agent"
"C01767","StashFin","Private Limited","Private (Indian)","Pan-India","Gurugram","Financial Services / Fintech","Consumer lending","Unlisted","","","","","private_startups.csv","agent"
"C01768","Mintifi","Private Limited","Private (Indian)","Pan-India","Mumbai","Financial Services / Fintech","Supply chain finance","Unlisted","","","","","private_startups.csv","agent"
"C01769","Vayana Network","Private Limited","Private (Indian)","Pan-India","Mumbai","Financial Services / Fintech","Trade finance","Unlisted","","","","","private_startups.csv","agent"
"C01770","Flipkart Internet Private Limited","Private Limited","MNC Subsidiary","Pan-India","Bengaluru","E-commerce / Retail","Marketplace","Unlisted","","","","","private_startups.csv","agent"
"C01771","Myntra Designs","Private Limited","MNC Subsidiary","Pan-India","Bengaluru","E-commerce / Retail","Fashion e-commerce","Unlisted","","","","","private_startups.csv","agent"
"C01772","Cleartrip","Private Limited","MNC Subsidiary","Pan-India","Bengaluru","E-commerce / Retail","Online travel","Unlisted","","","","","private_startups.csv","agent"
"C01773","Zepto (KiranaKart Technologies)","Private Limited","Private (Indian)","Pan-India","Mumbai","E-commerce / Retail","Quick commerce","Unlisted","","","","","private_startups.csv","agent"
"C01774","Supermarket Grocery Supplies (BigBasket)","Private Limited","Private (Indian)","Pan-India","Bengaluru","E-commerce / Retail","Online grocery","Unlisted","","","","","private_startups.csv","agent"
"C01775","Udaan","Private Limited","Private (Indian)","Pan-India","Bengaluru","E-commerce / Retail","B2B commerce","Unlisted","","","","","private_startups.csv","agent"
"C01776","Snapdeal (AceVector)","Private Limited","Private (Indian)","Pan-India","New Delhi","E-commerce / Retail","Marketplace","Unlisted","","","","","private_startups.csv","agent"
"C01777","Licious (Delightful Gourmet)","Private Limited","Private (Indian)","Pan-India","Bengaluru","E-commerce / Retail","Meat D2C","Unlisted","","","","","private_startups.csv","agent"
"C01778","FreshToHome Foods","Private Limited","Private (Indian)","Pan-India","Bengaluru","E-commerce / Retail","Fish/meat D2C","Unlisted","","","","","private_startups.csv","agent"
"C01779","Purplle","Private Limited","Private (Indian)","Pan-India","Mumbai","E-commerce / Retail","Beauty","Unlisted","","","","","private_startups.csv","agent"
"C01780","Pepperfry","Private Limited","Private (Indian)","Pan-India","Mumbai","E-commerce / Retail","Furniture","Unlisted","","","","","private_startups.csv","agent"
"C01781","Urban Ladder Home Decor Solutions","Private Limited","Private (Indian)","Pan-India","Bengaluru","E-commerce / Retail","Furniture","Unlisted","","","","","private_startups.csv","agent"
"C01782","Bewakoof (Ecom Ventures)","Private Limited","Private (Indian)","Pan-India","Mumbai","E-commerce / Retail","Fashion D2C","Unlisted","","","","","private_startups.csv","agent"
"C01783","The Sleep Company","Private Limited","Private (Indian)","Pan-India","Gurugram","E-commerce / Retail","Mattress D2C","Unlisted","","","","","private_startups.csv","agent"
"C01784","Mokobara","Private Limited","Private (Indian)","Pan-India","Gurugram","E-commerce / Retail","Luggage D2C","Unlisted","","","","","private_startups.csv","agent"
"C01785","GIVA","Private Limited","Private (Indian)","Pan-India","Bengaluru","E-commerce / Retail","Jewellery D2C","Unlisted","","","","","private_startups.csv","agent"
"C01786","Cars24 Services","Private Limited","Private (Indian)","Pan-India","Gurugram","E-commerce / Retail","Used cars","Unlisted","","","","","private_startups.csv","agent"
"C01787","Spinny","Private Limited","Private (Indian)","Pan-India","Gurugram","E-commerce / Retail","Used cars","Unlisted","","","","","private_startups.csv","agent"
"C01788","CarDekho (Girnar Software)","Private Limited","Private (Indian)","Pan-India","Jaipur","E-commerce / Retail","Auto classifieds","Unlisted","","","","","private_startups.csv","agent"
"C01789","Droom Technology","Private Limited","Private (Indian)","Pan-India","Gurugram","E-commerce / Retail","Auto marketplace","Unlisted","","","","","private_startups.csv","agent"
"C01790","Quikr India","Private Limited","Private (Indian)","Pan-India","Bengaluru","E-commerce / Retail","Classifieds","Unlisted","","","","","private_startups.csv","agent"
"C01791","NoBroker Technologies","Private Limited","Private (Indian)","Pan-India","Bengaluru","E-commerce / Retail","Real estate tech","Unlisted","","","","","private_startups.csv","agent"
"C01792","Square Yards (Square Yards Consulting)","Private Limited","Private (Indian)","Pan-India","Gurugram","E-commerce / Retail","Real estate tech","Unlisted","","","","","private_startups.csv","agent"
"C01793","Zolo Stays","Private Limited","Private (Indian)","Pan-India","Bengaluru","E-commerce / Retail","Co-living","Unlisted","","","","","private_startups.csv","agent"
"C01794","Tata Digital","Private Limited","Private (Indian)","Pan-India","Mumbai","E-commerce / Retail","Super-app/e-commerce","Unlisted","","","","","private_startups.csv","agent"
"C01795","Tata Unistore (Croma)","Private Limited","Private (Indian)","Pan-India","Mumbai","E-commerce / Retail","Electronics retail","Unlisted","","","","","private_startups.csv","agent"
"C01796","Zetwerk Manufacturing Businesses","Private Limited","Private (Indian)","Pan-India","Bengaluru","Manufacturing","B2B manufacturing marketplace","Unlisted","","","","","private_startups.csv","agent"
"C01797","Ninjacart (Thirdwatch)","Private Limited","Private (Indian)","Pan-India","Bengaluru","Agriculture / Food","Agri supply chain","Unlisted","","","","","private_startups.csv","agent"
"C01798","DeHaat (Green Agrevolution)","Private Limited","Private (Indian)","Pan-India","Patna","Agriculture / Food","Agri input/output","Unlisted","","","","","private_startups.csv","agent"
"C01799","Agrim Wholesale","Private Limited","Private (Indian)","Pan-India","Gurugram","Agriculture / Food","Agri inputs B2B","Unlisted","","","","","private_startups.csv","agent"
"C01800","Arya.ag (Arya Collateral)","Private Limited","Private (Indian)","Pan-India","Gurugram","Agriculture / Food","Agri fintech","Unlisted","","","","","private_startups.csv","agent"
"C01801","Gramophone (Gramophone Agri)","Private Limited","Private (Indian)","Pan-India","Indore","Agriculture / Food","Agri inputs","Unlisted","","","","","private_startups.csv","agent"
"C01802","Waycool Foods","Private Limited","Private (Indian)","Pan-India","Chennai","Agriculture / Food","Fresh supply chain","Unlisted","","","","","private_startups.csv","agent"
"C01803","Country Delight (Country Delight Agritech)","Private Limited","Private (Indian)","Pan-India","Gurugram","Agriculture / Food","Dairy subscription","Unlisted","","","","","private_startups.csv","agent"
"C01804","Sahyadri Farms Post Harvest Care","Private Limited","Private (Indian)","Pan-India","Nashik","Agriculture / Food","Farmer produce company","Unlisted","","","","","private_startups.csv","agent"
"C01805","Bighaat (Bighaat Agri)","Private Limited","Private (Indian)","Pan-India","Bengaluru","Agriculture / Food","Agri inputs","Unlisted","","","","","private_startups.csv","agent"
"C01806","BYJU'S (Think & Learn Private Limited)","Private Limited","Private (Indian)","Pan-India","Bengaluru","Education / Edtech","K-12 edtech","Unlisted","","","","","private_startups.csv","agent"
"C01807","upGrad Education","Private Limited","Private (Indian)","Pan-India","Mumbai","Education / Edtech","Higher ed","Unlisted","","","","","private_startups.csv","agent"
"C01808","Vedantu Innovations","Private Limited","Private (Indian)","Pan-India","Bengaluru","Education / Edtech","Online tutoring","Unlisted","","","","","private_startups.csv","agent"
"C01809","Eruditus Executive Education","Private Limited","Private (Indian)","Pan-India","Mumbai","Education / Edtech","Executive ed","Unlisted","","","","","private_startups.csv","agent"
"C01810","Unacademy (Sorting Hat Technologies)","Private Limited","Private (Indian)","Pan-India","Bengaluru","Education / Edtech","Test prep","Unlisted","","","","","private_startups.csv","agent"
"C01811","Scaler (InterviewBit)","Private Limited","Private (Indian)","Pan-India","Bengaluru","Education / Edtech","Upskilling","Unlisted","","","","","private_startups.csv","agent"
"C01812","Leverage Edu","Private Limited","Private (Indian)","Pan-India","New Delhi","Education / Edtech","Study abroad","Unlisted","","","","","private_startups.csv","agent"
"C01813","Teachmint","Private Limited","Private (Indian)","Pan-India","Bengaluru","Education / Edtech","School SaaS","Unlisted","","","","","private_startups.csv","agent"
"C01814","Testbook Edu Solutions","Private Limited","Private (Indian)","Pan-India","Mumbai","Education / Edtech","Test prep","Unlisted","","","","","private_startups.csv","agent"
"C01815","Cuemath","Private Limited","Private (Indian)","Pan-India","Bengaluru","Education / Edtech","Maths tutoring","Unlisted","","","","","private_startups.csv","agent"
"C01816","Coding Ninjas","Private Limited","Private (Indian)","Pan-India","Gurugram","Education / Edtech","Coding","Unlisted","","","","","private_startups.csv","agent"
"C01817","Great Learning (Great Lakes)","Private Limited","Private (Indian)","Pan-India","Gurugram","Education / Edtech","Upskilling","Unlisted","","","","","private_startups.csv","agent"
"C01818","Zoho Corporation","Private Limited","Private (Indian)","Pan-India","Chennai","IT / Software","Enterprise SaaS","Unlisted","","","","","private_startups.csv","agent"
"C01819","Darwinbox Digital Solutions","Private Limited","Private (Indian)","Pan-India","Hyderabad","IT / Software","HR SaaS","Unlisted","","","","","private_startups.csv","agent"
"C01820","Fractal Analytics","Private Limited","Private (Indian)","Pan-India","Mumbai","IT / Software","Analytics/AI","Listed-NSE","FRACTAL","INE212S01015","EQ","","private_startups.csv","agent"
"C01821","Sarvam AI","Private Limited","Private (Indian)","Pan-India","Bengaluru","IT / Software","Generative AI","Unlisted","","","","","private_startups.csv","agent"
"C01822","Krutrim (Ola Krutrim SI Designs)","Private Limited","Private (Indian)","Pan-India","Bengaluru","IT / Software","Generative AI","Unlisted","","","","","private_startups.csv","agent"
"C01823","Tessolve Semiconductor","Private Limited","Private (Indian)","Pan-India","Bengaluru","IT / Software","Semiconductor engineering","Unlisted","","","","","private_startups.csv","agent"
"C01824","Mindgrove Technologies","Private Limited","Private (Indian)","Pan-India","Chennai","IT / Software","Semiconductors","Unlisted","","","","","private_startups.csv","agent"
"C01825","InMobi Technology Services","Private Limited","Private (Indian)","Pan-India","Bengaluru","IT / Software","Adtech","Unlisted","","","","","private_startups.csv","agent"
"C01826","Rapido (Roppen Transportation)","Private Limited","Private (Indian)","Pan-India","Bengaluru","Mobility / Transport","Ride hailing","Unlisted","","","","","private_startups.csv","agent"
"C01827","ANI Technologies (Ola)","Private Limited","Private (Indian)","Pan-India","Bengaluru","Mobility / Transport","Ride hailing","Unlisted","","","","","private_startups.csv","agent"
"C01828","BluSmart Mobility","Private Limited","Private (Indian)","Pan-India","Gurugram","Mobility / Transport","EV ride hailing","Unlisted","","","","","private_startups.csv","agent"
"C01829","Yulu Bikes","Private Limited","Private (Indian)","Pan-India","Bengaluru","Mobility / Transport","Micromobility","Unlisted","","","","","private_startups.csv","agent"
"C01830","Bounce (Wheelocity)","Private Limited","Private (Indian)","Pan-India","Bengaluru","Mobility / Transport","Micromobility","Unlisted","","","","","private_startups.csv","agent"
"C01831","Vogo Automotive","Private Limited","Private (Indian)","Pan-India","Bengaluru","Mobility / Transport","Rentals","Unlisted","","","","","private_startups.csv","agent"
"C01832","Porter (SMV Jaipur Transportation)","Private Limited","Private (Indian)","Pan-India","Bengaluru","Logistics","Intra-city logistics","Unlisted","","","","","private_startups.csv","agent"
"C01833","BlackBuck (Zinka Logistics)","Private Limited","Private (Indian)","Pan-India","Bengaluru","Logistics","Trucking","Listed-NSE","BLACKBUCK","INE0UIZ01018","EQ","","private_startups.csv","agent"
"C01834","Rivigo Services","Private Limited","Private (Indian)","Pan-India","Gurugram","Logistics","Logistics","Unlisted","","","","","private_startups.csv","agent"
"C01835","Shiprocket (Kaayaa Ventures)","Private Limited","Private (Indian)","Pan-India","New Delhi","Logistics","E-commerce logistics","Listed-NSE","SHIPROCKET","INE0FOO01011","EQ","","private_startups.csv","agent"
"C01836","Xpressbees (Busybees Logistics)","Private Limited","Private (Indian)","Pan-India","Pune","Logistics","Courier","Unlisted","","","","","private_startups.csv","agent"
"C01837","Euler Motors","Private Limited","Private (Indian)","Pan-India","New Delhi","Automotive / EV","Electric CV","Unlisted","","","","","private_startups.csv","agent"
"C01838","Simple Energy","Private Limited","Private (Indian)","Pan-India","Bengaluru","Automotive / EV","E-scooters","Unlisted","","","","","private_startups.csv","agent"
"C01839","Ultraviolette Automotive","Private Limited","Private (Indian)","Pan-India","Bengaluru","Automotive / EV","E-motorcycles","Unlisted","","","","","private_startups.csv","agent"
"C01840","Log9 Materials","Private Limited","Private (Indian)","Pan-India","Bengaluru","Automotive / EV","Battery","Unlisted","","","","","private_startups.csv","agent"
"C01841","River (Rivot Motors)","Private Limited","Private (Indian)","Pan-India","Bengaluru","Automotive / EV","E-scooters","Unlisted","","","","","private_startups.csv","agent"
"C01842","Exponent Energy","Private Limited","Private (Indian)","Pan-India","Bengaluru","Automotive / EV","Fast charging","Unlisted","","","","","private_startups.csv","agent"
"C01843","Okinawa Autotech","Private Limited","Private (Indian)","Pan-India","Gurugram","Automotive / EV","E-scooters","Unlisted","","","","","private_startups.csv","agent"
"C01844","Greaves Electric Mobility","Private Limited","Private (Indian)","Pan-India","Ranipet","Automotive / EV","E-2W/3W","Unlisted","","","","","private_startups.csv","agent"
"C01845","Lohum Cleantech","Private Limited","Private (Indian)","Pan-India","Greater Noida","Energy / Cleantech","Battery recycling","Unlisted","","","","","private_startups.csv","agent"
"C01846","Oyo (Oravel Stays / PRISM)","Private Limited","Private (Indian)","Pan-India","Gurugram","Travel / Hospitality","Hotels","Unlisted","","","","","private_startups.csv","agent"
"C01847","Treebo Hospitality Ventures","Private Limited","Private (Indian)","Pan-India","Bengaluru","Travel / Hospitality","Budget hotels","Unlisted","","","","","private_startups.csv","agent"
"C01848","Zostel Hospitality","Private Limited","Private (Indian)","Pan-India","Indore","Travel / Hospitality","Hostels","Unlisted","","","","","private_startups.csv","agent"
"C01849","Fabhotels (Casa2 Stays)","Private Limited","Private (Indian)","Pan-India","New Delhi","Travel / Hospitality","Hotels","Unlisted","","","","","private_startups.csv","agent"
"C01850","PharmEasy (API Holdings)","Private Limited","Private (Indian)","Pan-India","Mumbai","Healthcare","E-pharmacy","Unlisted","","","","","private_startups.csv","agent"
"C01851","Practo Technologies","Private Limited","Private (Indian)","Pan-India","Bengaluru","Healthcare","Digital health","Unlisted","","","","","private_startups.csv","agent"
"C01852","Innovaccer India","Private Limited","Private (Indian)","Pan-India","Noida","Healthcare","Health data","Unlisted","","","","","private_startups.csv","agent"
"C01853","HealthifyMe","Private Limited","Private (Indian)","Pan-India","Bengaluru","Healthcare","Wellness app","Unlisted","","","","","private_startups.csv","agent"
"C01854","Pristyn Care","Private Limited","Private (Indian)","Pan-India","Gurugram","Healthcare","Surgery care","Unlisted","","","","","private_startups.csv","agent"
"C01855","Truemeds","Private Limited","Private (Indian)","Pan-India","Mumbai","Healthcare","E-pharmacy","Unlisted","","","","","private_startups.csv","agent"
"C01856","Even Healthcare","Private Limited","Private (Indian)","Pan-India","Bengaluru","Healthcare","Health insurance/care","Unlisted","","","","","private_startups.csv","agent"
"C01857","Redcliffe Labs","Private Limited","Private (Indian)","Pan-India","Noida","Healthcare","Diagnostics","Unlisted","","","","","private_startups.csv","agent"
"C01858","Healthians (Expedition Wellness)","Private Limited","Private (Indian)","Pan-India","Gurugram","Healthcare","Diagnostics","Unlisted","","","","","private_startups.csv","agent"
"C01859","Qure.ai","Private Limited","Private (Indian)","Pan-India","Mumbai","Healthcare","AI radiology","Unlisted","","","","","private_startups.csv","agent"
"C01860","Cloudphysician Healthcare","Private Limited","Private (Indian)","Pan-India","Bengaluru","Healthcare","Tele-ICU","Unlisted","","","","","private_startups.csv","agent"
"C01861","Dozee (Turtle Shell Technologies)","Private Limited","Private (Indian)","Pan-India","Bengaluru","Healthcare","Remote monitoring","Unlisted","","","","","private_startups.csv","agent"
"C01862","Curefit Healthcare (Cult.fit)","Private Limited","Private (Indian)","Pan-India","Bengaluru","Healthcare","Fitness/wellness","Unlisted","","","","","private_startups.csv","agent"
"C01863","Tata 1mg Technologies","Private Limited","Private (Indian)","Pan-India","Gurugram","Healthcare","E-pharmacy","Unlisted","","","","","private_startups.csv","agent"
"C01864","Dream Sports (Dream11)","Private Limited","Private (Indian)","Pan-India","Mumbai","Gaming / Media","Fantasy sports","Unlisted","","","","","private_startups.csv","agent"
"C01865","Galactus Funware (MPL)","Private Limited","Private (Indian)","Pan-India","Bengaluru","Gaming / Media","Real-money gaming","Unlisted","","","","","private_startups.csv","agent"
"C01866","Games24x7","Private Limited","Private (Indian)","Pan-India","Mumbai","Gaming / Media","Real-money gaming","Unlisted","","","","","private_startups.csv","agent"
"C01867","Head Digital Works (A23)","Private Limited","Private (Indian)","Pan-India","Bengaluru","Gaming / Media","Card games","Unlisted","","","","","private_startups.csv","agent"
"C01868","Zupee Studio","Private Limited","Private (Indian)","Pan-India","Gurugram","Gaming / Media","Skill gaming","Unlisted","","","","","private_startups.csv","agent"
"C01869","Pocket FM","Private Limited","Private (Indian)","Pan-India","Bengaluru","Gaming / Media","Audio streaming","Unlisted","","","","","private_startups.csv","agent"
"C01870","Kuku FM","Private Limited","Private (Indian)","Pan-India","Mumbai","Gaming / Media","Audio","Unlisted","","","","","private_startups.csv","agent"
"C01871","ShareChat (Mohalla Tech)","Private Limited","Private (Indian)","Pan-India","Bengaluru","Gaming / Media","Social media","Unlisted","","","","","private_startups.csv","agent"
"C01872","Glance","Private Limited","Private (Indian)","Pan-India","Bengaluru","Gaming / Media","Lockscreen media","Unlisted","","","","","private_startups.csv","agent"
"C01873","Dailyhunt (VerSe Innovation)","Private Limited","Private (Indian)","Pan-India","Bengaluru","Gaming / Media","Content platform","Unlisted","","","","","private_startups.csv","agent"
"C01874","Loco (Ink Research)","Private Limited","Private (Indian)","Pan-India","Bengaluru","Gaming / Media","Game streaming","Unlisted","","","","","private_startups.csv","agent"
"C01875","Raphe mPhibr","Private Limited","Private (Indian)","Pan-India","Gurugram","Aerospace & Defence","Defence drones","Unlisted","","","","","private_startups.csv","agent"
"C01876","Digantara Industries","Private Limited","Private (Indian)","Pan-India","Bengaluru","Aerospace & Defence","Space situational awareness","Unlisted","","","","","private_startups.csv","agent"
"C01877","Tonbo Imaging","Private Limited","Private (Indian)","Pan-India","Bengaluru","Aerospace & Defence","Electro-optics","Unlisted","","","","","private_startups.csv","agent"
"C01878","Big Bang Boom Solutions","Private Limited","Private (Indian)","Pan-India","Bengaluru","Aerospace & Defence","Anti-drone/AI defence","Unlisted","","","","","private_startups.csv","agent"
"C01879","Skyroot Aerospace","Private Limited","Private (Indian)","Pan-India","Hyderabad","Aerospace & Defence","Launch vehicles","Unlisted","","","","","private_startups.csv","agent"
"C01880","Agnikul Cosmos","Private Limited","Private (Indian)","Pan-India","Chennai","Aerospace & Defence","Launch vehicles","Unlisted","","","","","private_startups.csv","agent"
"C01881","Pixxel Space Technologies","Private Limited","Private (Indian)","Pan-India","Bengaluru","Aerospace & Defence","Hyperspectral satellites","Unlisted","","","","","private_startups.csv","agent"
"C01882","Dhruva Space","Private Limited","Private (Indian)","Pan-India","Hyderabad","Aerospace & Defence","Satellite systems","Unlisted","","","","","private_startups.csv","agent"
"C01883","Bellatrix Aerospace","Private Limited","Private (Indian)","Pan-India","Bengaluru","Aerospace & Defence","Space propulsion","Unlisted","","","","","private_startups.csv","agent"
"C01884","Garuda Aerospace","Private Limited","Private (Indian)","Pan-India","Chennai","Aerospace & Defence","Drones","Unlisted","","","","","private_startups.csv","agent"
"C01885","Throttle Aerospace Systems","Private Limited","Private (Indian)","Pan-India","Bengaluru","Aerospace & Defence","Drones","Unlisted","","","","","private_startups.csv","agent"
"C01886","NewSpace Research and Technologies","Private Limited","Private (Indian)","Pan-India","Bengaluru","Aerospace & Defence","Drones","Unlisted","","","","","private_startups.csv","agent"
"C01887","Sagar Defence Engineering","Private Limited","Private (Indian)","Pan-India","Pune","Aerospace & Defence","Unmanned maritime systems","Unlisted","","","","","private_startups.csv","agent"
"C01888","General Aeronautics","Private Limited","Private (Indian)","Pan-India","Bengaluru","Aerospace & Defence","Agri/defence drones","Unlisted","","","","","private_startups.csv","agent"
"C01889","Aequs","Private Limited","Private (Indian)","Pan-India","Belagavi","Aerospace & Defence","Aerospace manufacturing","Listed-NSE","AEQUS","INE947N01017","EQ","","private_startups.csv","agent"
"C01890","Alpha Design Technologies","Private Limited","Private (Indian)","Pan-India","Bengaluru","Aerospace & Defence","Defence electronics","Unlisted","","","","","private_startups.csv","agent"
"C01891","Sarla Aviation","Private Limited","Private (Indian)","Pan-India","Bengaluru","Aerospace & Defence","eVTOL","Unlisted","","","","","private_startups.csv","agent"
"C01892","The ePlane Company","Private Limited","Private (Indian)","Pan-India","Chennai","Aerospace & Defence","eVTOL","Unlisted","","","","","private_startups.csv","agent"
"C01893","Imagine Marketing (boAt)","Private Limited","Private (Indian)","Pan-India","New Delhi","Consumer Goods / D2C","Audio wearables","Unlisted","","","","","private_startups.csv","agent"
"C01894","Wow! Momo Foods","Private Limited","Private (Indian)","Pan-India","Kolkata","Consumer Goods / D2C","QSR","Unlisted","","","","","private_startups.csv","agent"
"C01895","Rebel Foods","Private Limited","Private (Indian)","Pan-India","Mumbai","Consumer Goods / D2C","Cloud kitchens","Unlisted","","","","","private_startups.csv","agent"
"C01896","Curefoods India","Private Limited","Private (Indian)","Pan-India","Bengaluru","Consumer Goods / D2C","Cloud kitchens","Unlisted","","","","","private_startups.csv","agent"
"C01897","Sleepy Owl Coffee","Private Limited","Private (Indian)","Pan-India","Mumbai","Consumer Goods / D2C","Coffee D2C","Unlisted","","","","","private_startups.csv","agent"
"C01898","Bombay Shaving Company","Private Limited","Private (Indian)","Pan-India","Mumbai","Consumer Goods / D2C","Grooming D2C","Unlisted","","","","","private_startups.csv","agent"
"C01899","The Whole Truth Foods","Private Limited","Private (Indian)","Pan-India","Mumbai","Consumer Goods / D2C","Food D2C","Unlisted","","","","","private_startups.csv","agent"
"C01900","Third Wave Coffee Roasters","Private Limited","Private (Indian)","Pan-India","Bengaluru","Consumer Goods / D2C","Cafes","Unlisted","","","","","private_startups.csv","agent"
"C01901","Blue Tokai Coffee Roasters","Private Limited","Private (Indian)","Pan-India","New Delhi","Consumer Goods / D2C","Cafes","Unlisted","","","","","private_startups.csv","agent"
"C01902","Bira 91 (B9 Beverages)","Private Limited","Private (Indian)","Pan-India","New Delhi","Consumer Goods / D2C","Beer","Unlisted","","","","","private_startups.csv","agent"
"C01903","Paper Boat (Hector Beverages)","Private Limited","Private (Indian)","Pan-India","Gurugram","Consumer Goods / D2C","Beverages","Unlisted","","","","","private_startups.csv","agent"
"C01904","Epigamia (Drums Food International)","Private Limited","Private (Indian)","Pan-India","Mumbai","Consumer Goods / D2C","Yogurt","Unlisted","","","","","private_startups.csv","agent"
"C01905","Sugar Cosmetics (Vellvette Lifestyle)","Private Limited","Private (Indian)","Pan-India","Mumbai","Consumer Goods / D2C","Beauty D2C","Unlisted","","","","","private_startups.csv","agent"
"C01906","Haldiram's Snacks Food","Private Limited","Private (Indian)","Pan-India","Nagpur","Consumer Goods / D2C","Snacks","Unlisted","","","","","private_startups.csv","agent"
"C01907","Bikanervala Foods","Private Limited","Private (Indian)","Pan-India","New Delhi","Consumer Goods / D2C","Snacks","Unlisted","","","","","private_startups.csv;state_psu_north_west.csv","agent"
"C01908","Parle Products","Private Limited","Private (Indian)","Pan-India","Mumbai","Consumer Goods / D2C","Biscuits/FMCG","Unlisted","","","","","private_startups.csv","agent"
"C01909","Balaji Wafers","Private Limited","Private (Indian)","Pan-India","Rajkot","Consumer Goods / D2C","Snacks","Unlisted","","","","","private_startups.csv","agent"
"C01910","Bisleri International","Private Limited","Private (Indian)","Pan-India","Mumbai","Consumer Goods / D2C","Packaged water","Unlisted","","","","","private_startups.csv","agent"
"C01911","CavinKare","Private Limited","Private (Indian)","Pan-India","Chennai","Consumer Goods / D2C","Personal care","Unlisted","","","","","private_startups.csv","agent"
"C01912","Tata Sons","Private Limited","Private (Indian)","Pan-India","Mumbai","Conglomerate","Holding company","Unlisted","","","","","private_startups.csv","agent"
"C01913","Tata Advanced Systems","Private Limited","Private (Indian)","Pan-India","Hyderabad","Aerospace & Defence","Aerospace/defence mfg","Unlisted","","","","","private_startups.csv","agent"
"C01914","Tata Electronics","Private Limited","Private (Indian)","Pan-India","Bengaluru","Electronics / Semiconductors","Electronics mfg","Unlisted","","","","","private_startups.csv","agent"
"C01915","Tata Projects","Private Limited","Private (Indian)","Pan-India","Hyderabad","Infrastructure / Construction","EPC","Unlisted","","","","","private_startups.csv","agent"
"C01916","Tata Realty and Infrastructure","Private Limited","Private (Indian)","Pan-India","Gurugram","Real Estate","Developer","Unlisted","","","","","private_startups.csv","agent"
"C01917","Tata Play","Private Limited","Private (Indian)","Pan-India","Mumbai","Media / Telecom","DTH","Unlisted","","","","","private_startups.csv","agent"
"C01918","Tata International","Private Limited","Private (Indian)","Pan-India","Mumbai","Trading / Conglomerate","Trading","Unlisted","","","","","private_startups.csv","agent"
"C01919","Tata Autocomp Systems","Private Limited","Private (Indian)","Pan-India","Pune","Automotive","Components","Unlisted","","","","","private_startups.csv","agent"
"C01920","Tata Cleantech Capital","Private Limited","Private (Indian)","Pan-India","Mumbai","Financial Services / Fintech","Infra finance","Unlisted","","","","","private_startups.csv","agent"
"C01921","Tata Medical and Diagnostics (Tata MD)","Private Limited","Private (Indian)","Pan-India","Mumbai","Healthcare","Diagnostics","Unlisted","","","","","private_startups.csv","agent"
"C01922","Reliance Jio Platforms","Private Limited","Private (Indian)","Pan-India","Mumbai","Telecom / Digital","Telecom holding","Unlisted","","","","","private_startups.csv","agent"
"C01923","Reliance Retail Ventures","Private Limited","Private (Indian)","Pan-India","Mumbai","E-commerce / Retail","Retail","Unlisted","","","","","private_startups.csv","agent"
"C01924","Adani Airport Holdings","Private Limited","Private (Indian)","Pan-India","Ahmedabad","Aviation","Airports","Unlisted","","","","","private_startups.csv","agent"
"C01925","Adani Defence & Aerospace","Private Limited","Private (Indian)","Pan-India","Ahmedabad","Aerospace & Defence","Defence","Unlisted","","","","","private_startups.csv","agent"
"C01926","Adani New Industries","Private Limited","Private (Indian)","Pan-India","Ahmedabad","Energy / Cleantech","Green hydrogen/solar mfg","Unlisted","","","","","private_startups.csv","agent"
"C01927","Godrej & Boyce Manufacturing Company","Private Limited","Private (Indian)","Pan-India","Mumbai","Conglomerate","Engineering/appliances","Unlisted","","","","","private_startups.csv","agent"
"C01928","Hero Future Energies","Private Limited","Private (Indian)","Pan-India","New Delhi","Energy / Cleantech","Renewables","Unlisted","","","","","private_startups.csv","agent"
"C01929","Hero Motors","Private Limited","Private (Indian)","Pan-India","Ludhiana","Automotive","Components","Listed-NSE","HEROMOTORS","INE012G01022","EQ","","private_startups.csv","agent"
"C01930","RMZ Corp","Private Limited","Private (Indian)","Pan-India","Bengaluru","Real Estate","Developer","Unlisted","","","","","private_startups.csv","agent"
"C01931","K Raheja Corp","Private Limited","Private (Indian)","Pan-India","Mumbai","Real Estate","Developer","Unlisted","","","","","private_startups.csv","agent"
"C01932","Embassy Group","Private Limited","Private (Indian)","Pan-India","Bengaluru","Real Estate","Developer","Unlisted","","","","","private_startups.csv","agent"
"C01933","Hiranandani Communities","Private Limited","Private (Indian)","Pan-India","Mumbai","Real Estate","Developer","Unlisted","","","","","private_startups.csv","agent"
"C01934","Shapoorji Pallonji and Company","Private Limited","Private (Indian)","Pan-India","Mumbai","Conglomerate","Construction/real estate","Unlisted","","","","","private_startups.csv","agent"
"C01935","Shapoorji Pallonji Real Estate","Private Limited","Private (Indian)","Pan-India","Mumbai","Real Estate","Developer","Unlisted","","","","","private_startups.csv","agent"
"C01936","Essar Capital","Private Limited","Private (Indian)","Pan-India","Mumbai","Conglomerate","Holding","Unlisted","","","","","private_startups.csv","agent"
"C01937","Dalmia Bharat Group","Private Limited","Private (Indian)","Pan-India","New Delhi","Conglomerate","Holding","Unlisted","","","","","private_startups.csv","agent"
"C01938","Murugappa Group (Murugappa Holdings)","Private Limited","Private (Indian)","Pan-India","Chennai","Conglomerate","Holding","Unlisted","","","","","private_startups.csv","agent"
"C01939","JSW Paints","Private Limited","Private (Indian)","Pan-India","Mumbai","Consumer Goods / D2C","Paints","Unlisted","","","","","private_startups.csv","agent"
"C01940","Mahindra Last Mile Mobility","Private Limited","Private (Indian)","Pan-India","Mumbai","Automotive / EV","Three-wheelers","Unlisted","","","","","private_startups.csv","agent"
"C01941","Mahindra Susten","Private Limited","Private (Indian)","Pan-India","Mumbai","Energy / Cleantech","Renewables","Unlisted","","","","","private_startups.csv","agent"
"C01942","Gujarat Cooperative Milk Marketing Federation (Amul)","Cooperative Society","Cooperative","Gujarat","Anand","Agriculture / Food","Dairy federation","Unlisted","","","","","private_startups.csv;state_psu_north_west.csv","agent"
"C01943","Kaira District Cooperative Milk Producers' Union (Amul Dairy)","Cooperative Society","Cooperative","Gujarat","Anand","Agriculture / Food","Dairy union","Unlisted","","","","","private_startups.csv","agent"
"C01944","Karnataka Cooperative Milk Producers' Federation (Nandini)","Cooperative Society","Cooperative","Karnataka","Bengaluru","Agriculture / Food","Dairy federation","Unlisted","","","","","private_startups.csv","agent"
"C01945","Kerala Cooperative Milk Marketing Federation (Milma)","Cooperative Society","Cooperative","Kerala","Thiruvananthapuram","Agriculture / Food","Dairy federation","Unlisted","","","","","private_startups.csv","agent"
"C01946","Tamil Nadu Cooperative Milk Producers' Federation (Aavin)","Cooperative Society","Cooperative","Tamil Nadu","Chennai","Agriculture / Food","Dairy federation","Unlisted","","","","","private_startups.csv","agent"
"C01947","Punjab State Cooperative Milk Producers' Federation (Verka)","Cooperative Society","Cooperative","Punjab","Chandigarh","Agriculture / Food","Dairy federation","Unlisted","","","","","private_startups.csv;state_psu_north_west.csv","agent"
"C01948","Rajasthan Cooperative Dairy Federation (Saras)","Cooperative Society","Cooperative","Rajasthan","Jaipur","Agriculture / Food","Dairy federation","Unlisted","","","","","private_startups.csv;state_psu_north_west.csv","agent"
"C01949","Bihar State Milk Cooperative Federation (Sudha / COMFED)","Cooperative Society","Cooperative","Bihar","Patna","Agriculture / Food","Dairy federation","Unlisted","","","","","private_startups.csv","agent"
"C01950","Kolhapur Zilla Sahakari Dudh Utpadak Sangh (Gokul)","Cooperative Society","Cooperative","Maharashtra","Kolhapur","Agriculture / Food","Dairy union","Unlisted","","","","","private_startups.csv","agent"
"C01951","Indian Farmers Fertiliser Cooperative (IFFCO)","Cooperative Society","Cooperative","Pan-India","New Delhi","Fertilisers","Fertiliser cooperative","Unlisted","","","","","private_startups.csv;state_psu_north_west.csv","agent"
"C01952","Krishak Bharati Cooperative (KRIBHCO)","Cooperative Society","Cooperative","Pan-India","New Delhi","Fertilisers","Fertiliser cooperative","Unlisted","","","","","private_startups.csv","agent"
"C01953","National Agricultural Cooperative Marketing Federation of India (NAFED)","Cooperative Society","Cooperative","Pan-India","New Delhi","Agriculture / Food","Marketing federation","Unlisted","","","","","private_startups.csv","agent"
"C01954","National Cooperative Consumers' Federation (NCCF)","Cooperative Society","Cooperative","Pan-India","New Delhi","E-commerce / Retail","Consumer federation","Unlisted","","","","","private_startups.csv","agent"
"C01955","National Dairy Development Board","Statutory Corporation","Central PSU","Pan-India","Anand","Agriculture / Food","Dairy development","Unlisted","","","","","private_startups.csv","agent"
"C01956","Mother Dairy Fruit & Vegetable","Private Limited","Central PSU","Pan-India","New Delhi","Agriculture / Food","Dairy (NDDB subsidiary)","Unlisted","","","","","private_startups.csv","agent"
"C01957","Shri Mahila Griha Udyog Lijjat Papad","Trust/Society","Trust/Society","Pan-India","Mumbai","Consumer Goods / D2C","Women's cooperative-style enterprise","Unlisted","","","","","private_startups.csv","agent"
"C01958","Mumbai Indians (Indiawin Sports)","Private Limited","Private (Indian)","Maharashtra","Mumbai","Sports","IPL/WPL franchise","Unlisted","","","","","private_startups.csv","agent"
"C01959","Royal Challengers Bengaluru (Royal Challengers Sports)","Private Limited","Private (Indian)","Karnataka","Bengaluru","Sports","IPL/WPL franchise","Unlisted","","","","","private_startups.csv","agent"
"C01960","Delhi Capitals (JSW GMR Cricket)","Private Limited","Private (Indian)","Delhi","New Delhi","Sports","IPL/WPL franchise","Unlisted","","","","","private_startups.csv","agent"
"C01961","Rajasthan Royals (Royal Multisport)","Private Limited","Private (Indian)","Rajasthan","Jaipur","Sports","IPL franchise","Unlisted","","","","","private_startups.csv","agent"
"C01962","Punjab Kings (KPH Dream Cricket)","Private Limited","Private (Indian)","Punjab","Mohali","Sports","IPL franchise","Unlisted","","","","","private_startups.csv","agent"
"C01963","Gujarat Titans (Irelia Sports)","Private Limited","Private (Indian)","Gujarat","Ahmedabad","Sports","IPL franchise","Unlisted","","","","","private_startups.csv","agent"
"C01964","Lucknow Super Giants (RPSG Sports)","Private Limited","Private (Indian)","Uttar Pradesh","Lucknow","Sports","IPL franchise","Unlisted","","","","","private_startups.csv","agent"
"C01965","Kolkata Knight Riders (Knight Riders Sports)","Private Limited","Private (Indian)","West Bengal","Kolkata","Sports","IPL franchise","Unlisted","","","","","private_startups.csv","agent"
"C01966","Sunrisers Hyderabad (Sun TV Network franchise)","Private Limited","Private (Indian)","Telangana","Hyderabad","Sports","IPL franchise (Sun TV group; legal entity to verify)","Unlisted","","","","","private_startups.csv","agent"
"C01967","UP Warriorz","Private Limited","Private (Indian)","Uttar Pradesh","Lucknow","Sports","WPL franchise","Unlisted","","","","","private_startups.csv","agent"
"C01968","Bengaluru FC","Private Limited","Private (Indian)","Karnataka","Bengaluru","Sports","ISL club","Unlisted","","","","","private_startups.csv","agent"
"C01969","Chennaiyin FC","Private Limited","Private (Indian)","Tamil Nadu","Chennai","Sports","ISL club","Unlisted","","","","","private_startups.csv","agent"
"C01970","SC Delhi","Private Limited","Private (Indian)","Delhi","New Delhi","Sports","ISL club","Unlisted","","","","","private_startups.csv","agent"
"C01971","East Bengal FC (East Bengal Club Pvt Ltd)","Private Limited","Private (Indian)","West Bengal","Kolkata","Sports","ISL club","Unlisted","","","","","private_startups.csv","agent"
"C01972","FC Goa","Private Limited","Private (Indian)","Goa","Margao","Sports","ISL club","Unlisted","","","","","private_startups.csv","agent"
"C01973","Inter Kashi FC","Private Limited","Private (Indian)","Uttar Pradesh","Varanasi","Sports","ISL club","Unlisted","","","","","private_startups.csv","agent"
"C01974","Jamshedpur FC","Private Limited","Private (Indian)","Jharkhand","Jamshedpur","Sports","ISL club","Unlisted","","","","","private_startups.csv","agent"
"C01975","Kerala Blasters FC (Magnum Sports)","Private Limited","Private (Indian)","Kerala","Kochi","Sports","ISL club","Unlisted","","","","","private_startups.csv","agent"
"C01976","Mohammedan SC","Private Limited","Private (Indian)","West Bengal","Kolkata","Sports","ISL club","Unlisted","","","","","private_startups.csv","agent"
"C01977","Mohun Bagan Super Giant (Kolkata Games & Sports)","Private Limited","Private (Indian)","West Bengal","Kolkata","Sports","ISL club","Unlisted","","","","","private_startups.csv","agent"
"C01978","Mumbai City FC","Private Limited","Private (Indian)","Maharashtra","Mumbai","Sports","ISL club","Unlisted","","","","","private_startups.csv","agent"
"C01979","NorthEast United FC","Private Limited","Private (Indian)","Assam","Guwahati","Sports","ISL club","Unlisted","","","","","private_startups.csv","agent"
"C01980","Odisha FC","Private Limited","Private (Indian)","Odisha","Bhubaneswar","Sports","ISL club","Unlisted","","","","","private_startups.csv","agent"
"C01981","Punjab FC (RoundGlass Sports)","Private Limited","Private (Indian)","Punjab","Mohali","Sports","ISL club","Unlisted","","","","","private_startups.csv","agent"
"C01982","Bengaluru Bulls","Private Limited","Private (Indian)","Karnataka","Bengaluru","Sports","Pro Kabaddi League franchise","Unlisted","","","","","private_startups.csv","agent"
"C01983","Jaipur Pink Panthers","Private Limited","Private (Indian)","Rajasthan","Jaipur","Sports","Pro Kabaddi League franchise","Unlisted","","","","","private_startups.csv","agent"
"C01984","U Mumba","Private Limited","Private (Indian)","Maharashtra","Mumbai","Sports","Pro Kabaddi League franchise","Unlisted","","","","","private_startups.csv","agent"
"C01985","Patna Pirates","Private Limited","Private (Indian)","Bihar","Patna","Sports","Pro Kabaddi League franchise","Unlisted","","","","","private_startups.csv","agent"
"C01986","Puneri Paltan","Private Limited","Private (Indian)","Maharashtra","Pune","Sports","Pro Kabaddi League franchise","Unlisted","","","","","private_startups.csv","agent"
"C01987","Tamil Thalaivas","Private Limited","Private (Indian)","Tamil Nadu","Chennai","Sports","Pro Kabaddi League franchise","Unlisted","","","","","private_startups.csv","agent"
"C01988","Telugu Titans","Private Limited","Private (Indian)","Telangana","Hyderabad","Sports","Pro Kabaddi League franchise","Unlisted","","","","","private_startups.csv","agent"
"C01989","Bengal Warriorz","Private Limited","Private (Indian)","West Bengal","Kolkata","Sports","Pro Kabaddi League franchise","Unlisted","","","","","private_startups.csv","agent"
"C01990","Dabang Delhi K.C.","Private Limited","Private (Indian)","Delhi","New Delhi","Sports","Pro Kabaddi League franchise","Unlisted","","","","","private_startups.csv","agent"
"C01991","Haryana Steelers","Private Limited","Private (Indian)","Haryana","Panchkula","Sports","Pro Kabaddi League franchise","Unlisted","","","","","private_startups.csv","agent"
"C01992","Gujarat Giants (Kabaddi)","Private Limited","Private (Indian)","Gujarat","Ahmedabad","Sports","Pro Kabaddi League franchise","Unlisted","","","","","private_startups.csv","agent"
"C01993","UP Yoddhas","Private Limited","Private (Indian)","Uttar Pradesh","Noida","Sports","Pro Kabaddi League franchise","Unlisted","","","","","private_startups.csv","agent"
"C01994","Board of Control for Cricket in India (BCCI)","Trust/Society","Trust/Society","Pan-India","Mumbai","Sports","National cricket board","Unlisted","","","","","private_startups.csv","agent"
"C01995","Football Sports Development Limited (FSDL)","Private Limited","Private (Indian)","Pan-India","Mumbai","Sports","ISL organiser","Unlisted","","","","","private_startups.csv","agent"
"C01996","Mashal Sports","Private Limited","Private (Indian)","Pan-India","Mumbai","Sports","Pro Kabaddi League organiser","Unlisted","","","","","private_startups.csv","agent"
"C01997","All India Football Federation","Trust/Society","Trust/Society","Pan-India","New Delhi","Sports","National sports federation","Unlisted","","","","","private_startups.csv","agent"
"C01998","Hockey India","Trust/Society","Trust/Society","Pan-India","New Delhi","Sports","National sports federation","Unlisted","","","","","private_startups.csv","agent"
"C01999","Indian Olympic Association","Trust/Society","Trust/Society","Pan-India","New Delhi","Sports","National sports federation","Unlisted","","","","","private_startups.csv","agent"
"C02000","Badminton Association of India","Trust/Society","Trust/Society","Pan-India","Lucknow","Sports","National sports federation","Unlisted","","","","","private_startups.csv","agent"
"C02001","Reliance Foundation","Section 8 Company","Trust/Society","Pan-India","","Social Sector / NGO","Non-profit","Unlisted","","","","","private_startups.csv","agent"
"C02002","Infosys Foundation","Section 8 Company","Trust/Society","Pan-India","","Social Sector / NGO","Non-profit","Unlisted","","","","","private_startups.csv","agent"
"C02003","Azim Premji Foundation","Section 8 Company","Trust/Society","Pan-India","","Social Sector / NGO","Non-profit","Unlisted","","","","","private_startups.csv","agent"
"C02004","GiveIndia (Give Foundation)","Section 8 Company","Trust/Society","Pan-India","","Social Sector / NGO","Non-profit","Unlisted","","","","","private_startups.csv","agent"
"C02005","HCL Foundation","Section 8 Company","Trust/Society","Pan-India","","Social Sector / NGO","Non-profit","Unlisted","","","","","private_startups.csv","agent"
"C02006","Bharti Foundation","Trust/Society","Trust/Society","Pan-India","","Social Sector / NGO","Non-profit","Unlisted","","","","","private_startups.csv","agent"
"C02007","Akshaya Patra Foundation","Trust/Society","Trust/Society","Pan-India","","Social Sector / NGO","Non-profit","Unlisted","","","","","private_startups.csv","agent"
"C02008","Pratham Education Foundation","Section 8 Company","Trust/Society","Pan-India","","Social Sector / NGO","Non-profit","Unlisted","","","","","private_startups.csv","agent"
"C02009","Teach For India","Trust/Society","Trust/Society","Pan-India","","Social Sector / NGO","Non-profit","Unlisted","","","","","private_startups.csv","agent"
"C02010","Smile Foundation","Trust/Society","Trust/Society","Pan-India","","Social Sector / NGO","Non-profit","Unlisted","","","","","private_startups.csv","agent"
"C02011","Child Rights and You (CRY)","Trust/Society","Trust/Society","Pan-India","","Social Sector / NGO","Non-profit","Unlisted","","","","","private_startups.csv","agent"
"C02012","Goonj","Trust/Society","Trust/Society","Pan-India","","Social Sector / NGO","Non-profit","Unlisted","","","","","private_startups.csv","agent"
"C02013","HelpAge India","Trust/Society","Trust/Society","Pan-India","","Social Sector / NGO","Non-profit","Unlisted","","","","","private_startups.csv","agent"
"C02014","Sir Dorabji Tata Trust","Trust/Society","Trust/Society","Pan-India","","Social Sector / NGO","Non-profit","Unlisted","","","","","private_startups.csv","agent"
"C02015","Sir Ratan Tata Trust","Trust/Society","Trust/Society","Pan-India","","Social Sector / NGO","Non-profit","Unlisted","","","","","private_startups.csv","agent"
"C02016","Piramal Foundation","Trust/Society","Trust/Society","Pan-India","","Social Sector / NGO","Non-profit","Unlisted","","","","","private_startups.csv","agent"
"C02017","Isha Foundation","Trust/Society","Trust/Society","Pan-India","","Social Sector / NGO","Non-profit","Unlisted","","","","","private_startups.csv","agent"
"C02018","Art of Living Foundation","Trust/Society","Trust/Society","Pan-India","","Social Sector / NGO","Non-profit","Unlisted","","","","","private_startups.csv","agent"
"C02019","Sewa International","Trust/Society","Trust/Society","Pan-India","","Social Sector / NGO","Non-profit","Unlisted","","","","","private_startups.csv","agent"
"C02020","Ekal Vidyalaya Foundation of India","Trust/Society","Trust/Society","Pan-India","","Social Sector / NGO","Non-profit","Unlisted","","","","","private_startups.csv","agent"
"C02021","Sankara Eye Foundation India","Trust/Society","Trust/Society","Pan-India","","Social Sector / NGO","Non-profit","Unlisted","","","","","private_startups.csv","agent"
"C02022","L V Prasad Eye Institute","Trust/Society","Trust/Society","Pan-India","","Social Sector / NGO","Non-profit","Unlisted","","","","","private_startups.csv","agent"
"C02023","Aravind Eye Care System","Trust/Society","Trust/Society","Pan-India","","Social Sector / NGO","Non-profit","Unlisted","","","","","private_startups.csv","agent"
"C02024","Bhagwan Mahaveer Viklang Sahayata Samiti (Jaipur Foot)","Trust/Society","Trust/Society","Pan-India","","Social Sector / NGO","Non-profit","Unlisted","","","","","private_startups.csv","agent"
"C02025","Ramakrishna Mission","Trust/Society","Trust/Society","Pan-India","","Social Sector / NGO","Non-profit","Unlisted","","","","","private_startups.csv","agent"
"C02026","Dr. Reddy's Foundation","Section 8 Company","Trust/Society","Pan-India","","Social Sector / NGO","Non-profit","Unlisted","","","","","private_startups.csv","agent"
"C02027","Nanhi Kali (K.C. Mahindra Education Trust)","Trust/Society","Trust/Society","Pan-India","","Social Sector / NGO","Non-profit","Unlisted","","","","","private_startups.csv","agent"
"C02028","Self Employed Women's Association (SEWA)","Trust/Society","Trust/Society","Pan-India","","Social Sector / NGO","Non-profit","Unlisted","","","","","private_startups.csv","agent"
"C02029","Deshpande Foundation India","Section 8 Company","Trust/Society","Pan-India","","Social Sector / NGO","Non-profit","Unlisted","","","","","private_startups.csv","agent"
"C02030","Shiv Nadar Foundation","Trust/Society","Trust/Society","Pan-India","","Social Sector / NGO","Non-profit","Unlisted","","","","","private_startups.csv","agent"
"C02031","Delhi Transco Limited","Government Company (PSU)","State PSU","Delhi","New Delhi","Power","Transmission","Unlisted","","","","","state_psu_north_west.csv","agent"
"C02032","Indraprastha Power Generation Company Limited","Government Company (PSU)","State PSU","Delhi","New Delhi","Power","Generation","Unlisted","","","","","state_psu_north_west.csv","agent"
"C02033","Pragati Power Corporation Limited","Government Company (PSU)","State PSU","Delhi","New Delhi","Power","Generation","Unlisted","","","","","state_psu_north_west.csv","agent"
"C02034","Delhi Power Company Limited","Government Company (PSU)","State PSU","Delhi","New Delhi","Power","Holding","Unlisted","","","","","state_psu_north_west.csv","agent"
"C02035","Delhi Transport Corporation","Statutory Corporation","State PSU","Delhi","New Delhi","Transport","Bus transport","Unlisted","","","","","state_psu_north_west.csv","agent"
"C02036","Delhi Metro Rail Corporation Limited","Government Company (PSU)","Joint Venture","Delhi","New Delhi","Transport","Metro rail","Unlisted","","","","","state_psu_north_west.csv","agent"
"C02037","Delhi State Industrial and Infrastructure Development Corporation Limited","Government Company (PSU)","State PSU","Delhi","New Delhi","Industrial Development","Industrial infrastructure","Unlisted","","","","","state_psu_north_west.csv","agent"
"C02038","Delhi Financial Corporation","Statutory Corporation","State PSU","Delhi","New Delhi","Financial Services","State finance corporation","Unlisted","","","","","state_psu_north_west.csv","agent"
"C02039","Delhi Tourism and Transportation Development Corporation Limited","Government Company (PSU)","State PSU","Delhi","New Delhi","Tourism & Hospitality","Tourism","Unlisted","","","","","state_psu_north_west.csv","agent"
"C02040","Delhi State Civil Supplies Corporation Limited","Government Company (PSU)","State PSU","Delhi","New Delhi","Agriculture & Food","Civil supplies","Unlisted","","","","","state_psu_north_west.csv","agent"
"C02041","Delhi State Warehousing Corporation","Government Company (PSU)","State PSU","Delhi","New Delhi","Agriculture & Food","Warehousing","Unlisted","","","","","state_psu_north_west.csv","agent"
"C02042","Delhi Jal Board","Statutory Corporation","State PSU","Delhi","New Delhi","Infrastructure","Water supply","Unlisted","","","","","state_psu_north_west.csv","agent"
"C02043","Delhi Integrated Multi-Modal Transit System Limited","Government Company (PSU)","State PSU","Delhi","New Delhi","Transport","Public transit","Unlisted","","","","","state_psu_north_west.csv","agent"
"C02044","Delhi Agricultural Marketing Board","Statutory Corporation","State PSU","Delhi","New Delhi","Agriculture & Food","Agricultural marketing","Unlisted","","","","","state_psu_north_west.csv","agent"
"C02045","Delhi Scheduled Castes Cooperative Finance and Development Corporation","Government Company (PSU)","State PSU","Delhi","New Delhi","Financial Services","Development finance","Unlisted","","","","","state_psu_north_west.csv","agent"
"C02046","Delhi State Cooperative Bank Limited","Cooperative Society","Cooperative","Delhi","New Delhi","Financial Services","Cooperative bank","Unlisted","","","","","state_psu_north_west.csv","agent"
"C02047","Delhi Co-operative Housing Finance Corporation","Cooperative Society","Cooperative","Delhi","New Delhi","Financial Services","Housing finance","Unlisted","","","","","state_psu_north_west.csv","agent"
"C02048","Delhi Consumers Cooperative Wholesale Store (Kendriya Bhandar)","Cooperative Society","Cooperative","Delhi","New Delhi","Agriculture & Food","Consumer coop","Unlisted","","","","","state_psu_north_west.csv","agent"
"C02049","BSES Rajdhani Power Limited","Public Limited","Private (Indian)","Delhi","New Delhi","Power","Distribution","Unlisted","","","","","state_psu_north_west.csv","agent"
"C02050","BSES Yamuna Power Limited","Public Limited","Private (Indian)","Delhi","New Delhi","Power","Distribution","Unlisted","","","","","state_psu_north_west.csv","agent"
"C02051","Tata Power Delhi Distribution Limited","Public Limited","Private (Indian)","Delhi","New Delhi","Power","Distribution","Unlisted","","","","","state_psu_north_west.csv","agent"
"C02052","Haryana Power Generation Corporation Limited","Government Company (PSU)","State PSU","Haryana","Panchkula","Power","Generation","Unlisted","","","","","state_psu_north_west.csv","agent"
"C02053","Haryana Vidyut Prasaran Nigam Limited","Government Company (PSU)","State PSU","Haryana","Panchkula","Power","Transmission","Unlisted","","","","","state_psu_north_west.csv","agent"
"C02054","Uttar Haryana Bijli Vitran Nigam Limited","Government Company (PSU)","State PSU","Haryana","Panchkula","Power","Distribution","Unlisted","","","","","state_psu_north_west.csv","agent"
"C02055","Dakshin Haryana Bijli Vitran Nigam Limited","Government Company (PSU)","State PSU","Haryana","Hisar","Power","Distribution","Unlisted","","","","","state_psu_north_west.csv","agent"
"C02056","Haryana Power Purchase Centre","Other","State PSU","Haryana","Panchkula","Power","Power trading","Unlisted","","","","","state_psu_north_west.csv","agent"
"C02057","Haryana State Industrial and Infrastructure Development Corporation Limited","Government Company (PSU)","State PSU","Haryana","Panchkula","Industrial Development","Industrial infrastructure","Unlisted","","","","","state_psu_north_west.csv","agent"
"C02058","Haryana Financial Corporation","Statutory Corporation","State PSU","Haryana","Chandigarh","Financial Services","State finance corporation","Unlisted","","","","","state_psu_north_west.csv","agent"
"C02059","Haryana Tourism Corporation Limited","Government Company (PSU)","State PSU","Haryana","Panchkula","Tourism & Hospitality","Tourism","Unlisted","","","","","state_psu_north_west.csv","agent"
"C02060","Haryana Warehousing Corporation","Statutory Corporation","State PSU","Haryana","Chandigarh","Agriculture & Food","Warehousing","Unlisted","","","","","state_psu_north_west.csv","agent"
"C02061","Haryana State Cooperative Supply and Marketing Federation (HAFED)","Cooperative Society","Cooperative","Haryana","Panchkula","Agriculture & Food","Coop federation","Unlisted","","","","","state_psu_north_west.csv","agent"
"C02062","Haryana Dairy Development Cooperative Federation (Vita)","Cooperative Society","Cooperative","Haryana","Panchkula","Agriculture & Food","Dairy federation","Unlisted","","","","","state_psu_north_west.csv","agent"
"C02063","Haryana State Federation of Consumers Cooperative Wholesale Stores (CONFED)","Cooperative Society","Cooperative","Haryana","Chandigarh","Agriculture & Food","Consumer coop federation","Unlisted","","","","","state_psu_north_west.csv","agent"
"C02064","Haryana State Cooperative Apex Bank Limited","Cooperative Society","Cooperative","Haryana","Chandigarh","Financial Services","Cooperative bank","Unlisted","","","","","state_psu_north_west.csv","agent"
"C02065","Haryana Handloom and Handicrafts Corporation","Government Company (PSU)","State PSU","Haryana","Chandigarh","Textiles & Handloom","Handloom","Unlisted","","","","","state_psu_north_west.csv","agent"
"C02066","Haryana Roadways","Other","State PSU","Haryana","Chandigarh","Transport","Bus transport","Unlisted","","","","","state_psu_north_west.csv","agent"
"C02067","Haryana Agro Industries Corporation Limited","Government Company (PSU)","State PSU","Haryana","Chandigarh","Agriculture & Food","Agro inputs","Unlisted","","","","","state_psu_north_west.csv","agent"
"C02068","Haryana Forest Development Corporation Limited","Government Company (PSU)","State PSU","Haryana","Chandigarh","Agriculture & Food","Forestry","Unlisted","","","","","state_psu_north_west.csv","agent"
"C02069","Haryana State Minor Irrigation and Tubewell Corporation","Government Company (PSU)","State PSU","Haryana","Chandigarh","Infrastructure","Irrigation","Unlisted","","","","","state_psu_north_west.csv","agent"
"C02070","Haryana Backward Classes and Economically Weaker Sections Kalyan Nigam","Government Company (PSU)","State PSU","Haryana","Chandigarh","Financial Services","Development finance","Unlisted","","","","","state_psu_north_west.csv","agent"
"C02071","Haryana Police Housing Corporation","Government Company (PSU)","State PSU","Haryana","Panchkula","Infrastructure","Housing","Unlisted","","","","","state_psu_north_west.csv","agent"
"C02072","Haryana Seeds Development Corporation Limited","Government Company (PSU)","State PSU","Haryana","Panchkula","Agriculture & Food","Seeds","Unlisted","","","","","state_psu_north_west.csv","agent"
"C02073","Haryana State Electronics Development Corporation Limited (HARTRON)","Government Company (PSU)","State PSU","Haryana","Panchkula","Technology","IT / Electronics","Unlisted","","","","","state_psu_north_west.csv","agent"
"C02074","Haryana Urban Development Authority (HSVP)","Statutory Corporation","State PSU","Haryana","Panchkula","Infrastructure","Urban development","Unlisted","","","","","state_psu_north_west.csv","agent"
"C02075","Haryana Rail Infrastructure Development Corporation","Government Company (PSU)","Joint Venture","Haryana","Panchkula","Transport","Rail infrastructure","Unlisted","","","","","state_psu_north_west.csv","agent"
"C02076","Haryana Sheep and Wool Development Board","Other","State PSU","Haryana","Hisar","Agriculture & Food","Wool","Unlisted","","","","","state_psu_north_west.csv","agent"
"C02077","Hero Cycles Limited","Public Limited","Private (Indian)","Haryana","Ludhiana","Automotive","Bicycles","Unlisted","","","","","state_psu_north_west.csv","agent"
"C02078","Medanta (Global Health Limited)","Public Limited","Private (Indian)","Haryana","Gurugram","Healthcare","Hospitals","Listed-NSE+BSE","MEDANTA","INE474Q01031","EQ","","state_psu_north_west.csv","agent"
"C02079","Punjab State Power Corporation Limited","Government Company (PSU)","State PSU","Punjab","Patiala","Power","Generation & Distribution","Unlisted","","","","","state_psu_north_west.csv","agent"
"C02080","Punjab State Transmission Corporation Limited","Government Company (PSU)","State PSU","Punjab","Patiala","Power","Transmission","Unlisted","","","","","state_psu_north_west.csv","agent"
"C02081","Punjab Roadways (PUNBUS)","Other","State PSU","Punjab","Chandigarh","Transport","Bus transport","Unlisted","","","","","state_psu_north_west.csv","agent"
"C02082","Punjab Roadways Transport Corporation (PRTC)","Government Company (PSU)","State PSU","Punjab","Patiala","Transport","Bus transport","Unlisted","","","","","state_psu_north_west.csv","agent"
"C02083","Punjab State Industrial Development Corporation Limited","Government Company (PSU)","State PSU","Punjab","Chandigarh","Industrial Development","Industrial development","Unlisted","","","","","state_psu_north_west.csv","agent"
"C02084","Punjab Small Industries and Export Corporation Limited","Government Company (PSU)","State PSU","Punjab","Chandigarh","Industrial Development","MSME support","Unlisted","","","","","state_psu_north_west.csv","agent"
"C02085","Punjab Financial Corporation","Statutory Corporation","State PSU","Punjab","Chandigarh","Financial Services","State finance corporation","Unlisted","","","","","state_psu_north_west.csv","agent"
"C02086","Punjab State Warehousing Corporation","Statutory Corporation","State PSU","Punjab","Chandigarh","Agriculture & Food","Warehousing","Unlisted","","","","","state_psu_north_west.csv","agent"
"C02087","Punjab State Grains Procurement Corporation Limited (PUNGRAIN)","Government Company (PSU)","State PSU","Punjab","Chandigarh","Agriculture & Food","Food grain procurement","Unlisted","","","","","state_psu_north_west.csv","agent"
"C02088","Punjab State Civil Supplies Corporation Limited (PUNSUP)","Government Company (PSU)","State PSU","Punjab","Chandigarh","Agriculture & Food","Civil supplies","Unlisted","","","","","state_psu_north_west.csv","agent"
"C02089","Punjab State Cooperative Supply and Marketing Federation (MARKFED)","Cooperative Society","Cooperative","Punjab","Chandigarh","Agriculture & Food","Coop federation","Unlisted","","","","","state_psu_north_west.csv","agent"
"C02090","Punjab State Cooperative Bank Limited","Cooperative Society","Cooperative","Punjab","Chandigarh","Financial Services","Cooperative bank","Unlisted","","","","","state_psu_north_west.csv","agent"
"C02091","Punjab State Federation of Cooperative Sugar Mills (SUGARFED)","Cooperative Society","Cooperative","Punjab","Chandigarh","Agriculture & Food","Sugar coop federation","Unlisted","","","","","state_psu_north_west.csv","agent"
"C02092","Punjab Agro Industries Corporation Limited","Government Company (PSU)","State PSU","Punjab","Chandigarh","Agriculture & Food","Agro inputs","Unlisted","","","","","state_psu_north_west.csv","agent"
"C02093","Punjab State Container and Warehousing Corporation","Government Company (PSU)","State PSU","Punjab","Chandigarh","Agriculture & Food","Warehousing","Unlisted","","","","","state_psu_north_west.csv","agent"
"C02094","Punjab Tourism Development Corporation","Government Company (PSU)","State PSU","Punjab","Chandigarh","Tourism & Hospitality","Tourism","Unlisted","","","","","state_psu_north_west.csv","agent"
"C02095","Punjab State Electronics Development and Production Corporation (PSEDC)","Government Company (PSU)","State PSU","Punjab","Chandigarh","Technology","Electronics","Unlisted","","","","","state_psu_north_west.csv","agent"
"C02096","Punjab Infrastructure Development Board","Statutory Corporation","State PSU","Punjab","Chandigarh","Infrastructure","Infrastructure financing","Unlisted","","","","","state_psu_north_west.csv","agent"
"C02097","Punjab Urban Planning and Development Authority (PUDA)","Statutory Corporation","State PSU","Punjab","Mohali","Infrastructure","Urban development","Unlisted","","","","","state_psu_north_west.csv","agent"
"C02098","Punjab Water Supply and Sewerage Board","Statutory Corporation","State PSU","Punjab","Chandigarh","Infrastructure","Water","Unlisted","","","","","state_psu_north_west.csv","agent"
"C02099","Punjab Scheduled Castes Land Development and Finance Corporation","Government Company (PSU)","State PSU","Punjab","Chandigarh","Financial Services","Development finance","Unlisted","","","","","state_psu_north_west.csv","agent"
"C02100","Punjab Backward Classes Land Development and Finance Corporation","Government Company (PSU)","State PSU","Punjab","Chandigarh","Financial Services","Development finance","Unlisted","","","","","state_psu_north_west.csv","agent"
"C02101","Punjab State Bus Stand Management Company","Government Company (PSU)","State PSU","Punjab","Chandigarh","Transport","Bus terminals","Unlisted","","","","","state_psu_north_west.csv","agent"
"C02102","Punjab Mandi Board","Statutory Corporation","State PSU","Punjab","Mohali","Agriculture & Food","Agri marketing","Unlisted","","","","","state_psu_north_west.csv","agent"
"C02103","Punjab Communications Limited","Government Company (PSU)","State PSU","Punjab","Mohali","Technology","Telecom equipment","Unlisted","","","","","state_psu_north_west.csv","agent"
"C02104","Avon Cycles Limited","Public Limited","Private (Indian)","Punjab","Ludhiana","Automotive","Bicycles","Unlisted","","","","","state_psu_north_west.csv","agent"
"C02105","Sukhjit Starch & Chemicals Limited","Public Limited","Private (Indian)","Punjab","Phagwara","Agro-processing","Starch","Listed-NSE","SUKHJITS","INE450E01029","EQ","","state_psu_north_west.csv","agent"
"C02106","Himachal Pradesh State Electricity Board Limited","Government Company (PSU)","State PSU","Himachal Pradesh","Shimla","Power","Distribution & Transmission","Unlisted","","","","","state_psu_north_west.csv","agent"
"C02107","HPPCL (Himachal Pradesh Power Corporation Limited)","Government Company (PSU)","State PSU","Himachal Pradesh","Shimla","Power","Hydro generation","Unlisted","","","","","state_psu_north_west.csv","agent"
"C02108","Himachal Pradesh Power Transmission Corporation Limited","Government Company (PSU)","State PSU","Himachal Pradesh","Shimla","Power","Transmission","Unlisted","","","","","state_psu_north_west.csv","agent"
"C02109","Himachal Road Transport Corporation","Statutory Corporation","State PSU","Himachal Pradesh","Shimla","Transport","Bus transport","Unlisted","","","","","state_psu_north_west.csv","agent"
"C02110","Himachal Pradesh State Industrial Development Corporation Limited","Government Company (PSU)","State PSU","Himachal Pradesh","Shimla","Industrial Development","Industrial development","Unlisted","","","","","state_psu_north_west.csv","agent"
"C02111","Himachal Pradesh Financial Corporation","Statutory Corporation","State PSU","Himachal Pradesh","Shimla","Financial Services","State finance corporation","Unlisted","","","","","state_psu_north_west.csv","agent"
"C02112","Himachal Pradesh Tourism Development Corporation","Government Company (PSU)","State PSU","Himachal Pradesh","Shimla","Tourism & Hospitality","Tourism","Unlisted","","","","","state_psu_north_west.csv","agent"
"C02113","Himachal Pradesh State Civil Supplies Corporation Limited","Government Company (PSU)","State PSU","Himachal Pradesh","Shimla","Agriculture & Food","Civil supplies","Unlisted","","","","","state_psu_north_west.csv","agent"
"C02114","Himachal Pradesh Horticultural Produce Marketing and Processing Corporation (HPMC)","Government Company (PSU)","State PSU","Himachal Pradesh","Shimla","Agriculture & Food","Horticulture","Unlisted","","","","","state_psu_north_west.csv","agent"
"C02115","Himachal Pradesh State Forest Development Corporation","Government Company (PSU)","State PSU","Himachal Pradesh","Shimla","Agriculture & Food","Forestry","Unlisted","","","","","state_psu_north_west.csv","agent"
"C02116","Himachal Pradesh State Handicrafts and Handloom Corporation","Government Company (PSU)","State PSU","Himachal Pradesh","Shimla","Textiles & Handloom","Handloom","Unlisted","","","","","state_psu_north_west.csv","agent"
"C02117","Himachal Pradesh State Cooperative Bank Limited","Cooperative Society","Cooperative","Himachal Pradesh","Shimla","Financial Services","Cooperative bank","Unlisted","","","","","state_psu_north_west.csv","agent"
"C02118","Himachal Pradesh State Cooperative Milk Producers Federation (Milkfed)","Cooperative Society","Cooperative","Himachal Pradesh","Shimla","Agriculture & Food","Dairy federation","Unlisted","","","","","state_psu_north_west.csv","agent"
"C02119","HIMFED (Himachal Pradesh State Cooperative Marketing and Consumers Federation)","Cooperative Society","Cooperative","Himachal Pradesh","Shimla","Agriculture & Food","Coop federation","Unlisted","","","","","state_psu_north_west.csv","agent"
"C02120","Himachal Pradesh Housing and Urban Development Authority (HIMUDA)","Statutory Corporation","State PSU","Himachal Pradesh","Shimla","Infrastructure","Housing","Unlisted","","","","","state_psu_north_west.csv","agent"
"C02121","Himachal Pradesh Scheduled Castes and Tribes Development Corporation","Government Company (PSU)","State PSU","Himachal Pradesh","Shimla","Financial Services","Development finance","Unlisted","","","","","state_psu_north_west.csv","agent"
"C02122","Himachal Pradesh Backward Classes Finance and Development Corporation","Government Company (PSU)","State PSU","Himachal Pradesh","Shimla","Financial Services","Development finance","Unlisted","","","","","state_psu_north_west.csv","agent"
"C02123","Himachal Pradesh Agro Industries Corporation Limited","Government Company (PSU)","State PSU","Himachal Pradesh","Shimla","Agriculture & Food","Agro inputs","Unlisted","","","","","state_psu_north_west.csv","agent"
"C02124","Himachal Pradesh Mineral and Industrial Development Corporation","Government Company (PSU)","State PSU","Himachal Pradesh","Shimla","Mining","Mining","Unlisted","","","","","state_psu_north_west.csv","agent"
"C02125","Himachal Pradesh Ex-Servicemen Corporation","Government Company (PSU)","State PSU","Himachal Pradesh","Shimla","Infrastructure","Manpower services","Unlisted","","","","","state_psu_north_west.csv","agent"
"C02126","Himachal Pradesh State Electronics Development Corporation (HPSEDC)","Government Company (PSU)","State PSU","Himachal Pradesh","Shimla","Technology","Electronics","Unlisted","","","","","state_psu_north_west.csv","agent"
"C02127","Himachal Pradesh Warehousing Corporation (HP State Warehousing)","Statutory Corporation","State PSU","Himachal Pradesh","Shimla","Agriculture & Food","Warehousing","Unlisted","","","","","state_psu_north_west.csv","agent"
"C02128","Himachal Pradesh Bus Stand Management and Development Authority","Other","State PSU","Himachal Pradesh","Shimla","Transport","Bus terminals","Unlisted","","","","","state_psu_north_west.csv","agent"
"C02129","Jaypee Himachal (Jaiprakash Power Ventures Limited)","Public Limited","Private (Indian)","Himachal Pradesh","Noida","Power","Hydro","Listed-NSE+BSE","JPPOWER","INE351F01018","EQ","","state_psu_north_west.csv","agent"
"C02130","Malana Power Company Limited","Public Limited","Private (Indian)","Himachal Pradesh","Kullu","Power","Hydro","Unlisted","","","","","state_psu_north_west.csv","agent"
"C02131","Uttarakhand Jal Vidyut Nigam Limited","Government Company (PSU)","State PSU","Uttarakhand","Dehradun","Power","Hydro generation","Unlisted","","","","","state_psu_north_west.csv","agent"
"C02132","Power Transmission Corporation of Uttarakhand Limited","Government Company (PSU)","State PSU","Uttarakhand","Dehradun","Power","Transmission","Unlisted","","","","","state_psu_north_west.csv","agent"
"C02133","Uttarakhand Power Corporation Limited","Government Company (PSU)","State PSU","Uttarakhand","Dehradun","Power","Distribution","Unlisted","","","","","state_psu_north_west.csv","agent"
"C02134","Uttarakhand Parivahan Nigam","Statutory Corporation","State PSU","Uttarakhand","Dehradun","Transport","Bus transport","Unlisted","","","","","state_psu_north_west.csv","agent"
"C02135","State Infrastructure and Industrial Development Corporation of Uttarakhand Limited (SIIDCUL)","Government Company (PSU)","State PSU","Uttarakhand","Dehradun","Industrial Development","Industrial infrastructure","Unlisted","","","","","state_psu_north_west.csv","agent"
"C02136","Uttarakhand Financial Corporation","Statutory Corporation","State PSU","Uttarakhand","Dehradun","Financial Services","State finance corporation","Unlisted","","","","","state_psu_north_west.csv","agent"
"C02137","Garhwal Mandal Vikas Nigam","Government Company (PSU)","State PSU","Uttarakhand","Dehradun","Tourism & Hospitality","Tourism","Unlisted","","","","","state_psu_north_west.csv","agent"
"C02138","Kumaon Mandal Vikas Nigam","Government Company (PSU)","State PSU","Uttarakhand","Nainital","Tourism & Hospitality","Tourism","Unlisted","","","","","state_psu_north_west.csv","agent"
"C02139","Uttarakhand Forest Development Corporation","Government Company (PSU)","State PSU","Uttarakhand","Dehradun","Agriculture & Food","Forestry","Unlisted","","","","","state_psu_north_west.csv","agent"
"C02140","Uttarakhand Bhesaj Vikas Sangh","Other","State PSU","Uttarakhand","Dehradun","Agriculture & Food","Herbal","Unlisted","","","","","state_psu_north_west.csv","agent"
"C02141","Uttarakhand State Cooperative Bank Limited","Cooperative Society","Cooperative","Uttarakhand","Dehradun","Financial Services","Cooperative bank","Unlisted","","","","","state_psu_north_west.csv","agent"
"C02142","Uttarakhand Cooperative Dairy Federation (Aanchal)","Cooperative Society","Cooperative","Uttarakhand","Dehradun","Agriculture & Food","Dairy federation","Unlisted","","","","","state_psu_north_west.csv","agent"
"C02143","Uttarakhand Seeds and Tarai Development Corporation","Government Company (PSU)","State PSU","Uttarakhand","Rudrapur","Agriculture & Food","Seeds","Unlisted","","","","","state_psu_north_west.csv","agent"
"C02144","Uttarakhand Food and Essential Commodities Corporation","Government Company (PSU)","State PSU","Uttarakhand","Dehradun","Agriculture & Food","Civil supplies","Unlisted","","","","","state_psu_north_west.csv","agent"
"C02145","Uttarakhand Handloom and Handicraft Development Council","Other","State PSU","Uttarakhand","Dehradun","Textiles & Handloom","Handloom","Unlisted","","","","","state_psu_north_west.csv","agent"
"C02146","Uttarakhand Metro Rail Corporation Limited","Government Company (PSU)","State PSU","Uttarakhand","Dehradun","Transport","Metro rail","Unlisted","","","","","state_psu_north_west.csv","agent"
"C02147","Uttarakhand Pey Jal Sansadhan Vikas Evam Nirman Nigam","Government Company (PSU)","State PSU","Uttarakhand","Dehradun","Infrastructure","Drinking water","Unlisted","","","","","state_psu_north_west.csv","agent"
"C02148","Uttarakhand Environment Protection and Pollution Control Board","Statutory Corporation","State PSU","Uttarakhand","Dehradun","Infrastructure","Regulator","Unlisted","","","","","state_psu_north_west.csv","agent"
"C02149","Tehri Hydro Development Corporation India Limited (THDC)","Government Company (PSU)","Joint Venture","Uttarakhand","Rishikesh","Power","Hydro generation","Listed-NSE+BSE","THDC","","","","state_psu_north_west.csv","agent"
"C02150","Patanjali Ayurved Limited","Private Limited","Private (Indian)","Uttarakhand","Haridwar","Consumer","FMCG / Ayurveda","Unlisted","","","","","state_psu_north_west.csv","agent"
"C02151","Jammu and Kashmir State Power Development Corporation","Government Company (PSU)","State PSU","Jammu and Kashmir","Srinagar/Jammu","Power","Generation","Unlisted","","","","","state_psu_north_west.csv","agent"
"C02152","Jammu and Kashmir Power Transmission Corporation Limited","Government Company (PSU)","State PSU","Jammu and Kashmir","Jammu","Power","Transmission","Unlisted","","","","","state_psu_north_west.csv","agent"
"C02153","Jammu Power Distribution Corporation Limited","Government Company (PSU)","State PSU","Jammu and Kashmir","Jammu","Power","Distribution","Unlisted","","","","","state_psu_north_west.csv","agent"
"C02154","Kashmir Power Distribution Corporation Limited","Government Company (PSU)","State PSU","Jammu and Kashmir","Srinagar","Power","Distribution","Unlisted","","","","","state_psu_north_west.csv","agent"
"C02155","Jammu and Kashmir State Road Transport Corporation","Statutory Corporation","State PSU","Jammu and Kashmir","Srinagar/Jammu","Transport","Bus transport","Unlisted","","","","","state_psu_north_west.csv","agent"
"C02156","Jammu and Kashmir State Industrial Development Corporation Limited","Government Company (PSU)","State PSU","Jammu and Kashmir","Jammu","Industrial Development","Industrial development","Unlisted","","","","","state_psu_north_west.csv","agent"
"C02157","Jammu and Kashmir Small Scale Industries Development Corporation","Government Company (PSU)","State PSU","Jammu and Kashmir","Srinagar","Industrial Development","MSME","Unlisted","","","","","state_psu_north_west.csv","agent"
"C02158","Jammu and Kashmir Handicrafts (Sales and Export) Corporation","Government Company (PSU)","State PSU","Jammu and Kashmir","Srinagar","Textiles & Handloom","Handicrafts","Unlisted","","","","","state_psu_north_west.csv","agent"
"C02159","Jammu and Kashmir Handloom Development Corporation","Government Company (PSU)","State PSU","Jammu and Kashmir","Srinagar","Textiles & Handloom","Handloom","Unlisted","","","","","state_psu_north_west.csv","agent"
"C02160","Jammu and Kashmir Horticultural Produce Marketing and Processing Corporation","Government Company (PSU)","State PSU","Jammu and Kashmir","Srinagar","Agriculture & Food","Horticulture","Unlisted","","","","","state_psu_north_west.csv","agent"
"C02161","Jammu and Kashmir State Forest Corporation","Government Company (PSU)","State PSU","Jammu and Kashmir","Jammu","Agriculture & Food","Forestry","Unlisted","","","","","state_psu_north_west.csv","agent"
"C02162","Jammu and Kashmir Cements Limited","Government Company (PSU)","State PSU","Jammu and Kashmir","Srinagar","Cement","Cement","Unlisted","","","","","state_psu_north_west.csv","agent"
"C02163","Jammu and Kashmir Agro Industries Development Corporation","Government Company (PSU)","State PSU","Jammu and Kashmir","Srinagar","Agriculture & Food","Agro","Unlisted","","","","","state_psu_north_west.csv","agent"
"C02164","Jammu and Kashmir Projects Construction Corporation","Government Company (PSU)","State PSU","Jammu and Kashmir","Srinagar","Infrastructure","Construction","Unlisted","","","","","state_psu_north_west.csv","agent"
"C02165","Jammu and Kashmir Tourism Development Corporation","Government Company (PSU)","State PSU","Jammu and Kashmir","Srinagar","Tourism & Hospitality","Tourism","Unlisted","","","","","state_psu_north_west.csv","agent"
"C02166","Jammu and Kashmir Minerals Limited","Government Company (PSU)","State PSU","Jammu and Kashmir","Srinagar","Mining","Mining","Unlisted","","","","","state_psu_north_west.csv","agent"
"C02167","Jammu and Kashmir State Cooperative Bank Limited","Cooperative Society","Cooperative","Jammu and Kashmir","Srinagar","Financial Services","Cooperative bank","Unlisted","","","","","state_psu_north_west.csv","agent"
"C02168","Jammu and Kashmir Cooperative Supply and Marketing Federation","Cooperative Society","Cooperative","Jammu and Kashmir","Srinagar","Agriculture & Food","Coop federation","Unlisted","","","","","state_psu_north_west.csv","agent"
"C02169","Jammu and Kashmir Development Finance Corporation","Government Company (PSU)","State PSU","Jammu and Kashmir","Srinagar","Financial Services","State finance corporation","Unlisted","","","","","state_psu_north_west.csv","agent"
"C02170","Jammu and Kashmir Medical Supplies Corporation Limited","Government Company (PSU)","State PSU","Jammu and Kashmir","Jammu","Healthcare","Medical supplies","Unlisted","","","","","state_psu_north_west.csv","agent"
"C02171","Jammu and Kashmir Housing Board","Statutory Corporation","State PSU","Jammu and Kashmir","Srinagar","Infrastructure","Housing","Unlisted","","","","","state_psu_north_west.csv","agent"
"C02172","Jammu and Kashmir Livestock Development Board","Other","State PSU","Jammu and Kashmir","Jammu","Agriculture & Food","Livestock","Unlisted","","","","","state_psu_north_west.csv","agent"
"C02173","Jammu and Kashmir Economic Reconstruction Agency","Other","State PSU","Jammu and Kashmir","Srinagar","Infrastructure","Development","Unlisted","","","","","state_psu_north_west.csv","agent"
"C02174","Ladakh Power Development Department","Other","State PSU","Ladakh","Leh","Power","Power","Unlisted","","","","","state_psu_north_west.csv","agent"
"C02175","Ladakh Renewable Energy Development Agency","Other","State PSU","Ladakh","Leh","Power","Renewable","Unlisted","","","","","state_psu_north_west.csv","agent"
"C02176","Ladakh Autonomous Hill Development Council Leh","Other","State PSU","Ladakh","Leh","Infrastructure","Local body","Unlisted","","","","","state_psu_north_west.csv","agent"
"C02177","Ladakh Autonomous Hill Development Council Kargil","Other","State PSU","Ladakh","Kargil","Infrastructure","Local body","Unlisted","","","","","state_psu_north_west.csv","agent"
"C02178","Ladakh Infrastructure Development Corporation","Government Company (PSU)","State PSU","Ladakh","Leh","Infrastructure","Infrastructure","Unlisted","","","","","state_psu_north_west.csv","agent"
"C02179","Ladakh State Road Transport (J&K SRTC Ladakh Division)","Other","State PSU","Ladakh","Leh","Transport","Bus transport","Unlisted","","","","","state_psu_north_west.csv","agent"
"C02180","Ladakh Industrial Trade Development Corporation","Government Company (PSU)","State PSU","Ladakh","Leh","Industrial Development","Industrial","Unlisted","","","","","state_psu_north_west.csv","agent"
"C02181","Chandigarh Transport Undertaking","Other","State PSU","Chandigarh","Chandigarh","Transport","Bus transport","Unlisted","","","","","state_psu_north_west.csv","agent"
"C02182","Chandigarh Industrial and Tourism Development Corporation (CITCO)","Government Company (PSU)","State PSU","Chandigarh","Chandigarh","Tourism & Hospitality","Tourism & industry","Unlisted","","","","","state_psu_north_west.csv","agent"
"C02183","Chandigarh Housing Board","Statutory Corporation","State PSU","Chandigarh","Chandigarh","Infrastructure","Housing","Unlisted","","","","","state_psu_north_west.csv","agent"
"C02184","Chandigarh Smart City Limited","Government Company (PSU)","State PSU","Chandigarh","Chandigarh","Infrastructure","Smart city SPV","Unlisted","","","","","state_psu_north_west.csv","agent"
"C02185","Chandigarh Scheduled Castes Financial Development Corporation","Government Company (PSU)","State PSU","Chandigarh","Chandigarh","Financial Services","Development finance","Unlisted","","","","","state_psu_north_west.csv","agent"
"C02186","Chandigarh Administration Electricity Department","Other","State PSU","Chandigarh","Chandigarh","Power","Power","Unlisted","","","","","state_psu_north_west.csv","agent"
"C02187","Chandigarh Power Distribution Limited","Private Limited","Private (Indian)","Chandigarh","Chandigarh","Power","Distribution","Unlisted","","","","","state_psu_north_west.csv","agent"
"C02188","Chandigarh Cooperative Bank (Chandigarh State Cooperative Bank Limited)","Cooperative Society","Cooperative","Chandigarh","Chandigarh","Financial Services","Cooperative bank","Unlisted","","","","","state_psu_north_west.csv","agent"
"C02189","Chandigarh Milk Union (Verka Chandigarh)","Cooperative Society","Cooperative","Chandigarh","Chandigarh","Agriculture & Food","Dairy","Unlisted","","","","","state_psu_north_west.csv","agent"
"C02190","Rajasthan Rajya Vidyut Utpadan Nigam Limited","Government Company (PSU)","State PSU","Rajasthan","Jaipur","Power","Generation","Unlisted","","","","","state_psu_north_west.csv","agent"
"C02191","Rajasthan Rajya Vidyut Prasaran Nigam Limited","Government Company (PSU)","State PSU","Rajasthan","Jaipur","Power","Transmission","Unlisted","","","","","state_psu_north_west.csv","agent"
"C02192","Jaipur Vidyut Vitran Nigam Limited","Government Company (PSU)","State PSU","Rajasthan","Jaipur","Power","Distribution","Unlisted","","","","","state_psu_north_west.csv","agent"
"C02193","Ajmer Vidyut Vitran Nigam Limited","Government Company (PSU)","State PSU","Rajasthan","Ajmer","Power","Distribution","Unlisted","","","","","state_psu_north_west.csv","agent"
"C02194","Jodhpur Vidyut Vitran Nigam Limited","Government Company (PSU)","State PSU","Rajasthan","Jodhpur","Power","Distribution","Unlisted","","","","","state_psu_north_west.csv","agent"
"C02195","Rajasthan Renewable Energy Corporation Limited","Government Company (PSU)","State PSU","Rajasthan","Jaipur","Power","Renewable","Unlisted","","","","","state_psu_north_west.csv","agent"
"C02196","Rajasthan State Road Transport Corporation","Statutory Corporation","State PSU","Rajasthan","Jaipur","Transport","Bus transport","Unlisted","","","","","state_psu_north_west.csv","agent"
"C02197","Rajasthan State Industrial Development and Investment Corporation Limited (RIICO)","Government Company (PSU)","State PSU","Rajasthan","Jaipur","Industrial Development","Industrial development","Unlisted","","","","","state_psu_north_west.csv","agent"
"C02198","Rajasthan Financial Corporation","Statutory Corporation","State PSU","Rajasthan","Jaipur","Financial Services","State finance corporation","Unlisted","","","","","state_psu_north_west.csv","agent"
"C02199","Rajasthan State Mines and Minerals Limited","Government Company (PSU)","State PSU","Rajasthan","Udaipur","Mining","Mining","Unlisted","","","","","state_psu_north_west.csv","agent"
"C02200","Rajasthan Tourism Development Corporation","Government Company (PSU)","State PSU","Rajasthan","Jaipur","Tourism & Hospitality","Tourism","Unlisted","","","","","state_psu_north_west.csv","agent"
"C02201","Rajasthan State Warehousing Corporation","Statutory Corporation","State PSU","Rajasthan","Jaipur","Agriculture & Food","Warehousing","Unlisted","","","","","state_psu_north_west.csv","agent"
"C02202","Rajasthan State Ganganagar Sugar Mills Limited","Government Company (PSU)","State PSU","Rajasthan","Sri Ganganagar","Agriculture & Food","Sugar","Unlisted","","","","","state_psu_north_west.csv","agent"
"C02203","Rajasthan Small Industries Corporation Limited","Government Company (PSU)","State PSU","Rajasthan","Jaipur","Industrial Development","MSME","Unlisted","","","","","state_psu_north_west.csv","agent"
"C02204","Rajasthan State Seeds Corporation Limited","Government Company (PSU)","State PSU","Rajasthan","Jaipur","Agriculture & Food","Seeds","Unlisted","","","","","state_psu_north_west.csv","agent"
"C02205","Rajasthan State Agro Industries Corporation Limited","Government Company (PSU)","State PSU","Rajasthan","Jaipur","Agriculture & Food","Agro inputs","Unlisted","","","","","state_psu_north_west.csv","agent"
"C02206","Rajasthan State Handloom Development Corporation (Rajasthali)","Government Company (PSU)","State PSU","Rajasthan","Jaipur","Textiles & Handloom","Handloom","Unlisted","","","","","state_psu_north_west.csv","agent"
"C02207","Rajasthan State Cooperative Marketing Federation (RAJFED)","Cooperative Society","Cooperative","Rajasthan","Jaipur","Agriculture & Food","Coop federation","Unlisted","","","","","state_psu_north_west.csv","agent"
"C02208","Rajasthan State Cooperative Bank Limited","Cooperative Society","Cooperative","Rajasthan","Jaipur","Financial Services","Cooperative bank","Unlisted","","","","","state_psu_north_west.csv","agent"
"C02209","Rajasthan Consumer Cooperative Federation (Confed)","Cooperative Society","Cooperative","Rajasthan","Jaipur","Agriculture & Food","Consumer coop","Unlisted","","","","","state_psu_north_west.csv","agent"
"C02210","Rajasthan State Bridge and Road Development Corporation","Government Company (PSU)","State PSU","Rajasthan","Jaipur","Infrastructure","Roads","Unlisted","","","","","state_psu_north_west.csv","agent"
"C02211","Rajasthan Metro Rail Corporation","Government Company (PSU)","Joint Venture","Rajasthan","Jaipur","Transport","Metro rail","Unlisted","","","","","state_psu_north_west.csv","agent"
"C02212","Rajasthan State Petroleum Corporation Limited","Government Company (PSU)","State PSU","Rajasthan","Jaipur","Power","Petroleum","Unlisted","","","","","state_psu_north_west.csv","agent"
"C02213","Rajasthan Avas Vikas and Infrastructure Limited (RAVIL)","Government Company (PSU)","State PSU","Rajasthan","Jaipur","Infrastructure","Housing","Unlisted","","","","","state_psu_north_west.csv","agent"
"C02214","Rajasthan Housing Board","Statutory Corporation","State PSU","Rajasthan","Jaipur","Infrastructure","Housing","Unlisted","","","","","state_psu_north_west.csv","agent"
"C02215","Rajasthan Urban Infrastructure Development Project","Other","State PSU","Rajasthan","Jaipur","Infrastructure","Urban","Unlisted","","","","","state_psu_north_west.csv","agent"
"C02216","Rajasthan Medical Services Corporation Limited","Government Company (PSU)","State PSU","Rajasthan","Jaipur","Healthcare","Medical procurement","Unlisted","","","","","state_psu_north_west.csv","agent"
"C02217","Rajasthan Skill and Livelihood Development Corporation","Government Company (PSU)","State PSU","Rajasthan","Jaipur","Infrastructure","Skill development","Unlisted","","","","","state_psu_north_west.csv","agent"
"C02218","Rajasthan Scheduled Caste Scheduled Tribe Finance and Development Cooperative Corporation","Government Company (PSU)","State PSU","Rajasthan","Jaipur","Financial Services","Development finance","Unlisted","","","","","state_psu_north_west.csv","agent"
"C02219","Rajasthan Land Development Corporation","Government Company (PSU)","State PSU","Rajasthan","Jaipur","Agriculture & Food","Land development","Unlisted","","","","","state_psu_north_west.csv","agent"
"C02220","Rajasthan Civil Supplies Corporation Limited","Government Company (PSU)","State PSU","Rajasthan","Jaipur","Agriculture & Food","Civil supplies","Unlisted","","","","","state_psu_north_west.csv","agent"
"C02221","Rajasthan Rajya Sahakari Spinning and Ginning Mills Federation (Spinfed)","Cooperative Society","Cooperative","Rajasthan","Jaipur","Textiles & Handloom","Spinning","Unlisted","","","","","state_psu_north_west.csv","agent"
"C02222","Rajasthan Tribal Area Development Cooperative Federation","Cooperative Society","Cooperative","Rajasthan","Udaipur","Agriculture & Food","Coop federation","Unlisted","","","","","state_psu_north_west.csv","agent"
"C02223","Rajasthan Investment Promotion Bureau (RIPS)","Other","State PSU","Rajasthan","Jaipur","Industrial Development","Investment promotion","Unlisted","","","","","state_psu_north_west.csv","agent"
"C02224","Rajasthan Livelihood Mission (Rajeevika)","Trust/Society","Trust/Society","Rajasthan","Jaipur","Infrastructure","Livelihood","Unlisted","","","","","state_psu_north_west.csv","agent"
"C02225","Dainik Bhaskar (DB Corp Limited)","Public Limited","Private (Indian)","Rajasthan","Bhopal","Media","Newspaper","Listed-NSE+BSE","DBCORP","INE950I01011","EQ","","state_psu_north_west.csv","agent"
"C02226","Rajasthan Patrika (Rajasthan Patrika Pvt Ltd)","Private Limited","Private (Indian)","Rajasthan","Jaipur","Media","Newspaper","Unlisted","","","","","state_psu_north_west.csv","agent"
"C02227","Wonder Cement Limited","Public Limited","Private (Indian)","Rajasthan","Udaipur","Cement","Cement","Unlisted","","","","","state_psu_north_west.csv","agent"
"C02228","Jaipur Rugs Company Private Limited","Private Limited","Private (Indian)","Rajasthan","Jaipur","Textiles","Carpets","Unlisted","","","","","state_psu_north_west.csv","agent"
"C02229","Uttar Pradesh Power Corporation Limited","Government Company (PSU)","State PSU","Uttar Pradesh","Lucknow","Power","Transmission & distribution holding","Unlisted","","","","","state_psu_north_west.csv","agent"
"C02230","Uttar Pradesh Rajya Vidyut Utpadan Nigam Limited","Government Company (PSU)","State PSU","Uttar Pradesh","Lucknow","Power","Generation","Unlisted","","","","","state_psu_north_west.csv","agent"
"C02231","Uttar Pradesh Power Transmission Corporation Limited","Government Company (PSU)","State PSU","Uttar Pradesh","Lucknow","Power","Transmission","Unlisted","","","","","state_psu_north_west.csv","agent"
"C02232","Purvanchal Vidyut Vitran Nigam Limited","Government Company (PSU)","State PSU","Uttar Pradesh","Varanasi","Power","Distribution","Unlisted","","","","","state_psu_north_west.csv","agent"
"C02233","Madhyanchal Vidyut Vitran Nigam Limited","Government Company (PSU)","State PSU","Uttar Pradesh","Lucknow","Power","Distribution","Unlisted","","","","","state_psu_north_west.csv","agent"
"C02234","Dakshinanchal Vidyut Vitran Nigam Limited","Government Company (PSU)","State PSU","Uttar Pradesh","Agra","Power","Distribution","Unlisted","","","","","state_psu_north_west.csv","agent"
"C02235","Paschimanchal Vidyut Vitran Nigam Limited","Government Company (PSU)","State PSU","Uttar Pradesh","Meerut","Power","Distribution","Unlisted","","","","","state_psu_north_west.csv","agent"
"C02236","Kanpur Electricity Supply Company Limited","Government Company (PSU)","State PSU","Uttar Pradesh","Kanpur","Power","Distribution","Unlisted","","","","","state_psu_north_west.csv","agent"
"C02237","UP Jal Vidyut Nigam Limited","Government Company (PSU)","State PSU","Uttar Pradesh","Lucknow","Power","Hydro generation","Unlisted","","","","","state_psu_north_west.csv","agent"
"C02238","Uttar Pradesh New and Renewable Energy Development Agency","Other","State PSU","Uttar Pradesh","Lucknow","Power","Renewable","Unlisted","","","","","state_psu_north_west.csv","agent"
"C02239","Uttar Pradesh State Road Transport Corporation","Statutory Corporation","State PSU","Uttar Pradesh","Lucknow","Transport","Bus transport","Unlisted","","","","","state_psu_north_west.csv","agent"
"C02240","Uttar Pradesh State Industrial Development Authority (UPSIDA)","Statutory Corporation","State PSU","Uttar Pradesh","Kanpur","Industrial Development","Industrial development","Unlisted","","","","","state_psu_north_west.csv","agent"
"C02241","Uttar Pradesh State Industrial Development Corporation Limited (UPSIDC)","Government Company (PSU)","State PSU","Uttar Pradesh","Kanpur","Industrial Development","Industrial development","Unlisted","","","","","state_psu_north_west.csv","agent"
"C02242","Uttar Pradesh Financial Corporation","Statutory Corporation","State PSU","Uttar Pradesh","Kanpur","Financial Services","State finance corporation","Unlisted","","","","","state_psu_north_west.csv","agent"
"C02243","Pradeshiya Industrial and Investment Corporation of UP (PICUP)","Government Company (PSU)","State PSU","Uttar Pradesh","Lucknow","Financial Services","Investment / finance","Unlisted","","","","","state_psu_north_west.csv","agent"
"C02244","UP State Warehousing Corporation","Statutory Corporation","State PSU","Uttar Pradesh","Lucknow","Agriculture & Food","Warehousing","Unlisted","","","","","state_psu_north_west.csv","agent"
"C02245","UP State Tourism Development Corporation","Government Company (PSU)","State PSU","Uttar Pradesh","Lucknow","Tourism & Hospitality","Tourism","Unlisted","","","","","state_psu_north_west.csv","agent"
"C02246","UP Handloom Corporation Limited","Government Company (PSU)","State PSU","Uttar Pradesh","Kanpur","Textiles & Handloom","Handloom","Unlisted","","","","","state_psu_north_west.csv","agent"
"C02247","UP Export Corporation Limited","Government Company (PSU)","State PSU","Uttar Pradesh","Lucknow","Industrial Development","Export promotion","Unlisted","","","","","state_psu_north_west.csv","agent"
"C02248","UP State Sugar Corporation Limited","Government Company (PSU)","State PSU","Uttar Pradesh","Lucknow","Agriculture & Food","Sugar","Unlisted","","","","","state_psu_north_west.csv","agent"
"C02249","UP State Spinning Company Limited","Government Company (PSU)","State PSU","Uttar Pradesh","Kanpur","Textiles & Handloom","Spinning","Unlisted","","","","","state_psu_north_west.csv","agent"
"C02250","UP State Bridge Corporation Limited","Government Company (PSU)","State PSU","Uttar Pradesh","Lucknow","Infrastructure","Bridges","Unlisted","","","","","state_psu_north_west.csv","agent"
"C02251","UP Rajkiya Nirman Nigam Limited","Government Company (PSU)","State PSU","Uttar Pradesh","Lucknow","Infrastructure","Construction","Unlisted","","","","","state_psu_north_west.csv","agent"
"C02252","UP Cooperative Federation (PCF)","Cooperative Society","Cooperative","Uttar Pradesh","Lucknow","Agriculture & Food","Coop federation","Unlisted","","","","","state_psu_north_west.csv","agent"
"C02253","UP Cooperative Dairy Federation (Parag)","Cooperative Society","Cooperative","Uttar Pradesh","Lucknow","Agriculture & Food","Dairy federation","Unlisted","","","","","state_psu_north_west.csv","agent"
"C02254","UP Cooperative Bank Limited","Cooperative Society","Cooperative","Uttar Pradesh","Lucknow","Financial Services","Cooperative bank","Unlisted","","","","","state_psu_north_west.csv","agent"
"C02255","UP Cooperative Sugar Factories Federation","Cooperative Society","Cooperative","Uttar Pradesh","Lucknow","Agriculture & Food","Sugar coop federation","Unlisted","","","","","state_psu_north_west.csv","agent"
"C02256","UP Cooperative Spinning Mills Federation","Cooperative Society","Cooperative","Uttar Pradesh","Kanpur","Textiles & Handloom","Spinning","Unlisted","","","","","state_psu_north_west.csv","agent"
"C02257","UP Cooperative Village Development Bank","Cooperative Society","Cooperative","Uttar Pradesh","Lucknow","Financial Services","Cooperative bank","Unlisted","","","","","state_psu_north_west.csv","agent"
"C02258","UP Metro Rail Corporation Limited","Government Company (PSU)","Joint Venture","Uttar Pradesh","Lucknow","Transport","Metro rail","Unlisted","","","","","state_psu_north_west.csv","agent"
"C02259","UP Expressways Industrial Development Authority (UPEIDA)","Statutory Corporation","State PSU","Uttar Pradesh","Lucknow","Infrastructure","Expressways","Unlisted","","","","","state_psu_north_west.csv","agent"
"C02260","Noida Metro Rail Corporation Limited","Government Company (PSU)","Joint Venture","Uttar Pradesh","Noida","Transport","Metro rail","Unlisted","","","","","state_psu_north_west.csv","agent"
"C02261","New Okhla Industrial Development Authority (NOIDA)","Statutory Corporation","State PSU","Uttar Pradesh","Noida","Infrastructure","Urban development","Unlisted","","","","","state_psu_north_west.csv","agent"
"C02262","Greater Noida Industrial Development Authority","Statutory Corporation","State PSU","Uttar Pradesh","Greater Noida","Infrastructure","Urban development","Unlisted","","","","","state_psu_north_west.csv","agent"
"C02263","Yamuna Expressway Industrial Development Authority","Statutory Corporation","State PSU","Uttar Pradesh","Greater Noida","Infrastructure","Urban development","Unlisted","","","","","state_psu_north_west.csv","agent"
"C02264","Lucknow Development Authority","Statutory Corporation","State PSU","Uttar Pradesh","Lucknow","Infrastructure","Urban development","Unlisted","","","","","state_psu_north_west.csv","agent"
"C02265","UP Avas Vikas Parishad","Statutory Corporation","State PSU","Uttar Pradesh","Lucknow","Infrastructure","Housing","Unlisted","","","","","state_psu_north_west.csv","agent"
"C02266","UP Jal Nigam","Statutory Corporation","State PSU","Uttar Pradesh","Lucknow","Infrastructure","Water","Unlisted","","","","","state_psu_north_west.csv","agent"
"C02267","UP Medical Supplies Corporation Limited","Government Company (PSU)","State PSU","Uttar Pradesh","Lucknow","Healthcare","Medical procurement","Unlisted","","","","","state_psu_north_west.csv","agent"
"C02268","UP Police Awas Nigam","Government Company (PSU)","State PSU","Uttar Pradesh","Lucknow","Infrastructure","Housing","Unlisted","","","","","state_psu_north_west.csv","agent"
"C02269","UP Electronics Corporation Limited (UPLC)","Government Company (PSU)","State PSU","Uttar Pradesh","Lucknow","Technology","Electronics","Unlisted","","","","","state_psu_north_west.csv","agent"
"C02270","UP Small Industries Corporation Limited","Government Company (PSU)","State PSU","Uttar Pradesh","Kanpur","Industrial Development","MSME","Unlisted","","","","","state_psu_north_west.csv","agent"
"C02271","UP Forest Corporation","Statutory Corporation","State PSU","Uttar Pradesh","Lucknow","Agriculture & Food","Forestry","Unlisted","","","","","state_psu_north_west.csv","agent"
"C02272","UP Beej Vikas Nigam","Government Company (PSU)","State PSU","Uttar Pradesh","Lucknow","Agriculture & Food","Seeds","Unlisted","","","","","state_psu_north_west.csv","agent"
"C02273","UP Agro Industrial Corporation Limited","Government Company (PSU)","State PSU","Uttar Pradesh","Lucknow","Agriculture & Food","Agro","Unlisted","","","","","state_psu_north_west.csv","agent"
"C02274","UP Bhumi Sudhar Nigam","Government Company (PSU)","State PSU","Uttar Pradesh","Lucknow","Agriculture & Food","Land reclamation","Unlisted","","","","","state_psu_north_west.csv","agent"
"C02275","UP Scheduled Castes Finance and Development Corporation","Government Company (PSU)","State PSU","Uttar Pradesh","Lucknow","Financial Services","Development finance","Unlisted","","","","","state_psu_north_west.csv","agent"
"C02276","UP Minorities Finance and Development Corporation","Government Company (PSU)","State PSU","Uttar Pradesh","Lucknow","Financial Services","Development finance","Unlisted","","","","","state_psu_north_west.csv","agent"
"C02277","UP Backward Classes Finance and Development Corporation","Government Company (PSU)","State PSU","Uttar Pradesh","Lucknow","Financial Services","Development finance","Unlisted","","","","","state_psu_north_west.csv","agent"
"C02278","Jaypee Infratech Limited","Public Limited","Private (Indian)","Uttar Pradesh","Noida","Real Estate","Infrastructure / real estate","Delisted/Unknown","","","","","state_psu_north_west.csv","agent"
"C02279","Gujarat State Road Transport Corporation","Statutory Corporation","State PSU","Gujarat","Ahmedabad","Transport","Bus transport","Unlisted","","","","","state_psu_north_west.csv","agent"
"C02280","Gujarat Urja Vikas Nigam Limited","Government Company (PSU)","State PSU","Gujarat","Vadodara","Power","Bulk power purchase","Unlisted","","","","","state_psu_north_west.csv","agent"
"C02281","Gujarat State Electricity Corporation Limited","Government Company (PSU)","State PSU","Gujarat","Vadodara","Power","Generation","Unlisted","","","","","state_psu_north_west.csv","agent"
"C02282","Gujarat Energy Transmission Corporation Limited","Government Company (PSU)","State PSU","Gujarat","Vadodara","Power","Transmission","Unlisted","","","","","state_psu_north_west.csv","agent"
"C02283","Uttar Gujarat Vij Company Limited","Government Company (PSU)","State PSU","Gujarat","Mehsana","Power","Distribution","Unlisted","","","","","state_psu_north_west.csv","agent"
"C02284","Dakshin Gujarat Vij Company Limited","Government Company (PSU)","State PSU","Gujarat","Surat","Power","Distribution","Unlisted","","","","","state_psu_north_west.csv","agent"
"C02285","Madhya Gujarat Vij Company Limited","Government Company (PSU)","State PSU","Gujarat","Vadodara","Power","Distribution","Unlisted","","","","","state_psu_north_west.csv","agent"
"C02286","Paschim Gujarat Vij Company Limited","Government Company (PSU)","State PSU","Gujarat","Rajkot","Power","Distribution","Unlisted","","","","","state_psu_north_west.csv","agent"
"C02287","Gujarat Industrial Development Corporation","Statutory Corporation","State PSU","Gujarat","Gandhinagar","Industrial Development","Industrial development","Unlisted","","","","","state_psu_north_west.csv","agent"
"C02288","Gujarat State Financial Services Limited","Government Company (PSU)","State PSU","Gujarat","Gandhinagar","Financial Services","Financial services","Unlisted","","","","","state_psu_north_west.csv","agent"
"C02289","Gujarat State Investments Limited","Government Company (PSU)","State PSU","Gujarat","Gandhinagar","Financial Services","Investments","Unlisted","","","","","state_psu_north_west.csv","agent"
"C02290","Gujarat State Petroleum Corporation Limited","Government Company (PSU)","State PSU","Gujarat","Gandhinagar","Power","Oil & gas","Unlisted","","","","","state_psu_north_west.csv","agent"
"C02291","Gujarat Maritime Board","Statutory Corporation","State PSU","Gujarat","Gandhinagar","Transport","Ports","Unlisted","","","","","state_psu_north_west.csv","agent"
"C02292","Gujarat Tourism Corporation Limited","Government Company (PSU)","State PSU","Gujarat","Gandhinagar","Tourism & Hospitality","Tourism","Unlisted","","","","","state_psu_north_west.csv","agent"
"C02293","Gujarat State Civil Supplies Corporation Limited","Government Company (PSU)","State PSU","Gujarat","Gandhinagar","Agriculture & Food","Civil supplies","Unlisted","","","","","state_psu_north_west.csv","agent"
"C02294","Gujarat State Warehousing Corporation","Statutory Corporation","State PSU","Gujarat","Ahmedabad","Agriculture & Food","Warehousing","Unlisted","","","","","state_psu_north_west.csv","agent"
"C02295","Gujarat State Handloom and Handicrafts Development Corporation (Gurjari)","Government Company (PSU)","State PSU","Gujarat","Gandhinagar","Textiles & Handloom","Handloom","Unlisted","","","","","state_psu_north_west.csv","agent"
"C02296","Gujarat Small Industries Corporation Limited","Government Company (PSU)","State PSU","Gujarat","Ahmedabad","Industrial Development","MSME","Unlisted","","","","","state_psu_north_west.csv","agent"
"C02297","Gujarat State Financial Corporation","Statutory Corporation","State PSU","Gujarat","Ahmedabad","Financial Services","State finance corporation","Unlisted","","","","","state_psu_north_west.csv","agent"
"C02298","Gujarat Agro Industries Corporation Limited","Government Company (PSU)","State PSU","Gujarat","Gandhinagar","Agriculture & Food","Agro inputs","Unlisted","","","","","state_psu_north_west.csv","agent"
"C02299","Gujarat State Land Development Corporation","Government Company (PSU)","State PSU","Gujarat","Gandhinagar","Agriculture & Food","Land development","Unlisted","","","","","state_psu_north_west.csv","agent"
"C02300","Gujarat Metro Rail Corporation Limited","Government Company (PSU)","Joint Venture","Gujarat","Gandhinagar","Transport","Metro rail","Unlisted","","","","","state_psu_north_west.csv","agent"
"C02301","Gujarat International Finance Tec-City Company Limited","Government Company (PSU)","Joint Venture","Gujarat","Gandhinagar","Financial Services","Financial city","Unlisted","","","","","state_psu_north_west.csv","agent"
"C02302","Gujarat Water Supply and Sewerage Board","Statutory Corporation","State PSU","Gujarat","Gandhinagar","Infrastructure","Water","Unlisted","","","","","state_psu_north_west.csv","agent"
"C02303","Gujarat Housing Board","Statutory Corporation","State PSU","Gujarat","Gandhinagar","Infrastructure","Housing","Unlisted","","","","","state_psu_north_west.csv","agent"
"C02304","Gujarat Livelihood Promotion Company","Government Company (PSU)","State PSU","Gujarat","Gandhinagar","Infrastructure","Livelihood","Unlisted","","","","","state_psu_north_west.csv","agent"
"C02305","Sardar Sarovar Narmada Nigam Limited","Government Company (PSU)","State PSU","Gujarat","Gandhinagar","Infrastructure","Irrigation & hydro","Unlisted","","","","","state_psu_north_west.csv","agent"
"C02306","Gujarat State Cooperative Bank Limited","Cooperative Society","Cooperative","Gujarat","Ahmedabad","Financial Services","Cooperative bank","Unlisted","","","","","state_psu_north_west.csv","agent"
"C02307","Gujarat State Co-operative Cotton Federation","Cooperative Society","Cooperative","Gujarat","Ahmedabad","Textiles & Handloom","Cotton coop federation","Unlisted","","","","","state_psu_north_west.csv","agent"
"C02308","Gujarat State Cooperative Marketing Federation (GUJCOMASOL)","Cooperative Society","Cooperative","Gujarat","Gandhinagar","Agriculture & Food","Coop federation","Unlisted","","","","","state_psu_north_west.csv","agent"
"C02309","Gujarat Sugar Cooperative Federation","Cooperative Society","Cooperative","Gujarat","Ahmedabad","Agriculture & Food","Sugar","Unlisted","","","","","state_psu_north_west.csv","agent"
"C02310","Adani Ports and SEZ Limited","Public Limited","Private (Indian)","Gujarat","Ahmedabad","Logistics","Ports","Listed-NSE+BSE","ADANIPORTS","INE742F01042","EQ","","state_psu_north_west.csv","agent"
"C02311","Nirma Limited","Public Limited","Private (Indian)","Gujarat","Ahmedabad","Consumer","FMCG","Unlisted","","","","","state_psu_north_west.csv","agent"
"C02312","Cadila Pharmaceuticals Limited","Public Limited","Private (Indian)","Gujarat","Ahmedabad","Pharmaceuticals","Pharma","Unlisted","","","","","state_psu_north_west.csv","agent"
"C02313","Alembic Pharmaceuticals Limited","Public Limited","Private (Indian)","Gujarat","Vadodara","Pharmaceuticals","Pharma","Listed-NSE+BSE","APLLTD","INE901L01018","EQ","","state_psu_north_west.csv","agent"
"C02314","Alembic Limited","Public Limited","Private (Indian)","Gujarat","Vadodara","Pharmaceuticals","Pharma","Listed-NSE+BSE","ALEMBICLTD","INE426A01027","EQ","","state_psu_north_west.csv","agent"
"C02315","Intas Pharmaceuticals Limited","Private Limited","Private (Indian)","Gujarat","Ahmedabad","Pharmaceuticals","Pharma","Unlisted","","","","","state_psu_north_west.csv","agent"
"C02316","Maharashtra State Road Transport Corporation","Statutory Corporation","State PSU","Maharashtra","Mumbai","Transport","Bus transport","Unlisted","","","","","state_psu_north_west.csv","agent"
"C02317","Maharashtra State Electricity Distribution Company Limited","Government Company (PSU)","State PSU","Maharashtra","Mumbai","Power","Distribution","Unlisted","","","","","state_psu_north_west.csv","agent"
"C02318","Maharashtra State Power Generation Company Limited","Government Company (PSU)","State PSU","Maharashtra","Mumbai","Power","Generation","Unlisted","","","","","state_psu_north_west.csv","agent"
"C02319","Maharashtra State Electricity Transmission Company Limited","Government Company (PSU)","State PSU","Maharashtra","Mumbai","Power","Transmission","Unlisted","","","","","state_psu_north_west.csv","agent"
"C02320","Maharashtra Industrial Development Corporation","Statutory Corporation","State PSU","Maharashtra","Mumbai","Industrial Development","Industrial development","Unlisted","","","","","state_psu_north_west.csv","agent"
"C02321","City and Industrial Development Corporation of Maharashtra (CIDCO)","Government Company (PSU)","State PSU","Maharashtra","Navi Mumbai","Infrastructure","Urban development","Unlisted","","","","","state_psu_north_west.csv","agent"
"C02322","State Industrial and Investment Corporation of Maharashtra (SICOM)","Government Company (PSU)","State PSU","Maharashtra","Mumbai","Financial Services","State finance corporation","Unlisted","","","","","state_psu_north_west.csv","agent"
"C02323","Maharashtra State Financial Corporation","Statutory Corporation","State PSU","Maharashtra","Mumbai","Financial Services","State finance corporation","Unlisted","","","","","state_psu_north_west.csv","agent"
"C02324","Maharashtra Tourism Development Corporation","Government Company (PSU)","State PSU","Maharashtra","Mumbai","Tourism & Hospitality","Tourism","Unlisted","","","","","state_psu_north_west.csv","agent"
"C02325","Maharashtra State Warehousing Corporation","Statutory Corporation","State PSU","Maharashtra","Pune","Agriculture & Food","Warehousing","Unlisted","","","","","state_psu_north_west.csv","agent"
"C02326","Maharashtra State Handloom Corporation","Government Company (PSU)","State PSU","Maharashtra","Nagpur","Textiles & Handloom","Handloom","Unlisted","","","","","state_psu_north_west.csv","agent"
"C02327","Maharashtra State Cooperative Bank Limited","Cooperative Society","Cooperative","Maharashtra","Mumbai","Financial Services","Cooperative bank","Unlisted","","","","","state_psu_north_west.csv","agent"
"C02328","Maharashtra State Cooperative Cotton Growers Marketing Federation","Cooperative Society","Cooperative","Maharashtra","Mumbai","Textiles & Handloom","Cotton","Unlisted","","","","","state_psu_north_west.csv","agent"
"C02329","Maharashtra State Cooperative Marketing Federation","Cooperative Society","Cooperative","Maharashtra","Mumbai","Agriculture & Food","Coop federation","Unlisted","","","","","state_psu_north_west.csv","agent"
"C02330","Maharashtra Rajya Sahakari Dudh Mahasangh (Mahanand)","Cooperative Society","Cooperative","Maharashtra","Mumbai","Agriculture & Food","Dairy federation","Unlisted","","","","","state_psu_north_west.csv","agent"
"C02331","Maharashtra State Cooperative Sugar Factories Federation","Cooperative Society","Cooperative","Maharashtra","Mumbai","Agriculture & Food","Sugar","Unlisted","","","","","state_psu_north_west.csv","agent"
"C02332","Maharashtra Metro Rail Corporation Limited (Maha-Metro)","Government Company (PSU)","Joint Venture","Maharashtra","Nagpur","Transport","Metro rail","Unlisted","","","","","state_psu_north_west.csv","agent"
"C02333","Mumbai Metro Rail Corporation Limited","Government Company (PSU)","Joint Venture","Maharashtra","Mumbai","Transport","Metro rail","Unlisted","","","","","state_psu_north_west.csv","agent"
"C02334","Mumbai Metropolitan Region Development Authority","Statutory Corporation","State PSU","Maharashtra","Mumbai","Infrastructure","Urban development","Unlisted","","","","","state_psu_north_west.csv","agent"
"C02335","Maharashtra Airport Development Company Limited","Government Company (PSU)","State PSU","Maharashtra","Mumbai","Transport","Airports","Unlisted","","","","","state_psu_north_west.csv","agent"
"C02336","Maharashtra State Road Development Corporation Limited","Government Company (PSU)","State PSU","Maharashtra","Mumbai","Infrastructure","Roads","Unlisted","","","","","state_psu_north_west.csv","agent"
"C02337","Maharashtra Housing and Area Development Authority (MHADA)","Statutory Corporation","State PSU","Maharashtra","Mumbai","Infrastructure","Housing","Unlisted","","","","","state_psu_north_west.csv","agent"
"C02338","Slum Rehabilitation Authority Maharashtra","Statutory Corporation","State PSU","Maharashtra","Mumbai","Infrastructure","Housing","Unlisted","","","","","state_psu_north_west.csv","agent"
"C02339","Maharashtra Agro Industries Development Corporation","Government Company (PSU)","State PSU","Maharashtra","Mumbai","Agriculture & Food","Agro","Unlisted","","","","","state_psu_north_west.csv","agent"
"C02340","Maharashtra State Seeds Corporation Limited (Mahabeej)","Government Company (PSU)","State PSU","Maharashtra","Akola","Agriculture & Food","Seeds","Unlisted","","","","","state_psu_north_west.csv","agent"
"C02341","Maharashtra Small Scale Industries Development Corporation","Government Company (PSU)","State PSU","Maharashtra","Mumbai","Industrial Development","MSME","Unlisted","","","","","state_psu_north_west.csv","agent"
"C02342","Maharashtra Krishi Udyog Vikas Mahamandal","Government Company (PSU)","State PSU","Maharashtra","Mumbai","Agriculture & Food","Agri-industry","Unlisted","","","","","state_psu_north_west.csv","agent"
"C02343","Forest Development Corporation of Maharashtra","Government Company (PSU)","State PSU","Maharashtra","Nagpur","Agriculture & Food","Forestry","Unlisted","","","","","state_psu_north_west.csv","agent"
"C02344","Maharashtra Electronics Corporation Limited (MELTRON)","Government Company (PSU)","State PSU","Maharashtra","Mumbai","Technology","Electronics","Unlisted","","","","","state_psu_north_west.csv","agent"
"C02345","Maharashtra State Mining Corporation Limited","Government Company (PSU)","State PSU","Maharashtra","Nagpur","Mining","Mining","Unlisted","","","","","state_psu_north_west.csv","agent"
"C02346","Maharashtra Police Housing and Welfare Corporation","Government Company (PSU)","State PSU","Maharashtra","Mumbai","Infrastructure","Housing","Unlisted","","","","","state_psu_north_west.csv","agent"
"C02347","Maharashtra Medical Goods Procurement Authority","Other","State PSU","Maharashtra","Mumbai","Healthcare","Procurement","Unlisted","","","","","state_psu_north_west.csv","agent"
"C02348","Maharashtra Maritime Board","Statutory Corporation","State PSU","Maharashtra","Mumbai","Transport","Ports","Unlisted","","","","","state_psu_north_west.csv","agent"
"C02349","Brihanmumbai Electric Supply and Transport Undertaking (BEST)","Other","State PSU","Maharashtra","Mumbai","Power","Power & bus","Unlisted","","","","","state_psu_north_west.csv","agent"
"C02350","Annasaheb Patil Arthik Magas Vikas Mahamandal","Government Company (PSU)","State PSU","Maharashtra","Mumbai","Financial Services","Development finance","Unlisted","","","","","state_psu_north_west.csv","agent"
"C02351","Mahatma Phule Backward Class Development Corporation","Government Company (PSU)","State PSU","Maharashtra","Mumbai","Financial Services","Development finance","Unlisted","","","","","state_psu_north_west.csv","agent"
"C02352","Maharashtra State Infrastructure Development Corporation","Government Company (PSU)","State PSU","Maharashtra","Mumbai","Infrastructure","Infrastructure","Unlisted","","","","","state_psu_north_west.csv","agent"
"C02353","Serum Institute of India Private Limited","Private Limited","Private (Indian)","Maharashtra","Pune","Pharmaceuticals","Vaccines","Unlisted","","","","","state_psu_north_west.csv","agent"
"C02354","Goa Electricity Department","Other","State PSU","Goa","Panaji","Power","Power utility","Unlisted","","","","","state_psu_north_west.csv","agent"
"C02355","Kadamba Transport Corporation Limited","Government Company (PSU)","State PSU","Goa","Panaji","Transport","Bus transport","Unlisted","","","","","state_psu_north_west.csv","agent"
"C02356","Goa Industrial Development Corporation","Statutory Corporation","State PSU","Goa","Panaji","Industrial Development","Industrial development","Unlisted","","","","","state_psu_north_west.csv","agent"
"C02357","Goa State Infrastructure Development Corporation","Government Company (PSU)","State PSU","Goa","Panaji","Infrastructure","Infrastructure","Unlisted","","","","","state_psu_north_west.csv","agent"
"C02358","Goa Tourism Development Corporation","Government Company (PSU)","State PSU","Goa","Panaji","Tourism & Hospitality","Tourism","Unlisted","","","","","state_psu_north_west.csv","agent"
"C02359","Goa State Cooperative Bank Limited","Cooperative Society","Cooperative","Goa","Panaji","Financial Services","Cooperative bank","Unlisted","","","","","state_psu_north_west.csv","agent"
"C02360","Goa Dairy (Goa State Cooperative Milk Producers Union)","Cooperative Society","Cooperative","Goa","Ponda","Agriculture & Food","Dairy","Unlisted","","","","","state_psu_north_west.csv","agent"
"C02361","Goa Handicrafts, Rural and Small Scale Industries Development Corporation","Government Company (PSU)","State PSU","Goa","Panaji","Industrial Development","Handicrafts / MSME","Unlisted","","","","","state_psu_north_west.csv","agent"
"C02362","Goa State Scheduled Tribes Finance and Development Corporation","Government Company (PSU)","State PSU","Goa","Panaji","Financial Services","Development finance","Unlisted","","","","","state_psu_north_west.csv","agent"
"C02363","Goa Antibiotics and Pharmaceuticals Limited","Government Company (PSU)","State PSU","Goa","Ponda","Pharmaceuticals","Antibiotics","Unlisted","","","","","state_psu_north_west.csv","agent"
"C02364","Goa Forest Development Corporation","Government Company (PSU)","State PSU","Goa","Panaji","Agriculture & Food","Forestry","Unlisted","","","","","state_psu_north_west.csv","agent"
"C02365","Goa State Horticultural Corporation Limited","Government Company (PSU)","State PSU","Goa","Panaji","Agriculture & Food","Horticulture","Unlisted","","","","","state_psu_north_west.csv","agent"
"C02366","Goa Housing Board","Statutory Corporation","State PSU","Goa","Panaji","Infrastructure","Housing","Unlisted","","","","","state_psu_north_west.csv","agent"
"C02367","Goa Waste Management Corporation","Government Company (PSU)","State PSU","Goa","Panaji","Infrastructure","Waste","Unlisted","","","","","state_psu_north_west.csv","agent"
"C02368","Goa State Civil Supplies Corporation Limited","Government Company (PSU)","State PSU","Goa","Panaji","Agriculture & Food","Civil supplies","Unlisted","","","","","state_psu_north_west.csv","agent"
"C02369","Goa Carbon Limited","Public Limited","Private (Indian)","Goa","Goa","Chemicals","Calcined petroleum coke","Listed-NSE","GOACARBON","INE426D01013","EQ","","state_psu_north_west.csv","agent"
"C02370","Zuari Global Limited","Public Limited","Private (Indian)","Goa","Goa","Conglomerate","Diversified","Listed-NSE+BSE","ZUARIIND","INE217A01012","EQ","","state_psu_north_west.csv","agent"
"C02371","Fomento Resources Private Limited","Private Limited","Private (Indian)","Goa","Goa","Mining","Mining","Unlisted","","","","","state_psu_north_west.csv","agent"
"C02372","Chowgule and Company Private Limited","Private Limited","Private (Indian)","Goa","Goa","Logistics","Diversified","Unlisted","","","","","state_psu_north_west.csv","agent"
"C02373","Dempo Industries Private Limited","Private Limited","Private (Indian)","Goa","Panaji","Diversified","Mining / shipping / media","Unlisted","","","","","state_psu_north_west.csv","agent"
"C02374","Mormugao Port Authority","Statutory Corporation","Central PSU","Goa","Vasco da Gama","Logistics","Port","Unlisted","","","","","state_psu_north_west.csv","agent"
"C02375","Madhya Pradesh Power Generating Company Limited","Government Company (PSU)","State PSU","Madhya Pradesh","Jabalpur","Power","Generation","Unlisted","","","","","state_psu_north_west.csv","agent"
"C02376","Madhya Pradesh Power Transmission Company Limited","Government Company (PSU)","State PSU","Madhya Pradesh","Jabalpur","Power","Transmission","Unlisted","","","","","state_psu_north_west.csv","agent"
"C02377","Madhya Pradesh Power Management Company Limited","Government Company (PSU)","State PSU","Madhya Pradesh","Jabalpur","Power","Power procurement","Unlisted","","","","","state_psu_north_west.csv","agent"
"C02378","Madhya Pradesh Madhya Kshetra Vidyut Vitaran Company Limited","Government Company (PSU)","State PSU","Madhya Pradesh","Bhopal","Power","Distribution","Unlisted","","","","","state_psu_north_west.csv","agent"
"C02379","Madhya Pradesh Paschim Kshetra Vidyut Vitaran Company Limited","Government Company (PSU)","State PSU","Madhya Pradesh","Indore","Power","Distribution","Unlisted","","","","","state_psu_north_west.csv","agent"
"C02380","Madhya Pradesh Poorv Kshetra Vidyut Vitaran Company Limited","Government Company (PSU)","State PSU","Madhya Pradesh","Jabalpur","Power","Distribution","Unlisted","","","","","state_psu_north_west.csv","agent"
"C02381","Madhya Pradesh State Road Transport Corporation","Statutory Corporation","State PSU","Madhya Pradesh","Bhopal","Transport","Bus transport","Unlisted","","","","","state_psu_north_west.csv","agent"
"C02382","Madhya Pradesh Audyogik Kendra Vikas Nigam","Government Company (PSU)","State PSU","Madhya Pradesh","Bhopal","Industrial Development","Industrial development","Unlisted","","","","","state_psu_north_west.csv","agent"
"C02383","Madhya Pradesh Financial Corporation (MP State Industrial Development Corp Ltd)","Statutory Corporation","State PSU","Madhya Pradesh","Bhopal","Financial Services","State finance corporation","Unlisted","","","","","state_psu_north_west.csv","agent"
"C02384","Madhya Pradesh Tourism Development Corporation","Government Company (PSU)","State PSU","Madhya Pradesh","Bhopal","Tourism & Hospitality","Tourism","Unlisted","","","","","state_psu_north_west.csv","agent"
"C02385","Madhya Pradesh State Civil Supplies Corporation Limited","Government Company (PSU)","State PSU","Madhya Pradesh","Bhopal","Agriculture & Food","Civil supplies","Unlisted","","","","","state_psu_north_west.csv","agent"
"C02386","Madhya Pradesh State Warehousing and Logistics Corporation","Statutory Corporation","State PSU","Madhya Pradesh","Bhopal","Agriculture & Food","Warehousing","Unlisted","","","","","state_psu_north_west.csv","agent"
"C02387","Madhya Pradesh State Agro Industries Development Corporation","Government Company (PSU)","State PSU","Madhya Pradesh","Bhopal","Agriculture & Food","Agro","Unlisted","","","","","state_psu_north_west.csv","agent"
"C02388","Madhya Pradesh State Mining Corporation Limited","Government Company (PSU)","State PSU","Madhya Pradesh","Bhopal","Mining","Mining","Unlisted","","","","","state_psu_north_west.csv","agent"
"C02389","Madhya Pradesh Laghu Udyog Nigam","Government Company (PSU)","State PSU","Madhya Pradesh","Bhopal","Industrial Development","MSME","Unlisted","","","","","state_psu_north_west.csv","agent"
"C02390","Madhya Pradesh State Electronics Development Corporation Limited","Government Company (PSU)","State PSU","Madhya Pradesh","Bhopal","Technology","Electronics","Unlisted","","","","","state_psu_north_west.csv","agent"
"C02391","Madhya Pradesh State Handloom and Handicrafts Development Corporation (Mrignayani)","Government Company (PSU)","State PSU","Madhya Pradesh","Bhopal","Textiles & Handloom","Handicrafts","Unlisted","","","","","state_psu_north_west.csv","agent"
"C02392","Madhya Pradesh State Forest Development Corporation","Government Company (PSU)","State PSU","Madhya Pradesh","Bhopal","Agriculture & Food","Forestry","Unlisted","","","","","state_psu_north_west.csv","agent"
"C02393","Madhya Pradesh Metro Rail Company Limited","Government Company (PSU)","Joint Venture","Madhya Pradesh","Bhopal","Transport","Metro rail","Unlisted","","","","","state_psu_north_west.csv","agent"
"C02394","Madhya Pradesh Road Development Corporation Limited","Government Company (PSU)","State PSU","Madhya Pradesh","Bhopal","Infrastructure","Roads","Unlisted","","","","","state_psu_north_west.csv","agent"
"C02395","Madhya Pradesh Housing and Infrastructure Development Board","Statutory Corporation","State PSU","Madhya Pradesh","Bhopal","Infrastructure","Housing","Unlisted","","","","","state_psu_north_west.csv","agent"
"C02396","Madhya Pradesh State Cooperative Dairy Federation (Sanchi)","Cooperative Society","Cooperative","Madhya Pradesh","Bhopal","Agriculture & Food","Dairy federation","Unlisted","","","","","state_psu_north_west.csv","agent"
"C02397","Madhya Pradesh Rajya Sahakari Bank Maryadit (Apex Bank)","Cooperative Society","Cooperative","Madhya Pradesh","Bhopal","Financial Services","Cooperative bank","Unlisted","","","","","state_psu_north_west.csv","agent"
"C02398","MARKFED Madhya Pradesh State Cooperative Marketing Federation","Cooperative Society","Cooperative","Madhya Pradesh","Bhopal","Agriculture & Food","Coop federation","Unlisted","","","","","state_psu_north_west.csv","agent"
"C02399","Madhya Pradesh Rajya Beej Evam Farm Vikas Nigam","Government Company (PSU)","State PSU","Madhya Pradesh","Bhopal","Agriculture & Food","Seeds","Unlisted","","","","","state_psu_north_west.csv","agent"
"C02400","Madhya Pradesh Pichhda Varg Evam Alpsankhyak Vitta Vikas Nigam","Government Company (PSU)","State PSU","Madhya Pradesh","Bhopal","Financial Services","Development finance","Unlisted","","","","","state_psu_north_west.csv","agent"
"C02401","Madhya Pradesh Trade and Investment Facilitation Corporation Limited (TRIFAC)","Government Company (PSU)","State PSU","Madhya Pradesh","Bhopal","Industrial Development","Investment promotion","Unlisted","","","","","state_psu_north_west.csv","agent"
"C02402","Madhya Pradesh Medical Services (MP Public Health Services Corporation)","Government Company (PSU)","State PSU","Madhya Pradesh","Bhopal","Healthcare","Procurement","Unlisted","","","","","state_psu_north_west.csv","agent"
"C02403","Madhya Pradesh Urban Development Company Limited","Government Company (PSU)","State PSU","Madhya Pradesh","Bhopal","Infrastructure","Urban","Unlisted","","","","","state_psu_north_west.csv","agent"
"C02404","Bhopal Smart City Development Corporation Limited","Government Company (PSU)","State PSU","Madhya Pradesh","Bhopal","Infrastructure","Smart city SPV","Unlisted","","","","","state_psu_north_west.csv","agent"
"C02405","Indore Smart City Development Limited","Government Company (PSU)","State PSU","Madhya Pradesh","Indore","Infrastructure","Smart city SPV","Unlisted","","","","","state_psu_north_west.csv","agent"
"C02406","Atal Indore City Transport Services Limited","Government Company (PSU)","State PSU","Madhya Pradesh","Indore","Transport","Bus transport","Unlisted","","","","","state_psu_north_west.csv","agent"
"C02407","Pithampur Auto Cluster Limited","Public Limited","Private (Indian)","Madhya Pradesh","Pithampur","Industrial","Industrial cluster","Unlisted","","","","","state_psu_north_west.csv","agent"
"C02408","Chhattisgarh State Power Generation Company Limited","Government Company (PSU)","State PSU","Chhattisgarh","Raipur","Power","Generation","Unlisted","","","","","state_psu_north_west.csv","agent"
"C02409","Chhattisgarh State Power Transmission Company Limited","Government Company (PSU)","State PSU","Chhattisgarh","Raipur","Power","Transmission","Unlisted","","","","","state_psu_north_west.csv","agent"
"C02410","Chhattisgarh State Power Distribution Company Limited","Government Company (PSU)","State PSU","Chhattisgarh","Raipur","Power","Distribution","Unlisted","","","","","state_psu_north_west.csv","agent"
"C02411","Chhattisgarh State Power Trading Company Limited","Government Company (PSU)","State PSU","Chhattisgarh","Raipur","Power","Trading","Unlisted","","","","","state_psu_north_west.csv","agent"
"C02412","Chhattisgarh State Power Holding Company Limited","Government Company (PSU)","State PSU","Chhattisgarh","Raipur","Power","Holding","Unlisted","","","","","state_psu_north_west.csv","agent"
"C02413","Chhattisgarh State Industrial Development Corporation Limited","Government Company (PSU)","State PSU","Chhattisgarh","Raipur","Industrial Development","Industrial development","Unlisted","","","","","state_psu_north_west.csv","agent"
"C02414","Chhattisgarh Infrastructure Development Corporation Limited","Government Company (PSU)","State PSU","Chhattisgarh","Raipur","Infrastructure","Infrastructure","Unlisted","","","","","state_psu_north_west.csv","agent"
"C02415","Chhattisgarh State Civil Supplies Corporation Limited (Nagrik Apurti Nigam)","Government Company (PSU)","State PSU","Chhattisgarh","Raipur","Agriculture & Food","Civil supplies","Unlisted","","","","","state_psu_north_west.csv","agent"
"C02416","Chhattisgarh State Warehousing Corporation","Statutory Corporation","State PSU","Chhattisgarh","Raipur","Agriculture & Food","Warehousing","Unlisted","","","","","state_psu_north_west.csv","agent"
"C02417","Chhattisgarh Tourism Board","Statutory Corporation","State PSU","Chhattisgarh","Raipur","Tourism & Hospitality","Tourism","Unlisted","","","","","state_psu_north_west.csv","agent"
"C02418","Chhattisgarh Mineral Development Corporation Limited","Government Company (PSU)","State PSU","Chhattisgarh","Raipur","Mining","Mining","Unlisted","","","","","state_psu_north_west.csv","agent"
"C02419","Chhattisgarh State Minor Forest Produce Cooperative Federation","Cooperative Society","Cooperative","Chhattisgarh","Raipur","Agriculture & Food","Forest produce","Unlisted","","","","","state_psu_north_west.csv","agent"
"C02420","Chhattisgarh State Cooperative Bank (Apex Bank) Maryadit","Cooperative Society","Cooperative","Chhattisgarh","Raipur","Financial Services","Cooperative bank","Unlisted","","","","","state_psu_north_west.csv","agent"
"C02421","Chhattisgarh Rajya Sahakari Vipnan Sangh (MARKFED)","Cooperative Society","Cooperative","Chhattisgarh","Raipur","Agriculture & Food","Coop federation","Unlisted","","","","","state_psu_north_west.csv","agent"
"C02422","Chhattisgarh State Cooperative Dairy Federation","Cooperative Society","Cooperative","Chhattisgarh","Raipur","Agriculture & Food","Dairy federation","Unlisted","","","","","state_psu_north_west.csv","agent"
"C02423","Chhattisgarh Housing Board","Statutory Corporation","State PSU","Chhattisgarh","Raipur","Infrastructure","Housing","Unlisted","","","","","state_psu_north_west.csv","agent"
"C02424","Chhattisgarh Handloom Development and Marketing Federation","Cooperative Society","Cooperative","Chhattisgarh","Raipur","Textiles & Handloom","Handloom","Unlisted","","","","","state_psu_north_west.csv","agent"
"C02425","Chhattisgarh State Road Transport Corporation","Statutory Corporation","State PSU","Chhattisgarh","Raipur","Transport","Bus transport","Unlisted","","","","","state_psu_north_west.csv","agent"
"C02426","Chhattisgarh Medical Services Corporation Limited","Government Company (PSU)","State PSU","Chhattisgarh","Raipur","Healthcare","Procurement","Unlisted","","","","","state_psu_north_west.csv","agent"
"C02427","Chhattisgarh State Electronics Development Corporation","Government Company (PSU)","State PSU","Chhattisgarh","Raipur","Technology","Electronics","Unlisted","","","","","state_psu_north_west.csv","agent"
"C02428","Chhattisgarh Rajya Beej Evam Krishi Vikas Nigam","Government Company (PSU)","State PSU","Chhattisgarh","Raipur","Agriculture & Food","Seeds","Unlisted","","","","","state_psu_north_west.csv","agent"
"C02429","Naya Raipur Development Authority","Statutory Corporation","State PSU","Chhattisgarh","Naya Raipur","Infrastructure","Urban development","Unlisted","","","","","state_psu_north_west.csv","agent"
"C02430","Chhattisgarh Renewable Energy Development Agency (CREDA)","Other","State PSU","Chhattisgarh","Raipur","Power","Renewable","Unlisted","","","","","state_psu_north_west.csv","agent"
"C02431","Chhattisgarh Biofuel Development Authority","Other","State PSU","Chhattisgarh","Raipur","Power","Biofuel","Unlisted","","","","","state_psu_north_west.csv","agent"
"C02432","Raipur Smart City Limited","Government Company (PSU)","State PSU","Chhattisgarh","Raipur","Infrastructure","Smart city SPV","Unlisted","","","","","state_psu_north_west.csv","agent"
"C02433","Chhattisgarh Scheduled Caste Finance and Development Corporation","Government Company (PSU)","State PSU","Chhattisgarh","Raipur","Financial Services","Development finance","Unlisted","","","","","state_psu_north_west.csv","agent"
"C02434","NMDC Steel Limited (Nagarnar)","Government Company (PSU)","Central PSU","Chhattisgarh","Jagdalpur","Steel","Steel","Listed-NSE+BSE","NSLNISP","INE0NNS01018","EQ","","state_psu_north_west.csv","agent"
"C02435","BALCO (Bharat Aluminium Company Limited)","Public Limited","Private (Indian)","Chhattisgarh","Korba","Metals","Aluminium","Unlisted","","","","","state_psu_north_west.csv","agent"
"C02436","DNH and DD Power Distribution Corporation Limited","Government Company (PSU)","State PSU","Dadra and Nagar Haveli and Daman and Diu","Silvassa","Power","Distribution","Unlisted","","","","","state_psu_north_west.csv","agent"
"C02437","Dadra and Nagar Haveli Industrial Development Corporation","Government Company (PSU)","State PSU","Dadra and Nagar Haveli and Daman and Diu","Silvassa","Industrial Development","Industrial development","Unlisted","","","","","state_psu_north_west.csv","agent"
"C02438","Daman and Diu and Dadra and Nagar Haveli Tourism Corporation (DDDNH Tourism)","Government Company (PSU)","State PSU","Dadra and Nagar Haveli and Daman and Diu","Daman","Tourism & Hospitality","Tourism","Unlisted","","","","","state_psu_north_west.csv","agent"
"C02439","Daman and Diu Industrial Development Corporation","Government Company (PSU)","State PSU","Dadra and Nagar Haveli and Daman and Diu","Daman","Industrial Development","Industrial development","Unlisted","","","","","state_psu_north_west.csv","agent"
"C02440","Dadra and Nagar Haveli Co-operative Bank (DNH District Cooperative Bank)","Cooperative Society","Cooperative","Dadra and Nagar Haveli and Daman and Diu","Silvassa","Financial Services","Cooperative bank","Unlisted","","","","","state_psu_north_west.csv","agent"
"C02441","Dadra and Nagar Haveli and Daman and Diu Administration Transport Undertaking","Other","State PSU","Dadra and Nagar Haveli and Daman and Diu","Daman","Transport","Bus transport","Unlisted","","","","","state_psu_north_west.csv","agent"
"C02442","Bangalore Electricity Supply Company Limited (BESCOM)","Government Company (PSU)","State PSU","Karnataka","Bengaluru","Power","Distribution","Unlisted","","","","","state_psu_south_east_ne.csv","agent"
"C02443","Mangalore Electricity Supply Company Limited (MESCOM)","Government Company (PSU)","State PSU","Karnataka","Mangaluru","Power","Distribution","Unlisted","","","","","state_psu_south_east_ne.csv","agent"
"C02444","Hubli Electricity Supply Company Limited (HESCOM)","Government Company (PSU)","State PSU","Karnataka","Hubballi","Power","Distribution","Unlisted","","","","","state_psu_south_east_ne.csv","agent"
"C02445","Gulbarga Electricity Supply Company Limited (GESCOM)","Government Company (PSU)","State PSU","Karnataka","Kalaburagi","Power","Distribution","Unlisted","","","","","state_psu_south_east_ne.csv","agent"
"C02446","Chamundeshwari Electricity Supply Corporation Limited (CESC Mysore)","Government Company (PSU)","State PSU","Karnataka","Mysuru","Power","Distribution","Unlisted","","","","","state_psu_south_east_ne.csv","agent"
"C02447","Karnataka Power Transmission Corporation Limited (KPTCL)","Government Company (PSU)","State PSU","Karnataka","Bengaluru","Power","Transmission","Unlisted","","","","","state_psu_south_east_ne.csv","agent"
"C02448","Karnataka Power Corporation Limited (KPCL)","Government Company (PSU)","State PSU","Karnataka","Bengaluru","Power","Generation","Unlisted","","","","","state_psu_south_east_ne.csv","agent"
"C02449","Karnataka Renewable Energy Development Limited (KREDL)","Government Company (PSU)","State PSU","Karnataka","Bengaluru","Power","Renewable energy","Unlisted","","","","","state_psu_south_east_ne.csv","agent"
"C02450","Visvesvaraya Vidyut Nigam Limited (VVNL)","Government Company (PSU)","State PSU","Karnataka","Bengaluru","Power","Holding/Finance","Unlisted","","","","","state_psu_south_east_ne.csv","agent"
"C02451","Karnataka Vidyuth Karkhane Limited (KAVIKA)","Government Company (PSU)","State PSU","Karnataka","Bengaluru","Manufacturing","Electrical equipment","Unlisted","","","","","state_psu_south_east_ne.csv","agent"
"C02452","Karnataka State Road Transport Corporation (KSRTC)","Statutory Corporation","State PSU","Karnataka","Bengaluru","Transport","Road transport","Unlisted","","","","","state_psu_south_east_ne.csv","agent"
"C02453","Bangalore Metropolitan Transport Corporation (BMTC)","Statutory Corporation","State PSU","Karnataka","Bengaluru","Transport","Urban bus transport","Unlisted","","","","","state_psu_south_east_ne.csv","agent"
"C02454","North Western Karnataka Road Transport Corporation (NWKRTC)","Statutory Corporation","State PSU","Karnataka","Hubballi","Transport","Road transport","Unlisted","","","","","state_psu_south_east_ne.csv","agent"
"C02455","Kalyana Karnataka Road Transport Corporation (KKRTC)","Statutory Corporation","State PSU","Karnataka","Kalaburagi","Transport","Road transport","Unlisted","","","","","state_psu_south_east_ne.csv","agent"
"C02456","Bangalore Metro Rail Corporation Limited (BMRCL)","Government Company (PSU)","Joint Venture","Karnataka","Bengaluru","Transport","Metro rail","Unlisted","","","","","state_psu_south_east_ne.csv","agent"
"C02457","Karnataka State Industrial and Infrastructure Development Corporation (KSIIDC)","Government Company (PSU)","State PSU","Karnataka","Bengaluru","Industrial Development","Infrastructure finance","Unlisted","","","","","state_psu_south_east_ne.csv","agent"
"C02458","Karnataka Industrial Areas Development Board (KIADB)","Statutory Corporation","State PSU","Karnataka","Bengaluru","Industrial Development","Industrial estates","Unlisted","","","","","state_psu_south_east_ne.csv","agent"
"C02459","Karnataka State Financial Corporation (KSFC)","Statutory Corporation","State PSU","Karnataka","Bengaluru","Banking & Financial Services","State finance corporation","Unlisted","","","","","state_psu_south_east_ne.csv","agent"
"C02460","Karnataka State Small Industries Development Corporation (KSSIDC)","Government Company (PSU)","State PSU","Karnataka","Bengaluru","Industrial Development","MSME support","Unlisted","","","","","state_psu_south_east_ne.csv","agent"
"C02461","Karnataka Urban Infrastructure Development and Finance Corporation (KUIDFC)","Government Company (PSU)","State PSU","Karnataka","Bengaluru","Infrastructure","Urban infrastructure finance","Unlisted","","","","","state_psu_south_east_ne.csv","agent"
"C02462","Karnataka State Tourism Development Corporation (KSTDC)","Government Company (PSU)","State PSU","Karnataka","Bengaluru","Tourism","Tourism development","Unlisted","","","","","state_psu_south_east_ne.csv","agent"
"C02463","Karnataka State Warehousing Corporation","Statutory Corporation","State PSU","Karnataka","Bengaluru","Warehousing & Logistics","Warehousing","Unlisted","","","","","state_psu_south_east_ne.csv","agent"
"C02464","Karnataka Food and Civil Supplies Corporation Limited","Government Company (PSU)","State PSU","Karnataka","Bengaluru","Food & Civil Supplies","Public distribution","Unlisted","","","","","state_psu_south_east_ne.csv","agent"
"C02465","Karnataka State Beverages Corporation Limited (KSBCL)","Government Company (PSU)","State PSU","Karnataka","Bengaluru","Retail & Distribution","Liquor wholesale","Unlisted","","","","","state_psu_south_east_ne.csv","agent"
"C02466","Karnataka Handloom Development Corporation Limited","Government Company (PSU)","State PSU","Karnataka","Bengaluru","Textiles & Handloom","Handloom","Unlisted","","","","","state_psu_south_east_ne.csv","agent"
"C02467","Karnataka State Handicrafts Development Corporation Limited (Cauvery)","Government Company (PSU)","State PSU","Karnataka","Bengaluru","Textiles & Handloom","Handicrafts","Unlisted","","","","","state_psu_south_east_ne.csv","agent"
"C02468","Karnataka Silk Industries Corporation Limited (KSIC)","Government Company (PSU)","State PSU","Karnataka","Bengaluru","Textiles & Handloom","Silk","Unlisted","","","","","state_psu_south_east_ne.csv","agent"
"C02469","Karnataka Soaps and Detergents Limited (KSDL)","Government Company (PSU)","State PSU","Karnataka","Bengaluru","Manufacturing","FMCG","Unlisted","","","","","state_psu_south_east_ne.csv","agent"
"C02470","Mysore Paints and Varnish Limited","Government Company (PSU)","State PSU","Karnataka","Mysuru","Manufacturing","Paints","Unlisted","","","","","state_psu_south_east_ne.csv","agent"
"C02471","Mysore Sales International Limited (MSIL)","Government Company (PSU)","State PSU","Karnataka","Bengaluru","Retail & Distribution","Liquor retail","Unlisted","","","","","state_psu_south_east_ne.csv","agent"
"C02472","Mysore Minerals Limited","Government Company (PSU)","State PSU","Karnataka","Bengaluru","Mining","Minerals","Unlisted","","","","","state_psu_south_east_ne.csv","agent"
"C02473","Karnataka State Electronics Development Corporation Limited (KEONICS)","Government Company (PSU)","State PSU","Karnataka","Bengaluru","Information Technology","Electronics","Unlisted","","","","","state_psu_south_east_ne.csv","agent"
"C02474","Karnataka State Seeds Corporation Limited","Government Company (PSU)","State PSU","Karnataka","Bengaluru","Agriculture","Seeds","Unlisted","","","","","state_psu_south_east_ne.csv","agent"
"C02475","Karnataka Agro Industries Corporation Limited","Government Company (PSU)","State PSU","Karnataka","Bengaluru","Agriculture","Agri inputs and machinery","Unlisted","","","","","state_psu_south_east_ne.csv","agent"
"C02476","Karnataka Forest Development Corporation Limited","Government Company (PSU)","State PSU","Karnataka","Bengaluru","Forestry","Forest produce","Unlisted","","","","","state_psu_south_east_ne.csv","agent"
"C02477","Karnataka Rural Infrastructure Development Limited (KRIDL)","Government Company (PSU)","State PSU","Karnataka","Bengaluru","Infrastructure","Construction","Unlisted","","","","","state_psu_south_east_ne.csv","agent"
"C02478","Karnataka Housing Board","Statutory Corporation","State PSU","Karnataka","Bengaluru","Housing","Housing","Unlisted","","","","","state_psu_south_east_ne.csv","agent"
"C02479","Bangalore Water Supply and Sewerage Board (BWSSB)","Statutory Corporation","State PSU","Karnataka","Bengaluru","Utilities","Water and sewerage","Unlisted","","","","","state_psu_south_east_ne.csv","agent"
"C02480","Karnataka Milk Federation (KMF - Nandini)","Cooperative Society","Cooperative","Karnataka","Bengaluru","Dairy","Dairy federation","Unlisted","","","","","state_psu_south_east_ne.csv","agent"
"C02481","Karnataka State Co-operative Apex Bank Limited","Cooperative Society","Cooperative","Karnataka","Bengaluru","Banking & Financial Services","Cooperative bank","Unlisted","","","","","state_psu_south_east_ne.csv","agent"
"C02482","Karnataka State Cooperative Marketing Federation (KOMARF)","Cooperative Society","Cooperative","Karnataka","Bengaluru","Agriculture","Cooperative marketing","Unlisted","","","","","state_psu_south_east_ne.csv","agent"
"C02483","Kerala State Electricity Board Limited (KSEB Ltd)","Government Company (PSU)","State PSU","Kerala","Thiruvananthapuram","Power","Generation, transmission and distribution","Unlisted","","","","","state_psu_south_east_ne.csv","agent"
"C02484","Kerala State Road Transport Corporation (KSRTC)","Statutory Corporation","State PSU","Kerala","Thiruvananthapuram","Transport","Road transport","Unlisted","","","","","state_psu_south_east_ne.csv","agent"
"C02485","Kochi Metro Rail Limited (KMRL)","Government Company (PSU)","Joint Venture","Kerala","Kochi","Transport","Metro rail","Unlisted","","","","","state_psu_south_east_ne.csv","agent"
"C02486","Cochin International Airport Limited (CIAL)","Government Company (PSU)","State PSU","Kerala","Nedumbassery","Aviation","Airport operator","Unlisted","","","","","state_psu_south_east_ne.csv","agent"
"C02487","Kerala State Industrial Development Corporation (KSIDC)","Government Company (PSU)","State PSU","Kerala","Thiruvananthapuram","Industrial Development","Industrial finance","Unlisted","","","","","state_psu_south_east_ne.csv","agent"
"C02488","Kerala Industrial Infrastructure Development Corporation (KINFRA)","Government Company (PSU)","State PSU","Kerala","Thiruvananthapuram","Industrial Development","Industrial parks","Unlisted","","","","","state_psu_south_east_ne.csv","agent"
"C02489","Kerala Financial Corporation (KFC)","Statutory Corporation","State PSU","Kerala","Thiruvananthapuram","Banking & Financial Services","State finance corporation","Unlisted","","","","","state_psu_south_east_ne.csv","agent"
"C02490","Kerala Tourism Development Corporation (KTDC)","Government Company (PSU)","State PSU","Kerala","Thiruvananthapuram","Tourism","Tourism development","Unlisted","","","","","state_psu_south_east_ne.csv","agent"
"C02491","Kerala State Civil Supplies Corporation Limited (Supplyco)","Government Company (PSU)","State PSU","Kerala","Kochi","Food & Civil Supplies","Public distribution","Unlisted","","","","","state_psu_south_east_ne.csv","agent"
"C02492","Kerala State Warehousing Corporation","Statutory Corporation","State PSU","Kerala","Thiruvananthapuram","Warehousing & Logistics","Warehousing","Unlisted","","","","","state_psu_south_east_ne.csv","agent"
"C02493","Kerala State Handloom Development Corporation Limited","Government Company (PSU)","State PSU","Kerala","Thiruvananthapuram","Textiles & Handloom","Handloom","Unlisted","","","","","state_psu_south_east_ne.csv","agent"
"C02494","Kerala State Handicrafts Development Corporation (Kairali)","Government Company (PSU)","State PSU","Kerala","Thiruvananthapuram","Textiles & Handloom","Handicrafts","Unlisted","","","","","state_psu_south_east_ne.csv","agent"
"C02495","Kerala State Cashew Development Corporation Limited","Government Company (PSU)","State PSU","Kerala","Kollam","Agriculture","Cashew processing","Unlisted","","","","","state_psu_south_east_ne.csv","agent"
"C02496","Kerala State Cashew Workers Apex Industrial Cooperative Society (CAPEX)","Cooperative Society","Cooperative","Kerala","Kollam","Agriculture","Cashew processing","Unlisted","","","","","state_psu_south_east_ne.csv","agent"
"C02497","Kerala State Coir Corporation Limited","Government Company (PSU)","State PSU","Kerala","Alappuzha","Textiles & Handloom","Coir","Unlisted","","","","","state_psu_south_east_ne.csv","agent"
"C02498","Kerala State Drugs and Pharmaceuticals Limited (KSDP)","Government Company (PSU)","State PSU","Kerala","Alappuzha","Pharmaceuticals","Drug manufacturing","Unlisted","","","","","state_psu_south_east_ne.csv","agent"
"C02499","Kerala Automobiles Limited","Government Company (PSU)","State PSU","Kerala","Thiruvananthapuram","Automotive","Three-wheelers","Unlisted","","","","","state_psu_south_east_ne.csv","agent"
"C02500","Kerala State Electronics Development Corporation Limited (KELTRON)","Government Company (PSU)","State PSU","Kerala","Thiruvananthapuram","Information Technology","Electronics","Unlisted","","","","","state_psu_south_east_ne.csv","agent"
"C02501","Kerala Minerals and Metals Limited (KMML)","Government Company (PSU)","State PSU","Kerala","Chavara","Mining","Titanium dioxide","Unlisted","","","","","state_psu_south_east_ne.csv","agent"
"C02502","Kerala Clays and Ceramics Products Limited","Government Company (PSU)","State PSU","Kerala","Kundara","Manufacturing","Ceramics","Unlisted","","","","","state_psu_south_east_ne.csv","agent"
"C02503","Malabar Cements Limited","Government Company (PSU)","State PSU","Kerala","Walayar","Manufacturing","Cement","Unlisted","","","","","state_psu_south_east_ne.csv","agent"
"C02504","Travancore Titanium Products Limited","Government Company (PSU)","State PSU","Kerala","Thiruvananthapuram","Manufacturing","Chemicals","Unlisted","","","","","state_psu_south_east_ne.csv","agent"
"C02505","Steel Industrials Kerala Limited (SILK)","Government Company (PSU)","State PSU","Kerala","Thrissur","Manufacturing","Steel products","Unlisted","","","","","state_psu_south_east_ne.csv","agent"
"C02506","Kerala Forest Development Corporation Limited","Government Company (PSU)","State PSU","Kerala","Thiruvananthapuram","Forestry","Forest produce","Unlisted","","","","","state_psu_south_east_ne.csv","agent"
"C02507","Kerala Water Authority","Statutory Corporation","State PSU","Kerala","Thiruvananthapuram","Utilities","Water supply","Unlisted","","","","","state_psu_south_east_ne.csv","agent"
"C02508","Kerala State Housing Board","Statutory Corporation","State PSU","Kerala","Thiruvananthapuram","Housing","Housing","Unlisted","","","","","state_psu_south_east_ne.csv","agent"
"C02509","Kerala Co-operative Milk Marketing Federation (KCMMF - Milma)","Cooperative Society","Cooperative","Kerala","Thiruvananthapuram","Dairy","Dairy federation","Unlisted","","","","","state_psu_south_east_ne.csv","agent"
"C02510","Kerala Bank (Kerala State Cooperative Bank Limited)","Cooperative Society","Cooperative","Kerala","Thiruvananthapuram","Banking & Financial Services","Cooperative bank","Unlisted","","","","","state_psu_south_east_ne.csv","agent"
"C02511","Consumerfed (Kerala State Cooperative Consumers Federation)","Cooperative Society","Cooperative","Kerala","Thiruvananthapuram","Retail & Distribution","Consumer cooperative","Unlisted","","","","","state_psu_south_east_ne.csv","agent"
"C02512","Kerala State Beverages (Manufacturing & Marketing) Corporation Limited (BEVCO)","Government Company (PSU)","State PSU","Kerala","Thiruvananthapuram","Retail & Distribution","Liquor wholesale","Unlisted","","","","","state_psu_south_east_ne.csv","agent"
"C02513","Tamil Nadu Power Distribution Corporation Limited (TNPDCL)","Government Company (PSU)","State PSU","Tamil Nadu","Chennai","Power","Distribution","Unlisted","","","","","state_psu_south_east_ne.csv","agent"
"C02514","Tamil Nadu Power Generation Corporation Limited (TNPGCL)","Government Company (PSU)","State PSU","Tamil Nadu","Chennai","Power","Generation","Unlisted","","","","","state_psu_south_east_ne.csv","agent"
"C02515","Tamil Nadu Green Energy Corporation Limited (TNGECL)","Government Company (PSU)","State PSU","Tamil Nadu","Chennai","Power","Renewable energy","Unlisted","","","","","state_psu_south_east_ne.csv","agent"
"C02516","Tamil Nadu Transmission Corporation Limited (TANTRANSCO)","Government Company (PSU)","State PSU","Tamil Nadu","Chennai","Power","Transmission","Unlisted","","","","","state_psu_south_east_ne.csv","agent"
"C02517","Tamil Nadu Industrial Development Corporation Limited (TIDCO)","Government Company (PSU)","State PSU","Tamil Nadu","Chennai","Industrial Development","Industrial promotion","Unlisted","","","","","state_psu_south_east_ne.csv","agent"
"C02518","State Industries Promotion Corporation of Tamil Nadu Limited (SIPCOT)","Government Company (PSU)","State PSU","Tamil Nadu","Chennai","Industrial Development","Industrial parks","Unlisted","","","","","state_psu_south_east_ne.csv","agent"
"C02519","Tamil Nadu Industrial Investment Corporation Limited (TIIC)","Government Company (PSU)","State PSU","Tamil Nadu","Chennai","Banking & Financial Services","State finance corporation","Unlisted","","","","","state_psu_south_east_ne.csv","agent"
"C02520","Tamil Nadu Small Industries Development Corporation Limited (TANSIDCO)","Government Company (PSU)","State PSU","Tamil Nadu","Chennai","Industrial Development","MSME support","Unlisted","","","","","state_psu_south_east_ne.csv","agent"
"C02521","Tamil Nadu Power Finance and Infrastructure Development Corporation Limited","Government Company (PSU)","State PSU","Tamil Nadu","Chennai","Banking & Financial Services","Infrastructure finance","Unlisted","","","","","state_psu_south_east_ne.csv","agent"
"C02522","Tamil Nadu Urban Infrastructure Financial Services Limited (TNUIFSL)","Government Company (PSU)","State PSU","Tamil Nadu","Chennai","Infrastructure","Urban infrastructure finance","Unlisted","","","","","state_psu_south_east_ne.csv","agent"
"C02523","Tamil Nadu Road Development Company Limited (TNRDC)","Government Company (PSU)","State PSU","Tamil Nadu","Chennai","Infrastructure","Roads","Unlisted","","","","","state_psu_south_east_ne.csv","agent"
"C02524","Tamil Nadu State Marketing Corporation Limited (TASMAC)","Government Company (PSU)","State PSU","Tamil Nadu","Chennai","Retail & Distribution","Liquor wholesale and retail","Unlisted","","","","","state_psu_south_east_ne.csv","agent"
"C02525","Tamil Nadu State Transport Corporation Limited (Kumbakonam)","Government Company (PSU)","State PSU","Tamil Nadu","Kumbakonam","Transport","Road transport","Unlisted","","","","","state_psu_south_east_ne.csv","agent"
"C02526","Metropolitan Transport Corporation (Chennai) Limited","Government Company (PSU)","State PSU","Tamil Nadu","Chennai","Transport","Urban bus transport","Unlisted","","","","","state_psu_south_east_ne.csv","agent"
"C02527","State Express Transport Corporation (Tamil Nadu) Limited","Government Company (PSU)","State PSU","Tamil Nadu","Chennai","Transport","Long-distance bus transport","Unlisted","","","","","state_psu_south_east_ne.csv","agent"
"C02528","Chennai Metro Rail Limited (CMRL)","Government Company (PSU)","Joint Venture","Tamil Nadu","Chennai","Transport","Metro rail","Unlisted","","","","","state_psu_south_east_ne.csv","agent"
"C02529","Tamil Nadu Civil Supplies Corporation (TNCSC)","Government Company (PSU)","State PSU","Tamil Nadu","Chennai","Food & Civil Supplies","Public distribution","Unlisted","","","","","state_psu_south_east_ne.csv","agent"
"C02530","Tamil Nadu State Warehousing Corporation","Statutory Corporation","State PSU","Tamil Nadu","Chennai","Warehousing & Logistics","Warehousing","Unlisted","","","","","state_psu_south_east_ne.csv","agent"
"C02531","Tamil Nadu Tourism Development Corporation (TTDC)","Government Company (PSU)","State PSU","Tamil Nadu","Chennai","Tourism","Tourism development","Unlisted","","","","","state_psu_south_east_ne.csv","agent"
"C02532","Tamil Nadu Handloom Weavers Cooperative Society (Co-optex)","Cooperative Society","Cooperative","Tamil Nadu","Chennai","Textiles & Handloom","Handloom","Unlisted","","","","","state_psu_south_east_ne.csv","agent"
"C02533","Tamil Nadu Handicrafts Development Corporation (Poompuhar)","Government Company (PSU)","State PSU","Tamil Nadu","Chennai","Textiles & Handloom","Handicrafts","Unlisted","","","","","state_psu_south_east_ne.csv","agent"
"C02534","Tamil Nadu Tea Plantation Corporation Limited (TANTEA)","Government Company (PSU)","State PSU","Tamil Nadu","Coonoor","Agriculture","Tea plantation","Unlisted","","","","","state_psu_south_east_ne.csv","agent"
"C02535","Tamil Nadu Co-operative Milk Producers Federation (Aavin)","Cooperative Society","Cooperative","Tamil Nadu","Chennai","Dairy","Dairy federation","Unlisted","","","","","state_psu_south_east_ne.csv","agent"
"C02536","Tamil Nadu Medical Services Corporation Limited (TNMSC)","Government Company (PSU)","State PSU","Tamil Nadu","Chennai","Healthcare","Medical procurement","Unlisted","","","","","state_psu_south_east_ne.csv","agent"
"C02537","Arasu Cable TV Corporation Limited","Government Company (PSU)","State PSU","Tamil Nadu","Chennai","Media & Telecom","Cable TV","Unlisted","","","","","state_psu_south_east_ne.csv","agent"
"C02538","Tamil Nadu Cements Corporation Limited (TANCEM)","Government Company (PSU)","State PSU","Tamil Nadu","Chennai","Manufacturing","Cement","Unlisted","","","","","state_psu_south_east_ne.csv","agent"
"C02539","Tamil Nadu Minerals Limited (TAMIN)","Government Company (PSU)","State PSU","Tamil Nadu","Chennai","Mining","Granite and minerals","Unlisted","","","","","state_psu_south_east_ne.csv","agent"
"C02540","Electronics Corporation of Tamil Nadu Limited (ELCOT)","Government Company (PSU)","State PSU","Tamil Nadu","Chennai","Information Technology","Electronics and IT","Unlisted","","","","","state_psu_south_east_ne.csv","agent"
"C02541","Tamil Nadu Adi Dravidar Housing and Development Corporation (TAHDCO)","Government Company (PSU)","State PSU","Tamil Nadu","Chennai","Social Welfare","Development finance","Unlisted","","","","","state_psu_south_east_ne.csv","agent"
"C02542","Tamil Nadu Forest Plantation Corporation Limited","Government Company (PSU)","State PSU","Tamil Nadu","Chennai","Forestry","Plantations","Unlisted","","","","","state_psu_south_east_ne.csv","agent"
"C02543","Tamil Nadu Housing Board","Statutory Corporation","State PSU","Tamil Nadu","Chennai","Housing","Housing","Unlisted","","","","","state_psu_south_east_ne.csv","agent"
"C02544","Tamil Nadu State Apex Cooperative Bank Limited (TNSC Bank)","Cooperative Society","Cooperative","Tamil Nadu","Chennai","Banking & Financial Services","Cooperative bank","Unlisted","","","","","state_psu_south_east_ne.csv","agent"
"C02545","E.I.D. Parry (India) Limited","Public Limited","Private (Indian)","Tamil Nadu","Chennai","Agriculture","Sugar and nutraceuticals","Listed-NSE+BSE","EIDPARRY","INE126A01031","EQ","","state_psu_south_east_ne.csv","agent"
"C02546","Andhra Pradesh Power Generation Corporation Limited (APGENCO)","Government Company (PSU)","State PSU","Andhra Pradesh","Vijayawada","Power","Generation","Unlisted","","","","","state_psu_south_east_ne.csv","agent"
"C02547","Transmission Corporation of Andhra Pradesh Limited (APTRANSCO)","Government Company (PSU)","State PSU","Andhra Pradesh","Vijayawada","Power","Transmission","Unlisted","","","","","state_psu_south_east_ne.csv","agent"
"C02548","Andhra Pradesh Southern Power Distribution Company Limited (APSPDCL)","Government Company (PSU)","State PSU","Andhra Pradesh","Tirupati","Power","Distribution","Unlisted","","","","","state_psu_south_east_ne.csv","agent"
"C02549","Andhra Pradesh Eastern Power Distribution Company Limited (APEPDCL)","Government Company (PSU)","State PSU","Andhra Pradesh","Visakhapatnam","Power","Distribution","Unlisted","","","","","state_psu_south_east_ne.csv","agent"
"C02550","Andhra Pradesh Central Power Distribution Company Limited (APCPDCL)","Government Company (PSU)","State PSU","Andhra Pradesh","Vijayawada","Power","Distribution","Unlisted","","","","","state_psu_south_east_ne.csv","agent"
"C02551","New and Renewable Energy Development Corporation of Andhra Pradesh (NREDCAP)","Government Company (PSU)","State PSU","Andhra Pradesh","Vijayawada","Power","Renewable energy","Unlisted","","","","","state_psu_south_east_ne.csv","agent"
"C02552","Andhra Pradesh State Road Transport Corporation (APSRTC)","Statutory Corporation","State PSU","Andhra Pradesh","Vijayawada","Transport","Road transport","Unlisted","","","","","state_psu_south_east_ne.csv","agent"
"C02553","Andhra Pradesh Industrial Infrastructure Corporation Limited (APIIC)","Government Company (PSU)","State PSU","Andhra Pradesh","Vijayawada","Industrial Development","Industrial parks","Unlisted","","","","","state_psu_south_east_ne.csv","agent"
"C02554","Andhra Pradesh State Financial Corporation (APSFC)","Statutory Corporation","State PSU","Andhra Pradesh","Vijayawada","Banking & Financial Services","State finance corporation","Unlisted","","","","","state_psu_south_east_ne.csv","agent"
"C02555","Andhra Pradesh Mineral Development Corporation (APMDC)","Government Company (PSU)","State PSU","Andhra Pradesh","Vijayawada","Mining","Minerals","Unlisted","","","","","state_psu_south_east_ne.csv","agent"
"C02556","Andhra Pradesh Tourism Development Corporation (APTDC)","Government Company (PSU)","State PSU","Andhra Pradesh","Vijayawada","Tourism","Tourism development","Unlisted","","","","","state_psu_south_east_ne.csv","agent"
"C02557","Andhra Pradesh State Civil Supplies Corporation Limited","Government Company (PSU)","State PSU","Andhra Pradesh","Vijayawada","Food & Civil Supplies","Public distribution","Unlisted","","","","","state_psu_south_east_ne.csv","agent"
"C02558","Andhra Pradesh State Warehousing Corporation","Statutory Corporation","State PSU","Andhra Pradesh","Hyderabad","Warehousing & Logistics","Warehousing","Unlisted","","","","","state_psu_south_east_ne.csv","agent"
"C02559","Andhra Pradesh State Housing Corporation Limited","Government Company (PSU)","State PSU","Andhra Pradesh","Vijayawada","Housing","Housing","Unlisted","","","","","state_psu_south_east_ne.csv","agent"
"C02560","Andhra Pradesh State Beverages Corporation Limited (APSBCL)","Government Company (PSU)","State PSU","Andhra Pradesh","Vijayawada","Retail & Distribution","Liquor wholesale","Unlisted","","","","","state_psu_south_east_ne.csv","agent"
"C02561","Andhra Pradesh Handloom Weavers Cooperative Society (APCO)","Cooperative Society","Cooperative","Andhra Pradesh","Hyderabad","Textiles & Handloom","Handloom","Unlisted","","","","","state_psu_south_east_ne.csv","agent"
"C02562","Lepakshi Handicrafts Emporium (APHDC)","Government Company (PSU)","State PSU","Andhra Pradesh","Hyderabad","Textiles & Handloom","Handicrafts","Unlisted","","","","","state_psu_south_east_ne.csv","agent"
"C02563","Andhra Pradesh Electronics and IT Agency","Government Company (PSU)","State PSU","Andhra Pradesh","Vijayawada","Information Technology","IT promotion","Unlisted","","","","","state_psu_south_east_ne.csv","agent"
"C02564","Andhra Pradesh State Skill Development Corporation (APSSDC)","Government Company (PSU)","State PSU","Andhra Pradesh","Vijayawada","Education & Skills","Skill development","Unlisted","","","","","state_psu_south_east_ne.csv","agent"
"C02565","Andhra Pradesh Forest Development Corporation","Government Company (PSU)","State PSU","Andhra Pradesh","Hyderabad","Forestry","Forest produce","Unlisted","","","","","state_psu_south_east_ne.csv","agent"
"C02566","Andhra Pradesh Foods (APFoods)","Government Company (PSU)","State PSU","Andhra Pradesh","Hyderabad","Food Processing","Food processing","Unlisted","","","","","state_psu_south_east_ne.csv","agent"
"C02567","Andhra Pradesh State Oilseed Growers Federation (Oilfed)","Cooperative Society","Cooperative","Andhra Pradesh","Hyderabad","Agriculture","Oilseeds","Unlisted","","","","","state_psu_south_east_ne.csv","agent"
"C02568","Andhra Pradesh Dairy Development Cooperative Federation (APDDCF)","Cooperative Society","Cooperative","Andhra Pradesh","Vijayawada","Dairy","Dairy federation","Unlisted","","","","","state_psu_south_east_ne.csv","agent"
"C02569","Andhra Pradesh State Cooperative Bank Limited","Cooperative Society","Cooperative","Andhra Pradesh","Vijayawada","Banking & Financial Services","Cooperative bank","Unlisted","","","","","state_psu_south_east_ne.csv","agent"
"C02570","Andhra Pradesh Medical Services and Infrastructure Development Corporation (APMSIDC)","Government Company (PSU)","State PSU","Andhra Pradesh","Vijayawada","Healthcare","Medical procurement","Unlisted","","","","","state_psu_south_east_ne.csv","agent"
"C02571","Andhra Pradesh Capital Region Development Authority (APCRDA)","Statutory Corporation","State PSU","Andhra Pradesh","Amaravati","Infrastructure","Urban development","Unlisted","","","","","state_psu_south_east_ne.csv","agent"
"C02572","Andhra Pradesh Maritime Board","Statutory Corporation","State PSU","Andhra Pradesh","Kakinada","Infrastructure","Ports","Unlisted","","","","","state_psu_south_east_ne.csv","agent"
"C02573","Telangana State Power Generation Corporation Limited (TGGENCO)","Government Company (PSU)","State PSU","Telangana","Hyderabad","Power","Generation","Unlisted","","","","","state_psu_south_east_ne.csv","agent"
"C02574","Transmission Corporation of Telangana Limited (TGTRANSCO)","Government Company (PSU)","State PSU","Telangana","Hyderabad","Power","Transmission","Unlisted","","","","","state_psu_south_east_ne.csv","agent"
"C02575","Southern Power Distribution Company of Telangana Limited (TGSPDCL)","Government Company (PSU)","State PSU","Telangana","Hyderabad","Power","Distribution","Unlisted","","","","","state_psu_south_east_ne.csv","agent"
"C02576","Northern Power Distribution Company of Telangana Limited (TGNPDCL)","Government Company (PSU)","State PSU","Telangana","Warangal","Power","Distribution","Unlisted","","","","","state_psu_south_east_ne.csv","agent"
"C02577","Telangana State Road Transport Corporation (TGSRTC)","Statutory Corporation","State PSU","Telangana","Hyderabad","Transport","Road transport","Unlisted","","","","","state_psu_south_east_ne.csv","agent"
"C02578","Telangana State Industrial Infrastructure Corporation (TGIIC)","Government Company (PSU)","State PSU","Telangana","Hyderabad","Industrial Development","Industrial parks","Unlisted","","","","","state_psu_south_east_ne.csv","agent"
"C02579","Telangana State Financial Corporation (TGSFC)","Statutory Corporation","State PSU","Telangana","Hyderabad","Banking & Financial Services","State finance corporation","Unlisted","","","","","state_psu_south_east_ne.csv","agent"
"C02580","Telangana State Mineral Development Corporation (TGMDC)","Government Company (PSU)","State PSU","Telangana","Hyderabad","Mining","Minerals","Unlisted","","","","","state_psu_south_east_ne.csv","agent"
"C02581","Telangana State Tourism Development Corporation (TGTDC)","Government Company (PSU)","State PSU","Telangana","Hyderabad","Tourism","Tourism development","Unlisted","","","","","state_psu_south_east_ne.csv","agent"
"C02582","Telangana State Civil Supplies Corporation","Government Company (PSU)","State PSU","Telangana","Hyderabad","Food & Civil Supplies","Public distribution","Unlisted","","","","","state_psu_south_east_ne.csv","agent"
"C02583","Telangana State Warehousing Corporation","Statutory Corporation","State PSU","Telangana","Hyderabad","Warehousing & Logistics","Warehousing","Unlisted","","","","","state_psu_south_east_ne.csv","agent"
"C02584","Telangana State Beverages Corporation Limited (TGBCL)","Government Company (PSU)","State PSU","Telangana","Hyderabad","Retail & Distribution","Liquor wholesale","Unlisted","","","","","state_psu_south_east_ne.csv","agent"
"C02585","Telangana State Handloom Weavers Cooperative Society (TSCO)","Cooperative Society","Cooperative","Telangana","Hyderabad","Textiles & Handloom","Handloom","Unlisted","","","","","state_psu_south_east_ne.csv","agent"
"C02586","Telangana State Technology Services (TSTS)","Government Company (PSU)","State PSU","Telangana","Hyderabad","Information Technology","IT services","Unlisted","","","","","state_psu_south_east_ne.csv","agent"
"C02587","Telangana State Forest Development Corporation","Government Company (PSU)","State PSU","Telangana","Hyderabad","Forestry","Forest produce","Unlisted","","","","","state_psu_south_east_ne.csv","agent"
"C02588","Telangana State Housing Corporation Limited","Government Company (PSU)","State PSU","Telangana","Hyderabad","Housing","Housing","Unlisted","","","","","state_psu_south_east_ne.csv","agent"
"C02589","Telangana State Medical Services and Infrastructure Development Corporation (TGMSIDC)","Government Company (PSU)","State PSU","Telangana","Hyderabad","Healthcare","Medical procurement","Unlisted","","","","","state_psu_south_east_ne.csv","agent"
"C02590","Telangana State Cooperative Apex Bank Limited (TSCAB)","Cooperative Society","Cooperative","Telangana","Hyderabad","Banking & Financial Services","Cooperative bank","Unlisted","","","","","state_psu_south_east_ne.csv","agent"
"C02591","Telangana Dairy Development Cooperative Federation (Vijaya Dairy)","Cooperative Society","Cooperative","Telangana","Hyderabad","Dairy","Dairy federation","Unlisted","","","","","state_psu_south_east_ne.csv","agent"
"C02592","Hyderabad Metropolitan Water Supply and Sewerage Board (HMWSSB)","Statutory Corporation","State PSU","Telangana","Hyderabad","Utilities","Water and sewerage","Unlisted","","","","","state_psu_south_east_ne.csv","agent"
"C02593","Telangana State Seeds Development Corporation","Government Company (PSU)","State PSU","Telangana","Hyderabad","Agriculture","Seeds","Unlisted","","","","","state_psu_south_east_ne.csv","agent"
"C02594","L&T Metro Rail (Hyderabad) Limited","Private Limited","Private (Indian)","Telangana","Hyderabad","Transport","Metro rail","Unlisted","","","","","state_psu_south_east_ne.csv","agent"
"C02595","Hetero Drugs Limited","Private Limited","Private (Indian)","Telangana","Hyderabad","Pharmaceuticals","Pharma","Unlisted","","","","","state_psu_south_east_ne.csv","agent"
"C02596","Bharat Biotech International Limited","Private Limited","Private (Indian)","Telangana","Hyderabad","Pharmaceuticals","Vaccines","Unlisted","","","","","state_psu_south_east_ne.csv","agent"
"C02597","Biological E. Limited","Private Limited","Private (Indian)","Telangana","Hyderabad","Pharmaceuticals","Vaccines","Unlisted","","","","","state_psu_south_east_ne.csv","agent"
"C02598","Puducherry Power Corporation Limited (PPCL)","Government Company (PSU)","State PSU","Puducherry","Puducherry","Power","Power procurement","Unlisted","","","","","state_psu_south_east_ne.csv","agent"
"C02599","Puducherry Road Transport Corporation (PRTC)","Statutory Corporation","State PSU","Puducherry","Puducherry","Transport","Road transport","Unlisted","","","","","state_psu_south_east_ne.csv","agent"
"C02600","Puducherry Industrial Promotion Development and Investment Corporation Limited (PIPDIC)","Government Company (PSU)","State PSU","Puducherry","Puducherry","Industrial Development","Industrial promotion","Unlisted","","","","","state_psu_south_east_ne.csv","agent"
"C02601","Pondicherry Agro Service and Industries Corporation Limited (PASIC)","Government Company (PSU)","State PSU","Puducherry","Puducherry","Agriculture","Agri services","Unlisted","","","","","state_psu_south_east_ne.csv","agent"
"C02602","Puducherry Tourism Development Corporation (PTDC)","Government Company (PSU)","State PSU","Puducherry","Puducherry","Tourism","Tourism development","Unlisted","","","","","state_psu_south_east_ne.csv","agent"
"C02603","Pondicherry Co-operative Milk Producers Union (PONLAIT)","Cooperative Society","Cooperative","Puducherry","Puducherry","Dairy","Dairy cooperative","Unlisted","","","","","state_psu_south_east_ne.csv","agent"
"C02604","Puducherry State Cooperative Bank Limited","Cooperative Society","Cooperative","Puducherry","Puducherry","Banking & Financial Services","Cooperative bank","Unlisted","","","","","state_psu_south_east_ne.csv","agent"
"C02605","Pondicherry Textile Corporation (PATCO)","Government Company (PSU)","State PSU","Puducherry","Puducherry","Textiles & Handloom","Textiles","Unlisted","","","","","state_psu_south_east_ne.csv","agent"
"C02606","Lakshadweep Development Corporation Limited (LDCL)","Government Company (PSU)","State PSU","Lakshadweep","Kavaratti","Fisheries","Fisheries and development","Unlisted","","","","","state_psu_south_east_ne.csv","agent"
"C02607","Lakshadweep Cooperative Marketing Federation Limited (LCMF)","Cooperative Society","Cooperative","Lakshadweep","Kavaratti","Retail & Distribution","Cooperative marketing","Unlisted","","","","","state_psu_south_east_ne.csv","agent"
"C02608","Andaman and Nicobar Islands Integrated Development Corporation Limited (ANIIDCO)","Government Company (PSU)","State PSU","Andaman and Nicobar Islands","Port Blair","Industrial Development","Integrated development","Unlisted","","","","","state_psu_south_east_ne.csv","agent"
"C02609","Andaman and Nicobar Islands Forest and Plantation Development Corporation Limited (ANIFPDCL)","Government Company (PSU)","State PSU","Andaman and Nicobar Islands","Port Blair","Forestry","Forest and plantation","Unlisted","","","","","state_psu_south_east_ne.csv","agent"
"C02610","Andaman and Nicobar State Cooperative Bank Limited","Cooperative Society","Cooperative","Andaman and Nicobar Islands","Port Blair","Banking & Financial Services","Cooperative bank","Unlisted","","","","","state_psu_south_east_ne.csv","agent"
"C02611","Grid Corporation of Odisha Limited (GRIDCO)","Government Company (PSU)","State PSU","Odisha","Bhubaneswar","Power","Bulk supply","Unlisted","","","","","state_psu_south_east_ne.csv","agent"
"C02612","Odisha Power Transmission Corporation Limited (OPTCL)","Government Company (PSU)","State PSU","Odisha","Bhubaneswar","Power","Transmission","Unlisted","","","","","state_psu_south_east_ne.csv","agent"
"C02613","Odisha Hydro Power Corporation Limited (OHPC)","Government Company (PSU)","State PSU","Odisha","Bhubaneswar","Power","Hydro generation","Unlisted","","","","","state_psu_south_east_ne.csv","agent"
"C02614","Odisha Power Generation Corporation Limited (OPGC)","Government Company (PSU)","State PSU","Odisha","Bhubaneswar","Power","Thermal generation","Unlisted","","","","","state_psu_south_east_ne.csv","agent"
"C02615","TP Central Odisha Distribution Limited (TPCODL)","Government Company (PSU)","Joint Venture","Odisha","Bhubaneswar","Power","Distribution","Unlisted","","","","","state_psu_south_east_ne.csv","agent"
"C02616","TP Northern Odisha Distribution Limited (TPNODL)","Government Company (PSU)","Joint Venture","Odisha","Balasore","Power","Distribution","Unlisted","","","","","state_psu_south_east_ne.csv","agent"
"C02617","TP Southern Odisha Distribution Limited (TPSODL)","Government Company (PSU)","Joint Venture","Odisha","Berhampur","Power","Distribution","Unlisted","","","","","state_psu_south_east_ne.csv","agent"
"C02618","TP Western Odisha Distribution Limited (TPWODL)","Government Company (PSU)","Joint Venture","Odisha","Burla","Power","Distribution","Unlisted","","","","","state_psu_south_east_ne.csv","agent"
"C02619","Odisha State Road Transport Corporation (OSRTC)","Statutory Corporation","State PSU","Odisha","Bhubaneswar","Transport","Road transport","Unlisted","","","","","state_psu_south_east_ne.csv","agent"
"C02620","Industrial Development Corporation of Odisha Limited (IDCO)","Government Company (PSU)","State PSU","Odisha","Bhubaneswar","Industrial Development","Industrial land and infrastructure","Unlisted","","","","","state_psu_south_east_ne.csv","agent"
"C02621","Industrial Promotion and Investment Corporation of Odisha Limited (IPICOL)","Government Company (PSU)","State PSU","Odisha","Bhubaneswar","Industrial Development","Investment promotion","Unlisted","","","","","state_psu_south_east_ne.csv","agent"
"C02622","Odisha State Financial Corporation (OSFC)","Statutory Corporation","State PSU","Odisha","Cuttack","Banking & Financial Services","State finance corporation","Unlisted","","","","","state_psu_south_east_ne.csv","agent"
"C02623","Odisha Small Industries Corporation (OSIC)","Government Company (PSU)","State PSU","Odisha","Bhubaneswar","Industrial Development","MSME support","Unlisted","","","","","state_psu_south_east_ne.csv","agent"
"C02624","Odisha Mining Corporation Limited (OMC)","Government Company (PSU)","State PSU","Odisha","Bhubaneswar","Mining","Iron ore and minerals","Unlisted","","","","","state_psu_south_east_ne.csv","agent"
"C02625","Odisha State Civil Supplies Corporation Limited","Government Company (PSU)","State PSU","Odisha","Bhubaneswar","Food & Civil Supplies","Public distribution","Unlisted","","","","","state_psu_south_east_ne.csv","agent"
"C02626","Odisha State Warehousing Corporation","Statutory Corporation","State PSU","Odisha","Bhubaneswar","Warehousing & Logistics","Warehousing","Unlisted","","","","","state_psu_south_east_ne.csv","agent"
"C02627","Odisha Tourism Development Corporation (OTDC)","Government Company (PSU)","State PSU","Odisha","Bhubaneswar","Tourism","Tourism development","Unlisted","","","","","state_psu_south_east_ne.csv","agent"
"C02628","Odisha State Beverage Corporation Limited (OSBC)","Government Company (PSU)","State PSU","Odisha","Bhubaneswar","Retail & Distribution","Liquor wholesale","Unlisted","","","","","state_psu_south_east_ne.csv","agent"
"C02629","Odisha Forest Development Corporation Limited (OFDC)","Government Company (PSU)","State PSU","Odisha","Bhubaneswar","Forestry","Forest produce","Unlisted","","","","","state_psu_south_east_ne.csv","agent"
"C02630","Odisha State Medical Corporation Limited (OSMCL)","Government Company (PSU)","State PSU","Odisha","Bhubaneswar","Healthcare","Medical procurement","Unlisted","","","","","state_psu_south_east_ne.csv","agent"
"C02631","Odisha Agro Industries Corporation Limited","Government Company (PSU)","State PSU","Odisha","Bhubaneswar","Agriculture","Agri inputs","Unlisted","","","","","state_psu_south_east_ne.csv","agent"
"C02632","Odisha State Seeds Corporation Limited","Government Company (PSU)","State PSU","Odisha","Bhubaneswar","Agriculture","Seeds","Unlisted","","","","","state_psu_south_east_ne.csv","agent"
"C02633","Odisha Lift Irrigation Corporation Limited","Government Company (PSU)","State PSU","Odisha","Bhubaneswar","Irrigation","Lift irrigation","Unlisted","","","","","state_psu_south_east_ne.csv","agent"
"C02634","Odisha Bridge and Construction Corporation Limited","Government Company (PSU)","State PSU","Odisha","Bhubaneswar","Infrastructure","Construction","Unlisted","","","","","state_psu_south_east_ne.csv","agent"
"C02635","Odisha Computer Application Centre (OCAC)","Government Company (PSU)","State PSU","Odisha","Bhubaneswar","Information Technology","IT services","Unlisted","","","","","state_psu_south_east_ne.csv","agent"
"C02636","Odisha State Cooperative Milk Producers Federation (OMFED)","Cooperative Society","Cooperative","Odisha","Bhubaneswar","Dairy","Dairy federation","Unlisted","","","","","state_psu_south_east_ne.csv","agent"
"C02637","Odisha State Cooperative Bank Limited","Cooperative Society","Cooperative","Odisha","Bhubaneswar","Banking & Financial Services","Cooperative bank","Unlisted","","","","","state_psu_south_east_ne.csv","agent"
"C02638","Utkalika (Odisha State Handicrafts Cooperative Corporation)","Cooperative Society","Cooperative","Odisha","Bhubaneswar","Textiles & Handloom","Handicrafts","Unlisted","","","","","state_psu_south_east_ne.csv","agent"
"C02639","Boyanika (Odisha State Cooperative Handloom Weavers Society)","Cooperative Society","Cooperative","Odisha","Bhubaneswar","Textiles & Handloom","Handloom","Unlisted","","","","","state_psu_south_east_ne.csv","agent"
"C02640","Indian Metals & Ferro Alloys Limited (IMFA)","Public Limited","Private (Indian)","Odisha","Bhubaneswar","Metals","Ferro alloys","Listed-NSE+BSE","IMFA","INE919H01018","EQ","","state_psu_south_east_ne.csv","agent"
"C02641","West Bengal State Electricity Distribution Company Limited (WBSEDCL)","Government Company (PSU)","State PSU","West Bengal","Kolkata","Power","Distribution","Unlisted","","","","","state_psu_south_east_ne.csv","agent"
"C02642","West Bengal Power Development Corporation Limited (WBPDCL)","Government Company (PSU)","State PSU","West Bengal","Kolkata","Power","Generation","Unlisted","","","","","state_psu_south_east_ne.csv","agent"
"C02643","West Bengal State Electricity Transmission Company Limited (WBSETCL)","Government Company (PSU)","State PSU","West Bengal","Kolkata","Power","Transmission","Unlisted","","","","","state_psu_south_east_ne.csv","agent"
"C02644","Durgapur Projects Limited (DPL)","Government Company (PSU)","State PSU","West Bengal","Durgapur","Power","Generation and chemicals","Unlisted","","","","","state_psu_south_east_ne.csv","agent"
"C02645","West Bengal Industrial Development Corporation Limited (WBIDC)","Government Company (PSU)","State PSU","West Bengal","Kolkata","Industrial Development","Industrial promotion","Unlisted","","","","","state_psu_south_east_ne.csv","agent"
"C02646","West Bengal Industrial Infrastructure Development Corporation (WBIIDC)","Government Company (PSU)","State PSU","West Bengal","Kolkata","Industrial Development","Industrial parks","Unlisted","","","","","state_psu_south_east_ne.csv","agent"
"C02647","West Bengal Financial Corporation (WBFC)","Statutory Corporation","State PSU","West Bengal","Kolkata","Banking & Financial Services","State finance corporation","Unlisted","","","","","state_psu_south_east_ne.csv","agent"
"C02648","West Bengal Small Industries Development Corporation (WBSIDC)","Government Company (PSU)","State PSU","West Bengal","Kolkata","Industrial Development","MSME support","Unlisted","","","","","state_psu_south_east_ne.csv","agent"
"C02649","West Bengal Electronics Industry Development Corporation Limited (WEBEL)","Government Company (PSU)","State PSU","West Bengal","Kolkata","Information Technology","Electronics and IT","Unlisted","","","","","state_psu_south_east_ne.csv","agent"
"C02650","West Bengal Housing Infrastructure Development Corporation (WBHIDCO)","Government Company (PSU)","State PSU","West Bengal","Kolkata","Housing","Urban development","Unlisted","","","","","state_psu_south_east_ne.csv","agent"
"C02651","West Bengal Mineral Development and Trading Corporation Limited (WBMDTCL)","Government Company (PSU)","State PSU","West Bengal","Kolkata","Mining","Minerals","Unlisted","","","","","state_psu_south_east_ne.csv","agent"
"C02652","West Bengal Surface Transport Corporation (WBSTC)","Statutory Corporation","State PSU","West Bengal","Kolkata","Transport","Road transport","Unlisted","","","","","state_psu_south_east_ne.csv","agent"
"C02653","Calcutta State Transport Corporation (CSTC)","Statutory Corporation","State PSU","West Bengal","Kolkata","Transport","Road transport","Unlisted","","","","","state_psu_south_east_ne.csv","agent"
"C02654","North Bengal State Transport Corporation (NBSTC)","Statutory Corporation","State PSU","West Bengal","Siliguri","Transport","Road transport","Unlisted","","","","","state_psu_south_east_ne.csv","agent"
"C02655","South Bengal State Transport Corporation (SBSTC)","Statutory Corporation","State PSU","West Bengal","Kolkata","Transport","Road transport","Unlisted","","","","","state_psu_south_east_ne.csv","agent"
"C02656","Calcutta Tramways Company (1978) Limited","Government Company (PSU)","State PSU","West Bengal","Kolkata","Transport","Tram","Unlisted","","","","","state_psu_south_east_ne.csv","agent"
"C02657","West Bengal Tourism Development Corporation Limited (WBTDC)","Government Company (PSU)","State PSU","West Bengal","Kolkata","Tourism","Tourism development","Unlisted","","","","","state_psu_south_east_ne.csv","agent"
"C02658","West Bengal State Warehousing Corporation","Statutory Corporation","State PSU","West Bengal","Kolkata","Warehousing & Logistics","Warehousing","Unlisted","","","","","state_psu_south_east_ne.csv","agent"
"C02659","West Bengal Essential Commodities Supply Corporation Limited (WBECSC)","Government Company (PSU)","State PSU","West Bengal","Kolkata","Food & Civil Supplies","Public distribution","Unlisted","","","","","state_psu_south_east_ne.csv","agent"
"C02660","Tantuja (West Bengal State Handloom Weavers Cooperative Society)","Cooperative Society","Cooperative","West Bengal","Kolkata","Textiles & Handloom","Handloom","Unlisted","","","","","state_psu_south_east_ne.csv","agent"
"C02661","Biswa Bangla (West Bengal Handicrafts Development Corporation)","Government Company (PSU)","State PSU","West Bengal","Kolkata","Textiles & Handloom","Handicrafts","Unlisted","","","","","state_psu_south_east_ne.csv","agent"
"C02662","West Bengal Cooperative Milk Producers Federation (Banglar Dairy)","Cooperative Society","Cooperative","West Bengal","Kolkata","Dairy","Dairy federation","Unlisted","","","","","state_psu_south_east_ne.csv","agent"
"C02663","West Bengal Agro Industries Corporation Limited","Government Company (PSU)","State PSU","West Bengal","Kolkata","Agriculture","Agri inputs","Unlisted","","","","","state_psu_south_east_ne.csv","agent"
"C02664","West Bengal Forest Development Corporation Limited","Government Company (PSU)","State PSU","West Bengal","Kolkata","Forestry","Forest produce","Unlisted","","","","","state_psu_south_east_ne.csv","agent"
"C02665","West Bengal State Cooperative Bank Limited","Cooperative Society","Cooperative","West Bengal","Kolkata","Banking & Financial Services","Cooperative bank","Unlisted","","","","","state_psu_south_east_ne.csv","agent"
"C02666","Kalyani Spinning Mills Limited","Government Company (PSU)","State PSU","West Bengal","Kalyani","Textiles & Handloom","Spinning","Unlisted","","","","","state_psu_south_east_ne.csv","agent"
"C02667","Titagarh Rail Systems Limited","Public Limited","Private (Indian)","West Bengal","Kolkata","Manufacturing","Rolling stock","Listed-NSE+BSE","TITAGARH","INE615H01020","EQ","","state_psu_south_east_ne.csv","agent"
"C02668","Bihar State Power Holding Company Limited (BSPHCL)","Government Company (PSU)","State PSU","Bihar","Patna","Power","Holding company","Unlisted","","","","","state_psu_south_east_ne.csv","agent"
"C02669","North Bihar Power Distribution Company Limited (NBPDCL)","Government Company (PSU)","State PSU","Bihar","Patna","Power","Distribution","Unlisted","","","","","state_psu_south_east_ne.csv","agent"
"C02670","South Bihar Power Distribution Company Limited (SBPDCL)","Government Company (PSU)","State PSU","Bihar","Patna","Power","Distribution","Unlisted","","","","","state_psu_south_east_ne.csv","agent"
"C02671","Bihar State Power Generation Company Limited (BSPGCL)","Government Company (PSU)","State PSU","Bihar","Patna","Power","Generation","Unlisted","","","","","state_psu_south_east_ne.csv","agent"
"C02672","Bihar State Power Transmission Company Limited (BSPTCL)","Government Company (PSU)","State PSU","Bihar","Patna","Power","Transmission","Unlisted","","","","","state_psu_south_east_ne.csv","agent"
"C02673","Bihar State Road Transport Corporation (BSRTC)","Statutory Corporation","State PSU","Bihar","Patna","Transport","Road transport","Unlisted","","","","","state_psu_south_east_ne.csv","agent"
"C02674","Bihar Industrial Area Development Authority (BIADA)","Statutory Corporation","State PSU","Bihar","Patna","Industrial Development","Industrial parks","Unlisted","","","","","state_psu_south_east_ne.csv","agent"
"C02675","Bihar State Financial Corporation (BSFC)","Statutory Corporation","State PSU","Bihar","Patna","Banking & Financial Services","State finance corporation","Unlisted","","","","","state_psu_south_east_ne.csv","agent"
"C02676","Bihar State Food and Civil Supplies Corporation Limited","Government Company (PSU)","State PSU","Bihar","Patna","Food & Civil Supplies","Public distribution","Unlisted","","","","","state_psu_south_east_ne.csv","agent"
"C02677","Bihar State Warehousing Corporation","Statutory Corporation","State PSU","Bihar","Patna","Warehousing & Logistics","Warehousing","Unlisted","","","","","state_psu_south_east_ne.csv","agent"
"C02678","Bihar State Tourism Development Corporation (BSTDC)","Government Company (PSU)","State PSU","Bihar","Patna","Tourism","Tourism development","Unlisted","","","","","state_psu_south_east_ne.csv","agent"
"C02679","Bihar State Mining Development Corporation Limited (BSMDC)","Government Company (PSU)","State PSU","Bihar","Patna","Mining","Minerals","Unlisted","","","","","state_psu_south_east_ne.csv","agent"
"C02680","Bihar State Milk Co-operative Federation (COMFED - Sudha)","Cooperative Society","Cooperative","Bihar","Patna","Dairy","Dairy federation","Unlisted","","","","","state_psu_south_east_ne.csv","agent"
"C02681","Bihar State Bridge Construction Corporation Limited","Government Company (PSU)","State PSU","Bihar","Patna","Infrastructure","Bridges","Unlisted","","","","","state_psu_south_east_ne.csv","agent"
"C02682","Bihar State Electronics Development Corporation Limited (BELTRON)","Government Company (PSU)","State PSU","Bihar","Patna","Information Technology","Electronics and IT","Unlisted","","","","","state_psu_south_east_ne.csv","agent"
"C02683","Bihar Medical Services and Infrastructure Corporation Limited (BMSICL)","Government Company (PSU)","State PSU","Bihar","Patna","Healthcare","Medical procurement","Unlisted","","","","","state_psu_south_east_ne.csv","agent"
"C02684","Bihar Urban Infrastructure Development Corporation Limited (BUIDCO)","Government Company (PSU)","State PSU","Bihar","Patna","Infrastructure","Urban infrastructure","Unlisted","","","","","state_psu_south_east_ne.csv","agent"
"C02685","Bihar State Seeds Corporation Limited","Government Company (PSU)","State PSU","Bihar","Patna","Agriculture","Seeds","Unlisted","","","","","state_psu_south_east_ne.csv","agent"
"C02686","Bihar State Housing Board","Statutory Corporation","State PSU","Bihar","Patna","Housing","Housing","Unlisted","","","","","state_psu_south_east_ne.csv","agent"
"C02687","Bihar State Cooperative Bank Limited","Cooperative Society","Cooperative","Bihar","Patna","Banking & Financial Services","Cooperative bank","Unlisted","","","","","state_psu_south_east_ne.csv","agent"
"C02688","Jharkhand Bijli Vitran Nigam Limited (JBVNL)","Government Company (PSU)","State PSU","Jharkhand","Ranchi","Power","Distribution","Unlisted","","","","","state_psu_south_east_ne.csv","agent"
"C02689","Jharkhand Urja Utpadan Nigam Limited (JUUNL)","Government Company (PSU)","State PSU","Jharkhand","Ranchi","Power","Generation","Unlisted","","","","","state_psu_south_east_ne.csv","agent"
"C02690","Jharkhand Urja Sancharan Nigam Limited (JUSNL)","Government Company (PSU)","State PSU","Jharkhand","Ranchi","Power","Transmission","Unlisted","","","","","state_psu_south_east_ne.csv","agent"
"C02691","Jharkhand Urja Vikas Nigam Limited (JUVNL)","Government Company (PSU)","State PSU","Jharkhand","Ranchi","Power","Holding company","Unlisted","","","","","state_psu_south_east_ne.csv","agent"
"C02692","Tenughat Vidyut Nigam Limited (TVNL)","Government Company (PSU)","State PSU","Jharkhand","Ranchi","Power","Generation","Unlisted","","","","","state_psu_south_east_ne.csv","agent"
"C02693","Jharkhand State Mineral Development Corporation Limited (JSMDC)","Government Company (PSU)","State PSU","Jharkhand","Ranchi","Mining","Minerals","Unlisted","","","","","state_psu_south_east_ne.csv","agent"
"C02694","Jharkhand Tourism Development Corporation","Government Company (PSU)","State PSU","Jharkhand","Ranchi","Tourism","Tourism development","Unlisted","","","","","state_psu_south_east_ne.csv","agent"
"C02695","Jharkhand State Beverages Corporation Limited (JSBCL)","Government Company (PSU)","State PSU","Jharkhand","Ranchi","Retail & Distribution","Liquor wholesale","Unlisted","","","","","state_psu_south_east_ne.csv","agent"
"C02696","Jharkhand State Housing Board","Statutory Corporation","State PSU","Jharkhand","Ranchi","Housing","Housing","Unlisted","","","","","state_psu_south_east_ne.csv","agent"
"C02697","Jharkhand State Cooperative Milk Producers Federation (Medha)","Cooperative Society","Cooperative","Jharkhand","Ranchi","Dairy","Dairy federation","Unlisted","","","","","state_psu_south_east_ne.csv","agent"
"C02698","Jharkhand State Cooperative Bank Limited","Cooperative Society","Cooperative","Jharkhand","Ranchi","Banking & Financial Services","Cooperative bank","Unlisted","","","","","state_psu_south_east_ne.csv","agent"
"C02699","Jharkhand State Khadi Gramodyog Board (Jharcraft)","Government Company (PSU)","State PSU","Jharkhand","Ranchi","Textiles & Handloom","Handloom and handicrafts","Unlisted","","","","","state_psu_south_east_ne.csv","agent"
"C02700","Tata Steel Utilities and Infrastructure Services Limited","Private Limited","Private (Indian)","Jharkhand","Jamshedpur","Utilities","Township services","Unlisted","","","","","state_psu_south_east_ne.csv","agent"
"C02701","Assam Power Distribution Company Limited (APDCL)","Government Company (PSU)","State PSU","Assam","Guwahati","Power","Distribution","Unlisted","","","","","state_psu_south_east_ne.csv","agent"
"C02702","Assam Electricity Grid Corporation Limited (AEGCL)","Government Company (PSU)","State PSU","Assam","Guwahati","Power","Transmission","Unlisted","","","","","state_psu_south_east_ne.csv","agent"
"C02703","Assam Power Generation Corporation Limited (APGCL)","Government Company (PSU)","State PSU","Assam","Guwahati","Power","Generation","Unlisted","","","","","state_psu_south_east_ne.csv","agent"
"C02704","Assam State Transport Corporation (ASTC)","Statutory Corporation","State PSU","Assam","Guwahati","Transport","Road transport","Unlisted","","","","","state_psu_south_east_ne.csv","agent"
"C02705","Assam Industrial Development Corporation Limited (AIDC)","Government Company (PSU)","State PSU","Assam","Guwahati","Industrial Development","Industrial promotion","Unlisted","","","","","state_psu_south_east_ne.csv","agent"
"C02706","Assam Financial Corporation (AFC)","Statutory Corporation","State PSU","Assam","Guwahati","Banking & Financial Services","State finance corporation","Unlisted","","","","","state_psu_south_east_ne.csv","agent"
"C02707","Assam Small Industries Development Corporation (ASIDC)","Government Company (PSU)","State PSU","Assam","Guwahati","Industrial Development","MSME support","Unlisted","","","","","state_psu_south_east_ne.csv","agent"
"C02708","Assam Tourism Development Corporation Limited (ATDC)","Government Company (PSU)","State PSU","Assam","Guwahati","Tourism","Tourism development","Unlisted","","","","","state_psu_south_east_ne.csv","agent"
"C02709","Assam State Warehousing Corporation","Statutory Corporation","State PSU","Assam","Guwahati","Warehousing & Logistics","Warehousing","Unlisted","","","","","state_psu_south_east_ne.csv","agent"
"C02710","Assam Plantation Crops Development Corporation Limited (APCDC)","Government Company (PSU)","State PSU","Assam","Guwahati","Agriculture","Plantations","Unlisted","","","","","state_psu_south_east_ne.csv","agent"
"C02711","Assam Gas Company Limited (AGCL)","Government Company (PSU)","State PSU","Assam","Duliajan","Oil & Gas","Gas distribution","Unlisted","","","","","state_psu_south_east_ne.csv","agent"
"C02712","Assam Petrochemicals Limited (APL)","Government Company (PSU)","State PSU","Assam","Namrup","Chemicals","Petrochemicals","Unlisted","","","","","state_psu_south_east_ne.csv","agent"
"C02713","Assam State Housing Board","Statutory Corporation","State PSU","Assam","Guwahati","Housing","Housing","Unlisted","","","","","state_psu_south_east_ne.csv","agent"
"C02714","Assam Electronics Development Corporation Limited (AMTRON)","Government Company (PSU)","State PSU","Assam","Guwahati","Information Technology","Electronics and IT","Unlisted","","","","","state_psu_south_east_ne.csv","agent"
"C02715","Assam Government Marketing Corporation Limited (AGMC)","Government Company (PSU)","State PSU","Assam","Guwahati","Retail & Distribution","Government marketing","Unlisted","","","","","state_psu_south_east_ne.csv","agent"
"C02716","Assam State Seeds Corporation Limited","Government Company (PSU)","State PSU","Assam","Guwahati","Agriculture","Seeds","Unlisted","","","","","state_psu_south_east_ne.csv","agent"
"C02717","Assam Co-operative Apex Bank Limited (ARCS Apex Bank)","Cooperative Society","Cooperative","Assam","Guwahati","Banking & Financial Services","Cooperative bank","Unlisted","","","","","state_psu_south_east_ne.csv","agent"
"C02718","Assam Apex Weavers and Artisans Co-operative Federation (ARTFED)","Cooperative Society","Cooperative","Assam","Guwahati","Textiles & Handloom","Handloom and handicrafts","Unlisted","","","","","state_psu_south_east_ne.csv","agent"
"C02719","Assam Company (India) Limited","Private Limited","Private (Indian)","Assam","Guwahati","Agriculture","Tea","Unlisted","","","","","state_psu_south_east_ne.csv","agent"
"C02720","Meghalaya Power Distribution Corporation Limited (MePDCL)","Government Company (PSU)","State PSU","Meghalaya","Shillong","Power","Distribution","Unlisted","","","","","state_psu_south_east_ne.csv","agent"
"C02721","Meghalaya Power Generation Corporation Limited (MePGCL)","Government Company (PSU)","State PSU","Meghalaya","Shillong","Power","Generation","Unlisted","","","","","state_psu_south_east_ne.csv","agent"
"C02722","Meghalaya Power Transmission Corporation Limited (MePTCL)","Government Company (PSU)","State PSU","Meghalaya","Shillong","Power","Transmission","Unlisted","","","","","state_psu_south_east_ne.csv","agent"
"C02723","Meghalaya Energy Corporation Limited (MeECL)","Government Company (PSU)","State PSU","Meghalaya","Shillong","Power","Holding company","Unlisted","","","","","state_psu_south_east_ne.csv","agent"
"C02724","Meghalaya Transport Corporation (MTC)","Statutory Corporation","State PSU","Meghalaya","Shillong","Transport","Road transport","Unlisted","","","","","state_psu_south_east_ne.csv","agent"
"C02725","Meghalaya Tourism Development Corporation Limited (MTDC)","Government Company (PSU)","State PSU","Meghalaya","Shillong","Tourism","Tourism development","Unlisted","","","","","state_psu_south_east_ne.csv","agent"
"C02726","Meghalaya Infrastructure Development and Finance Corporation (MIDFC)","Government Company (PSU)","State PSU","Meghalaya","Shillong","Infrastructure","Infrastructure finance","Unlisted","","","","","state_psu_south_east_ne.csv","agent"
"C02727","Meghalaya Industrial Development Corporation Limited (MIDC)","Government Company (PSU)","State PSU","Meghalaya","Shillong","Industrial Development","Industrial promotion","Unlisted","","","","","state_psu_south_east_ne.csv","agent"
"C02728","Meghalaya Cooperative Apex Bank Limited (MCAB)","Cooperative Society","Cooperative","Meghalaya","Shillong","Banking & Financial Services","Cooperative bank","Unlisted","","","","","state_psu_south_east_ne.csv","agent"
"C02729","Manipur State Power Distribution Company Limited (MSPDCL)","Government Company (PSU)","State PSU","Manipur","Imphal","Power","Distribution","Unlisted","","","","","state_psu_south_east_ne.csv","agent"
"C02730","Manipur State Power Company Limited (MSPCL)","Government Company (PSU)","State PSU","Manipur","Imphal","Power","Transmission","Unlisted","","","","","state_psu_south_east_ne.csv","agent"
"C02731","Manipur Industrial Development Corporation Limited (MANIDCO)","Government Company (PSU)","State PSU","Manipur","Imphal","Industrial Development","Industrial promotion","Unlisted","","","","","state_psu_south_east_ne.csv","agent"
"C02732","Manipur Tourism Corporation Limited","Government Company (PSU)","State PSU","Manipur","Imphal","Tourism","Tourism development","Unlisted","","","","","state_psu_south_east_ne.csv","agent"
"C02733","Manipur Handloom and Handicrafts Development Corporation Limited (MHHDC)","Government Company (PSU)","State PSU","Manipur","Imphal","Textiles & Handloom","Handloom and handicrafts","Unlisted","","","","","state_psu_south_east_ne.csv","agent"
"C02734","Manipur Food Industries Corporation Limited (MFIC)","Government Company (PSU)","State PSU","Manipur","Imphal","Food Processing","Food processing","Unlisted","","","","","state_psu_south_east_ne.csv","agent"
"C02735","Manipur State Cooperative Bank Limited","Cooperative Society","Cooperative","Manipur","Imphal","Banking & Financial Services","Cooperative bank","Unlisted","","","","","state_psu_south_east_ne.csv","agent"
"C02736","Manipur Police Housing Corporation Limited","Government Company (PSU)","State PSU","Manipur","Imphal","Housing","Police housing","Unlisted","","","","","state_psu_south_east_ne.csv","agent"
"C02737","Zoram Electronics Development Corporation (ZENICS)","Government Company (PSU)","State PSU","Mizoram","Aizawl","Information Technology","Electronics and IT","Unlisted","","","","","state_psu_south_east_ne.csv","agent"
"C02738","Mizoram Food and Allied Industries Corporation Limited (MIFCO)","Government Company (PSU)","State PSU","Mizoram","Aizawl","Food Processing","Food processing","Unlisted","","","","","state_psu_south_east_ne.csv","agent"
"C02739","Zoram Handloom and Handicrafts Development Corporation (ZOHANDCO)","Government Company (PSU)","State PSU","Mizoram","Aizawl","Textiles & Handloom","Handloom and handicrafts","Unlisted","","","","","state_psu_south_east_ne.csv","agent"
"C02740","Mizoram Cooperative Apex Bank Limited (MIZOBANK)","Cooperative Society","Cooperative","Mizoram","Aizawl","Banking & Financial Services","Cooperative bank","Unlisted","","","","","state_psu_south_east_ne.csv","agent"
"C02741","Mizoram Industrial Development Corporation","Government Company (PSU)","State PSU","Mizoram","Aizawl","Industrial Development","Industrial promotion","Unlisted","","","","","state_psu_south_east_ne.csv","agent"
"C02742","Nagaland Industrial Development Corporation Limited (NIDC)","Government Company (PSU)","State PSU","Nagaland","Dimapur","Industrial Development","Industrial promotion","Unlisted","","","","","state_psu_south_east_ne.csv","agent"
"C02743","Nagaland Handloom and Handicrafts Development Corporation Limited (NHHDC)","Government Company (PSU)","State PSU","Nagaland","Kohima","Textiles & Handloom","Handloom and handicrafts","Unlisted","","","","","state_psu_south_east_ne.csv","agent"
"C02744","Nagaland Pulp and Paper Company Limited (NPPCL)","Government Company (PSU)","State PSU","Nagaland","Tuli","Manufacturing","Paper","Unlisted","","","","","state_psu_south_east_ne.csv","agent"
"C02745","Nagaland Sugar Mills Company Limited","Government Company (PSU)","State PSU","Nagaland","Dimapur","Agriculture","Sugar","Unlisted","","","","","state_psu_south_east_ne.csv","agent"
"C02746","Nagaland State Cooperative Bank Limited","Cooperative Society","Cooperative","Nagaland","Kohima","Banking & Financial Services","Cooperative bank","Unlisted","","","","","state_psu_south_east_ne.csv","agent"
"C02747","Tripura State Electricity Corporation Limited (TSECL)","Government Company (PSU)","State PSU","Tripura","Agartala","Power","Generation and distribution","Unlisted","","","","","state_psu_south_east_ne.csv","agent"
"C02748","Tripura Power Generation Company Limited (TPGCL)","Government Company (PSU)","State PSU","Tripura","Agartala","Power","Generation","Unlisted","","","","","state_psu_south_east_ne.csv","agent"
"C02749","Tripura Road Transport Corporation (TRTC)","Statutory Corporation","State PSU","Tripura","Agartala","Transport","Road transport","Unlisted","","","","","state_psu_south_east_ne.csv","agent"
"C02750","Tripura Industrial Development Corporation Limited (TIDC)","Government Company (PSU)","State PSU","Tripura","Agartala","Industrial Development","Industrial promotion","Unlisted","","","","","state_psu_south_east_ne.csv","agent"
"C02751","Tripura Tourism Development Corporation Limited (TTDC)","Government Company (PSU)","State PSU","Tripura","Agartala","Tourism","Tourism development","Unlisted","","","","","state_psu_south_east_ne.csv","agent"
"C02752","Tripura Forest Development and Plantation Corporation Limited (TFDPC)","Government Company (PSU)","State PSU","Tripura","Agartala","Forestry","Forest and plantation","Unlisted","","","","","state_psu_south_east_ne.csv","agent"
"C02753","Tripura Handloom and Handicrafts Development Corporation Limited (THHDC)","Government Company (PSU)","State PSU","Tripura","Agartala","Textiles & Handloom","Handloom and handicrafts","Unlisted","","","","","state_psu_south_east_ne.csv","agent"
"C02754","Tripura Jute Mills Limited","Government Company (PSU)","State PSU","Tripura","Agartala","Textiles & Handloom","Jute","Unlisted","","","","","state_psu_south_east_ne.csv","agent"
"C02755","Tripura Natural Gas Company Limited (TNGCL)","Government Company (PSU)","Joint Venture","Tripura","Agartala","Oil & Gas","Gas distribution","Unlisted","","","","","state_psu_south_east_ne.csv","agent"
"C02756","Tripura Rehabilitation Plantation Corporation Limited (TRPC)","Government Company (PSU)","State PSU","Tripura","Agartala","Agriculture","Rubber plantation","Unlisted","","","","","state_psu_south_east_ne.csv","agent"
"C02757","Tripura State Cooperative Bank Limited","Cooperative Society","Cooperative","Tripura","Agartala","Banking & Financial Services","Cooperative bank","Unlisted","","","","","state_psu_south_east_ne.csv","agent"
"C02758","Arunachal Pradesh Power Corporation Limited (APPCL)","Government Company (PSU)","State PSU","Arunachal Pradesh","Itanagar","Power","Power utility","Unlisted","","","","","state_psu_south_east_ne.csv","agent"
"C02759","Arunachal Pradesh Industrial and Financial Corporation Limited (APIFC)","Government Company (PSU)","State PSU","Arunachal Pradesh","Itanagar","Banking & Financial Services","State finance corporation","Unlisted","","","","","state_psu_south_east_ne.csv","agent"
"C02760","Arunachal Pradesh State Cooperative Apex Bank Limited (APSCAB)","Cooperative Society","Cooperative","Arunachal Pradesh","Itanagar","Banking & Financial Services","Cooperative bank","Unlisted","","","","","state_psu_south_east_ne.csv","agent"
"C02761","Sikkim Power Development Corporation Limited (SPDC)","Government Company (PSU)","State PSU","Sikkim","Gangtok","Power","Hydropower development","Unlisted","","","","","state_psu_south_east_ne.csv","agent"
"C02762","Sikkim Urja Limited","Government Company (PSU)","State PSU","Sikkim","Gangtok","Power","Hydropower","Unlisted","","","","","state_psu_south_east_ne.csv","agent"
"C02763","State Trading Corporation of Sikkim (STCS)","Government Company (PSU)","State PSU","Sikkim","Gangtok","Retail & Distribution","Trading","Unlisted","","","","","state_psu_south_east_ne.csv","agent"
"C02764","Sikkim Tourism Development Corporation (STDC)","Government Company (PSU)","State PSU","Sikkim","Gangtok","Tourism","Tourism development","Unlisted","","","","","state_psu_south_east_ne.csv","agent"
"C02765","Sikkim Industrial Development and Investment Corporation Limited (SIDICO)","Government Company (PSU)","State PSU","Sikkim","Gangtok","Industrial Development","Industrial promotion","Unlisted","","","","","state_psu_south_east_ne.csv","agent"
"C02766","Sikkim Mining Corporation Limited","Government Company (PSU)","State PSU","Sikkim","Gangtok","Mining","Minerals","Unlisted","","","","","state_psu_south_east_ne.csv","agent"
"C02767","Sikkim Time Corporation Limited","Government Company (PSU)","State PSU","Sikkim","Gangtok","Manufacturing","Watch components","Unlisted","","","","","state_psu_south_east_ne.csv","agent"
"C02768","Sikkim Precision Industries Limited","Government Company (PSU)","State PSU","Sikkim","Gangtok","Manufacturing","Precision engineering","Unlisted","","","","","state_psu_south_east_ne.csv","agent"
"C02769","Sikkim Cooperative Milk Producers Union (Sikkim Milk Union)","Cooperative Society","Cooperative","Sikkim","Gangtok","Dairy","Dairy cooperative","Unlisted","","","","","state_psu_south_east_ne.csv","agent"
"C02770","Sikkim State Cooperative Bank Limited","Cooperative Society","Cooperative","Sikkim","Gangtok","Banking & Financial Services","Cooperative bank","Unlisted","","","","","state_psu_south_east_ne.csv","agent"
"C02771","Sikkim Cooperative Federation (SIMFED)","Cooperative Society","Cooperative","Sikkim","Gangtok","Agriculture","Cooperative marketing","Unlisted","","","","","state_psu_south_east_ne.csv","agent"
"C02772","20 Microns Limited","Public Limited","","","","","","Listed-NSE","20MICRONS","INE144J01027","EQ","","NSE official EQUITY_L","nse_added"
"C02773","21st Century Management Services Limited","Public Limited","","","","","","Listed-NSE","21STCENMGM","INE253B01015","EQ","","NSE official EQUITY_L","nse_added"
"C02774","3B Blackbio Dx Limited","Public Limited","","","","","","Listed-NSE","3BBLACKBIO","INE994E01018","EQ","","NSE official EQUITY_L","nse_added"
"C02775","3i Infotech Limited","Public Limited","","","","","","Listed-NSE","3IINFOLTD","INE748C01038","BE","","NSE official EQUITY_L","nse_added"
"C02776","3P Land Holdings Limited","Public Limited","","","","","","Listed-NSE","3PLAND","INE105C01023","EQ","","NSE official EQUITY_L","nse_added"
"C02777","63 moons technologies limited","Public Limited","","","","","","Listed-NSE","63MOONS","INE111B01023","EQ","","NSE official EQUITY_L","nse_added"
"C02778","A2Z Infra Engineering Limited","Public Limited","","","","","","Listed-NSE","A2ZINFRA","INE619I01012","EQ","","NSE official EQUITY_L","nse_added"
"C02779","AAA Technologies Limited","Public Limited","","","","","","Listed-NSE","AAATECH","INE0D0U01013","EQ","","NSE official EQUITY_L","nse_added"
"C02780","Aakash Exploration Services Limited","Public Limited","","","","","","Listed-NSE","AAKASH","INE087Z01024","EQ","","NSE official EQUITY_L","nse_added"
"C02781","Aarey Drugs & Pharmaceuticals Limited","Public Limited","","","","","","Listed-NSE","AAREYDRUGS","INE198H01019","EQ","","NSE official EQUITY_L","nse_added"
"C02782","Aarnav Fashions Limited","Public Limited","","","","","","Listed-NSE","AARNAV","INE750R01016","BE","","NSE official EQUITY_L","nse_added"
"C02783","Aaron Industries Limited","Public Limited","","","","","","Listed-NSE","AARON","INE721Z01010","EQ","","NSE official EQUITY_L","nse_added"
"C02784","Aartech Solonics Limited","Public Limited","","","","","","Listed-NSE","AARTECH","INE01C001026","BE","","NSE official EQUITY_L","nse_added"
"C02785","Aarti Drugs Limited","Public Limited","","","","","","Listed-NSE","AARTIDRUGS","INE767A01016","EQ","","NSE official EQUITY_L","nse_added"
"C02786","Aarti Pharmalabs Limited","Public Limited","","","","","","Listed-NSE","AARTIPHARM","INE0LRU01027","EQ","","NSE official EQUITY_L","nse_added"
"C02787","Aarti Surfactants Limited","Public Limited","","","","","","Listed-NSE","AARTISURF","INE09EO01013","BE","","NSE official EQUITY_L","nse_added"
"C02788","Aarvi Encon Limited","Public Limited","","","","","","Listed-NSE","AARVI","INE754X01016","EQ","","NSE official EQUITY_L","nse_added"
"C02789","Aastha Spintex Limited","Public Limited","","","","","","Listed-NSE","AASTHA","INE2FMX01012","EQ","","NSE official EQUITY_L","nse_added"
"C02790","Aban Offshore Limited","Public Limited","","","","","","Listed-NSE","ABAN","INE421A01028","BE","","NSE official EQUITY_L","nse_added"
"C02791","Abans Enterprises Limited","Public Limited","","","","","","Listed-NSE","ABANSENT","INE365O01028","EQ","","NSE official EQUITY_L","nse_added"
"C02792","A B Cotspin India Limited","Public Limited","","","","","","Listed-NSE","ABCOTS","INE08PH01015","EQ","","NSE official EQUITY_L","nse_added"
"C02793","Allied Blenders and Distillers Limited","Public Limited","","","","","","Listed-NSE","ABDL","INE552Z01027","EQ","","NSE official EQUITY_L","nse_added"
"C02794","A B Infrabuild Limited","Public Limited","","","","","","Listed-NSE","ABINFRA","INE00YB01025","BE","","NSE official EQUITY_L","nse_added"
"C02795","Aditya Birla Lifestyle Brands Limited","Public Limited","","","","","","Listed-NSE","ABLBL","INE14LE01019","EQ","","NSE official EQUITY_L","nse_added"
"C02796","ABM International Limited","Public Limited","","","","","","Listed-NSE","ABMINTLLTD","INE251C01025","BE","","NSE official EQUITY_L","nse_added"
"C02797","ABM Knowledgeware Limited","Public Limited","","","","","","Listed-NSE","ABMKNO","INE850B01026","EQ","","NSE official EQUITY_L","nse_added"
"C02798","Accuracy Shipping Limited","Public Limited","","","","","","Listed-NSE","ACCURACY","INE648Z01023","BE","","NSE official EQUITY_L","nse_added"
"C02799","Ace Integrated Solutions Limited","Public Limited","","","","","","Listed-NSE","ACEINTEG","INE543V01017","EQ","","NSE official EQUITY_L","nse_added"
"C02800","Automobile Corporation of Goa Limited","Public Limited","","","","","","Listed-NSE","ACGL","INE451C01013","EQ","","NSE official EQUITY_L","nse_added"
"C02801","Archean Chemical Industries Limited","Public Limited","","","","","","Listed-NSE","ACI","INE128X01021","EQ","","NSE official EQUITY_L","nse_added"
"C02802","Andhra Cements Limited","Public Limited","","","","","","Listed-NSE","ACL","INE666E01020","EQ","","NSE official EQUITY_L","nse_added"
"C02803","Acme Solar Holdings Limited","Public Limited","","","","","","Listed-NSE","ACMESOLAR","INE622W01025","EQ","","NSE official EQUITY_L","nse_added"
"C02804","ACS Technologies Limited","Public Limited","","","","","","Listed-NSE","ACSTECH","INE366C01021","BE","","NSE official EQUITY_L","nse_added"
"C02805","Acutaas Chemicals Limited","Public Limited","","","","","","Listed-NSE","ACUTAAS","INE00FF01025","EQ","","NSE official EQUITY_L","nse_added"
"C02806","Addi Industries Limited","Public Limited","","","","","","Listed-NSE","ADDIND","INE757C01021","EQ","","NSE official EQUITY_L","nse_added"
"C02807","ADF Foods Limited","Public Limited","","","","","","Listed-NSE","ADFFOODS","INE982B01027","EQ","","NSE official EQUITY_L","nse_added"
"C02808","Archidply Decor Limited","Public Limited","","","","","","Listed-NSE","ADL","INE0CHO01012","EQ","","NSE official EQUITY_L","nse_added"
"C02809","Adroit Industries (India) Limited","Public Limited","","","","","","Listed-NSE","ADROITIND","INE505M01015","BE","","NSE official EQUITY_L","nse_added"
"C02810","Adroit Infotech Limited","Public Limited","","","","","","Listed-NSE","ADROITINFO","INE737B01033","EQ","","NSE official EQUITY_L","nse_added"
"C02811","Advance Agrolife Limited","Public Limited","","","","","","Listed-NSE","ADVANCE","INE1B0W01010","EQ","","NSE official EQUITY_L","nse_added"
"C02812","Advent Hotels International Limited","Public Limited","","","","","","Listed-NSE","ADVENTHTL","INE28GN01010","EQ","","NSE official EQUITY_L","nse_added"
"C02813","Advanced Enzyme Technologies Limited","Public Limited","","","","","","Listed-NSE","ADVENZYMES","INE837H01020","EQ","","NSE official EQUITY_L","nse_added"
"C02814","Advik Capital Limited","Public Limited","","","","","","Listed-NSE","ADVIKCA","INE178T01024","EQ","","NSE official EQUITY_L","nse_added"
"C02815","Aegis Vopak Terminals Limited","Public Limited","","","","","","Listed-NSE","AEGISVOPAK","INE0INX01018","EQ","","NSE official EQUITY_L","nse_added"
"C02816","Artemis Electricals and Projects Limited","Public Limited","","","","","","Listed-NSE","AEPL","INE757T01025","EQ","","NSE official EQUITY_L","nse_added"
"C02817","Aeroflex Enterprises Limited","Public Limited","","","","","","Listed-NSE","AEROENTER","INE065D01027","EQ","","NSE official EQUITY_L","nse_added"
"C02818","Aeroflex Industries Limited","Public Limited","","","","","","Listed-NSE","AEROFLEX","INE024001021","EQ","","NSE official EQUITY_L","nse_added"
"C02819","Aeroflex Neu Limited","Public Limited","","","","","","Listed-NSE","AERONEU","INE035801013","EQ","","NSE official EQUITY_L","nse_added"
"C02820","Amir Chand Jagdish Kumar (Exports) Limited","Public Limited","","","","","","Listed-NSE","AEROPLANE","INE05TO01019","EQ","","NSE official EQUITY_L","nse_added"
"C02821","Aether Industries Limited","Public Limited","","","","","","Listed-NSE","AETHER","INE0BWX01014","EQ","","NSE official EQUITY_L","nse_added"
"C02822","Afcons Infrastructure Limited","Public Limited","","","","","","Listed-NSE","AFCONS","INE101I01011","EQ","","NSE official EQUITY_L","nse_added"
"C02823","Akme Fintrade (India) Limited","Public Limited","","","","","","Listed-NSE","AFIL","INE916Y01027","EQ","","NSE official EQUITY_L","nse_added"
"C02824","Abans Financial Services Limited","Public Limited","","","","","","Listed-NSE","AFSL","INE00ZE01026","EQ","","NSE official EQUITY_L","nse_added"
"C02825","Agarwal Industrial Corporation Limited","Public Limited","","","","","","Listed-NSE","AGARIND","INE204E01012","EQ","","NSE official EQUITY_L","nse_added"
"C02826","Dr. Agarwal's Health Care Limited","Public Limited","","","","","","Listed-NSE","AGARWALEYE","INE943P01029","EQ","","NSE official EQUITY_L","nse_added"
"C02827","Agastya Energy and Infrastructure Limited","Public Limited","","","","","","Listed-NSE","AGASTYAEN","INE753W01010","BE","","NSE official EQUITY_L","nse_added"
"C02828","Agi Infra Limited","Public Limited","","","","","","Listed-NSE","AGIIL","INE976R01033","EQ","","NSE official EQUITY_L","nse_added"
"C02829","Allcargo Global Limited","Public Limited","","","","","","Listed-NSE","AGL","INE1YPB01014","EQ","","NSE official EQUITY_L","nse_added"
"C02830","Agri-Tech (India) Limited","Public Limited","","","","","","Listed-NSE","AGRITECH","INE449G01018","EQ","","NSE official EQUITY_L","nse_added"
"C02831","Agro Phos India Limited","Public Limited","","","","","","Listed-NSE","AGROPHOS","INE740V01019","EQ","","NSE official EQUITY_L","nse_added"
"C02832","AGS Transact Technologies Limited","Public Limited","","","","","","Listed-NSE","AGSTRA","INE583L01014","BZ","","NSE official EQUITY_L","nse_added"
"C02833","Anlon Healthcare Limited","Public Limited","","","","","","Listed-NSE","AHCL","INE0Y8W01025","EQ","","NSE official EQUITY_L","nse_added"
"C02834","Ahlada Engineers Limited","Public Limited","","","","","","Listed-NSE","AHLADA","INE00PV01013","EQ","","NSE official EQUITY_L","nse_added"
"C02835","Asian Hotels (East) Limited","Public Limited","","","","","","Listed-NSE","AHLEAST","INE926K01017","EQ","","NSE official EQUITY_L","nse_added"
"C02836","Asian Hotels (West) Limited","Public Limited","","","","","","Listed-NSE","AHLWEST","INE915K01010","BE","","NSE official EQUITY_L","nse_added"
"C02837","Authum Investment & Infrastructure Limited","Public Limited","","","","","","Listed-NSE","AIIL","INE206F01022","EQ","","NSE official EQUITY_L","nse_added"
"C02838","Airan Limited","Public Limited","","","","","","Listed-NSE","AIRAN","INE645W01026","EQ","","NSE official EQUITY_L","nse_added"
"C02839","Airo Lam limited","Public Limited","","","","","","Listed-NSE","AIROLAM","INE801L01010","EQ","","NSE official EQUITY_L","nse_added"
"C02840","Ajax Engineering Limited","Public Limited","","","","","","Listed-NSE","AJAXENGG","INE274Y01021","EQ","","NSE official EQUITY_L","nse_added"
"C02841","Ajooni Biotech Limited","Public Limited","","","","","","Listed-NSE","AJOONI","INE820Y01021","EQ","","NSE official EQUITY_L","nse_added"
"C02842","Akash Infra-Projects Limited","Public Limited","","","","","","Listed-NSE","AKASH","INE737W01013","EQ","","NSE official EQUITY_L","nse_added"
"C02843","AK Capital Services Limited","Public Limited","","","","","","Listed-NSE","AKCAPIT","INE701G01012","EQ","","NSE official EQUITY_L","nse_added"
"C02844","Akg Exim Limited","Public Limited","","","","","","Listed-NSE","AKG","INE00Y801016","EQ","","NSE official EQUITY_L","nse_added"
"C02845","AKI India Limited","Public Limited","","","","","","Listed-NSE","AKI","INE642Z01026","BE","","NSE official EQUITY_L","nse_added"
"C02846","AksharChem India Limited","Public Limited","","","","","","Listed-NSE","AKSHARCHEM","INE542B01011","BE","","NSE official EQUITY_L","nse_added"
"C02847","Aksh Optifibre Limited","Public Limited","","","","","","Listed-NSE","AKSHOPTFBR","INE523B01011","BE","","NSE official EQUITY_L","nse_added"
"C02848","Akums Drugs and Pharmaceuticals Limited","Public Limited","","","","","","Listed-NSE","AKUMS","INE09XN01023","EQ","","NSE official EQUITY_L","nse_added"
"C02849","Albert David Limited","Public Limited","","","","","","Listed-NSE","ALBERTDAVD","INE155C01010","EQ","","NSE official EQUITY_L","nse_added"
"C02850","Alfred Herbert India Limited","Public Limited","","","","","","Listed-NSE","ALFREDHE","INE782D01027","EQ","","NSE official EQUITY_L","nse_added"
"C02851","Algoquant Fintech Limited","Public Limited","","","","","","Listed-NSE","ALGOQUANT","INE598D01035","EQ","","NSE official EQUITY_L","nse_added"
"C02852","Alicon Castalloy Limited","Public Limited","","","","","","Listed-NSE","ALICON","INE062D01024","EQ","","NSE official EQUITY_L","nse_added"
"C02853","Alivus Life Sciences Limited","Public Limited","","","","","","Listed-NSE","ALIVUS","INE03Q201024","EQ","","NSE official EQUITY_L","nse_added"
"C02854","Alkali Metals Limited","Public Limited","","","","","","Listed-NSE","ALKALI","INE773I01017","BE","","NSE official EQUITY_L","nse_added"
"C02855","Allcargo Logistics Limited","Public Limited","","","","","","Listed-NSE","ALLCARGO","INE418H01029","EQ","","NSE official EQUITY_L","nse_added"
"C02856","Alldigi Tech Limited","Public Limited","","","","","","Listed-NSE","ALLDIGI","INE835G01018","EQ","","NSE official EQUITY_L","nse_added"
"C02857","All Time Plastics Limited","Public Limited","","","","","","Listed-NSE","ALLTIME","INE0GV601021","EQ","","NSE official EQUITY_L","nse_added"
"C02858","Almondz Global Securities Limited","Public Limited","","","","","","Listed-NSE","ALMONDZ","INE326B01035","BE","","NSE official EQUITY_L","nse_added"
"C02859","Alok Industries Limited","Public Limited","","","","","","Listed-NSE","ALOKINDS","INE270A01029","EQ","","NSE official EQUITY_L","nse_added"
"C02860","Alpa Laboratories Limited","Public Limited","","","","","","Listed-NSE","ALPA","INE385I01010","EQ","","NSE official EQUITY_L","nse_added"
"C02861","Alpine Texworld Limited","Public Limited","","","","","","Listed-NSE","ALPINETEX","INE1JCQ01037","EQ","","NSE official EQUITY_L","nse_added"
"C02862","Alufluoride Limited","Public Limited","","","","","","Listed-NSE","ALUFLUOR","INE058F01019","EQ","","NSE official EQUITY_L","nse_added"
"C02863","Amagi Media Labs Limited","Public Limited","","","","","","Listed-NSE","AMAGI","INE121R01077","EQ","","NSE official EQUITY_L","nse_added"
"C02864","Amal Limited","Public Limited","","","","","","Listed-NSE","AMAL","INE841D01013","EQ","","NSE official EQUITY_L","nse_added"
"C02865","Amanta Healthcare Limited","Public Limited","","","","","","Listed-NSE","AMANTA","INE084K01015","BE","","NSE official EQUITY_L","nse_added"
"C02866","Amarjothi Spinning Mills Limited","Public Limited","","","","","","Listed-NSE","AMARJOTHI","INE484D01012","EQ","","NSE official EQUITY_L","nse_added"
"C02867","Ambalal Sarabhai Enterprises Limited","Public Limited","","","","","","Listed-NSE","AMBALALSA","INE432A01017","BE","","NSE official EQUITY_L","nse_added"
"C02868","Ambica Agarbathies & Aroma industries Limited","Public Limited","","","","","","Listed-NSE","AMBICAAGAR","INE792B01012","EQ","","NSE official EQUITY_L","nse_added"
"C02869","AMD Industries Limited","Public Limited","","","","","","Listed-NSE","AMDIND","INE005I01014","BE","","NSE official EQUITY_L","nse_added"
"C02870","Amj Land Holdings Limited","Public Limited","","","","","","Listed-NSE","AMJLAND","INE606A01024","EQ","","NSE official EQUITY_L","nse_added"
"C02871","Amines & Plasticizers Limited","Public Limited","","","","","","Listed-NSE","AMNPLST","INE275D01022","EQ","","NSE official EQUITY_L","nse_added"
"C02872","Anik Industries Limited","Public Limited","","","","","","Listed-NSE","ANIKINDS","INE087B01017","EQ","","NSE official EQUITY_L","nse_added"
"C02873","Ankit Metal & Power Limited","Public Limited","","","","","","Listed-NSE","ANKITMETAL","INE106I01010","BZ","","NSE official EQUITY_L","nse_added"
"C02874","Anmol India Limited","Public Limited","","","","","","Listed-NSE","ANMOL","INE02AR01019","BE","","NSE official EQUITY_L","nse_added"
"C02875","Annapurna Swadisht Limited","Public Limited","","","","","","Listed-NSE","ANNAPURNA","INE0MGM01017","EQ","","NSE official EQUITY_L","nse_added"
"C02876","Annu Projects Limited","Public Limited","","","","","","Listed-NSE","ANNU","INE103001017","EQ","","NSE official EQUITY_L","nse_added"
"C02877","Ansal Buildwell Limited","Public Limited","","","","","","Listed-NSE","ANSALBU","INE030C01015","EQ","","NSE official EQUITY_L","nse_added"
"C02878","Antelopus Selan Energy Limited","Public Limited","","","","","","Listed-NSE","ANTELOPUS","INE818A01017","EQ","","NSE official EQUITY_L","nse_added"
"C02879","Antarctica Limited","Public Limited","","","","","","Listed-NSE","ANTGRAPHIC","INE414B01021","EQ","","NSE official EQUITY_L","nse_added"
"C02880","Anthem Biosciences Limited","Public Limited","","","","","","Listed-NSE","ANTHEM","INE0CZ201020","EQ","","NSE official EQUITY_L","nse_added"
"C02881","Anuh Pharma Limited","Public Limited","","","","","","Listed-NSE","ANUHPHR","INE489G01022","EQ","","NSE official EQUITY_L","nse_added"
"C02882","The Anup Engineering Limited","Public Limited","","","","","","Listed-NSE","ANUP","INE294Z01018","EQ","","NSE official EQUITY_L","nse_added"
"C02883","Anupam Rasayan India Limited","Public Limited","","","","","","Listed-NSE","ANURAS","INE930P01018","EQ","","NSE official EQUITY_L","nse_added"
"C02884","Anjani Portland Cement Limited","Public Limited","","","","","","Listed-NSE","APCL","INE071F01012","EQ","","NSE official EQUITY_L","nse_added"
"C02885","Apcotex Industries Limited","Public Limited","","","","","","Listed-NSE","APCOTEXIND","INE116A01032","EQ","","NSE official EQUITY_L","nse_added"
"C02886","Apollo Sindoori Hotels Limited","Public Limited","","","","","","Listed-NSE","APOLSINHOT","INE451F01024","EQ","","NSE official EQUITY_L","nse_added"
"C02887","Apoorva Leasing Finance and Investment Company Limited","Public Limited","","","","","","Listed-NSE","APOORVA","INE217S01014","EQ","","NSE official EQUITY_L","nse_added"
"C02888","Aptech Limited","Public Limited","","","","","","Listed-NSE","APTECHT","INE266F01018","EQ","","NSE official EQUITY_L","nse_added"
"C02889","Aqylon Nexus Limited","Public Limited","","","","","","Listed-NSE","AQYLON","INE416A01051","EQ","","NSE official EQUITY_L","nse_added"
"C02890","Archidply Industries Limited","Public Limited","","","","","","Listed-NSE","ARCHIDPLY","INE877I01016","EQ","","NSE official EQUITY_L","nse_added"
"C02891","Archies Limited","Public Limited","","","","","","Listed-NSE","ARCHIES","INE731A01020","EQ","","NSE official EQUITY_L","nse_added"
"C02892","ARCL Organics Limited","Public Limited","","","","","","Listed-NSE","ARCL","INE372M01010","EQ","","NSE official EQUITY_L","nse_added"
"C02893","Ardee Industries Limited","Public Limited","","","","","","Listed-NSE","ARDEE","INE0XNF01022","EQ","","NSE official EQUITY_L","nse_added"
"C02894","Rajdarshan Industries Limited","Public Limited","","","","","","Listed-NSE","ARENTERP","INE610C01014","EQ","","NSE official EQUITY_L","nse_added"
"C02895","Arfin India Limited","Public Limited","","","","","","Listed-NSE","ARFIN","INE784R01023","EQ","","NSE official EQUITY_L","nse_added"
"C02896","Aries Agro Limited","Public Limited","","","","","","Listed-NSE","ARIES","INE298I01015","BE","","NSE official EQUITY_L","nse_added"
"C02897","Arihant Foundations & Housing Limited","Public Limited","","","","","","Listed-NSE","ARIHANT","INE413D01011","EQ","","NSE official EQUITY_L","nse_added"
"C02898","Arisinfra Solutions Limited","Public Limited","","","","","","Listed-NSE","ARIS","INE0H9P01028","EQ","","NSE official EQUITY_L","nse_added"
"C02899","Arkade Developers Limited","Public Limited","","","","","","Listed-NSE","ARKADE","INE0QRL01017","EQ","","NSE official EQUITY_L","nse_added"
"C02900","ArMee Infotech Limited","Public Limited","","","","","","Listed-NSE","ARMEE","INE0TWE01016","EQ","","NSE official EQUITY_L","nse_added"
"C02901","Aro Granite Industries Limited","Public Limited","","","","","","Listed-NSE","AROGRANITE","INE210C01013","EQ","","NSE official EQUITY_L","nse_added"
"C02902","Arshiya Limited","Public Limited","","","","","","Listed-NSE","ARSHIYA","INE968D01022","BZ","","NSE official EQUITY_L","nse_added"
"C02903","Artemis Medicare Services Limited","Public Limited","","","","","","Listed-NSE","ARTEMISMED","INE025R01021","EQ","","NSE official EQUITY_L","nse_added"
"C02904","Art Nirman Limited","Public Limited","","","","","","Listed-NSE","ARTNIRMAN","INE738V01013","EQ","","NSE official EQUITY_L","nse_added"
"C02905","Arvee Laboratories (India) Limited","Public Limited","","","","","","Listed-NSE","ARVEE","INE006Z01016","EQ","","NSE official EQUITY_L","nse_added"
"C02906","Aryaman Financial Services Limited","Public Limited","","","","","","Listed-NSE","ARYAMAN","INE032E01017","EQ","","NSE official EQUITY_L","nse_added"
"C02907","Asahi India Glass Limited","Public Limited","","","","","","Listed-NSE","ASAHIINDIA","INE439A01020","EQ","","NSE official EQUITY_L","nse_added"
"C02908","Automotive Stampings and Assemblies Limited","Public Limited","","","","","","Listed-NSE","ASAL","INE900C01027","EQ","","NSE official EQUITY_L","nse_added"
"C02909","Ashika Global Securities Limited","Public Limited","","","","","","Listed-NSE","ASHIKAG","INE094B01013","BE","","NSE official EQUITY_L","nse_added"
"C02910","Ashima Limited","Public Limited","","","","","","Listed-NSE","ASHIMASYN","INE440A01010","EQ","","NSE official EQUITY_L","nse_added"
"C02911","Ashoka Buildcon Limited","Public Limited","","","","","","Listed-NSE","ASHOKA","INE442H01029","EQ","","NSE official EQUITY_L","nse_added"
"C02912","Asian Energy Services Limited","Public Limited","","","","","","Listed-NSE","ASIANENE","INE276G01015","EQ","","NSE official EQUITY_L","nse_added"
"C02913","Asian Hotels (North) Limited","Public Limited","","","","","","Listed-NSE","ASIANHOTNR","INE363A01022","EQ","","NSE official EQUITY_L","nse_added"
"C02914","Asian Granito India Limited","Public Limited","","","","","","Listed-NSE","ASIANTILES","INE022I01019","EQ","","NSE official EQUITY_L","nse_added"
"C02915","Asian Tea & Exports Limited","Public Limited","","","","","","Listed-NSE","ASIANTNE","INE822B01017","EQ","","NSE official EQUITY_L","nse_added"
"C02916","ASK Automotive Limited","Public Limited","","","","","","Listed-NSE","ASKAUTOLTD","INE491J01022","EQ","","NSE official EQUITY_L","nse_added"
"C02917","Avio Smart Market Stack Limited","Public Limited","","","","","","Listed-NSE","ASMS","INE855F01042","EQ","","NSE official EQUITY_L","nse_added"
"C02918","Aspinwall and Company Limited","Public Limited","","","","","","Listed-NSE","ASPINWALL","INE991I01015","EQ","","NSE official EQUITY_L","nse_added"
"C02919","Assam Entrade Limited","Public Limited","","","","","","Listed-NSE","ASSAMENT","INE165G01010","EQ","","NSE official EQUITY_L","nse_added"
"C02920","Asian Star Company Limited","Public Limited","","","","","","Listed-NSE","ASTAR","INE194D01017","EQ","","NSE official EQUITY_L","nse_added"
"C02921","Astron Paper & Board Mill Limited","Public Limited","","","","","","Listed-NSE","ASTRON","INE646X01014","BZ","","NSE official EQUITY_L","nse_added"
"C02922","Atal Realtech Limited","Public Limited","","","","","","Listed-NSE","ATALREAL","INE0ALR01029","EQ","","NSE official EQUITY_L","nse_added"
"C02923","Atam Valves Limited","Public Limited","","","","","","Listed-NSE","ATAM","INE09KD01013","EQ","","NSE official EQUITY_L","nse_added"
"C02924","Allcargo Terminals Limited","Public Limited","","","","","","Listed-NSE","ATL","INE0NN701020","EQ","","NSE official EQUITY_L","nse_added"
"C02925","ATLANTAA LIMITED","Public Limited","","","","","","Listed-NSE","ATLANTAA","INE285H01022","EQ","","NSE official EQUITY_L","nse_added"
"C02926","Atlanta Electricals Limited","Public Limited","","","","","","Listed-NSE","ATLANTAELE","INE0Z4F01028","EQ","","NSE official EQUITY_L","nse_added"
"C02927","Atlas Cycles (Haryana) Limited","Public Limited","","","","","","Listed-NSE","ATLASCYCLE","INE446A01025","EQ","","NSE official EQUITY_L","nse_added"
"C02928","Augmont Enterprises Limited","Public Limited","","","","","","Listed-NSE","AUGMONT","INE16W401027","EQ","","NSE official EQUITY_L","nse_added"
"C02929","Aurum PropTech Limited","Public Limited","","","","","","Listed-NSE","AURUM","INE898S01029","EQ","","NSE official EQUITY_L","nse_added"
"C02930","AURUS GEM CORPORATION LIMITED","Public Limited","","","","","","Listed-NSE","AURUS","INE142K01011","EQ","","NSE official EQUITY_L","nse_added"
"C02931","Ausom Enterprise Limited","Public Limited","","","","","","Listed-NSE","AUSOMENT","INE218C01016","EQ","","NSE official EQUITY_L","nse_added"
"C02932","Austin Engineering Company  Limited","Public Limited","","","","","","Listed-NSE","AUSTENG","INE759F01012","EQ","","NSE official EQUITY_L","nse_added"
"C02933","Autoline Industries Limited","Public Limited","","","","","","Listed-NSE","AUTOIND","INE718H01014","EQ","","NSE official EQUITY_L","nse_added"
"C02934","Avadh Sugar & Energy Limited","Public Limited","","","","","","Listed-NSE","AVADHSUGAR","INE349W01017","EQ","","NSE official EQUITY_L","nse_added"
"C02935","Avalon Technologies Limited","Public Limited","","","","","","Listed-NSE","AVALON","INE0LCL01028","EQ","","NSE official EQUITY_L","nse_added"
"C02936","Avance Technologies Limited","Public Limited","","","","","","Listed-NSE","AVANCE","INE758A01072","EQ","","NSE official EQUITY_L","nse_added"
"C02937","Avantel Limited","Public Limited","","","","","","Listed-NSE","AVANTEL","INE005B01027","EQ","","NSE official EQUITY_L","nse_added"
"C02938","AVG Logistics Limited","Public Limited","","","","","","Listed-NSE","AVG","INE680Z01018","BE","","NSE official EQUITY_L","nse_added"
"C02939","Aditya Vision Limited","Public Limited","","","","","","Listed-NSE","AVL","INE679V01027","EQ","","NSE official EQUITY_L","nse_added"
"C02940","Avonmore Capital & Management Services Limited","Public Limited","","","","","","Listed-NSE","AVONMORE","INE323B01024","EQ","","NSE official EQUITY_L","nse_added"
"C02941","AVRO INDIA LIMITED","Public Limited","","","","","","Listed-NSE","AVROIND","INE652Z01025","EQ","","NSE official EQUITY_L","nse_added"
"C02942","Awfis Space Solutions Limited","Public Limited","","","","","","Listed-NSE","AWFIS","INE108V01019","EQ","","NSE official EQUITY_L","nse_added"
"C02943","Antony Waste Handling Cell Limited","Public Limited","","","","","","Listed-NSE","AWHCL","INE01BK01022","EQ","","NSE official EQUITY_L","nse_added"
"C02944","AWL Agri Business Limited","Public Limited","","","","","","Listed-NSE","AWL","INE699H01024","EQ","","NSE official EQUITY_L","nse_added"
"C02945","Axita Cotton Limited","Public Limited","","","","","","Listed-NSE","AXITA","INE02EZ01022","EQ","","NSE official EQUITY_L","nse_added"
"C02946","Axtel Industries Limited","Public Limited","","","","","","Listed-NSE","AXTEL","INE767C01012","EQ","","NSE official EQUITY_L","nse_added"
"C02947","AYM Syntex Limited","Public Limited","","","","","","Listed-NSE","AYMSYNTEX","INE193B01039","EQ","","NSE official EQUITY_L","nse_added"
"C02948","Azad Engineering Limited","Public Limited","","","","","","Listed-NSE","AZAD","INE02IJ01035","EQ","","NSE official EQUITY_L","nse_added"
"C02949","Azad India Mobility Limited","Public Limited","","","","","","Listed-NSE","AZADIND","INE566M01017","EQ","","NSE official EQUITY_L","nse_added"
"C02950","Bafna Pharmaceuticals Limited","Public Limited","","","","","","Listed-NSE","BAFNAPH","INE878I01022","BE","","NSE official EQUITY_L","nse_added"
"C02951","B.A.G Films and Media Limited","Public Limited","","","","","","Listed-NSE","BAGFILMS","INE116D01028","EQ","","NSE official EQUITY_L","nse_added"
"C02952","Baid Finserv Limited","Public Limited","","","","","","Listed-NSE","BAIDFIN","INE020D01022","EQ","","NSE official EQUITY_L","nse_added"
"C02953","Bajaj Consumer Care Limited","Public Limited","","","","","","Listed-NSE","BAJAJCON","INE933K01021","EQ","","NSE official EQUITY_L","nse_added"
"C02954","Bajaj Healthcare Limited","Public Limited","","","","","","Listed-NSE","BAJAJHCARE","INE411U01027","EQ","","NSE official EQUITY_L","nse_added"
"C02955","Indef Manufacturing Limited","Public Limited","","","","","","Listed-NSE","BAJAJINDEF","INE0O9T01021","EQ","","NSE official EQUITY_L","nse_added"
"C02956","Bajel Projects Limited","Public Limited","","","","","","Listed-NSE","BAJEL","INE0KQN01018","EQ","","NSE official EQUITY_L","nse_added"
"C02957","Shree Tirupati Balajee Agro Trading Company Limited","Public Limited","","","","","","Listed-NSE","BALAJEE","INE0S2G01011","EQ","","NSE official EQUITY_L","nse_added"
"C02958","Balaji Telefilms Limited","Public Limited","","","","","","Listed-NSE","BALAJITELE","INE794B01026","EQ","","NSE official EQUITY_L","nse_added"
"C02959","BALAXI PHARMACEUTICALS LIMITED","Public Limited","","","","","","Listed-NSE","BALAXI","INE618N01022","EQ","","NSE official EQUITY_L","nse_added"
"C02960","Balkrishna Paper Mills Limited","Public Limited","","","","","","Listed-NSE","BALKRISHNA","INE875R01011","EQ","","NSE official EQUITY_L","nse_added"
"C02961","Bal Pharma Limited","Public Limited","","","","","","Listed-NSE","BALPHARMA","INE083D01012","EQ","","NSE official EQUITY_L","nse_added"
"C02962","Balu Forge Industries Limited","Public Limited","","","","","","Listed-NSE","BALUFORGE","INE011E01029","EQ","","NSE official EQUITY_L","nse_added"
"C02963","Banaras Beads Limited","Public Limited","","","","","","Listed-NSE","BANARBEADS","INE655B01011","EQ","","NSE official EQUITY_L","nse_added"
"C02964","Bannari Amman Sugars Limited","Public Limited","","","","","","Listed-NSE","BANARISUG","INE459A01010","EQ","","NSE official EQUITY_L","nse_added"
"C02965","Banco Products (I) Limited","Public Limited","","","","","","Listed-NSE","BANCOINDIA","INE213C01025","EQ","","NSE official EQUITY_L","nse_added"
"C02966","Bang Overseas Limited","Public Limited","","","","","","Listed-NSE","BANG","INE863I01016","EQ","","NSE official EQUITY_L","nse_added"
"C02967","Banka BioLoo Limited","Public Limited","","","","","","Listed-NSE","BANKA","INE862Y01015","EQ","","NSE official EQUITY_L","nse_added"
"C02968","Bansal Wire Industries Limited","Public Limited","","","","","","Listed-NSE","BANSALWIRE","INE0B9K01025","EQ","","NSE official EQUITY_L","nse_added"
"C02969","BASF India Limited","Public Limited","","","","","","Listed-NSE","BASF","INE373A01013","EQ","","NSE official EQUITY_L","nse_added"
"C02970","Batliboi Limited","Public Limited","","","","","","Listed-NSE","BATLIBOI","INE177C01022","EQ","","NSE official EQUITY_L","nse_added"
"C02971","Black Box Limited","Public Limited","","","","","","Listed-NSE","BBOX","INE676A01027","EQ","","NSE official EQUITY_L","nse_added"
"C02972","The Bombay Burmah Trading Corporation Limited","Public Limited","","","","","","Listed-NSE","BBTC","INE050A01025","EQ","","NSE official EQUITY_L","nse_added"
"C02973","B&B Triplewall Containers Limited","Public Limited","","","","","","Listed-NSE","BBTCL","INE01EE01011","EQ","","NSE official EQUITY_L","nse_added"
"C02974","Brightcom Group Limited","Public Limited","","","","","","Listed-NSE","BCG","INE425B01027","EQ","","NSE official EQUITY_L","nse_added"
"C02975","Bcl Industries Limited","Public Limited","","","","","","Listed-NSE","BCLIND","INE412G01024","EQ","","NSE official EQUITY_L","nse_added"
"C02976","Brand Concepts Limited","Public Limited","","","","","","Listed-NSE","BCONCEPTS","INE977Y01011","EQ","","NSE official EQUITY_L","nse_added"
"C02977","BCPL Railway Infrastructure Limited","Public Limited","","","","","","Listed-NSE","BCPL","INE00SW01015","EQ","","NSE official EQUITY_L","nse_added"
"C02978","Beardsell Limited","Public Limited","","","","","","Listed-NSE","BEARDSELL","INE520H01022","EQ","","NSE official EQUITY_L","nse_added"
"C02979","Bedmutha Industries Limited","Public Limited","","","","","","Listed-NSE","BEDMUTHA","INE844K01012","EQ","","NSE official EQUITY_L","nse_added"
"C02980","Beekay Steel Industries Limited","Public Limited","","","","","","Listed-NSE","BEEKAY","INE213D01015","EQ","","NSE official EQUITY_L","nse_added"
"C02981","Bella Casa Fashion & Retail Limited","Public Limited","","","","","","Listed-NSE","BELLACASA","INE344T01014","EQ","","NSE official EQUITY_L","nse_added"
"C02982","Belrise Industries Limited","Public Limited","","","","","","Listed-NSE","BELRISE","INE894V01022","EQ","","NSE official EQUITY_L","nse_added"
"C02983","Benares Hotels Limited","Public Limited","","","","","","Listed-NSE","BENARAS","INE664D01019","EQ","","NSE official EQUITY_L","nse_added"
"C02984","Bengal & Assam Company Limited","Public Limited","","","","","","Listed-NSE","BENGALASM","INE083K01017","EQ","","NSE official EQUITY_L","nse_added"
"C02985","Best Agrolife Limited","Public Limited","","","","","","Listed-NSE","BESTAGRO","INE052T01021","EQ","","NSE official EQUITY_L","nse_added"
"C02986","Beta Drugs Limited","Public Limited","","","","","","Listed-NSE","BETA","INE351Y01019","EQ","","NSE official EQUITY_L","nse_added"
"C02987","BF Investment Limited","Public Limited","","","","","","Listed-NSE","BFINVEST","INE878K01010","EQ","","NSE official EQUITY_L","nse_added"
"C02988","BGR Energy Systems Limited","Public Limited","","","","","","Listed-NSE","BGRENERGY","INE661I01014","BE","","NSE official EQUITY_L","nse_added"
"C02989","Bhageria Industries Limited","Public Limited","","","","","","Listed-NSE","BHAGERIA","INE354C01027","EQ","","NSE official EQUITY_L","nse_added"
"C02990","Bhandari Hosiery Exports Limited","Public Limited","","","","","","Listed-NSE","BHANDARI","INE474E01029","EQ","","NSE official EQUITY_L","nse_added"
"C02991","Bharat Gears Limited","Public Limited","","","","","","Listed-NSE","BHARATGEAR","INE561C01019","BE","","NSE official EQUITY_L","nse_added"
"C02992","Bilcare Limited","Public Limited","","","","","","Listed-NSE","BI","INE986A01012","BE","","NSE official EQUITY_L","nse_added"
"C02993","Bigbloc Construction Limited","Public Limited","","","","","","Listed-NSE","BIGBLOC","INE412U01025","EQ","","NSE official EQUITY_L","nse_added"
"C02994","Bhartiya International Limited","Public Limited","","","","","","Listed-NSE","BIL","INE828A01016","EQ","","NSE official EQUITY_L","nse_added"
"C02995","BIL VYAPAR LIMITED","Public Limited","","","","","","Listed-NSE","BILVYAPAR","INE071A01013","BE","","NSE official EQUITY_L","nse_added"
"C02996","Bimetal Bearings Limited","Public Limited","","","","","","Listed-NSE","BIMETAL","INE469A01019","EQ","","NSE official EQUITY_L","nse_added"
"C02997","Biofil Chemicals & Pharmaceuticals Limited","Public Limited","","","","","","Listed-NSE","BIOFILCHEM","INE829A01014","EQ","","NSE official EQUITY_L","nse_added"
"C02998","Birla Cable Limited","Public Limited","","","","","","Listed-NSE","BIRLACABLE","INE800A01015","EQ","","NSE official EQUITY_L","nse_added"
"C02999","BirlaNu Limited","Public Limited","","","","","","Listed-NSE","BIRLANU","INE557A01011","EQ","","NSE official EQUITY_L","nse_added"
"C03000","Black Rose Inds. Limited","Public Limited","","","","","","Listed-NSE","BLACKROSE","INE761G01016","EQ","","NSE official EQUITY_L","nse_added"
"C03001","BLB Limited","Public Limited","","","","","","Listed-NSE","BLBLIMITED","INE791A01024","EQ","","NSE official EQUITY_L","nse_added"
"C03002","Behari Lal Engineering Limited","Public Limited","","","","","","Listed-NSE","BLEL","INE1EEM01017","EQ","","NSE official EQUITY_L","nse_added"
"C03003","Bliss GVS Pharma Limited","Public Limited","","","","","","Listed-NSE","BLISSGVS","INE416D01022","BE","","NSE official EQUITY_L","nse_added"
"C03004","B. L. Kashyap and Sons Limited","Public Limited","","","","","","Listed-NSE","BLKASHYAP","INE350H01032","EQ","","NSE official EQUITY_L","nse_added"
"C03005","BLS E-Services Limited","Public Limited","","","","","","Listed-NSE","BLSE","INE0NLT01010","EQ","","NSE official EQUITY_L","nse_added"
"C03006","Blue Cloud Softech Solutions Limited","Public Limited","","","","","","Listed-NSE","BLUECLOUDS","INE373T01047","EQ","","NSE official EQUITY_L","nse_added"
"C03007","Blue Coast Hotels Limited","Public Limited","","","","","","Listed-NSE","BLUECOAST","INE472B01011","EQ","","NSE official EQUITY_L","nse_added"
"C03008","Blue Jet Healthcare Limited","Public Limited","","","","","","Listed-NSE","BLUEJET","INE0KBH01020","EQ","","NSE official EQUITY_L","nse_added"
"C03009","BlueStone Jewellery and Lifestyle Limited","Public Limited","","","","","","Listed-NSE","BLUESTONE","INE304W01038","EQ","","NSE official EQUITY_L","nse_added"
"C03010","Bluspring Enterprises Limited","Public Limited","","","","","","Listed-NSE","BLUSPRING","INE0U4101014","EQ","","NSE official EQUITY_L","nse_added"
"C03011","BMW Ventures Limited","Public Limited","","","","","","Listed-NSE","BMWVENTLTD","INE965W01036","EQ","","NSE official EQUITY_L","nse_added"
"C03012","BN Agrochem Limited","Public Limited","","","","","","Listed-NSE","BNAGROCHEM","INE00HZ01011","EQ","","NSE official EQUITY_L","nse_added"
"C03013","B & A Limited","Public Limited","","","","","","Listed-NSE","BNALTD","INE489D01011","BE","","NSE official EQUITY_L","nse_added"
"C03014","Bohra Industries Limited","Public Limited","","","","","","Listed-NSE","BOHRAIND","INE802W01023","EQ","","NSE official EQUITY_L","nse_added"
"C03015","Bonlon Industries Limited","Public Limited","","","","","","Listed-NSE","BONLON","INE0B9A01018","EQ","","NSE official EQUITY_L","nse_added"
"C03016","Borana Weaves Limited","Public Limited","","","","","","Listed-NSE","BORANA","INE16SF01016","EQ","","NSE official EQUITY_L","nse_added"
"C03017","Borosil Scientific Limited","Public Limited","","","","","","Listed-NSE","BOROSCI","INE02L001032","EQ","","NSE official EQUITY_L","nse_added"
"C03018","BOSCH HOME COMFORT INDIA LIMITED","Public Limited","","","","","","Listed-NSE","BOSCH-HCIL","INE782A01015","EQ","","NSE official EQUITY_L","nse_added"
"C03019","BPL Limited","Public Limited","","","","","","Listed-NSE","BPL","INE110A01019","EQ","","NSE official EQUITY_L","nse_added"
"C03020","Bharat Parenterals Limited","Public Limited","","","","","","Listed-NSE","BPLPHARMA","INE365Y01019","EQ","","NSE official EQUITY_L","nse_added"
"C03021","Brahmaputra Infrastructure Limited","Public Limited","","","","","","Listed-NSE","BRAHMINFRA","INE320I01017","EQ","","NSE official EQUITY_L","nse_added"
"C03022","Brigade Hotel Ventures Limited","Public Limited","","","","","","Listed-NSE","BRIGHOTEL","INE03NU01014","EQ","","NSE official EQUITY_L","nse_added"
"C03023","Bright Brothers Limited","Public Limited","","","","","","Listed-NSE","BRIGHTBR","INE630D01010","EQ","","NSE official EQUITY_L","nse_added"
"C03024","Bharat Road Network Limited","Public Limited","","","","","","Listed-NSE","BRNL","INE727S01012","EQ","","NSE official EQUITY_L","nse_added"
"C03025","Brooks Laboratories Limited","Public Limited","","","","","","Listed-NSE","BROOKS","INE650L01011","EQ","","NSE official EQUITY_L","nse_added"
"C03026","BSL Limited","Public Limited","","","","","","Listed-NSE","BSL","INE594B01012","EQ","","NSE official EQUITY_L","nse_added"
"C03027","Bodhi Tree Multimedia Limited","Public Limited","","","","","","Listed-NSE","BTML","INE0EEJ01023","EQ","","NSE official EQUITY_L","nse_added"
"C03028","Bhilwara Technical Textiles Limited","Public Limited","","","","","","Listed-NSE","BTTL","INE274K01012","BE","","NSE official EQUITY_L","nse_added"
"C03029","Shankara Buildpro Limited","Public Limited","","","","","","Listed-NSE","BUILDPRO","INE24OJ01011","EQ","","NSE official EQUITY_L","nse_added"
"C03030","Burnpur Cement Limited","Public Limited","","","","","","Listed-NSE","BURNPUR","INE817H01022","BE","","NSE official EQUITY_L","nse_added"
"C03031","Barak Valley Cements Limited","Public Limited","","","","","","Listed-NSE","BVCL","INE139I01011","EQ","","NSE official EQUITY_L","nse_added"
"C03032","The Byke Hospitality Ltd","Public Limited","","","","","","Listed-NSE","BYKE","INE319B01014","EQ","","NSE official EQUITY_L","nse_added"
"C03033","California Software Company Limited","Public Limited","","","","","","Listed-NSE","CALSOFT","INE526B01014","BE","","NSE official EQUITY_L","nse_added"
"C03034","Capillary Technologies India Limited","Public Limited","","","","","","Listed-NSE","CAPILLARY","INE0ILV01024","EQ","","NSE official EQUITY_L","nse_added"
"C03035","Capital Trust Limited","Public Limited","","","","","","Listed-NSE","CAPTRUST","INE707C01018","BE","","NSE official EQUITY_L","nse_added"
"C03036","Carraro India Limited","Public Limited","","","","","","Listed-NSE","CARRARO","INE0V7W01012","EQ","","NSE official EQUITY_L","nse_added"
"C03037","Cartrade Tech Limited","Public Limited","","","","","","Listed-NSE","CARTRADE","INE290S01011","EQ","","NSE official EQUITY_L","nse_added"
"C03038","CARYSIL LIMITED","Public Limited","","","","","","Listed-NSE","CARYSIL","INE482D01024","EQ","","NSE official EQUITY_L","nse_added"
"C03039","AvenuesAI Limited","Public Limited","","","","","","Listed-NSE","CCAVENUE","INE483S01020","EQ","","NSE official EQUITY_L","nse_added"
"C03040","Consolidated Construction Consortium Limited","Public Limited","","","","","","Listed-NSE","CCCL","INE429I01024","EQ","","NSE official EQUITY_L","nse_added"
"C03041","Country Club Hospitality & Holidays Limited","Public Limited","","","","","","Listed-NSE","CCHHL","INE652F01027","EQ","","NSE official EQUITY_L","nse_added"
"C03042","Ceinsys Tech Limited","Public Limited","","","","","","Listed-NSE","CEINSYS","INE016Q01014","EQ","","NSE official EQUITY_L","nse_added"
"C03043","Celebrity Fashions Limited","Public Limited","","","","","","Listed-NSE","CELEBRITY","INE185H01016","EQ","","NSE official EQUITY_L","nse_added"
"C03044","Cemindia Projects Limited","Public Limited","","","","","","Listed-NSE","CEMPRO","INE686A01026","EQ","","NSE official EQUITY_L","nse_added"
"C03045","Century Extrusions Limited","Public Limited","","","","","","Listed-NSE","CENTEXT","INE281A01026","EQ","","NSE official EQUITY_L","nse_added"
"C03046","Century Extrusions Limited-RE","Public Limited","","","","","","Listed-NSE","CENTEXT-RE","INE281A20018","BE","","NSE official EQUITY_L","nse_added"
"C03047","Concord Enviro Systems Limited","Public Limited","","","","","","Listed-NSE","CEWATER","INE037Z01029","EQ","","NSE official EQUITY_L","nse_added"
"C03048","Confidence Futuristic Energetech Limited","Public Limited","","","","","","Listed-NSE","CFEL","INE700F01024","BE","","NSE official EQUITY_L","nse_added"
"C03049","CG Vak Software & Exports Limited","Public Limited","","","","","","Listed-NSE","CGVAK","INE084D01010","EQ","","NSE official EQUITY_L","nse_added"
"C03050","Chembond Material Technologies Limited","Public Limited","","","","","","Listed-NSE","CHEMBOND","INE995D01025","EQ","","NSE official EQUITY_L","nse_added"
"C03051","Chembond Chemicals Limited","Public Limited","","","","","","Listed-NSE","CHEMBONDCH","INE0TGX01019","BE","","NSE official EQUITY_L","nse_added"
"C03052","Chemcrux Enterprises Limited","Public Limited","","","","","","Listed-NSE","CHEMCRUX","INE298W01016","EQ","","NSE official EQUITY_L","nse_added"
"C03053","Chemfab Alkalis Limited","Public Limited","","","","","","Listed-NSE","CHEMFAB","INE783X01023","EQ","","NSE official EQUITY_L","nse_added"
"C03054","Chemplast Sanmar Limited","Public Limited","","","","","","Listed-NSE","CHEMPLASTS","INE488A01050","EQ","","NSE official EQUITY_L","nse_added"
"C03055","Cheviot Company Limited","Public Limited","","","","","","Listed-NSE","CHEVIOT","INE974B01016","EQ","","NSE official EQUITY_L","nse_added"
"C03056","CIE Automotive India Limited","Public Limited","","","","","","Listed-NSE","CIEINDIA","INE536H01010","EQ","","NSE official EQUITY_L","nse_added"
"C03057","Capital India Finance Limited","Public Limited","","","","","","Listed-NSE","CIFL","INE345H01024","EQ","","NSE official EQUITY_L","nse_added"
"C03058","Cinevista Limited","Public Limited","","","","","","Listed-NSE","CINEVISTA","INE039B01026","EQ","","NSE official EQUITY_L","nse_added"
"C03059","Clean Max Enviro Energy Solutions Limited","Public Limited","","","","","","Listed-NSE","CLEANMAX","INE647U01026","EQ","","NSE official EQUITY_L","nse_added"
"C03060","CL Educate Limited","Public Limited","","","","","","Listed-NSE","CLEDUCATE","INE201M01029","EQ","","NSE official EQUITY_L","nse_added"
"C03061","Chaman Lal Setia Exports Limited","Public Limited","","","","","","Listed-NSE","CLSEL","INE419D01026","EQ","","NSE official EQUITY_L","nse_added"
"C03062","Caliber Mining and Logistics Limited","Public Limited","","","","","","Listed-NSE","CMLL","INE11XY01018","EQ","","NSE official EQUITY_L","nse_added"
"C03063","Central Mine Planning & Design Institute Limited","Public Limited","","","","","","Listed-NSE","CMPDI","INE05HV01027","EQ","","NSE official EQUITY_L","nse_added"
"C03064","CMR Green Technologies Limited","Public Limited","","","","","","Listed-NSE","CMRGREEN","INE00WV01027","EQ","","NSE official EQUITY_L","nse_added"
"C03065","CMS Info Systems Limited","Public Limited","","","","","","Listed-NSE","CMSINFO","INE925R01014","EQ","","NSE official EQUITY_L","nse_added"
"C03066","Creative Newtech Limited","Public Limited","","","","","","Listed-NSE","CNL","INE985W01018","EQ","","NSE official EQUITY_L","nse_added"
"C03067","Coastal Corporation Limited","Public Limited","","","","","","Listed-NSE","COASTCORP","INE377E01024","EQ","","NSE official EQUITY_L","nse_added"
"C03068","John Cockerill India Limited","Public Limited","","","","","","Listed-NSE","COCKERILL","INE515A01019","EQ","","NSE official EQUITY_L","nse_added"
"C03069","Cohance Lifesciences Limited","Public Limited","","","","","","Listed-NSE","COHANCE","INE03QK01018","EQ","","NSE official EQUITY_L","nse_added"
"C03070","Comfort Intech Limited","Public Limited","","","","","","Listed-NSE","COMFINTE","INE819A01049","EQ","","NSE official EQUITY_L","nse_added"
"C03071","Competent Automobiles Company Limited","Public Limited","","","","","","Listed-NSE","COMPEAU","INE823B01015","EQ","","NSE official EQUITY_L","nse_added"
"C03072","Compuage Infocom Limited","Public Limited","","","","","","Listed-NSE","COMPINFO","INE070C01037","BZ","","NSE official EQUITY_L","nse_added"
"C03073","Compucom Software Limited","Public Limited","","","","","","Listed-NSE","COMPUSOFT","INE453B01029","EQ","","NSE official EQUITY_L","nse_added"
"C03074","Commercial Syn Bags Limited","Public Limited","","","","","","Listed-NSE","COMSYN","INE073V01015","EQ","","NSE official EQUITY_L","nse_added"
"C03075","Concord Biotech Limited","Public Limited","","","","","","Listed-NSE","CONCORDBIO","INE338H01029","EQ","","NSE official EQUITY_L","nse_added"
"C03076","Confidence Petroleum India Limited","Public Limited","","","","","","Listed-NSE","CONFIPET","INE552D01024","EQ","","NSE official EQUITY_L","nse_added"
"C03077","Consolidated Finvest & Holdings Limited","Public Limited","","","","","","Listed-NSE","CONSOFINVT","INE025A01027","BE","","NSE official EQUITY_L","nse_added"
"C03078","Coral India Finance & Housing Limited","Public Limited","","","","","","Listed-NSE","CORALFINAC","INE558D01021","EQ","","NSE official EQUITY_L","nse_added"
"C03079","Waterways Leisure Tourism Limited","Public Limited","","","","","","Listed-NSE","CORDELIA","INE0LZF01039","EQ","","NSE official EQUITY_L","nse_added"
"C03080","Cords Cable Industries Limited","Public Limited","","","","","","Listed-NSE","CORDSCABLE","INE792I01017","BE","","NSE official EQUITY_L","nse_added"
"C03081","CORONA Remedies Limited","Public Limited","","","","","","Listed-NSE","CORONA","INE02ZQ01018","EQ","","NSE official EQUITY_L","nse_added"
"C03082","Country Condo's Limited","Public Limited","","","","","","Listed-NSE","COUNCODOS","INE695B01025","BE","","NSE official EQUITY_L","nse_added"
"C03083","CP Capital Limited","Public Limited","","","","","","Listed-NSE","CPCAP","INE521J01018","EQ","","NSE official EQUITY_L","nse_added"
"C03084","Career Point Edutech Limited","Public Limited","","","","","","Listed-NSE","CPEDU","INE0P6P01016","EQ","","NSE official EQUITY_L","nse_added"
"C03085","Captain Polyplast Limited","Public Limited","","","","","","Listed-NSE","CPL","INE536P01021","EQ","","NSE official EQUITY_L","nse_added"
"C03086","Aditya Infotech Limited","Public Limited","","","","","","Listed-NSE","CPPLUS","INE819V01029","EQ","","NSE official EQUITY_L","nse_added"
"C03087","Cravatex Limited","Public Limited","","","","","","Listed-NSE","CRAVATEX","INE145E01017","EQ","","NSE official EQUITY_L","nse_added"
"C03088","Creative Eye Limited","Public Limited","","","","","","Listed-NSE","CREATIVEYE","INE230B01021","EQ","","NSE official EQUITY_L","nse_added"
"C03089","Crest Ventures Limited","Public Limited","","","","","","Listed-NSE","CREST","INE559D01011","EQ","","NSE official EQUITY_L","nse_added"
"C03090","CRESTO TECHNO LIMITED","Public Limited","","","","","","Listed-NSE","CRESTO","INE203Y01012","EQ","","NSE official EQUITY_L","nse_added"
"C03091","Crizac Limited","Public Limited","","","","","","Listed-NSE","CRIZAC","INE0S4R01014","EQ","","NSE official EQUITY_L","nse_added"
"C03092","Crown Lifters Limited","Public Limited","","","","","","Listed-NSE","CROWN","INE491V01019","EQ","","NSE official EQUITY_L","nse_added"
"C03093","Cressanda Railway Solutions Limited","Public Limited","","","","","","Listed-NSE","CRSL","INE716D01033","BE","","NSE official EQUITY_L","nse_added"
"C03094","CSL Finance Limited","Public Limited","","","","","","Listed-NSE","CSLFINANCE","INE718F01018","EQ","","NSE official EQUITY_L","nse_added"
"C03095","CSM Technologies Limited","Public Limited","","","","","","Listed-NSE","CSM","INE0ZK601013","EQ","","NSE official EQUITY_L","nse_added"
"C03096","Cambridge Technology Enterprises Limited","Public Limited","","","","","","Listed-NSE","CTE","INE627H01017","BE","","NSE official EQUITY_L","nse_added"
"C03097","Cubex Tubings Limited","Public Limited","","","","","","Listed-NSE","CUBEXTUB","INE144D01012","BE","","NSE official EQUITY_L","nse_added"
"C03098","Cura Technologies Limited","Public Limited","","","","","","Listed-NSE","CURAA","INE117B01020","BE","","NSE official EQUITY_L","nse_added"
"C03099","Cyber Media (India) Limited","Public Limited","","","","","","Listed-NSE","CYBERMEDIA","INE278G01037","BE","","NSE official EQUITY_L","nse_added"
"C03100","Cybertech Systems And Software Limited","Public Limited","","","","","","Listed-NSE","CYBERTECH","INE214A01019","BE","","NSE official EQUITY_L","nse_added"
"C03101","Dai-Ichi Karkaria Limited","Public Limited","","","","","","Listed-NSE","DAICHI","INE928C01010","BE","","NSE official EQUITY_L","nse_added"
"C03102","Damodar Industries Limited","Public Limited","","","","","","Listed-NSE","DAMODARIND","INE497D01022","BE","","NSE official EQUITY_L","nse_added"
"C03103","Dangee Dums Limited","Public Limited","","","","","","Listed-NSE","DANGEE","INE688Y01022","EQ","","NSE official EQUITY_L","nse_added"
"C03104","Datamatics Global Services Limited","Public Limited","","","","","","Listed-NSE","DATAMATICS","INE365B01017","EQ","","NSE official EQUITY_L","nse_added"
"C03105","Davangere Sugar Company Limited","Public Limited","","","","","","Listed-NSE","DAVANGERE","INE179G01029","EQ","","NSE official EQUITY_L","nse_added"
"C03106","Deepak Builders & Engineers India Limited","Public Limited","","","","","","Listed-NSE","DBEIL","INE0OPA01027","EQ","","NSE official EQUITY_L","nse_added"
"C03107","Dilip Buildcon Limited","Public Limited","","","","","","Listed-NSE","DBL","INE917M01012","EQ","","NSE official EQUITY_L","nse_added"
"C03108","Dhampur Bio Organics Limited","Public Limited","","","","","","Listed-NSE","DBOL","INE0I3401014","EQ","","NSE official EQUITY_L","nse_added"
"C03109","Valor Estate Limited","Public Limited","","","","","","Listed-NSE","DBREALTY","INE879I01012","EQ","","NSE official EQUITY_L","nse_added"
"C03110","DB (International) Stock Brokers Limited","Public Limited","","","","","","Listed-NSE","DBSTOCKBRO","INE921B01025","BE","","NSE official EQUITY_L","nse_added"
"C03111","Dc Infotech And Communication Limited","Public Limited","","","","","","Listed-NSE","DCI","INE0A1101019","EQ","","NSE official EQUITY_L","nse_added"
"C03112","DCM  Limited","Public Limited","","","","","","Listed-NSE","DCM","INE498A01018","EQ","","NSE official EQUITY_L","nse_added"
"C03113","DCM Financial Services Limited","Public Limited","","","","","","Listed-NSE","DCMFINSERV","INE891B01012","EQ","","NSE official EQUITY_L","nse_added"
"C03114","DCM Nouvelle Limited","Public Limited","","","","","","Listed-NSE","DCMNVL","INE08KP01019","EQ","","NSE official EQUITY_L","nse_added"
"C03115","DCM Shriram Limited","Public Limited","","","","","","Listed-NSE","DCMSHRIRAM","INE499A01024","EQ","","NSE official EQUITY_L","nse_added"
"C03116","DCM Shriram International Limited","Public Limited","","","","","","Listed-NSE","DCMSIL","INE0OU201013","EQ","","NSE official EQUITY_L","nse_added"
"C03117","DCX Systems Limited","Public Limited","","","","","","Listed-NSE","DCXINDIA","INE0KL801015","EQ","","NSE official EQUITY_L","nse_added"
"C03118","Ddev Plastiks Industries Limited","Public Limited","","","","","","Listed-NSE","DDEVPLSTIK","INE0HR601026","EQ","","NSE official EQUITY_L","nse_added"
"C03119","Deccan Gold Mines Limited","Public Limited","","","","","","Listed-NSE","DECNGOLD","INE945F01025","EQ","","NSE official EQUITY_L","nse_added"
"C03120","DEE Development Engineers Limited","Public Limited","","","","","","Listed-NSE","DEEDEV","INE841L01016","EQ","","NSE official EQUITY_L","nse_added"
"C03121","Deep Polymers Limited","Public Limited","","","","","","Listed-NSE","DEEP","INE00IY01012","BE","","NSE official EQUITY_L","nse_added"
"C03122","Deepa Jewellers Limited","Public Limited","","","","","","Listed-NSE","DEEPA","INE1M2N01020","EQ","","NSE official EQUITY_L","nse_added"
"C03123","Deepak Fertilizers and Petrochemicals Corporation Limited","Public Limited","","","","","","Listed-NSE","DEEPAKFERT","INE501A01019","EQ","","NSE official EQUITY_L","nse_added"
"C03124","DELPHI WORLD MONEY LIMITED","Public Limited","","","","","","Listed-NSE","DELPHIFX","INE726L01027","BE","","NSE official EQUITY_L","nse_added"
"C03125","Delta Manufacturing Limited","Public Limited","","","","","","Listed-NSE","DELTAMAGNT","INE393A01011","EQ","","NSE official EQUITY_L","nse_added"
"C03126","Den Networks Limited","Public Limited","","","","","","Listed-NSE","DEN","INE947J01015","EQ","","NSE official EQUITY_L","nse_added"
"C03127","De Nora India Limited","Public Limited","","","","","","Listed-NSE","DENORA","INE244A01016","EQ","","NSE official EQUITY_L","nse_added"
"C03128","Denta Water and Infra Solutions Limited","Public Limited","","","","","","Listed-NSE","DENTA","INE0R4L01018","EQ","","NSE official EQUITY_L","nse_added"
"C03129","Dev Information Technology Limited","Public Limited","","","","","","Listed-NSE","DEVIT","INE060X01034","EQ","","NSE official EQUITY_L","nse_added"
"C03130","Dev Accelerator Limited","Public Limited","","","","","","Listed-NSE","DEVX","INE0VOV01021","EQ","","NSE official EQUITY_L","nse_added"
"C03131","Digicontent Limited","Public Limited","","","","","","Listed-NSE","DGCONTENT","INE03JI01017","EQ","","NSE official EQUITY_L","nse_added"
"C03132","Dhabriya Polywood Limited","Public Limited","","","","","","Listed-NSE","DHABRIYA","INE260R01016","BE","","NSE official EQUITY_L","nse_added"
"C03133","DHARAN INFRA-EPC LIMITED","Public Limited","","","","","","Listed-NSE","DHARAN","INE278R01034","BZ","","NSE official EQUITY_L","nse_added"
"C03134","Dharmaj Crop Guard Limited","Public Limited","","","","","","Listed-NSE","DHARMAJ","INE00OQ01016","EQ","","NSE official EQUITY_L","nse_added"
"C03135","Dhatre Udyog Limited","Public Limited","","","","","","Listed-NSE","DHATRE","INE715T01031","EQ","","NSE official EQUITY_L","nse_added"
"C03136","Dhoot Transmission Limited","Public Limited","","","","","","Listed-NSE","DHOOTTRANS","INE01NH01023","EQ","","NSE official EQUITY_L","nse_added"
"C03137","Dhruv Consultancy Services Limited","Public Limited","","","","","","Listed-NSE","DHRUV","INE506Z01015","EQ","","NSE official EQUITY_L","nse_added"
"C03138","Dhunseri Investments Limited","Public Limited","","","","","","Listed-NSE","DHUNINV","INE320L01011","EQ","","NSE official EQUITY_L","nse_added"
"C03139","Diamines & Chemicals Limited","Public Limited","","","","","","Listed-NSE","DIAMINESQ","INE591D01014","EQ","","NSE official EQUITY_L","nse_added"
"C03140","DIC India Limited","Public Limited","","","","","","Listed-NSE","DICIND","INE303A01010","EQ","","NSE official EQUITY_L","nse_added"
"C03141","Diffusion Engineers Limited","Public Limited","","","","","","Listed-NSE","DIFFNKG","INE184O01015","EQ","","NSE official EQUITY_L","nse_added"
"C03142","Digidrive Distributors Limited","Public Limited","","","","","","Listed-NSE","DIGIDRIVE","INE0PSC01024","EQ","","NSE official EQUITY_L","nse_added"
"C03143","DiGiSPICE Technologies Limited","Public Limited","","","","","","Listed-NSE","DIGISPICE","INE927C01020","EQ","","NSE official EQUITY_L","nse_added"
"C03144","Digitide Solutions Limited","Public Limited","","","","","","Listed-NSE","DIGITIDE","INE0U4701011","EQ","","NSE official EQUITY_L","nse_added"
"C03145","Disa India Limited","Public Limited","","","","","","Listed-NSE","DISAQ","INE131C01011","EQ","","NSE official EQUITY_L","nse_added"
"C03146","Divgi Torqtransfer Systems Limited","Public Limited","","","","","","Listed-NSE","DIVGIITTS","INE753U01022","EQ","","NSE official EQUITY_L","nse_added"
"C03147","DJ Mediaprint & Logistics Limited","Public Limited","","","","","","Listed-NSE","DJML","INE0B1K01014","EQ","","NSE official EQUITY_L","nse_added"
"C03148","D-Link (India) Limited","Public Limited","","","","","","Listed-NSE","DLINKINDIA","INE250K01012","EQ","","NSE official EQUITY_L","nse_added"
"C03149","DMCC SPECIALITY CHEMICALS LIMITED","Public Limited","","","","","","Listed-NSE","DMCC","INE505A01010","EQ","","NSE official EQUITY_L","nse_added"
"C03150","Diligent Media Corporation Limited","Public Limited","","","","","","Listed-NSE","DNAMEDIA","INE016M01021","EQ","","NSE official EQUITY_L","nse_added"
"C03151","Dodla Dairy Limited","Public Limited","","","","","","Listed-NSE","DODLA","INE021O01019","EQ","","NSE official EQUITY_L","nse_added"
"C03152","Dolat Algotech Limited","Public Limited","","","","","","Listed-NSE","DOLATALGO","INE966A01022","EQ","","NSE official EQUITY_L","nse_added"
"C03153","Dollex Agrotech Limited","Public Limited","","","","","","Listed-NSE","DOLLEX","INE0JHH01011","EQ","","NSE official EQUITY_L","nse_added"
"C03154","Dolphin Offshore Enterprises (India) Limited","Public Limited","","","","","","Listed-NSE","DOLPHIN","INE920A01037","EQ","","NSE official EQUITY_L","nse_added"
"C03155","DOMS Industries Limited","Public Limited","","","","","","Listed-NSE","DOMS","INE321T01012","EQ","","NSE official EQUITY_L","nse_added"
"C03156","Donear Industries Limited","Public Limited","","","","","","Listed-NSE","DONEAR","INE668D01028","EQ","","NSE official EQUITY_L","nse_added"
"C03157","D. P. Abhushan Limited","Public Limited","","","","","","Listed-NSE","DPABHUSHAN","INE266Y01019","EQ","","NSE official EQUITY_L","nse_added"
"C03158","DPSC Limited","Public Limited","","","","","","Listed-NSE","DPSCLTD","INE360C01024","BE","","NSE official EQUITY_L","nse_added"
"C03159","D P Wires Limited","Public Limited","","","","","","Listed-NSE","DPWIRES","INE864X01013","BE","","NSE official EQUITY_L","nse_added"
"C03160","Dr Agarwals Eye Hospital Limited","Public Limited","","","","","","Listed-NSE","DRAGARWQ","INE934C01018","EQ","","NSE official EQUITY_L","nse_added"
"C03161","DRC Systems India Limited","Public Limited","","","","","","Listed-NSE","DRCSYSTEMS","INE03RS01027","EQ","","NSE official EQUITY_L","nse_added"
"C03162","DCM Shriram Fine Chemicals Limited","Public Limited","","","","","","Listed-NSE","DSFCL","INE0OFM01015","EQ","","NSE official EQUITY_L","nse_added"
"C03163","DS Kulkarni Developers Limited","Public Limited","","","","","","Listed-NSE","DSKULKARNI","INE891A01022","BE","","NSE official EQUITY_L","nse_added"
"C03164","Dynacons Systems & Solutions Limited","Public Limited","","","","","","Listed-NSE","DSSL","INE417B01040","EQ","","NSE official EQUITY_L","nse_added"
"C03165","Dhunseri Tea & Industries Limited","Public Limited","","","","","","Listed-NSE","DTIL","INE341R01014","BE","","NSE official EQUITY_L","nse_added"
"C03166","Ducon Infratechnologies Limited","Public Limited","","","","","","Listed-NSE","DUCON","INE741L01018","EQ","","NSE official EQUITY_L","nse_added"
"C03167","Dwarikesh Sugar Industries Limited","Public Limited","","","","","","Listed-NSE","DWARKESH","INE366A01041","EQ","","NSE official EQUITY_L","nse_added"
"C03168","Dynamic Cables Limited","Public Limited","","","","","","Listed-NSE","DYCL","INE600Y01019","EQ","","NSE official EQUITY_L","nse_added"
"C03169","Dynemic Products Limited","Public Limited","","","","","","Listed-NSE","DYNPRO","INE256H01015","EQ","","NSE official EQUITY_L","nse_added"
"C03170","E2E Networks Limited","Public Limited","","","","","","Listed-NSE","E2E","INE255Z01027","BE","","NSE official EQUITY_L","nse_added"
"C03171","East West Freight Carriers Limited","Public Limited","","","","","","Listed-NSE","EASTWEST","INE595R01023","EQ","","NSE official EQUITY_L","nse_added"
"C03172","GNG Electronics Limited","Public Limited","","","","","","Listed-NSE","EBGNG","INE18JU01028","EQ","","NSE official EQUITY_L","nse_added"
"C03173","EBIX Limited","Public Limited","","","","","","Listed-NSE","EBIX","INE432F01032","BE","","NSE official EQUITY_L","nse_added"
"C03174","Ecos (India) Mobility & Hospitality Limited","Public Limited","","","","","","Listed-NSE","ECOSMOBLTY","INE06HJ01020","EQ","","NSE official EQUITY_L","nse_added"
"C03175","EFC (I) Limited","Public Limited","","","","","","Listed-NSE","EFCIL","INE886D01026","EQ","","NSE official EQUITY_L","nse_added"
"C03176","Enviro Infra Engineers Limited","Public Limited","","","","","","Listed-NSE","EIEL","INE0LLY01014","EQ","","NSE official EQUITY_L","nse_added"
"C03177","Euro India Fresh Foods Limited","Public Limited","","","","","","Listed-NSE","EIFFL","INE546V01010","BE","","NSE official EQUITY_L","nse_added"
"C03178","EIH Associated Hotels Limited","Public Limited","","","","","","Listed-NSE","EIHAHOTELS","INE276C01014","EQ","","NSE official EQUITY_L","nse_added"
"C03179","Everest Kanto Cylinder Limited","Public Limited","","","","","","Listed-NSE","EKC","INE184H01027","EQ","","NSE official EQUITY_L","nse_added"
"C03180","EKI Energy Services Limited","Public Limited","","","","","","Listed-NSE","EKI","INE0CPR01018","EQ","","NSE official EQUITY_L","nse_added"
"C03181","Elantas Beck India Limited","Public Limited","","","","","","Listed-NSE","ELANTAS","INE280B01018","EQ","","NSE official EQUITY_L","nse_added"
"C03182","EL CID Investments Limited","Public Limited","","","","","","Listed-NSE","ELCIDIN","INE927X01018","EQ","","NSE official EQUITY_L","nse_added"
"C03183","Eldeco Housing And Industries Limited","Public Limited","","","","","","Listed-NSE","ELDEHSG","INE668G01021","EQ","","NSE official EQUITY_L","nse_added"
"C03184","Electrotherm (India) Limited","Public Limited","","","","","","Listed-NSE","ELECTHERM","INE822G01016","EQ","","NSE official EQUITY_L","nse_added"
"C03185","Elevate Campuses Limited","Public Limited","","","","","","Listed-NSE","ELEVATE","INE147X01013","EQ","","NSE official EQUITY_L","nse_added"
"C03186","Elin Electronics Limited","Public Limited","","","","","","Listed-NSE","ELIN","INE050401020","EQ","","NSE official EQUITY_L","nse_added"
"C03187","Elitecon International Limited","Public Limited","","","","","","Listed-NSE","ELITECON","INE669R01026","EQ","","NSE official EQUITY_L","nse_added"
"C03188","Ellenbarrie Industrial Gases Limited","Public Limited","","","","","","Listed-NSE","ELLEN","INE236E01022","EQ","","NSE official EQUITY_L","nse_added"
"C03189","Elpro International Limited","Public Limited","","","","","","Listed-NSE","ELPROINTL","INE579B01039","EQ","","NSE official EQUITY_L","nse_added"
"C03190","Emami Realty Limited","Public Limited","","","","","","Listed-NSE","EMAMIREAL","INE778K01012","EQ","","NSE official EQUITY_L","nse_added"
"C03191","Electronics Mart India Limited","Public Limited","","","","","","Listed-NSE","EMIL","INE02YR01019","EQ","","NSE official EQUITY_L","nse_added"
"C03192","Emmbi Industries Limited","Public Limited","","","","","","Listed-NSE","EMMBI","INE753K01015","BE","","NSE official EQUITY_L","nse_added"
"C03193","Emmvee Photovoltaic Power Limited","Public Limited","","","","","","Listed-NSE","EMMVEE","INE1C6T01020","EQ","","NSE official EQUITY_L","nse_added"
"C03194","Empire Industries Limited","Public Limited","","","","","","Listed-NSE","EMPIND","INE515H01014","EQ","","NSE official EQUITY_L","nse_added"
"C03195","Empower India Limited","Public Limited","","","","","","Listed-NSE","EMPOWER","INE507F01023","EQ","","NSE official EQUITY_L","nse_added"
"C03196","EMS Limited","Public Limited","","","","","","Listed-NSE","EMSLIMITED","INE0OV601013","EQ","","NSE official EQUITY_L","nse_added"
"C03197","eMudhra Limited","Public Limited","","","","","","Listed-NSE","EMUDHRA","INE01QM01018","EQ","","NSE official EQUITY_L","nse_added"
"C03198","Energy Development Company Limited","Public Limited","","","","","","Listed-NSE","ENERGYDEV","INE306C01019","EQ","","NSE official EQUITY_L","nse_added"
"C03199","Entertainment Network (India) Limited","Public Limited","","","","","","Listed-NSE","ENIL","INE265F01028","EQ","","NSE official EQUITY_L","nse_added"
"C03200","Enkei Wheels (India) Limited","Public Limited","","","","","","Listed-NSE","ENKEIWHEL","INE130L01014","EQ","","NSE official EQUITY_L","nse_added"
"C03201","EPACK Durable Limited","Public Limited","","","","","","Listed-NSE","EPACK","INE0G5901015","EQ","","NSE official EQUITY_L","nse_added"
"C03202","EPack Prefab Technologies Limited","Public Limited","","","","","","Listed-NSE","EPACKPEB","INE0MLS01022","EQ","","NSE official EQUITY_L","nse_added"
"C03203","Epigral Limited","Public Limited","","","","","","Listed-NSE","EPIGRAL","INE071N01016","EQ","","NSE official EQUITY_L","nse_added"
"C03204","EPL Limited","Public Limited","","","","","","Listed-NSE","EPL","INE255A01020","EQ","","NSE official EQUITY_L","nse_added"
"C03205","Equippp Social Impact Technologies Limited","Public Limited","","","","","","Listed-NSE","EQUIPPP","INE217G01035","BE","","NSE official EQUITY_L","nse_added"
"C03206","ESDS Software Solution Limited","Public Limited","","","","","","Listed-NSE","ESDS","INE0DRI01029","EQ","","NSE official EQUITY_L","nse_added"
"C03207","Essar Shipping Limited","Public Limited","","","","","","Listed-NSE","ESSARSHPNG","INE122M01019","EQ","","NSE official EQUITY_L","nse_added"
"C03208","Integra Essentia Limited","Public Limited","","","","","","Listed-NSE","ESSENTIA","INE418N01035","EQ","","NSE official EQUITY_L","nse_added"
"C03209","Ester Industries Limited","Public Limited","","","","","","Listed-NSE","ESTER","INE778B01029","EQ","","NSE official EQUITY_L","nse_added"
"C03210","Ethos Limited","Public Limited","","","","","","Listed-NSE","ETHOSLTD","INE04TZ01018","EQ","","NSE official EQUITY_L","nse_added"
"C03211","Eureka Forbes Limited","Public Limited","","","","","","Listed-NSE","EUREKAFORB","INE0KCE01017","EQ","","NSE official EQUITY_L","nse_added"
"C03212","Euro Panel Products Limited","Public Limited","","","","","","Listed-NSE","EUROBOND","INE505V01016","EQ","","NSE official EQUITY_L","nse_added"
"C03213","Euro Pratik Sales Limited","Public Limited","","","","","","Listed-NSE","EUROPRATIK","INE198501012","EQ","","NSE official EQUITY_L","nse_added"
"C03214","Eurotex Industries and Exports Limited","Public Limited","","","","","","Listed-NSE","EUROTEXIND","INE022C01012","EQ","","NSE official EQUITY_L","nse_added"
"C03215","Everest Industries Limited","Public Limited","","","","","","Listed-NSE","EVERESTIND","INE295A01018","BE","","NSE official EQUITY_L","nse_added"
"C03216","Excelsoft Technologies Limited","Public Limited","","","","","","Listed-NSE","EXCELSOFT","INE606N01019","EQ","","NSE official EQUITY_L","nse_added"
"C03217","Expleo Solutions Limited","Public Limited","","","","","","Listed-NSE","EXPLEOSOL","INE201K01015","EQ","","NSE official EQUITY_L","nse_added"
"C03218","Exxaro Tiles Limited","Public Limited","","","","","","Listed-NSE","EXXARO","INE0GFE01026","EQ","","NSE official EQUITY_L","nse_added"
"C03219","Fabtech Technologies Limited","Public Limited","","","","","","Listed-NSE","FABTECH","INE0HF201011","EQ","","NSE official EQUITY_L","nse_added"
"C03220","Fairchem Organics Limited","Public Limited","","","","","","Listed-NSE","FAIRCHEMOR","INE0DNW01011","BE","","NSE official EQUITY_L","nse_added"
"C03221","Faze Three Limited","Public Limited","","","","","","Listed-NSE","FAZE3Q","INE963C01033","EQ","","NSE official EQUITY_L","nse_added"
"C03222","FCS Software Solutions Limited","Public Limited","","","","","","Listed-NSE","FCSSOFT","INE512B01022","EQ","","NSE official EQUITY_L","nse_added"
"C03223","Fedders Holding Limited","Public Limited","","","","","","Listed-NSE","FEDDERSHOL","INE417D01020","EQ","","NSE official EQUITY_L","nse_added"
"C03224","Fedbank Financial Services Limited","Public Limited","","","","","","Listed-NSE","FEDFINA","INE007N01010","EQ","","NSE official EQUITY_L","nse_added"
"C03225","Future Enterprises Limited","Public Limited","","","","","","Listed-NSE","FEL","INE623B01027","BZ","","NSE official EQUITY_L","nse_added"
"C03226","Future Enterprises Limited","Public Limited","","","","","","Listed-NSE","FELDVR","IN9623B01058","BZ","","NSE official EQUITY_L","nse_added"
"C03227","Fermenta Biotech Limited","Public Limited","","","","","","Listed-NSE","FERMENTA","INE225B01021","EQ","","NSE official EQUITY_L","nse_added"
"C03228","Fiberweb (India) Limited","Public Limited","","","","","","Listed-NSE","FIBERWEB","INE296C01020","EQ","","NSE official EQUITY_L","nse_added"
"C03229","Fiem Industries Limited","Public Limited","","","","","","Listed-NSE","FIEMIND","INE737H01014","EQ","","NSE official EQUITY_L","nse_added"
"C03230","Finkurve Financial Services Limited","Public Limited","","","","","","Listed-NSE","FINKURVE","INE734I01027","EQ","","NSE official EQUITY_L","nse_added"
"C03231","Brainbees Solutions Limited","Public Limited","","","","","","Listed-NSE","FIRSTCRY","INE02RE01045","EQ","","NSE official EQUITY_L","nse_added"
"C03232","Fischer Medical Ventures Limited","Public Limited","","","","","","Listed-NSE","FISCHER","INE771F01041","EQ","","NSE official EQUITY_L","nse_added"
"C03233","Flair Writing Industries Limited","Public Limited","","","","","","Listed-NSE","FLAIR","INE00Y201027","EQ","","NSE official EQUITY_L","nse_added"
"C03234","Future Lifestyle Fashions Limited","Public Limited","","","","","","Listed-NSE","FLFL","INE452O01016","BZ","","NSE official EQUITY_L","nse_added"
"C03235","Federal-Mogul Goetze (India) Limited.","Public Limited","","","","","","Listed-NSE","FMGOETZE","INE529A01010","EQ","","NSE official EQUITY_L","nse_added"
"C03236","Future Market Networks Limited","Public Limited","","","","","","Listed-NSE","FMNL","INE360L01017","EQ","","NSE official EQUITY_L","nse_added"
"C03237","Focus Lighting and Fixtures Limited","Public Limited","","","","","","Listed-NSE","FOCUS","INE593W01028","BE","","NSE official EQUITY_L","nse_added"
"C03238","Foods & Inns Limited","Public Limited","","","","","","Listed-NSE","FOODSIN","INE976E01023","EQ","","NSE official EQUITY_L","nse_added"
"C03239","Fredun Pharmaceuticals Limited","Public Limited","","","","","","Listed-NSE","FREDUN","INE194R01017","EQ","","NSE official EQUITY_L","nse_added"
"C03240","Gaja Alternative Asset Management Limited","Public Limited","","","","","","Listed-NSE","GAJA","INE18UN01038","EQ","","NSE official EQUITY_L","nse_added"
"C03241","Gala Precision Engineering Limited","Public Limited","","","","","","Listed-NSE","GALAPREC","INE0RE001014","EQ","","NSE official EQUITY_L","nse_added"
"C03242","Galaxy Surfactants Limited","Public Limited","","","","","","Listed-NSE","GALAXYSURF","INE600K01018","EQ","","NSE official EQUITY_L","nse_added"
"C03243","Gandhar Oil Refinery (India) Limited","Public Limited","","","","","","Listed-NSE","GANDHAR","INE717W01049","EQ","","NSE official EQUITY_L","nse_added"
"C03244","Gandhi Special Tubes Limited","Public Limited","","","","","","Listed-NSE","GANDHITUBE","INE524B01027","EQ","","NSE official EQUITY_L","nse_added"
"C03245","Ganesha Ecosphere Limited","Public Limited","","","","","","Listed-NSE","GANECOS","INE845D01014","EQ","","NSE official EQUITY_L","nse_added"
"C03246","Ganesh Consumer Products Limited","Public Limited","","","","","","Listed-NSE","GANESHCP","INE652V01016","EQ","","NSE official EQUITY_L","nse_added"
"C03247","Ganga Forging Limited","Public Limited","","","","","","Listed-NSE","GANGAFORGE","INE691Z01023","EQ","","NSE official EQUITY_L","nse_added"
"C03248","Ganges Securities Limited","Public Limited","","","","","","Listed-NSE","GANGESSECU","INE335W01016","EQ","","NSE official EQUITY_L","nse_added"
"C03249","Garuda Construction and Engineering Limited","Public Limited","","","","","","Listed-NSE","GARUDA","INE0JVO01026","EQ","","NSE official EQUITY_L","nse_added"
"C03250","GACM Technologies Limited","Public Limited","","","","","","Listed-NSE","GATECH","INE224E01028","BE","","NSE official EQUITY_L","nse_added"
"C03251","GACM Technologies Limited","Public Limited","","","","","","Listed-NSE","GATECHDVR","INE224E01036","BE","","NSE official EQUITY_L","nse_added"
"C03252","Gaudium IVF and Women Health Limited","Public Limited","","","","","","Listed-NSE","GAUDIUMIVF","INE0P8B01020","EQ","","NSE official EQUITY_L","nse_added"
"C03253","Gayatri Highways Limited","Public Limited","","","","","","Listed-NSE","GAYAHWS","INE287Z01012","EQ","","NSE official EQUITY_L","nse_added"
"C03254","Gretex Corporate Services Limited","Public Limited","","","","","","Listed-NSE","GCSL","INE199P01028","EQ","","NSE official EQUITY_L","nse_added"
"C03255","Geekay Wires Limited","Public Limited","","","","","","Listed-NSE","GEEKAYWIRE","INE669X01032","EQ","","NSE official EQUITY_L","nse_added"
"C03256","Gem Aromatics Limited","Public Limited","","","","","","Listed-NSE","GEMAROMA","INE06XZ01023","EQ","","NSE official EQUITY_L","nse_added"
"C03257","Generic Engineering Construction and Projects Limited","Public Limited","","","","","","Listed-NSE","GENCON","INE854S01022","EQ","","NSE official EQUITY_L","nse_added"
"C03258","Genesys International Corporation Limited","Public Limited","","","","","","Listed-NSE","GENESYS","INE727B01026","EQ","","NSE official EQUITY_L","nse_added"
"C03259","Gensol Engineering Limited","Public Limited","","","","","","Listed-NSE","GENSOL","INE06H201014","BZ","","NSE official EQUITY_L","nse_added"
"C03260","Genus Paper & Boards Limited","Public Limited","","","","","","Listed-NSE","GENUSPAPER","INE949P01018","EQ","","NSE official EQUITY_L","nse_added"
"C03261","GFL Limited","Public Limited","","","","","","Listed-NSE","GFLLIMITED","INE538A01037","EQ","","NSE official EQUITY_L","nse_added"
"C03262","Grand Foundry Limited","Public Limited","","","","","","Listed-NSE","GFSTEELS","INE534A01028","BE","","NSE official EQUITY_L","nse_added"
"C03263","Globe International Carriers Limited","Public Limited","","","","","","Listed-NSE","GICL","INE947T01022","BE","","NSE official EQUITY_L","nse_added"
"C03264","GKB Ophthalmics Limited","Public Limited","","","","","","Listed-NSE","GKB","INE265D01015","EQ","","NSE official EQUITY_L","nse_added"
"C03265","GK Energy Limited","Public Limited","","","","","","Listed-NSE","GKENERGY","INE1AG301022","EQ","","NSE official EQUITY_L","nse_added"
"C03266","Gujarat Kidney And Super Speciality Limited","Public Limited","","","","","","Listed-NSE","GKSL","INE0V0W01025","EQ","","NSE official EQUITY_L","nse_added"
"C03267","Glass Wall Systems (India) Limited","Public Limited","","","","","","Listed-NSE","GLASSWALL","INE644Q01039","EQ","","NSE official EQUITY_L","nse_added"
"C03268","Gujarat Lease Financing Limited","Public Limited","","","","","","Listed-NSE","GLFL","INE540A01017","EQ","","NSE official EQUITY_L","nse_added"
"C03269","Global Education Limited","Public Limited","","","","","","Listed-NSE","GLOBAL","INE291W01037","EQ","","NSE official EQUITY_L","nse_added"
"C03270","Globale Tessile Limited","Public Limited","","","","","","Listed-NSE","GLOBALE","INE0URU01010","EQ","","NSE official EQUITY_L","nse_added"
"C03271","Global Vectra Helicorp Limited","Public Limited","","","","","","Listed-NSE","GLOBALVECT","INE792H01019","EQ","","NSE official EQUITY_L","nse_added"
"C03272","GLOBE ENTERPRISES (INDIA) LIMITED","Public Limited","","","","","","Listed-NSE","GLOBE","INE581X01021","EQ","","NSE official EQUITY_L","nse_added"
"C03273","Globe Civil Projects Limited","Public Limited","","","","","","Listed-NSE","GLOBECIVIL","INE0V3U01015","EQ","","NSE official EQUITY_L","nse_added"
"C03274","Globus Spirits Limited","Public Limited","","","","","","Listed-NSE","GLOBUSSPR","INE615I01010","EQ","","NSE official EQUITY_L","nse_added"
"C03275","Gloster Limited","Public Limited","","","","","","Listed-NSE","GLOSTERLTD","INE350Z01018","EQ","","NSE official EQUITY_L","nse_added"
"C03276","Glottis Limited","Public Limited","","","","","","Listed-NSE","GLOTTIS","INE0TQE01026","EQ","","NSE official EQUITY_L","nse_added"
"C03277","GMM Pfaudler Limited","Public Limited","","","","","","Listed-NSE","GMMPFAUDLR","INE541A01023","EQ","","NSE official EQUITY_L","nse_added"
"C03278","GMR Power and Urban Infra Limited","Public Limited","","","","","","Listed-NSE","GMRP&UI","INE0CU601026","EQ","","NSE official EQUITY_L","nse_added"
"C03279","Gujarat Natural Resources Limited","Public Limited","","","","","","Listed-NSE","GNRL","INE207H01018","EQ","","NSE official EQUITY_L","nse_added"
"C03280","GOCL Corporation Limited","Public Limited","","","","","","Listed-NSE","GOCLCORP","INE077F01035","EQ","","NSE official EQUITY_L","nse_added"
"C03281","Go Fashion (India) Limited","Public Limited","","","","","","Listed-NSE","GOCOLORS","INE0BJS01011","EQ","","NSE official EQUITY_L","nse_added"
"C03282","Godavari Biorefineries Limited","Public Limited","","","","","","Listed-NSE","GODAVARIB","INE497S01012","EQ","","NSE official EQUITY_L","nse_added"
"C03283","Gokul Refoils and Solvent Limited","Public Limited","","","","","","Listed-NSE","GOKUL","INE020J01029","EQ","","NSE official EQUITY_L","nse_added"
"C03284","Golden Tobacco Limited","Public Limited","","","","","","Listed-NSE","GOLDENTOBC","INE973A01010","BZ","","NSE official EQUITY_L","nse_added"
"C03285","AION-TECH SOLUTIONS LIMITED","Public Limited","","","","","","Listed-NSE","GOLDTECH","INE805A01014","BE","","NSE official EQUITY_L","nse_added"
"C03286","Goodluck India Limited","Public Limited","","","","","","Listed-NSE","GOODLUCK","INE127I01024","EQ","","NSE official EQUITY_L","nse_added"
"C03287","Gopal Snacks Limited","Public Limited","","","","","","Listed-NSE","GOPAL","INE0L9R01028","EQ","","NSE official EQUITY_L","nse_added"
"C03288","Goyal Aluminiums Limited","Public Limited","","","","","","Listed-NSE","GOYALALUM","INE705X01026","EQ","","NSE official EQUITY_L","nse_added"
"C03289","GPT Healthcare Limited","Public Limited","","","","","","Listed-NSE","GPTHEALTH","INE486R01017","EQ","","NSE official EQUITY_L","nse_added"
"C03290","GPT Infraprojects Limited","Public Limited","","","","","","Listed-NSE","GPTINFRA","INE390G01014","EQ","","NSE official EQUITY_L","nse_added"
"C03291","Gradiente Infotainment Limited","Public Limited","","","","","","Listed-NSE","GRADIENTE","INE361K01017","BE","","NSE official EQUITY_L","nse_added"
"C03292","Grand Oak Canyons Distillery Limited","Public Limited","","","","","","Listed-NSE","GRANDOAK","INE926B01016","EQ","","NSE official EQUITY_L","nse_added"
"C03293","Graphite India Limited","Public Limited","","","","","","Listed-NSE","GRAPHITE","INE371A01025","EQ","","NSE official EQUITY_L","nse_added"
"C03294","Grauer & Weil India Limited","Public Limited","","","","","","Listed-NSE","GRAUWEIL","INE266D01021","EQ","","NSE official EQUITY_L","nse_added"
"C03295","Graviss Hospitality Limited","Public Limited","","","","","","Listed-NSE","GRAVISSHO","INE214F01026","BE","","NSE official EQUITY_L","nse_added"
"C03296","Greaves Cotton Limited","Public Limited","","","","","","Listed-NSE","GREAVESCOT","INE224A01026","EQ","","NSE official EQUITY_L","nse_added"
"C03297","Greenlam Industries Limited","Public Limited","","","","","","Listed-NSE","GREENLAM","INE544R01021","EQ","","NSE official EQUITY_L","nse_added"
"C03298","Orient Green Power Company Limited","Public Limited","","","","","","Listed-NSE","GREENPOWER","INE999K01014","EQ","","NSE official EQUITY_L","nse_added"
"C03299","G R Infraprojects Limited","Public Limited","","","","","","Listed-NSE","GRINFRA","INE201P01022","EQ","","NSE official EQUITY_L","nse_added"
"C03300","GRM Overseas Limited","Public Limited","","","","","","Listed-NSE","GRMOVER","INE192H01020","EQ","","NSE official EQUITY_L","nse_added"
"C03301","The Grob Tea Company Limited","Public Limited","","","","","","Listed-NSE","GROBTEA","INE646C01018","EQ","","NSE official EQUITY_L","nse_added"
"C03302","Billionbrains Garage Ventures Limited","Public Limited","","","","","","Listed-NSE","GROWW","INE0HOQ01053","EQ","","NSE official EQUITY_L","nse_added"
"C03303","GRP Limited","Public Limited","","","","","","Listed-NSE","GRPLTD","INE137I01015","EQ","","NSE official EQUITY_L","nse_added"
"C03304","Global Surfaces Limited","Public Limited","","","","","","Listed-NSE","GSLSU","INE0JSX01015","EQ","","NSE official EQUITY_L","nse_added"
"C03305","GSP Crop Science Limited","Public Limited","","","","","","Listed-NSE","GSPCROP","INE713R01022","EQ","","NSE official EQUITY_L","nse_added"
"C03306","GSPL Transmission Limited","Public Limited","","","","","","Listed-NSE","GSPLTRANS","INE1TUG01013","BE","","NSE official EQUITY_L","nse_added"
"C03307","GSS Infotech Limited","Public Limited","","","","","","Listed-NSE","GSS","INE871H01011","EQ","","NSE official EQUITY_L","nse_added"
"C03308","G-TEC JAINX EDUCATION LIMITED","Public Limited","","","","","","Listed-NSE","GTECJAINX","INE586X01012","EQ","","NSE official EQUITY_L","nse_added"
"C03309","GTL Limited","Public Limited","","","","","","Listed-NSE","GTL","INE043A01012","EQ","","NSE official EQUITY_L","nse_added"
"C03310","GTPL Hathway Limited","Public Limited","","","","","","Listed-NSE","GTPL","INE869I01013","EQ","","NSE official EQUITY_L","nse_added"
"C03311","GUJARAT ENERGY LIMITED","Public Limited","","","","","","Listed-NSE","GUJENERGY","INE844O01030","EQ","","NSE official EQUITY_L","nse_added"
"C03312","Gujarat Raffia Industries Limited","Public Limited","","","","","","Listed-NSE","GUJRAFFIA","INE610B01024","EQ","","NSE official EQUITY_L","nse_added"
"C03313","GP Petroleums Limited","Public Limited","","","","","","Listed-NSE","GULFPETRO","INE586G01017","BE","","NSE official EQUITY_L","nse_added"
"C03314","GVK Power & Infrastructure Limited","Public Limited","","","","","","Listed-NSE","GVKPIL","INE251H01024","BE","","NSE official EQUITY_L","nse_added"
"C03315","GE Power India Limited","Public Limited","","","","","","Listed-NSE","GVPIL","INE878A01011","EQ","","NSE official EQUITY_L","nse_added"
"C03316","GVP Infotech Limited","Public Limited","","","","","","Listed-NSE","GVPTECH","INE382T01030","BE","","NSE official EQUITY_L","nse_added"
"C03317","Gyftr Limited","Public Limited","","","","","","Listed-NSE","GYFTR","INE724A01017","EQ","","NSE official EQUITY_L","nse_added"
"C03318","Halder Venture Limited","Public Limited","","","","","","Listed-NSE","HALDER","INE115S01010","EQ","","NSE official EQUITY_L","nse_added"
"C03319","Haldyn Glass Limited","Public Limited","","","","","","Listed-NSE","HALDYNGL","INE506D01020","EQ","","NSE official EQUITY_L","nse_added"
"C03320","HALEOS LABS LIMITED","Public Limited","","","","","","Listed-NSE","HALEOSLABS","INE320X01016","EQ","","NSE official EQUITY_L","nse_added"
"C03321","Hampton Sky Realty Limited","Public Limited","","","","","","Listed-NSE","HAMPTON","INE299D01022","EQ","","NSE official EQUITY_L","nse_added"
"C03322","Happy Forgings Limited","Public Limited","","","","","","Listed-NSE","HAPPYFORGE","INE330T01021","EQ","","NSE official EQUITY_L","nse_added"
"C03323","Hardwyn India Limited","Public Limited","","","","","","Listed-NSE","HARDWYN","INE626Z01029","EQ","","NSE official EQUITY_L","nse_added"
"C03324","Harsha Engineers International Limited","Public Limited","","","","","","Listed-NSE","HARSHA","INE0JUS01029","EQ","","NSE official EQUITY_L","nse_added"
"C03325","Hathway Cable & Datacom Limited","Public Limited","","","","","","Listed-NSE","HATHWAY","INE982F01036","EQ","","NSE official EQUITY_L","nse_added"
"C03326","Hatsun Agro Product Limited","Public Limited","","","","","","Listed-NSE","HATSUN","INE473B01035","EQ","","NSE official EQUITY_L","nse_added"
"C03327","Sri Havisha Hospitality and Infrastructure Limited","Public Limited","","","","","","Listed-NSE","HAVISHA","INE293B01029","EQ","","NSE official EQUITY_L","nse_added"
"C03328","Hazoor Multi Projects Limited","Public Limited","","","","","","Listed-NSE","HAZOOR","INE550F01049","EQ","","NSE official EQUITY_L","nse_added"
"C03329","HB Estate Developers Limited","Public Limited","","","","","","Listed-NSE","HBESD","INE640B01021","EQ","","NSE official EQUITY_L","nse_added"
"C03330","HB Portfolio Limited","Public Limited","","","","","","Listed-NSE","HBPOR","INE638B01025","EQ","","NSE official EQUITY_L","nse_added"
"C03331","HB Stockholdings Limited","Public Limited","","","","","","Listed-NSE","HBSL","INE550B01022","EQ","","NSE official EQUITY_L","nse_added"
"C03332","Healthcare Global Enterprises Limited","Public Limited","","","","","","Listed-NSE","HCG","INE075I01017","EQ","","NSE official EQUITY_L","nse_added"
"C03333","Housing Development and Infrastructure Limited","Public Limited","","","","","","Listed-NSE","HDIL","INE191I01012","BZ","","NSE official EQUITY_L","nse_added"
"C03334","Heads UP Ventures Limited","Public Limited","","","","","","Listed-NSE","HEADSUP","INE759V01019","EQ","","NSE official EQUITY_L","nse_added"
"C03335","Health X Platform Limited","Public Limited","","","","","","Listed-NSE","HEALTHX","INE019J01013","EQ","","NSE official EQUITY_L","nse_added"
"C03336","HEC Infra Projects Limited","Public Limited","","","","","","Listed-NSE","HECPROJECT","INE558R01013","EQ","","NSE official EQUITY_L","nse_added"
"C03337","HEG Advanced Materials Limited","Public Limited","","","","","","Listed-NSE","HEGAM","INE545A01024","EQ","","NSE official EQUITY_L","nse_added"
"C03338","Hemisphere Properties India Limited","Public Limited","","","","","","Listed-NSE","HEMIPROP","INE0AJG01018","EQ","","NSE official EQUITY_L","nse_added"
"C03339","Heranba Industries Limited","Public Limited","","","","","","Listed-NSE","HERANBA","INE694N01015","EQ","","NSE official EQUITY_L","nse_added"
"C03340","Hexagon Nutrition Limited","Public Limited","","","","","","Listed-NSE","HEXAGON","INE0JUI01012","BE","","NSE official EQUITY_L","nse_added"
"C03341","Hexa Tradex Limited","Public Limited","","","","","","Listed-NSE","HEXATRADEX","INE750M01017","EQ","","NSE official EQUITY_L","nse_added"
"C03342","HandsOn Global Management (HGM) Limited","Public Limited","","","","","","Listed-NSE","HGM","INE596H01014","EQ","","NSE official EQUITY_L","nse_added"
"C03343","Highway Infrastructure Limited","Public Limited","","","","","","Listed-NSE","HILINFRA","INE00RL01028","EQ","","NSE official EQUITY_L","nse_added"
"C03344","Hilton Metal Forging Limited","Public Limited","","","","","","Listed-NSE","HILTON","INE788H01017","EQ","","NSE official EQUITY_L","nse_added"
"C03345","Hindustan Adhesives Limited","Public Limited","","","","","","Listed-NSE","HINDADH","INE074C01013","EQ","","NSE official EQUITY_L","nse_added"
"C03346","Hind Aluminium Industries Limited","Public Limited","","","","","","Listed-NSE","HINDALUMI","INE227B01019","EQ","","NSE official EQUITY_L","nse_added"
"C03347","Hindustan Composites Limited","Public Limited","","","","","","Listed-NSE","HINDCOMPOS","INE310C01029","EQ","","NSE official EQUITY_L","nse_added"
"C03348","Hirect Limited","Public Limited","","","","","","Listed-NSE","HIRECT","INE835D01023","EQ","","NSE official EQUITY_L","nse_added"
"C03349","Hisar Metal Industries Limited","Public Limited","","","","","","Listed-NSE","HISARMETAL","INE598C01011","EQ","","NSE official EQUITY_L","nse_added"
"C03350","Hitech Corporation Limited","Public Limited","","","","","","Listed-NSE","HITECHCORP","INE120D01012","BE","","NSE official EQUITY_L","nse_added"
"C03351","The Hi-Tech Gears Limited","Public Limited","","","","","","Listed-NSE","HITECHGEAR","INE127B01011","BE","","NSE official EQUITY_L","nse_added"
"C03352","HLE Glascoat Limited","Public Limited","","","","","","Listed-NSE","HLEGLAS","INE461D01028","EQ","","NSE official EQUITY_L","nse_added"
"C03353","HLV LIMITED","Public Limited","","","","","","Listed-NSE","HLVLTD","INE102A01024","EQ","","NSE official EQUITY_L","nse_added"
"C03354","HMA Agro Industries Limited","Public Limited","","","","","","Listed-NSE","HMAAGRO","INE0ECP01024","EQ","","NSE official EQUITY_L","nse_added"
"C03355","Horizon Industrial Parks Limited","Public Limited","","","","","","Listed-NSE","HORIZONIND","INE685T01010","EQ","","NSE official EQUITY_L","nse_added"
"C03356","Hindprakash Industries Limited","Public Limited","","","","","","Listed-NSE","HPIL","INE05X901010","EQ","","NSE official EQUITY_L","nse_added"
"C03357","HPL Electric & Power Limited","Public Limited","","","","","","Listed-NSE","HPL","INE495S01016","EQ","","NSE official EQUITY_L","nse_added"
"C03358","Hariyana Ship Breakers Limited","Public Limited","","","","","","Listed-NSE","HRYNSHP","INE400G01011","EQ","","NSE official EQUITY_L","nse_added"
"C03359","Himadri Speciality Chemical Limited","Public Limited","","","","","","Listed-NSE","HSCL","INE019C01026","EQ","","NSE official EQUITY_L","nse_added"
"C03360","Hy-Tech Engineers Limited","Public Limited","","","","","","Listed-NSE","HTEL","INE0LEG01024","EQ","","NSE official EQUITY_L","nse_added"
"C03361","HT Media Limited","Public Limited","","","","","","Listed-NSE","HTMEDIA","INE501G01024","EQ","","NSE official EQUITY_L","nse_added"
"C03362","Huhtamaki India Limited","Public Limited","","","","","","Listed-NSE","HUHTAMAKI","INE275B01026","EQ","","NSE official EQUITY_L","nse_added"
"C03363","Hybrid Financial Services Limited","Public Limited","","","","","","Listed-NSE","HYBRIDFIN","INE965B01022","EQ","","NSE official EQUITY_L","nse_added"
"C03364","Indiabulls Limited","Public Limited","","","","","","Listed-NSE","IBULLSLTD","INE126M01010","EQ","","NSE official EQUITY_L","nse_added"
"C03365","ICDS Limited","Public Limited","","","","","","Listed-NSE","ICDSLTD","INE613B01010","BE","","NSE official EQUITY_L","nse_added"
"C03366","Ice Make Refrigeration Limited","Public Limited","","","","","","Listed-NSE","ICEMAKE","INE520Y01019","EQ","","NSE official EQUITY_L","nse_added"
"C03367","IFB Agro Industries Limited","Public Limited","","","","","","Listed-NSE","IFBAGRO","INE076C01018","EQ","","NSE official EQUITY_L","nse_added"
"C03368","IFGL Refractories Limited","Public Limited","","","","","","Listed-NSE","IFGLEXPOR","INE133Y01011","EQ","","NSE official EQUITY_L","nse_added"
"C03369","Indogulf Cropsciences Limited","Public Limited","","","","","","Listed-NSE","IGCL","INE05J901018","EQ","","NSE official EQUITY_L","nse_added"
"C03370","International Gemological Institute Limited","Public Limited","","","","","","Listed-NSE","IGIL","INE0Q9301021","EQ","","NSE official EQUITY_L","nse_added"
"C03371","Industrial Investment Trust Limited","Public Limited","","","","","","Listed-NSE","IITL","INE886A01014","EQ","","NSE official EQUITY_L","nse_added"
"C03372","IKIO Technologies Limited","Public Limited","","","","","","Listed-NSE","IKIO","INE0LOJ01019","EQ","","NSE official EQUITY_L","nse_added"
"C03373","IL&FS Transportation Networks Limited","Public Limited","","","","","","Listed-NSE","IL&FSTRANS","INE975G01012","BZ","","NSE official EQUITY_L","nse_added"
"C03374","Imagicaaworld Entertainment Limited","Public Limited","","","","","","Listed-NSE","IMAGICAA","INE172N01012","EQ","","NSE official EQUITY_L","nse_added"
"C03375","India Motor Parts and Accessories Limited","Public Limited","","","","","","Listed-NSE","IMPAL","INE547E01014","EQ","","NSE official EQUITY_L","nse_added"
"C03376","Impex Ferro Tech Limited","Public Limited","","","","","","Listed-NSE","IMPEXFERRO","INE691G01015","BZ","","NSE official EQUITY_L","nse_added"
"C03377","Insolation Energy Limited","Public Limited","","","","","","Listed-NSE","INA","INE0LGX01024","EQ","","NSE official EQUITY_L","nse_added"
"C03378","INCREDIBLE INDUSTRIES LIMITED","Public Limited","","","","","","Listed-NSE","INCREDIBLE","INE452L01012","EQ","","NSE official EQUITY_L","nse_added"
"C03379","Indbank Merchant Banking Services Limited","Public Limited","","","","","","Listed-NSE","INDBANK","INE841B01017","EQ","","NSE official EQUITY_L","nse_added"
"C03380","Indegene Limited","Public Limited","","","","","","Listed-NSE","INDGN","INE065X01017","EQ","","NSE official EQUITY_L","nse_added"
"C03381","Indian Card Clothing Company Limited","Public Limited","","","","","","Listed-NSE","INDIANCARD","INE061A01014","EQ","","NSE official EQUITY_L","nse_added"
"C03382","Indigo Paints Limited","Public Limited","","","","","","Listed-NSE","INDIGOPNTS","INE09VQ01012","EQ","","NSE official EQUITY_L","nse_added"
"C03383","Indiqube Spaces Limited","Public Limited","","","","","","Listed-NSE","INDIQUBE","INE06ST01018","EQ","","NSE official EQUITY_L","nse_added"
"C03384","Indo Amines Limited","Public Limited","","","","","","Listed-NSE","INDOAMIN","INE760F01028","EQ","","NSE official EQUITY_L","nse_added"
"C03385","Indo Borax & Chemicals Limited","Public Limited","","","","","","Listed-NSE","INDOBORAX","INE803D01021","EQ","","NSE official EQUITY_L","nse_added"
"C03386","Indo Farm Equipment Limited","Public Limited","","","","","","Listed-NSE","INDOFARM","INE622H01018","EQ","","NSE official EQUITY_L","nse_added"
"C03387","Indokem Limited","Public Limited","","","","","","Listed-NSE","INDOKEM","INE716F01012","EQ","","NSE official EQUITY_L","nse_added"
"C03388","INDO-MIM Limited","Public Limited","","","","","","Listed-NSE","INDOMIM","INE084101034","EQ","","NSE official EQUITY_L","nse_added"
"C03389","Indo Tech Transformers Limited","Public Limited","","","","","","Listed-NSE","INDOTECH","INE332H01014","EQ","","NSE official EQUITY_L","nse_added"
"C03390","Indo Us Biotech Limited","Public Limited","","","","","","Listed-NSE","INDOUS","INE250Z01010","EQ","","NSE official EQUITY_L","nse_added"
"C03391","Indowind Energy Limited","Public Limited","","","","","","Listed-NSE","INDOWIND","INE227G01018","EQ","","NSE official EQUITY_L","nse_added"
"C03392","Industrial & Prudential Investment Company Limited","Public Limited","","","","","","Listed-NSE","INDPRUD","INE620D01011","EQ","","NSE official EQUITY_L","nse_added"
"C03393","Indraprastha Medical Corporation Limited","Public Limited","","","","","","Listed-NSE","INDRAMEDCO","INE681B01017","EQ","","NSE official EQUITY_L","nse_added"
"C03394","Indian Terrain Fashions Limited","Public Limited","","","","","","Listed-NSE","INDTERRAIN","INE611L01021","EQ","","NSE official EQUITY_L","nse_added"
"C03395","InfoBeans Technologies Limited","Public Limited","","","","","","Listed-NSE","INFOBEAN","INE344S01016","EQ","","NSE official EQUITY_L","nse_added"
"C03396","Infomedia Press Limited","Public Limited","","","","","","Listed-NSE","INFOMEDIA","INE669A01022","EQ","","NSE official EQUITY_L","nse_added"
"C03397","Innova Captab Limited","Public Limited","","","","","","Listed-NSE","INNOVACAP","INE0DUT01020","EQ","","NSE official EQUITY_L","nse_added"
"C03398","Innovision Limited","Public Limited","","","","","","Listed-NSE","INNOVISION","INE0ADB01012","EQ","","NSE official EQUITY_L","nse_added"
"C03399","Inox Green Energy Services Limited","Public Limited","","","","","","Listed-NSE","INOXGREEN","INE510W01014","EQ","","NSE official EQUITY_L","nse_added"
"C03400","INOX India Limited","Public Limited","","","","","","Listed-NSE","INOXINDIA","INE616N01034","EQ","","NSE official EQUITY_L","nse_added"
"C03401","Intense Technologies Limited","Public Limited","","","","","","Listed-NSE","INTENTECH","INE781A01025","EQ","","NSE official EQUITY_L","nse_added"
"C03402","Interarch Building Solutions Limited","Public Limited","","","","","","Listed-NSE","INTERARCH","INE00M901018","EQ","","NSE official EQUITY_L","nse_added"
"C03403","International Conveyors Limited","Public Limited","","","","","","Listed-NSE","INTLCONV","INE575C01027","EQ","","NSE official EQUITY_L","nse_added"
"C03404","Inventure Growth & Securities Limited","Public Limited","","","","","","Listed-NSE","INVENTURE","INE878H01024","EQ","","NSE official EQUITY_L","nse_added"
"C03405","Investment & Precision Castings Limited","Public Limited","","","","","","Listed-NSE","INVPRECQ","INE155E01016","BE","","NSE official EQUITY_L","nse_added"
"C03406","India Pesticides Limited","Public Limited","","","","","","Listed-NSE","IPL","INE0D6701023","EQ","","NSE official EQUITY_L","nse_added"
"C03407","IP Rings Limited","Public Limited","","","","","","Listed-NSE","IPRINGLTD","INE558A01019","EQ","","NSE official EQUITY_L","nse_added"
"C03408","IRIS RegTech Solutions Limited","Public Limited","","","","","","Listed-NSE","IRIS","INE864K01010","EQ","","NSE official EQUITY_L","nse_added"
"C03409","Iris Clothings Limited","Public Limited","","","","","","Listed-NSE","IRISDOREME","INE01GN01025","EQ","","NSE official EQUITY_L","nse_added"
"C03410","IRM Energy Limited","Public Limited","","","","","","Listed-NSE","IRMENERGY","INE07U701015","EQ","","NSE official EQUITY_L","nse_added"
"C03411","Intrasoft Technologies Limited","Public Limited","","","","","","Listed-NSE","ISFT","INE566K01011","BE","","NSE official EQUITY_L","nse_added"
"C03412","I S T Limited","Public Limited","","","","","","Listed-NSE","ISTLTD","INE684B01029","EQ","","NSE official EQUITY_L","nse_added"
"C03413","ITL Industries Limited","Public Limited","","","","","","Listed-NSE","ITL","INE478D01014","EQ","","NSE official EQUITY_L","nse_added"
"C03414","Ivalue Infosolutions Limited","Public Limited","","","","","","Listed-NSE","IVALUE","INE056801025","EQ","","NSE official EQUITY_L","nse_added"
"C03415","IL&FS Investment Managers Limited","Public Limited","","","","","","Listed-NSE","IVC","INE050B01023","EQ","","NSE official EQUITY_L","nse_added"
"C03416","IVP Limited","Public Limited","","","","","","Listed-NSE","IVP","INE043C01018","BE","","NSE official EQUITY_L","nse_added"
"C03417","The Indian Wood Products Company Limited","Public Limited","","","","","","Listed-NSE","IWP","INE586E01020","EQ","","NSE official EQUITY_L","nse_added"
"C03418","Le Travenues Technology Limited","Public Limited","","","","","","Listed-NSE","IXIGO","INE0HV901016","EQ","","NSE official EQUITY_L","nse_added"
"C03419","IZMO Limited","Public Limited","","","","","","Listed-NSE","IZMO","INE848A01014","EQ","","NSE official EQUITY_L","nse_added"
"C03420","Jagsonpal Pharmaceuticals Limited","Public Limited","","","","","","Listed-NSE","JAGSNPHARM","INE048B01035","EQ","","NSE official EQUITY_L","nse_added"
"C03421","Jai Balaji Industries Limited","Public Limited","","","","","","Listed-NSE","JAIBALAJI","INE091G01026","EQ","","NSE official EQUITY_L","nse_added"
"C03422","Jain Resource Recycling Limited","Public Limited","","","","","","Listed-NSE","JAINREC","INE0YD401026","EQ","","NSE official EQUITY_L","nse_added"
"C03423","Nandani Creation Limited","Public Limited","","","","","","Listed-NSE","JAIPURKURT","INE696V01013","EQ","","NSE official EQUITY_L","nse_added"
"C03424","Jaro Institute of Technology Management and Research Limited","Public Limited","","","","","","Listed-NSE","JARO","INE00YJ01010","EQ","","NSE official EQUITY_L","nse_added"
"C03425","Jayant Agro Organics Limited","Public Limited","","","","","","Listed-NSE","JAYAGROGN","INE785A01026","EQ","","NSE official EQUITY_L","nse_added"
"C03426","Jaykay Enterprises Limited","Public Limited","","","","","","Listed-NSE","JAYKAY","INE903A01025","EQ","","NSE official EQUITY_L","nse_added"
"C03427","Jayshree Tea & Industries Limited","Public Limited","","","","","","Listed-NSE","JAYSREETEA","INE364A01020","EQ","","NSE official EQUITY_L","nse_added"
"C03428","Jenburkt Pharmaceuticals Limited","Public Limited","","","","","","Listed-NSE","JENBURPH","INE354A01013","EQ","","NSE official EQUITY_L","nse_added"
"C03429","Jet Freight Logistics Limited","Public Limited","","","","","","Listed-NSE","JETFREIGHT","INE982V01025","EQ","","NSE official EQUITY_L","nse_added"
"C03430","J.G.Chemicals Limited","Public Limited","","","","","","Listed-NSE","JGCHEM","INE0MB501011","EQ","","NSE official EQUITY_L","nse_added"
"C03431","JHS Svendgaard Laboratories Limited","Public Limited","","","","","","Listed-NSE","JHS","INE544H01014","EQ","","NSE official EQUITY_L","nse_added"
"C03432","Jindal Photo Limited","Public Limited","","","","","","Listed-NSE","JINDALPHOT","INE796G01012","EQ","","NSE official EQUITY_L","nse_added"
"C03433","Jain Irrigation Systems Limited","Public Limited","","","","","","Listed-NSE","JISLDVREQS","IN9175A01010","EQ","","NSE official EQUITY_L","nse_added"
"C03434","Jain Irrigation Systems Limited","Public Limited","","","","","","Listed-NSE","JISLJALEQS","INE175A01038","EQ","","NSE official EQUITY_L","nse_added"
"C03435","Jinkushal Industries Limited","Public Limited","","","","","","Listed-NSE","JKIPL","INE1FF001016","EQ","","NSE official EQUITY_L","nse_added"
"C03436","JK Paper Limited","Public Limited","","","","","","Listed-NSE","JKPAPER","INE789E01012","EQ","","NSE official EQUITY_L","nse_added"
"C03437","Jupiter Life Line Hospitals Limited","Public Limited","","","","","","Listed-NSE","JLHL","INE682M01020","EQ","","NSE official EQUITY_L","nse_added"
"C03438","JNK India Limited","Public Limited","","","","","","Listed-NSE","JNKINDIA","INE0OAF01028","EQ","","NSE official EQUITY_L","nse_added"
"C03439","Juniper Green Energy Limited","Public Limited","","","","","","Listed-NSE","JNPR","INE05C901015","EQ","","NSE official EQUITY_L","nse_added"
"C03440","Jocil Limited","Public Limited","","","","","","Listed-NSE","JOCIL","INE839G01010","EQ","","NSE official EQUITY_L","nse_added"
"C03441","Jindal Poly Investment and Finance Company Limited","Public Limited","","","","","","Listed-NSE","JPOLYINVST","INE147P01019","EQ","","NSE official EQUITY_L","nse_added"
"C03442","Jindal Supreme (India) Limited","Public Limited","","","","","","Listed-NSE","JSIPL","INE1DLO01028","BE","","NSE official EQUITY_L","nse_added"
"C03443","Jeena Sikho Lifecare Limited","Public Limited","","","","","","Listed-NSE","JSLL","INE0J5801029","EQ","","NSE official EQUITY_L","nse_added"
"C03444","JSW Cement Limited","Public Limited","","","","","","Listed-NSE","JSWCEMENT","INE718I01012","EQ","","NSE official EQUITY_L","nse_added"
"C03445","JSW Dulux Limited","Public Limited","","","","","","Listed-NSE","JSWDULUX","INE133A01011","EQ","","NSE official EQUITY_L","nse_added"
"C03446","JSW Infrastructure Limited","Public Limited","","","","","","Listed-NSE","JSWINFRA","INE880J01026","EQ","","NSE official EQUITY_L","nse_added"
"C03447","Jtekt India Limited","Public Limited","","","","","","Listed-NSE","JTEKTINDIA","INE643A01035","EQ","","NSE official EQUITY_L","nse_added"
"C03448","JTL INDUSTRIES LIMITED","Public Limited","","","","","","Listed-NSE","JTLIND","INE391J01032","EQ","","NSE official EQUITY_L","nse_added"
"C03449","Jubilant Agri and Consumer Products Limited","Public Limited","","","","","","Listed-NSE","JUBLCPL","INE03CC01015","EQ","","NSE official EQUITY_L","nse_added"
"C03450","Jupiter Wagons Limited","Public Limited","","","","","","Listed-NSE","JWL","INE209L01016","EQ","","NSE official EQUITY_L","nse_added"
"C03451","Jyoti CNC Automation Limited","Public Limited","","","","","","Listed-NSE","JYOTICNC","INE980O01024","EQ","","NSE official EQUITY_L","nse_added"
"C03452","Jyoti Resins & Adhesives Limited","Public Limited","","","","","","Listed-NSE","JYOTIRES","INE577D01013","EQ","","NSE official EQUITY_L","nse_added"
"C03453","Kakatiya Cement Sugar & Industries Limited","Public Limited","","","","","","Listed-NSE","KAKATCEM","INE437B01014","EQ","","NSE official EQUITY_L","nse_added"
"C03454","Sai Silks (Kalamandir) Limited","Public Limited","","","","","","Listed-NSE","KALAMANDIR","INE438K01021","EQ","","NSE official EQUITY_L","nse_added"
"C03455","Kalpataru Limited","Public Limited","","","","","","Listed-NSE","KALPATARU","INE227J01012","EQ","","NSE official EQUITY_L","nse_added"
"C03456","Kalyani Commercials Limited","Public Limited","","","","","","Listed-NSE","KALYANI","INE610E01010","BE","","NSE official EQUITY_L","nse_added"
"C03457","Kalyani Forge Limited","Public Limited","","","","","","Listed-NSE","KALYANIFRG","INE314G01014","BE","","NSE official EQUITY_L","nse_added"
"C03458","Kamanwala Housing Construction Limited","Public Limited","","","","","","Listed-NSE","KAMANWALA","INE344D01018","EQ","","NSE official EQUITY_L","nse_added"
"C03459","Kamat Hotels (I) Limited","Public Limited","","","","","","Listed-NSE","KAMATHOTEL","INE967C01018","EQ","","NSE official EQUITY_L","nse_added"
"C03460","Kamdhenu Ventures Limited","Public Limited","","","","","","Listed-NSE","KAMOPAINTS","INE0BTI01037","EQ","","NSE official EQUITY_L","nse_added"
"C03461","Kanani Industries Limited","Public Limited","","","","","","Listed-NSE","KANANIIND","INE879E01037","EQ","","NSE official EQUITY_L","nse_added"
"C03462","Kanchi Karpooram Limited","Public Limited","","","","","","Listed-NSE","KANCHI","INE081G01019","EQ","","NSE official EQUITY_L","nse_added"
"C03463","Kanco Tea & Industries Limited","Public Limited","","","","","","Listed-NSE","KANCOTEA","INE398L01017","EQ","","NSE official EQUITY_L","nse_added"
"C03464","Kanohar Electricals Limited","Public Limited","","","","","","Listed-NSE","KANOHAR","INE877D01025","EQ","","NSE official EQUITY_L","nse_added"
"C03465","Kanpur Plastipack Limited","Public Limited","","","","","","Listed-NSE","KANPRPLA","INE694E01014","EQ","","NSE official EQUITY_L","nse_added"
"C03466","Kapston Services Limited","Public Limited","","","","","","Listed-NSE","KAPSTON","INE542Z01028","EQ","","NSE official EQUITY_L","nse_added"
"C03467","Karamtara Engineering Limited","Public Limited","","","","","","Listed-NSE","KARAMTARA","INE590T01012","EQ","","NSE official EQUITY_L","nse_added"
"C03468","Karma Energy Limited","Public Limited","","","","","","Listed-NSE","KARMAENG","INE725L01011","EQ","","NSE official EQUITY_L","nse_added"
"C03469","Kaushalya Infrastructure Development Corporation Limited","Public Limited","","","","","","Listed-NSE","KAUSHALYA","INE234I01028","BE","","NSE official EQUITY_L","nse_added"
"C03470","Kavveri Defence & Wireless Technologies Limited","Public Limited","","","","","","Listed-NSE","KAVDEFENCE","INE641C01019","BE","","NSE official EQUITY_L","nse_added"
"C03471","KCP Sugar and Industries Corporation Limited","Public Limited","","","","","","Listed-NSE","KCPSUGIND","INE790B01024","BE","","NSE official EQUITY_L","nse_added"
"C03472","KD Green Industries Limited","Public Limited","","","","","","Listed-NSE","KDGREEN","INE348N01042","EQ","","NSE official EQUITY_L","nse_added"
"C03473","Kirloskar Electric Company Limited","Public Limited","","","","","","Listed-NSE","KECL","INE134B01017","EQ","","NSE official EQUITY_L","nse_added"
"C03474","DSJ Keep Learning Limited","Public Limited","","","","","","Listed-NSE","KEEPLEARN","INE055C01020","EQ","","NSE official EQUITY_L","nse_added"
"C03475","Kernex Microsystems (India) Limited","Public Limited","","","","","","Listed-NSE","KERNEX","INE202H01019","EQ","","NSE official EQUITY_L","nse_added"
"C03476","Khaitan Chemicals & Fertilizers Limited","Public Limited","","","","","","Listed-NSE","KHAICHEM","INE745B01028","EQ","","NSE official EQUITY_L","nse_added"
"C03477","Khaitan (India) Limited","Public Limited","","","","","","Listed-NSE","KHAITANLTD","INE731C01018","EQ","","NSE official EQUITY_L","nse_added"
"C03478","Khandwala Securities Limited","Public Limited","","","","","","Listed-NSE","KHANDSE","INE060B01014","EQ","","NSE official EQUITY_L","nse_added"
"C03479","Kalyani Investment Company Limited","Public Limited","","","","","","Listed-NSE","KICL","INE029L01018","EQ","","NSE official EQUITY_L","nse_added"
"C03480","Kilitch Drugs (India) Limited","Public Limited","","","","","","Listed-NSE","KILITCH","INE729D01010","BE","","NSE official EQUITY_L","nse_added"
"C03481","Kiran Vyapar Limited","Public Limited","","","","","","Listed-NSE","KIRANVYPAR","INE555P01013","EQ","","NSE official EQUITY_L","nse_added"
"C03482","Kirloskar Pneumatic Company Limited","Public Limited","","","","","","Listed-NSE","KIRLPNU","INE811A01038","EQ","","NSE official EQUITY_L","nse_added"
"C03483","KJMC Financial Services Limited","Public Limited","","","","","","Listed-NSE","KJMCFIN","INE533C01018","EQ","","NSE official EQUITY_L","nse_added"
"C03484","Kewal Kiran Clothing Limited","Public Limited","","","","","","Listed-NSE","KKCL","INE401H01017","EQ","","NSE official EQUITY_L","nse_added"
"C03485","K M C Speciality Hospitals (India) Limited","Public Limited","","","","","","Listed-NSE","KMCSHIL","INE879K01018","EQ","","NSE official EQUITY_L","nse_added"
"C03486","Knowledge Marine & Engineering Works Limited","Public Limited","","","","","","Listed-NSE","KMEW","INE0CJD01029","EQ","","NSE official EQUITY_L","nse_added"
"C03487","K.M.Sugar Mills Limited","Public Limited","","","","","","Listed-NSE","KMSUGAR","INE157H01023","EQ","","NSE official EQUITY_L","nse_added"
"C03488","Knack Packaging Limited","Public Limited","","","","","","Listed-NSE","KNACK","INE17QZ01016","EQ","","NSE official EQUITY_L","nse_added"
"C03489","KN Agri Resources Limited","Public Limited","","","","","","Listed-NSE","KNAGRI","INE0KNW01016","EQ","","NSE official EQUITY_L","nse_added"
"C03490","Kohinoor Foods Limited","Public Limited","","","","","","Listed-NSE","KOHINOOR","INE080B01012","EQ","","NSE official EQUITY_L","nse_added"
"C03491","Kolte - Patil Developers Limited","Public Limited","","","","","","Listed-NSE","KOLTEPATIL","INE094I01018","EQ","","NSE official EQUITY_L","nse_added"
"C03492","Kothari Petrochemicals Limited","Public Limited","","","","","","Listed-NSE","KOTHARIPET","INE720A01015","EQ","","NSE official EQUITY_L","nse_added"
"C03493","Kothari Industrial Corporation Limited","Public Limited","","","","","","Listed-NSE","KOTIC","INE972A01020","EQ","","NSE official EQUITY_L","nse_added"
"C03494","Kotyark Industries Limited","Public Limited","","","","","","Listed-NSE","KOTYARK","INE0J0B01017","EQ","","NSE official EQUITY_L","nse_added"
"C03495","Kovai Medical Center & Hospital Limited","Public Limited","","","","","","Listed-NSE","KOVAI","INE177F01017","EQ","","NSE official EQUITY_L","nse_added"
"C03496","K.P. Energy Limited","Public Limited","","","","","","Listed-NSE","KPEL","INE127T01021","EQ","","NSE official EQUITY_L","nse_added"
"C03497","Krebs Biochemicals and Industries Limited","Public Limited","","","","","","Listed-NSE","KREBSBIO","INE268B01013","EQ","","NSE official EQUITY_L","nse_added"
"C03498","Krishana Phoschem Limited","Public Limited","","","","","","Listed-NSE","KRISHANA","INE506W01020","EQ","","NSE official EQUITY_L","nse_added"
"C03499","Krishival Foods Limited","Public Limited","","","","","","Listed-NSE","KRISHIVAL","INE0GGO01015","EQ","","NSE official EQUITY_L","nse_added"
"C03500","Krishna Defence And Allied Industries Limited","Public Limited","","","","","","Listed-NSE","KRISHNADEF","INE0J5601015","EQ","","NSE official EQUITY_L","nse_added"
"C03501","Kritika Wires Limited","Public Limited","","","","","","Listed-NSE","KRITIKA","INE00Z501029","EQ","","NSE official EQUITY_L","nse_added"
"C03502","Kriti Nutrients Limited","Public Limited","","","","","","Listed-NSE","KRITINUT","INE798K01010","EQ","","NSE official EQUITY_L","nse_added"
"C03503","KRN Heat Exchanger and Refrigeration Limited","Public Limited","","","","","","Listed-NSE","KRN","INE0Q3J01015","EQ","","NSE official EQUITY_L","nse_added"
"C03504","Kronox Lab Sciences Limited","Public Limited","","","","","","Listed-NSE","KRONOX","INE0ATZ01017","BE","","NSE official EQUITY_L","nse_added"
"C03505","Kross Limited","Public Limited","","","","","","Listed-NSE","KROSS","INE0O6601022","EQ","","NSE official EQUITY_L","nse_added"
"C03506","Krsnaa Diagnostics Limited","Public Limited","","","","","","Listed-NSE","KRSNAA","INE08LI01020","EQ","","NSE official EQUITY_L","nse_added"
"C03507","Krystal Integrated Services Limited","Public Limited","","","","","","Listed-NSE","KRYSTAL","INE0QN801017","EQ","","NSE official EQUITY_L","nse_added"
"C03508","KSE Limited","Public Limited","","","","","","Listed-NSE","KSE","INE953E01022","EQ","","NSE official EQUITY_L","nse_added"
"C03509","KSH International Limited","Public Limited","","","","","","Listed-NSE","KSHINTL","INE987S01020","EQ","","NSE official EQUITY_L","nse_added"
"C03510","Kshitij Polyline Limited","Public Limited","","","","","","Listed-NSE","KSHITIJPOL","INE013801027","BE","","NSE official EQUITY_L","nse_added"
"C03511","Ksolves India Limited","Public Limited","","","","","","Listed-NSE","KSOLVES","INE0D6I01023","EQ","","NSE official EQUITY_L","nse_added"
"C03512","KSR Footwear Limited","Public Limited","","","","","","Listed-NSE","KSR","INE1SPP01016","BE","","NSE official EQUITY_L","nse_added"
"C03513","Kusumgar Limited","Public Limited","","","","","","Listed-NSE","KUSUMGAR","INE0ISX01025","EQ","","NSE official EQUITY_L","nse_added"
"C03514","Kwality Wall's (India) Limited","Public Limited","","","","","","Listed-NSE","KWIL","INE2KCE01013","EQ","","NSE official EQUITY_L","nse_added"
"C03515","Ladderup Finance Limited","Public Limited","","","","","","Listed-NSE","LADDERUP","INE519D01015","BE","","NSE official EQUITY_L","nse_added"
"C03516","Lagnam Spintex Limited","Public Limited","","","","","","Listed-NSE","LAGNAM","INE548Z01017","EQ","","NSE official EQUITY_L","nse_added"
"C03517","Lahoti Overseas Limited","Public Limited","","","","","","Listed-NSE","LAHOTIOV","INE515C01023","EQ","","NSE official EQUITY_L","nse_added"
"C03518","Lakshmi Precision Screws Limited","Public Limited","","","","","","Listed-NSE","LAKPRE","INE651C01018","BZ","","NSE official EQUITY_L","nse_added"
"C03519","Lakshmi Mills Company Limited","Public Limited","","","","","","Listed-NSE","LAKSHMIMIL","INE938C01019","EQ","","NSE official EQUITY_L","nse_added"
"C03520","Lorenzini Apparels Limited","Public Limited","","","","","","Listed-NSE","LAL","INE740X01023","EQ","","NSE official EQUITY_L","nse_added"
"C03521","Lalithaa Jewellery Mart Limited","Public Limited","","","","","","Listed-NSE","LALITHAA","INE0K9O01026","EQ","","NSE official EQUITY_L","nse_added"
"C03522","Lambodhara Textiles Limited","Public Limited","","","","","","Listed-NSE","LAMBODHARA","INE112F01022","EQ","","NSE official EQUITY_L","nse_added"
"C03523","Lancer Container Lines Limited","Public Limited","","","","","","Listed-NSE","LANCER","INE359U01028","EQ","","NSE official EQUITY_L","nse_added"
"C03524","Landmark Cars Limited","Public Limited","","","","","","Listed-NSE","LANDMARK","INE559R01029","EQ","","NSE official EQUITY_L","nse_added"
"C03525","Landsmill Green Limited","Public Limited","","","","","","Listed-NSE","LANDSMILL","INE688J01023","EQ","","NSE official EQUITY_L","nse_added"
"C03526","Laser Power & Infra Limited","Public Limited","","","","","","Listed-NSE","LASERPOWER","INE17IR01028","EQ","","NSE official EQUITY_L","nse_added"
"C03527","Latteys Industries Limited","Public Limited","","","","","","Listed-NSE","LATTEYS","INE262Z01023","EQ","","NSE official EQUITY_L","nse_added"
"C03528","Laxmi Cotspin Limited","Public Limited","","","","","","Listed-NSE","LAXMICOT","INE801V01019","EQ","","NSE official EQUITY_L","nse_added"
"C03529","Laxmi Dental Limited","Public Limited","","","","","","Listed-NSE","LAXMIDENTL","INE0WO601020","EQ","","NSE official EQUITY_L","nse_added"
"C03530","Laxmi India Finance Limited","Public Limited","","","","","","Listed-NSE","LAXMIINDIA","INE06WU01026","EQ","","NSE official EQUITY_L","nse_added"
"C03531","LCC Infotech Limited","Public Limited","","","","","","Listed-NSE","LCCINFOTEC","INE938A01021","EQ","","NSE official EQUITY_L","nse_added"
"C03532","LCC Projects Limited","Public Limited","","","","","","Listed-NSE","LCCPROJECT","INE1FPN01026","EQ","","NSE official EQUITY_L","nse_added"
"C03533","Lohia Corp Limited","Public Limited","","","","","","Listed-NSE","LCL","INE0QJW01029","EQ","","NSE official EQUITY_L","nse_added"
"C03534","LEAP India Limited","Public Limited","","","","","","Listed-NSE","LEAPIND","INE00GO01025","EQ","","NSE official EQUITY_L","nse_added"
"C03535","Lee & Nee Softwares Exports Limited","Public Limited","","","","","","Listed-NSE","LEENEE","INE791B01014","BE","","NSE official EQUITY_L","nse_added"
"C03536","Le Merite Exports Limited","Public Limited","","","","","","Listed-NSE","LEMERITE","INE0G1L01025","EQ","","NSE official EQUITY_L","nse_added"
"C03537","Lexus Granito (India) Limited","Public Limited","","","","","","Listed-NSE","LEXUS","INE500X01013","EQ","","NSE official EQUITY_L","nse_added"
"C03538","LG Balakrishnan & Bros Limited","Public Limited","","","","","","Listed-NSE","LGBBROSLTD","INE337A01034","EQ","","NSE official EQUITY_L","nse_added"
"C03539","Laxmi Goldorna House Limited","Public Limited","","","","","","Listed-NSE","LGHL","INE258Y01016","EQ","","NSE official EQUITY_L","nse_added"
"C03540","Libas Consumer Products Limited","Public Limited","","","","","","Listed-NSE","LIBAS","INE908V01012","EQ","","NSE official EQUITY_L","nse_added"
"C03541","Likhitha Infrastructure Limited","Public Limited","","","","","","Listed-NSE","LIKHITHA","INE060901027","EQ","","NSE official EQUITY_L","nse_added"
"C03542","Linc Limited","Public Limited","","","","","","Listed-NSE","LINC","INE802B01027","EQ","","NSE official EQUITY_L","nse_added"
"C03543","Lincoln Pharmaceuticals Limited","Public Limited","","","","","","Listed-NSE","LINCOLN","INE405C01035","EQ","","NSE official EQUITY_L","nse_added"
"C03544","LKP Securities Limited","Public Limited","","","","","","Listed-NSE","LKPSEC","INE341H01023","EQ","","NSE official EQUITY_L","nse_added"
"C03545","LLOYDS ENGINEERING WORKS LIMITED","Public Limited","","","","","","Listed-NSE","LLOYDSENGG","INE093R01011","EQ","","NSE official EQUITY_L","nse_added"
"C03546","Lodha Developers Limited","Public Limited","","","","","","Listed-NSE","LODHA","INE670K01029","EQ","","NSE official EQUITY_L","nse_added"
"C03547","Lords Chloro Alkali Limited","Public Limited","","","","","","Listed-NSE","LORDSCHLO","INE846D01012","EQ","","NSE official EQUITY_L","nse_added"
"C03548","Sri Lotus Developers and Realty Limited","Public Limited","","","","","","Listed-NSE","LOTUSDEV","INE0V9Q01010","BE","","NSE official EQUITY_L","nse_added"
"C03549","Lotus Eye Hospital and Institute Limited","Public Limited","","","","","","Listed-NSE","LOTUSEYE","INE947I01017","EQ","","NSE official EQUITY_L","nse_added"
"C03550","Lovable Lingerie Limited","Public Limited","","","","","","Listed-NSE","LOVABLE","INE597L01014","EQ","","NSE official EQUITY_L","nse_added"
"C03551","Loyal Textile Mills Limited","Public Limited","","","","","","Listed-NSE","LOYALTEX","INE970D01010","EQ","","NSE official EQUITY_L","nse_added"
"C03552","Landmark Property Development Company Limited","Public Limited","","","","","","Listed-NSE","LPDC","INE197J01017","EQ","","NSE official EQUITY_L","nse_added"
"C03553","LTM Limited","Public Limited","","","","","","Listed-NSE","LTM","INE214T01019","EQ","","NSE official EQUITY_L","nse_added"
"C03554","L&T Technology Services Limited","Public Limited","","","","","","Listed-NSE","LTTS","INE010V01017","EQ","","NSE official EQUITY_L","nse_added"
"C03555","Lumino Industries Limited","Public Limited","","","","","","Listed-NSE","LUMINO","INE185Q01025","EQ","","NSE official EQUITY_L","nse_added"
"C03556","Laxmi Organic Industries Limited","Public Limited","","","","","","Listed-NSE","LXCHEM","INE576O01020","EQ","","NSE official EQUITY_L","nse_added"
"C03557","Lyka Labs Limited","Public Limited","","","","","","Listed-NSE","LYKALABS","INE933A01014","BE","","NSE official EQUITY_L","nse_added"
"C03558","Macpower CNC Machines Limited","Public Limited","","","","","","Listed-NSE","MACPOWER","INE155Z01011","EQ","","NSE official EQUITY_L","nse_added"
"C03559","Madhav Marbles and Granites Limited","Public Limited","","","","","","Listed-NSE","MADHAV","INE925C01016","EQ","","NSE official EQUITY_L","nse_added"
"C03560","Madhav Infra Projects Limited","Public Limited","","","","","","Listed-NSE","MADHAVIPL","INE631R01026","EQ","","NSE official EQUITY_L","nse_added"
"C03561","Madhucon Projects Limited","Public Limited","","","","","","Listed-NSE","MADHUCON","INE378D01032","EQ","","NSE official EQUITY_L","nse_added"
"C03562","Maha Rashtra Apex Corporation Limited","Public Limited","","","","","","Listed-NSE","MAHAPEXLTD","INE843B01013","EQ","","NSE official EQUITY_L","nse_added"
"C03563","Maheshwari Logistics Limited","Public Limited","","","","","","Listed-NSE","MAHESHWARI","INE263W01010","EQ","","NSE official EQUITY_L","nse_added"
"C03564","Mahindra Logistics Limited","Public Limited","","","","","","Listed-NSE","MAHLOG","INE766P01016","EQ","","NSE official EQUITY_L","nse_added"
"C03565","Maharashtra Scooters Limited","Public Limited","","","","","","Listed-NSE","MAHSCOOTER","INE288A01013","EQ","","NSE official EQUITY_L","nse_added"
"C03566","Maithan Alloys Limited","Public Limited","","","","","","Listed-NSE","MAITHANALL","INE683C01011","EQ","","NSE official EQUITY_L","nse_added"
"C03567","Majestic Auto Limited","Public Limited","","","","","","Listed-NSE","MAJESAUT","INE201B01022","BE","","NSE official EQUITY_L","nse_added"
"C03568","Makers Laboratories Limited","Public Limited","","","","","","Listed-NSE","MAKERSL","INE987A01010","EQ","","NSE official EQUITY_L","nse_added"
"C03569","Malu Paper Mills Limited","Public Limited","","","","","","Listed-NSE","MALUPAPER","INE383H01017","EQ","","NSE official EQUITY_L","nse_added"
"C03570","Mamata Machinery Limited","Public Limited","","","","","","Listed-NSE","MAMATA","INE0TO701015","EQ","","NSE official EQUITY_L","nse_added"
"C03571","Manaksia Aluminium Company Limited","Public Limited","","","","","","Listed-NSE","MANAKALUCO","INE859Q01017","EQ","","NSE official EQUITY_L","nse_added"
"C03572","Manaksia Coated Metals & Industries Limited","Public Limited","","","","","","Listed-NSE","MANAKCOAT","INE830Q01018","EQ","","NSE official EQUITY_L","nse_added"
"C03573","Manba Finance Limited","Public Limited","","","","","","Listed-NSE","MANBA","INE939X01013","EQ","","NSE official EQUITY_L","nse_added"
"C03574","Mangal Credit and Fincorp Limited","Public Limited","","","","","","Listed-NSE","MANCREDIT","INE545L01039","EQ","","NSE official EQUITY_L","nse_added"
"C03575","Manika Plastech Limited","Public Limited","","","","","","Listed-NSE","MANIKA","INE0KWF01020","BE","","NSE official EQUITY_L","nse_added"
"C03576","Manipal Health Enterprises Limited","Public Limited","","","","","","Listed-NSE","MANIPALHOS","INE459N01021","EQ","","NSE official EQUITY_L","nse_added"
"C03577","Manomay Tex India Limited","Public Limited","","","","","","Listed-NSE","MANOMAY","INE784W01015","EQ","","NSE official EQUITY_L","nse_added"
"C03578","Manorama Industries Limited","Public Limited","","","","","","Listed-NSE","MANORAMA","INE00VM01036","EQ","","NSE official EQUITY_L","nse_added"
"C03579","Mangalam Organics Limited","Public Limited","","","","","","Listed-NSE","MANORG","INE370D01013","EQ","","NSE official EQUITY_L","nse_added"
"C03580","Manugraph India Limited","Public Limited","","","","","","Listed-NSE","MANUGRAPH","INE867A01022","BE","","NSE official EQUITY_L","nse_added"
"C03581","Maral Overseas Limited","Public Limited","","","","","","Listed-NSE","MARALOVER","INE882A01013","EQ","","NSE official EQUITY_L","nse_added"
"C03582","Marathon Nextgen Realty Limited","Public Limited","","","","","","Listed-NSE","MARATHON","INE182D01020","EQ","","NSE official EQUITY_L","nse_added"
"C03583","Markolines Pavement Technologies Limited","Public Limited","","","","","","Listed-NSE","MARKOLINES","INE0FW001016","EQ","","NSE official EQUITY_L","nse_added"
"C03584","Marsons Limited","Public Limited","","","","","","Listed-NSE","MARSONS","INE415B01044","EQ","","NSE official EQUITY_L","nse_added"
"C03585","Mask Investments Limited","Public Limited","","","","","","Listed-NSE","MASKINVEST","INE885F01015","EQ","","NSE official EQUITY_L","nse_added"
"C03586","Master Trust Limited","Public Limited","","","","","","Listed-NSE","MASTERTR","INE677D01037","EQ","","NSE official EQUITY_L","nse_added"
"C03587","Matrimony.Com Limited","Public Limited","","","","","","Listed-NSE","MATRIMONY","INE866R01028","EQ","","NSE official EQUITY_L","nse_added"
"C03588","Mawana Sugars Limited","Public Limited","","","","","","Listed-NSE","MAWANASUG","INE636A01039","EQ","","NSE official EQUITY_L","nse_added"
"C03589","Max Estates Limited","Public Limited","","","","","","Listed-NSE","MAXESTATES","INE03EI01018","EQ","","NSE official EQUITY_L","nse_added"
"C03590","Max India Limited","Public Limited","","","","","","Listed-NSE","MAXIND","INE0CG601016","EQ","","NSE official EQUITY_L","nse_added"
"C03591","Mazda Limited","Public Limited","","","","","","Listed-NSE","MAZDA","INE885E01042","BE","","NSE official EQUITY_L","nse_added"
"C03592","Madhya Bharat Agro Products Limited","Public Limited","","","","","","Listed-NSE","MBAPL","INE900L01028","EQ","","NSE official EQUITY_L","nse_added"
"C03593","Mcnally Bharat Engineering Company Limited","Public Limited","","","","","","Listed-NSE","MBECL","INE748A01024","BE","","NSE official EQUITY_L","nse_added"
"C03594","M & B Engineering Limited","Public Limited","","","","","","Listed-NSE","MBEL","INE08N601015","EQ","","NSE official EQUITY_L","nse_added"
"C03595","MBL Infrastructure Limited","Public Limited","","","","","","Listed-NSE","MBLINFRA","INE912H01013","EQ","","NSE official EQUITY_L","nse_added"
"C03596","Mac Charles India Limited","Public Limited","","","","","","Listed-NSE","MCCHRLS-B","INE435D01014","EQ","","NSE official EQUITY_L","nse_added"
"C03597","M TEK COPPER LIMITED","Public Limited","","","","","","Listed-NSE","MCL","INE813V01022","EQ","","NSE official EQUITY_L","nse_added"
"C03598","Magellanic Cloud Limited","Public Limited","","","","","","Listed-NSE","MCLOUD","INE613C01026","EQ","","NSE official EQUITY_L","nse_added"
"C03599","Medi Assist Healthcare Services Limited","Public Limited","","","","","","Listed-NSE","MEDIASSIST","INE456Z01021","EQ","","NSE official EQUITY_L","nse_added"
"C03600","Medicamen Biotech Limited","Public Limited","","","","","","Listed-NSE","MEDICAMEQ","INE646B01010","BE","","NSE official EQUITY_L","nse_added"
"C03601","Medi Caps Limited","Public Limited","","","","","","Listed-NSE","MEDICAPQ","INE442D01010","BE","","NSE official EQUITY_L","nse_added"
"C03602","Medico Remedies Limited","Public Limited","","","","","","Listed-NSE","MEDICO","INE630Y01024","EQ","","NSE official EQUITY_L","nse_added"
"C03603","Medplus Health Services Limited","Public Limited","","","","","","Listed-NSE","MEDPLUS","INE804L01022","EQ","","NSE official EQUITY_L","nse_added"
"C03604","Megastar Foods Limited","Public Limited","","","","","","Listed-NSE","MEGASTAR","INE00EM01016","EQ","","NSE official EQUITY_L","nse_added"
"C03605","Mangal Electrical Industries Limited","Public Limited","","","","","","Listed-NSE","MEIL","INE0PKD01011","EQ","","NSE official EQUITY_L","nse_added"
"C03606","MEP Infrastructure Developers Limited","Public Limited","","","","","","Listed-NSE","MEP","INE776I01010","BZ","","NSE official EQUITY_L","nse_added"
"C03607","Mercantile Ventures Limited","Public Limited","","","","","","Listed-NSE","MERCANTILE","INE689O01013","EQ","","NSE official EQUITY_L","nse_added"
"C03608","Mercury Ev-Tech Limited","Public Limited","","","","","","Listed-NSE","MERCURYEV","INE763M01028","EQ","","NSE official EQUITY_L","nse_added"
"C03609","Metroglobal Limited","Public Limited","","","","","","Listed-NSE","METROGLOBL","INE085D01033","EQ","","NSE official EQUITY_L","nse_added"
"C03610","Mahalaxmi Rubtech Limited","Public Limited","","","","","","Listed-NSE","MHLXMIRU","INE112D01035","BE","","NSE official EQUITY_L","nse_added"
"C03611","MIC Electronics Limited","Public Limited","","","","","","Listed-NSE","MICEL","INE287C01037","BE","","NSE official EQUITY_L","nse_added"
"C03612","Midwest Limited","Public Limited","","","","","","Listed-NSE","MIDWESTLTD","INE0XAD01024","EQ","","NSE official EQUITY_L","nse_added"
"C03613","Meghna Infracon Infrastructure Limited","Public Limited","","","","","","Listed-NSE","MIIL","INE898Q01015","EQ","","NSE official EQUITY_L","nse_added"
"C03614","Milky Mist Dairy Food Limited","Public Limited","","","","","","Listed-NSE","MILKYMIST","INE00IT01020","BE","","NSE official EQUITY_L","nse_added"
"C03615","Minal Industries Limited","Public Limited","","","","","","Listed-NSE","MINALIND","INE097E01028","BE","","NSE official EQUITY_L","nse_added"
"C03616","Mindteck (India) Limited","Public Limited","","","","","","Listed-NSE","MINDTECK","INE110B01017","EQ","","NSE official EQUITY_L","nse_added"
"C03617","Mirza International Limited","Public Limited","","","","","","Listed-NSE","MIRZAINT","INE771A01026","EQ","","NSE official EQUITY_L","nse_added"
"C03618","MITCON Consultancy & Engineering Services Limited","Public Limited","","","","","","Listed-NSE","MITCON","INE828O01033","EQ","","NSE official EQUITY_L","nse_added"
"C03619","Mittal Life Style Limited","Public Limited","","","","","","Listed-NSE","MITTAL","INE997Y01027","EQ","","NSE official EQUITY_L","nse_added"
"C03620","M.K. Exim (India) Limited","Public Limited","","","","","","Listed-NSE","MKEXIM","INE227F01010","EQ","","NSE official EQUITY_L","nse_added"
"C03621","M K Proteins Limited","Public Limited","","","","","","Listed-NSE","MKPL","INE964W01021","EQ","","NSE official EQUITY_L","nse_added"
"C03622","Milkfood Limited","Public Limited","","","","","","Listed-NSE","MLKFOOD","INE588G01021","EQ","","NSE official EQUITY_L","nse_added"
"C03623","MMP Industries Limited","Public Limited","","","","","","Listed-NSE","MMP","INE511Y01018","EQ","","NSE official EQUITY_L","nse_added"
"C03624","Media Matrix Worldwide Limited","Public Limited","","","","","","Listed-NSE","MMWL","INE200D01020","EQ","","NSE official EQUITY_L","nse_added"
"C03625","Modi Naturals Limited","Public Limited","","","","","","Listed-NSE","MODINATUR","INE537F01012","EQ","","NSE official EQUITY_L","nse_added"
"C03626","Modis Navnirman Limited","Public Limited","","","","","","Listed-NSE","MODIS","INE0L0L01012","EQ","","NSE official EQUITY_L","nse_added"
"C03627","Modern Threads (India) Limited","Public Limited","","","","","","Listed-NSE","MODTHREAD","INE794W01014","EQ","","NSE official EQUITY_L","nse_added"
"C03628","Mohite Industries Limited","Public Limited","","","","","","Listed-NSE","MOHITE","INE154B01023","EQ","","NSE official EQUITY_L","nse_added"
"C03629","Mohit Industries Limited","Public Limited","","","","","","Listed-NSE","MOHITIND","INE954E01012","EQ","","NSE official EQUITY_L","nse_added"
"C03630","Moksh Ornaments Limited","Public Limited","","","","","","Listed-NSE","MOKSH","INE514Y01020","EQ","","NSE official EQUITY_L","nse_added"
"C03631","Molbio Diagnostics Limited","Public Limited","","","","","","Listed-NSE","MOLBIO","INE869T01028","EQ","","NSE official EQUITY_L","nse_added"
"C03632","Rays of Belief Limited","Public Limited","","","","","","Listed-NSE","MOMSBELIEF","INE1FCO01014","EQ","","NSE official EQUITY_L","nse_added"
"C03633","Moneyboxx Finance Limited","Public Limited","","","","","","Listed-NSE","MONEYBOXX","INE296Q01012","EQ","","NSE official EQUITY_L","nse_added"
"C03634","Moschip Technologies Limited","Public Limited","","","","","","Listed-NSE","MOSCHIP","INE935B01025","EQ","","NSE official EQUITY_L","nse_added"
"C03635","Motisons Jewellers Limited","Public Limited","","","","","","Listed-NSE","MOTISONS","INE0FRK01020","EQ","","NSE official EQUITY_L","nse_added"
"C03636","The Motor & General Finance Limited","Public Limited","","","","","","Listed-NSE","MOTOGENFIN","INE861B01023","EQ","","NSE official EQUITY_L","nse_added"
"C03637","MPDL Limited","Public Limited","","","","","","Listed-NSE","MPDL","INE493H01014","BE","","NSE official EQUITY_L","nse_added"
"C03638","Manipal Payment and Identity Solutions Limited","Public Limited","","","","","","Listed-NSE","MPIMANIPAL","INE241U01028","EQ","","NSE official EQUITY_L","nse_added"
"C03639","Mangalam Seeds Limited","Public Limited","","","","","","Listed-NSE","MSL","INE829S01016","EQ","","NSE official EQUITY_L","nse_added"
"C03640","MT Educare Limited","Public Limited","","","","","","Listed-NSE","MTEDUCARE","INE472M01018","BE","","NSE official EQUITY_L","nse_added"
"C03641","Mufin Green Finance Limited","Public Limited","","","","","","Listed-NSE","MUFIN","INE08KJ01020","EQ","","NSE official EQUITY_L","nse_added"
"C03642","Credo Brands Marketing Limited","Public Limited","","","","","","Listed-NSE","MUFTI","INE220Q01020","EQ","","NSE official EQUITY_L","nse_added"
"C03643","Mukesh Babu Financial Services Limited","Public Limited","","","","","","Listed-NSE","MUKESHB","INE596B01017","EQ","","NSE official EQUITY_L","nse_added"
"C03644","Mukka Proteins Limited","Public Limited","","","","","","Listed-NSE","MUKKA","INE0CG401037","BE","","NSE official EQUITY_L","nse_added"
"C03645","Mukta Arts Limited","Public Limited","","","","","","Listed-NSE","MUKTAARTS","INE374B01019","EQ","","NSE official EQUITY_L","nse_added"
"C03646","Murudeshwar Ceramics Limited","Public Limited","","","","","","Listed-NSE","MURUDCERA","INE692B01014","EQ","","NSE official EQUITY_L","nse_added"
"C03647","MV Electrosystems Limited","Public Limited","","","","","","Listed-NSE","MVELECTRO","INE0OWZ01020","EQ","","NSE official EQUITY_L","nse_added"
"C03648","Manoj Vaibhav Gems N Jewellers Limited","Public Limited","","","","","","Listed-NSE","MVGJL","INE0KNT01012","EQ","","NSE official EQUITY_L","nse_added"
"C03649","Mangalam Worldwide Limited","Public Limited","","","","","","Listed-NSE","MWL","INE0JYY01029","EQ","","NSE official EQUITY_L","nse_added"
"C03650","Mysore Petro Chemicals Limited","Public Limited","","","","","","Listed-NSE","MYSORPETRO","INE741A01011","BE","","NSE official EQUITY_L","nse_added"
"C03651","NACL Industries Limited","Public Limited","","","","","","Listed-NSE","NACLIND","INE295D01020","EQ","","NSE official EQUITY_L","nse_added"
"C03652","Nagreeka Capital & Infrastructure Limited","Public Limited","","","","","","Listed-NSE","NAGREEKCAP","INE245I01016","EQ","","NSE official EQUITY_L","nse_added"
"C03653","Nahar Poly Films Limited","Public Limited","","","","","","Listed-NSE","NAHARPOLY","INE308A01027","EQ","","NSE official EQUITY_L","nse_added"
"C03654","Narmada Agrobase Limited","Public Limited","","","","","","Listed-NSE","NARMADA","INE117Z01029","EQ","","NSE official EQUITY_L","nse_added"
"C03655","Natural Capsules Limited","Public Limited","","","","","","Listed-NSE","NATCAPSUQ","INE936B01015","BE","","NSE official EQUITY_L","nse_added"
"C03656","Nath Bio-Genes (India) Limited","Public Limited","","","","","","Listed-NSE","NATHBIOGEN","INE448G01010","EQ","","NSE official EQUITY_L","nse_added"
"C03657","National Standard (India) Limited","Public Limited","","","","","","Listed-NSE","NATIONSTD","INE166R01015","EQ","","NSE official EQUITY_L","nse_added"
"C03658","NAVA LIMITED","Public Limited","","","","","","Listed-NSE","NAVA","INE725A01030","EQ","","NSE official EQUITY_L","nse_added"
"C03659","Navkar Urbanstructure Limited","Public Limited","","","","","","Listed-NSE","NAVKARURB","INE268H01044","EQ","","NSE official EQUITY_L","nse_added"
"C03660","Navneet Education Limited","Public Limited","","","","","","Listed-NSE","NAVNETEDUL","INE060A01024","EQ","","NSE official EQUITY_L","nse_added"
"C03661","N. B. I. Industrial Finance Company Limited","Public Limited","","","","","","Listed-NSE","NBIFIN","INE365I01020","EQ","","NSE official EQUITY_L","nse_added"
"C03662","NCL Industries Limited","Public Limited","","","","","","Listed-NSE","NCLIND","INE732C01016","EQ","","NSE official EQUITY_L","nse_added"
"C03663","Naga Dhunseri Group Limited","Public Limited","","","","","","Listed-NSE","NDGL","INE756C01015","EQ","","NSE official EQUITY_L","nse_added"
"C03664","Nandan Denim Limited","Public Limited","","","","","","Listed-NSE","NDL","INE875G01048","EQ","","NSE official EQUITY_L","nse_added"
"C03665","NDL Ventures Limited","Public Limited","","","","","","Listed-NSE","NDLVENTURE","INE353A01023","EQ","","NSE official EQUITY_L","nse_added"
"C03666","Ndr Auto Components Limited","Public Limited","","","","","","Listed-NSE","NDRAUTO","INE07OG01012","EQ","","NSE official EQUITY_L","nse_added"
"C03667","New Delhi Television Limited","Public Limited","","","","","","Listed-NSE","NDTV","INE155G01029","EQ","","NSE official EQUITY_L","nse_added"
"C03668","Neelamalai Agro Industries Limited","Public Limited","","","","","","Listed-NSE","NEAGI","INE605D01012","EQ","","NSE official EQUITY_L","nse_added"
"C03669","North Eastern Carrying Corporation Limited","Public Limited","","","","","","Listed-NSE","NECCLTD","INE553C01016","BE","","NSE official EQUITY_L","nse_added"
"C03670","Nephrocare Health Services Limited","Public Limited","","","","","","Listed-NSE","NEPHROPLUS","INE428V01029","EQ","","NSE official EQUITY_L","nse_added"
"C03671","Neueon Corporation Limited","Public Limited","","","","","","Listed-NSE","NEUEON","INE333I01044","BE","","NSE official EQUITY_L","nse_added"
"C03672","Next Mediaworks Limited","Public Limited","","","","","","Listed-NSE","NEXTMEDIA","INE747B01016","EQ","","NSE official EQUITY_L","nse_added"
"C03673","Nakoda Group of Industries Limited","Public Limited","","","","","","Listed-NSE","NGIL","INE236Y01012","EQ","","NSE official EQUITY_L","nse_added"
"C03674","NIBE Limited","Public Limited","","","","","","Listed-NSE","NIBE","INE149O01018","EQ","","NSE official EQUITY_L","nse_added"
"C03675","NRB Industrial Bearings Limited","Public Limited","","","","","","Listed-NSE","NIBL","INE047O01014","EQ","","NSE official EQUITY_L","nse_added"
"C03676","Nicco Parks & Resorts Limited","Public Limited","","","","","","Listed-NSE","NICCOPAR","INE653C01022","EQ","","NSE official EQUITY_L","nse_added"
"C03677","Nila Spaces Limited","Public Limited","","","","","","Listed-NSE","NILASPACES","INE00S901012","EQ","","NSE official EQUITY_L","nse_added"
"C03678","Nile Limited","Public Limited","","","","","","Listed-NSE","NILE","INE445D01013","EQ","","NSE official EQUITY_L","nse_added"
"C03679","Nimbus Projects Limited","Public Limited","","","","","","Listed-NSE","NIMBSPROJ","INE875B01015","EQ","","NSE official EQUITY_L","nse_added"
"C03680","NINtec Systems Limited","Public Limited","","","","","","Listed-NSE","NINSYS","INE395U01014","EQ","","NSE official EQUITY_L","nse_added"
"C03681","Indo-National Limited","Public Limited","","","","","","Listed-NSE","NIPPOBATRY","INE567A01028","EQ","","NSE official EQUITY_L","nse_added"
"C03682","Niraj Cement Structurals Limited","Public Limited","","","","","","Listed-NSE","NIRAJ","INE368I01016","EQ","","NSE official EQUITY_L","nse_added"
"C03683","Niraj Ispat Industries Limited","Public Limited","","","","","","Listed-NSE","NIRAJISPAT","INE326T01011","BE","","NSE official EQUITY_L","nse_added"
"C03684","Nitco Limited","Public Limited","","","","","","Listed-NSE","NITCO","INE858F01012","EQ","","NSE official EQUITY_L","nse_added"
"C03685","Nitiraj Engineers Limited","Public Limited","","","","","","Listed-NSE","NITIRAJ","INE439T01012","EQ","","NSE official EQUITY_L","nse_added"
"C03686","NK Industries Limited","Public Limited","","","","","","Listed-NSE","NKIND","INE542C01019","EQ","","NSE official EQUITY_L","nse_added"
"C03687","Noida Toll Bridge Company Limited","Public Limited","","","","","","Listed-NSE","NOIDATOLL","INE781B01015","EQ","","NSE official EQUITY_L","nse_added"
"C03688","Norben Tea & Exports Limited","Public Limited","","","","","","Listed-NSE","NORBTEAEXP","INE369C01017","EQ","","NSE official EQUITY_L","nse_added"
"C03689","Nova Agritech Limited","Public Limited","","","","","","Listed-NSE","NOVAAGRI","INE02H701025","EQ","","NSE official EQUITY_L","nse_added"
"C03690","Network People Services Technologies Limited","Public Limited","","","","","","Listed-NSE","NPST","INE0FFK01017","EQ","","NSE official EQUITY_L","nse_added"
"C03691","N R Agarwal Industries Limited","Public Limited","","","","","","Listed-NSE","NRAIL","INE740D01017","EQ","","NSE official EQUITY_L","nse_added"
"C03692","Nupur Recyclers Limited","Public Limited","","","","","","Listed-NSE","NRL","INE0JM501013","BE","","NSE official EQUITY_L","nse_added"
"C03693","Nalwa Sons Investments Limited","Public Limited","","","","","","Listed-NSE","NSIL","INE023A01030","EQ","","NSE official EQUITY_L","nse_added"
"C03694","NTC Industries Limited","Public Limited","","","","","","Listed-NSE","NTCIND","INE920C01017","EQ","","NSE official EQUITY_L","nse_added"
"C03695","Nureca Limited","Public Limited","","","","","","Listed-NSE","NURECA","INE0DSF01015","BE","","NSE official EQUITY_L","nse_added"
"C03696","Oriental Aromatics Limited","Public Limited","","","","","","Listed-NSE","OAL","INE959C01023","EQ","","NSE official EQUITY_L","nse_added"
"C03697","OBCL Limited","Public Limited","","","","","","Listed-NSE","OBCL","INE426Z01016","EQ","","NSE official EQUITY_L","nse_added"
"C03698","OCCL Limited","Public Limited","","","","","","Listed-NSE","OCCLLTD","INE0PK601023","BE","","NSE official EQUITY_L","nse_added"
"C03699","Odigma Consultancy Solutions Limited","Public Limited","","","","","","Listed-NSE","ODIGMA","INE054301028","EQ","","NSE official EQUITY_L","nse_added"
"C03700","Odyssey Corporation Limited","Public Limited","","","","","","Listed-NSE","ODYCORP","INE839E01023","EQ","","NSE official EQUITY_L","nse_added"
"C03701","Omax Autos Limited","Public Limited","","","","","","Listed-NSE","OMAXAUTO","INE090B01011","EQ","","NSE official EQUITY_L","nse_added"
"C03702","Om Freight Forwarders Limited","Public Limited","","","","","","Listed-NSE","OMFREIGHT","INE1BZC01019","BE","","NSE official EQUITY_L","nse_added"
"C03703","OM INFRA LIMITED","Public Limited","","","","","","Listed-NSE","OMINFRAL","INE239D01028","EQ","","NSE official EQUITY_L","nse_added"
"C03704","Omnitech Engineering Limited","Public Limited","","","","","","Listed-NSE","OMNI","INE0UH301010","EQ","","NSE official EQUITY_L","nse_added"
"C03705","Om Power Transmission Limited","Public Limited","","","","","","Listed-NSE","OMPOWER","INE25E901019","EQ","","NSE official EQUITY_L","nse_added"
"C03706","One Global Service Provider Limited","Public Limited","","","","","","Listed-NSE","ONEGLOBAL","INE670O01013","EQ","","NSE official EQUITY_L","nse_added"
"C03707","Onelife Capital Advisors Limited","Public Limited","","","","","","Listed-NSE","ONELIFECAP","INE912L01015","BE","","NSE official EQUITY_L","nse_added"
"C03708","One Point One Solutions Limited","Public Limited","","","","","","Listed-NSE","ONEPOINT","INE840Y01029","EQ","","NSE official EQUITY_L","nse_added"
"C03709","Onesource Specialty Pharma Limited","Public Limited","","","","","","Listed-NSE","ONESOURCE","INE013P01021","EQ","","NSE official EQUITY_L","nse_added"
"C03710","Onida Electronics Limited","Public Limited","","","","","","Listed-NSE","ONIDA","INE831A01028","EQ","","NSE official EQUITY_L","nse_added"
"C03711","Onix Solar Energy Limited","Public Limited","","","","","","Listed-NSE","ONIXSOLAR","INE173M01012","EQ","","NSE official EQUITY_L","nse_added"
"C03712","Optimus Finance Limited","Public Limited","","","","","","Listed-NSE","OPTIFIN","INE031G01022","EQ","","NSE official EQUITY_L","nse_added"
"C03713","Orbit Exports Limited","Public Limited","","","","","","Listed-NSE","ORBTEXP","INE231G01010","EQ","","NSE official EQUITY_L","nse_added"
"C03714","Orchasp Limited","Public Limited","","","","","","Listed-NSE","ORCHASP","INE215B01022","EQ","","NSE official EQUITY_L","nse_added"
"C03715","Orchid Pharma Limited","Public Limited","","","","","","Listed-NSE","ORCHPHARMA","INE191A01027","EQ","","NSE official EQUITY_L","nse_added"
"C03716","Oriental Trimex Limited","Public Limited","","","","","","Listed-NSE","ORIENTALTL","INE998H01012","EQ","","NSE official EQUITY_L","nse_added"
"C03717","Orient Cement Limited","Public Limited","","","","","","Listed-NSE","ORIENTCEM","INE876N01018","EQ","","NSE official EQUITY_L","nse_added"
"C03718","ORIENT CERATECH LIMITED","Public Limited","","","","","","Listed-NSE","ORIENTCER","INE569C01020","EQ","","NSE official EQUITY_L","nse_added"
"C03719","Orient Press Limited","Public Limited","","","","","","Listed-NSE","ORIENTLTD","INE609C01024","BE","","NSE official EQUITY_L","nse_added"
"C03720","Orient Paper & Industries Limited","Public Limited","","","","","","Listed-NSE","ORIENTPPR","INE592A01026","EQ","","NSE official EQUITY_L","nse_added"
"C03721","Orient Technologies Limited","Public Limited","","","","","","Listed-NSE","ORIENTTECH","INE0PPK01015","EQ","","NSE official EQUITY_L","nse_added"
"C03722","Oriental Rail Infrastructure Limited","Public Limited","","","","","","Listed-NSE","ORIRAIL","INE457G01029","EQ","","NSE official EQUITY_L","nse_added"
"C03723","Orkla India Limited","Public Limited","","","","","","Listed-NSE","ORKLAINDIA","INE16NZ01023","EQ","","NSE official EQUITY_L","nse_added"
"C03724","ORTIN GLOBAL LIMITED","Public Limited","","","","","","Listed-NSE","ORTINGLOBE","INE749B01020","EQ","","NSE official EQUITY_L","nse_added"
"C03725","Osia Hyper Retail Limited","Public Limited","","","","","","Listed-NSE","OSIAHYPER","INE06IR01021","BE","","NSE official EQUITY_L","nse_added"
"C03726","Oswal Agro Mills Limited","Public Limited","","","","","","Listed-NSE","OSWALAGRO","INE142A01012","EQ","","NSE official EQUITY_L","nse_added"
"C03727","Oswal Greentech Limited","Public Limited","","","","","","Listed-NSE","OSWALGREEN","INE143A01010","EQ","","NSE official EQUITY_L","nse_added"
"C03728","Oswal Pumps Limited","Public Limited","","","","","","Listed-NSE","OSWALPUMPS","INE0BYP01024","EQ","","NSE official EQUITY_L","nse_added"
"C03729","ShreeOswal Seeds And Chemicals Limited","Public Limited","","","","","","Listed-NSE","OSWALSEEDS","INE00IK01029","EQ","","NSE official EQUITY_L","nse_added"
"C03730","Pace Digitek Limited","Public Limited","","","","","","Listed-NSE","PACEDIGITK","INE0S3G01027","EQ","","NSE official EQUITY_L","nse_added"
"C03731","Pacific Industries Limited","Public Limited","","","","","","Listed-NSE","PACIFICI","INE883C01025","EQ","","NSE official EQUITY_L","nse_added"
"C03732","PAKKA LIMITED","Public Limited","","","","","","Listed-NSE","PAKKA","INE551D01018","EQ","","NSE official EQUITY_L","nse_added"
"C03733","Palash Securities Limited","Public Limited","","","","","","Listed-NSE","PALASHSECU","INE471W01019","EQ","","NSE official EQUITY_L","nse_added"
"C03734","Palred Technologies Limited","Public Limited","","","","","","Listed-NSE","PALREDTEC","INE218G01033","EQ","","NSE official EQUITY_L","nse_added"
"C03735","Panache Digilife Limited","Public Limited","","","","","","Listed-NSE","PANACHE","INE895W01019","BE","","NSE official EQUITY_L","nse_added"
"C03736","Panchmahal Steel Limited","Public Limited","","","","","","Listed-NSE","PANCHMAHQ","INE798F01010","EQ","","NSE official EQUITY_L","nse_added"
"C03737","Panorama Studios International Limited","Public Limited","","","","","","Listed-NSE","PANORAMA","INE258R01028","EQ","","NSE official EQUITY_L","nse_added"
"C03738","Pansari Developers Limited","Public Limited","","","","","","Listed-NSE","PANSARI","INE697V01011","EQ","","NSE official EQUITY_L","nse_added"
"C03739","Par Drugs And Chemicals Limited","Public Limited","","","","","","Listed-NSE","PAR","INE04LG01015","BE","","NSE official EQUITY_L","nse_added"
"C03740","Paramount Communications Limited","Public Limited","","","","","","Listed-NSE","PARACABLES","INE074B01023","EQ","","NSE official EQUITY_L","nse_added"
"C03741","Paras Petrofils Limited","Public Limited","","","","","","Listed-NSE","PARASPETRO","INE162C01024","EQ","","NSE official EQUITY_L","nse_added"
"C03742","Parin Enterprises Limited","Public Limited","","","","","","Listed-NSE","PARIN","INE00U801010","EQ","","NSE official EQUITY_L","nse_added"
"C03743","Park Medi World Limited","Public Limited","","","","","","Listed-NSE","PARKHOSPS","INE119201023","EQ","","NSE official EQUITY_L","nse_added"
"C03744","Apeejay Surrendra Park Hotels Limited","Public Limited","","","","","","Listed-NSE","PARKHOTELS","INE988S01028","EQ","","NSE official EQUITY_L","nse_added"
"C03745","Parnax Lab Limited","Public Limited","","","","","","Listed-NSE","PARNAXLAB","INE383L01019","EQ","","NSE official EQUITY_L","nse_added"
"C03746","Pashupati Cotspin Limited","Public Limited","","","","","","Listed-NSE","PASHUPATI","INE124Y01028","EQ","","NSE official EQUITY_L","nse_added"
"C03747","Pasupati Acrylon Limited","Public Limited","","","","","","Listed-NSE","PASUPTAC","INE818B01023","EQ","","NSE official EQUITY_L","nse_added"
"C03748","Patel Retail Limited","Public Limited","","","","","","Listed-NSE","PATELRMART","INE0R8B01010","EQ","","NSE official EQUITY_L","nse_added"
"C03749","Patel Integrated Logistics Limited","Public Limited","","","","","","Listed-NSE","PATINTLOG","INE529D01014","EQ","","NSE official EQUITY_L","nse_added"
"C03750","Paushak Limited","Public Limited","","","","","","Listed-NSE","PAUSHAKLTD","INE111F01024","EQ","","NSE official EQUITY_L","nse_added"
"C03751","Pavna Industries Limited","Public Limited","","","","","","Listed-NSE","PAVNAIND","INE07S101038","EQ","","NSE official EQUITY_L","nse_added"
"C03752","PBM Polytex Limited","Public Limited","","","","","","Listed-NSE","PBMPOLY","INE501F01018","EQ","","NSE official EQUITY_L","nse_added"
"C03753","PCBL Chemical Limited","Public Limited","","","","","","Listed-NSE","PCBL","INE602A01031","EQ","","NSE official EQUITY_L","nse_added"
"C03754","PC Jeweller Limited","Public Limited","","","","","","Listed-NSE","PCJEWELLER","INE785M01021","EQ","","NSE official EQUITY_L","nse_added"
"C03755","Pudumjee Paper Products Limited","Public Limited","","","","","","Listed-NSE","PDMJEPAPER","INE865T01018","EQ","","NSE official EQUITY_L","nse_added"
"C03756","PDS Limited","Public Limited","","","","","","Listed-NSE","PDSL","INE111Q01021","EQ","","NSE official EQUITY_L","nse_added"
"C03757","Pearl Polymers Limited","Public Limited","","","","","","Listed-NSE","PEARLPOLY","INE844A01013","EQ","","NSE official EQUITY_L","nse_added"
"C03758","Peninsula Land Limited","Public Limited","","","","","","Listed-NSE","PENINLAND","INE138A01028","EQ","","NSE official EQUITY_L","nse_added"
"C03759","Permanent Magnets Limited","Public Limited","","","","","","Listed-NSE","PERMAGN","INE418E01018","EQ","","NSE official EQUITY_L","nse_added"
"C03760","Purple Style Labs Limited","Public Limited","","","","","","Listed-NSE","PERNIASPOP","INE0I1B01016","EQ","","NSE official EQUITY_L","nse_added"
"C03761","Prime Focus Limited","Public Limited","","","","","","Listed-NSE","PFOCUS","INE367G01038","EQ","","NSE official EQUITY_L","nse_added"
"C03762","PG Electroplast Limited","Public Limited","","","","","","Listed-NSE","PGEL","INE457L01029","EQ","","NSE official EQUITY_L","nse_added"
"C03763","Phoenix International Limited","Public Limited","","","","","","Listed-NSE","PHOENXINTL","INE245B01011","EQ","","NSE official EQUITY_L","nse_added"
"C03764","Piccadily Agro Industries Limited","Public Limited","","","","","","Listed-NSE","PICCADIL","INE546C01010","EQ","","NSE official EQUITY_L","nse_added"
"C03765","Power & Instrumentation (Gujarat) Limited","Public Limited","","","","","","Listed-NSE","PIGL","INE557Z01018","EQ","","NSE official EQUITY_L","nse_added"
"C03766","Pilani Investment and Industries Corporation Limited","Public Limited","","","","","","Listed-NSE","PILANIINVS","INE417C01014","EQ","","NSE official EQUITY_L","nse_added"
"C03767","PIL ITALICA LIFESTYLE LIMITED","Public Limited","","","","","","Listed-NSE","PILITA","INE600A01035","EQ","","NSE official EQUITY_L","nse_added"
"C03768","Pioneer Embroideries Limited","Public Limited","","","","","","Listed-NSE","PIONEEREMB","INE156C01018","EQ","","NSE official EQUITY_L","nse_added"
"C03769","Pioneer Investcorp Limited","Public Limited","","","","","","Listed-NSE","PIONRINV","INE746D01014","BE","","NSE official EQUITY_L","nse_added"
"C03770","The Peria Karamalai Tea & Produce Company Limited","Public Limited","","","","","","Listed-NSE","PKTEA","INE431F01018","BE","","NSE official EQUITY_L","nse_added"
"C03771","Plastiblends India Limited","Public Limited","","","","","","Listed-NSE","PLASTIBLEN","INE083C01022","EQ","","NSE official EQUITY_L","nse_added"
"C03772","Platinum Industries Limited","Public Limited","","","","","","Listed-NSE","PLATIND","INE0PT501018","EQ","","NSE official EQUITY_L","nse_added"
"C03773","Plaza Wires Limited","Public Limited","","","","","","Listed-NSE","PLAZACABLE","INE0INJ01017","EQ","","NSE official EQUITY_L","nse_added"
"C03774","Paul Merchants Limited","Public Limited","","","","","","Listed-NSE","PML","INE291E01019","EQ","","NSE official EQUITY_L","nse_added"
"C03775","PNC Media and Entertainment Limited","Public Limited","","","","","","Listed-NSE","PNC","INE392B01011","EQ","","NSE official EQUITY_L","nse_added"
"C03776","P N Gadgil Jewellers Limited","Public Limited","","","","","","Listed-NSE","PNGJL","INE953R01016","EQ","","NSE official EQUITY_L","nse_added"
"C03777","PNGS Reva Diamond Jewellery Limited","Public Limited","","","","","","Listed-NSE","PNGSREVA","INE1RDG01013","EQ","","NSE official EQUITY_L","nse_added"
"C03778","Pondy Oxides & Chemicals Limited","Public Limited","","","","","","Listed-NSE","POCL","INE063E01061","EQ","","NSE official EQUITY_L","nse_added"
"C03779","Poddar Pigments Limited","Public Limited","","","","","","Listed-NSE","PODDARMENT","INE371C01013","EQ","","NSE official EQUITY_L","nse_added"
"C03780","POCL Enterprises Limited","Public Limited","","","","","","Listed-NSE","POEL","INE035S01028","EQ","","NSE official EQUITY_L","nse_added"
"C03781","Poly Medicure Limited","Public Limited","","","","","","Listed-NSE","POLYMED","INE205C01021","EQ","","NSE official EQUITY_L","nse_added"
"C03782","Polyspin Exports Limited","Public Limited","","","","","","Listed-NSE","POLYSPIN","INE914G01029","EQ","","NSE official EQUITY_L","nse_added"
"C03783","Ponni Sugars (Erode) Limited","Public Limited","","","","","","Listed-NSE","PONNIERODE","INE838E01017","EQ","","NSE official EQUITY_L","nse_added"
"C03784","Powerica Limited","Public Limited","","","","","","Listed-NSE","POWERICA","INE921L01032","EQ","","NSE official EQUITY_L","nse_added"
"C03785","PPAP Automotive Limited","Public Limited","","","","","","Listed-NSE","PPAP","INE095I01015","BE","","NSE official EQUITY_L","nse_added"
"C03786","Prakash Pipes Limited","Public Limited","","","","","","Listed-NSE","PPL","INE050001010","BE","","NSE official EQUITY_L","nse_added"
"C03787","Prabha Energy Limited","Public Limited","","","","","","Listed-NSE","PRABHA","INE0I0M01023","EQ","","NSE official EQUITY_L","nse_added"
"C03788","Pradeep Metals Limited","Public Limited","","","","","","Listed-NSE","PRADPME","INE770A01010","BE","","NSE official EQUITY_L","nse_added"
"C03789","Prajay Engineers Syndicate Limited","Public Limited","","","","","","Listed-NSE","PRAENG","INE505C01016","EQ","","NSE official EQUITY_L","nse_added"
"C03790","Prakash Steelage Limited","Public Limited","","","","","","Listed-NSE","PRAKASHSTL","INE696K01024","EQ","","NSE official EQUITY_L","nse_added"
"C03791","Pranav Constructions Limited","Public Limited","","","","","","Listed-NSE","PRANAV","INE0H4201019","EQ","","NSE official EQUITY_L","nse_added"
"C03792","Prasol Chemicals Limited","Public Limited","","","","","","Listed-NSE","PRASOLCHEM","INE455U01024","EQ","","NSE official EQUITY_L","nse_added"
"C03793","Praveg Limited","Public Limited","","","","","","Listed-NSE","PRAVEG","INE722B01019","EQ","","NSE official EQUITY_L","nse_added"
"C03794","Praxis Home Retail Limited","Public Limited","","","","","","Listed-NSE","PRAXIS","INE546Y01022","EQ","","NSE official EQUITY_L","nse_added"
"C03795","Precision Camshafts Limited","Public Limited","","","","","","Listed-NSE","PRECAM","INE484I01029","EQ","","NSE official EQUITY_L","nse_added"
"C03796","Precot Limited","Public Limited","","","","","","Listed-NSE","PRECOT","INE283A01014","EQ","","NSE official EQUITY_L","nse_added"
"C03797","Premco Global Limited","Public Limited","","","","","","Listed-NSE","PREMCO","INE001E01012","EQ","","NSE official EQUITY_L","nse_added"
"C03798","Premier Limited","Public Limited","","","","","","Listed-NSE","PREMIER","INE342A01018","BE","","NSE official EQUITY_L","nse_added"
"C03799","Premier Polyfilm Limited","Public Limited","","","","","","Listed-NSE","PREMIERPOL","INE309M01020","EQ","","NSE official EQUITY_L","nse_added"
"C03800","Prime Securities Limited","Public Limited","","","","","","Listed-NSE","PRIMESECU","INE032B01021","EQ","","NSE official EQUITY_L","nse_added"
"C03801","Primo Chemicals Limited","Public Limited","","","","","","Listed-NSE","PRIMO","INE607A01022","EQ","","NSE official EQUITY_L","nse_added"
"C03802","Priority Jewels Limited","Public Limited","","","","","","Listed-NSE","PRIORITY","INE15EH01014","EQ","","NSE official EQUITY_L","nse_added"
"C03803","Prismx Global Ventures Limited","Public Limited","","","","","","Listed-NSE","PRISMX","INE286N01028","EQ","","NSE official EQUITY_L","nse_added"
"C03804","Priti International Limited","Public Limited","","","","","","Listed-NSE","PRITI","INE974Z01015","EQ","","NSE official EQUITY_L","nse_added"
"C03805","Pritika Auto Industries Limited","Public Limited","","","","","","Listed-NSE","PRITIKAUTO","INE583R01029","EQ","","NSE official EQUITY_L","nse_added"
"C03806","Privi Speciality Chemicals Limited","Public Limited","","","","","","Listed-NSE","PRIVISCL","INE959A01019","EQ","","NSE official EQUITY_L","nse_added"
"C03807","Prostarm Info Systems Limited","Public Limited","","","","","","Listed-NSE","PROSTARM","INE0BX301013","EQ","","NSE official EQUITY_L","nse_added"
"C03808","Prozone Realty Limited","Public Limited","","","","","","Listed-NSE","PROZONER","INE195N01013","EQ","","NSE official EQUITY_L","nse_added"
"C03809","Prudential Sugar Corporation Limited","Public Limited","","","","","","Listed-NSE","PRUDMOULI","INE024D01016","EQ","","NSE official EQUITY_L","nse_added"
"C03810","PTC Industries Limited","Public Limited","","","","","","Listed-NSE","PTCIL","INE596F01018","EQ","","NSE official EQUITY_L","nse_added"
"C03811","PTL Enterprises Limited","Public Limited","","","","","","Listed-NSE","PTL","INE034D01049","EQ","","NSE official EQUITY_L","nse_added"
"C03812","Punjab Chemicals & Crop Protection Limited","Public Limited","","","","","","Listed-NSE","PUNJABCHEM","INE277B01014","EQ","","NSE official EQUITY_L","nse_added"
"C03813","PVP Ventures Limited","Public Limited","","","","","","Listed-NSE","PVP","INE362A01016","EQ","","NSE official EQUITY_L","nse_added"
"C03814","Popular Vehicles and Services Limited","Public Limited","","","","","","Listed-NSE","PVSL","INE772T01024","EQ","","NSE official EQUITY_L","nse_added"
"C03815","Physicswallah Limited","Public Limited","","","","","","Listed-NSE","PWL","INE0LP301011","EQ","","NSE official EQUITY_L","nse_added"
"C03816","Pyramid Technoplast Limited","Public Limited","","","","","","Listed-NSE","PYRAMID","INE0MIS01010","EQ","","NSE official EQUITY_L","nse_added"
"C03817","QMS Medical Allied Services Limited","Public Limited","","","","","","Listed-NSE","QMSMEDI","INE0FMW01018","BE","","NSE official EQUITY_L","nse_added"
"C03818","Quality Power Electrical Equipments Limited","Public Limited","","","","","","Listed-NSE","QPOWER","INE0SII01026","EQ","","NSE official EQUITY_L","nse_added"
"C03819","Quadrant Future Tek Limited","Public Limited","","","","","","Listed-NSE","QUADFUTURE","INE0LRY01011","EQ","","NSE official EQUITY_L","nse_added"
"C03820","Quess Corp Limited","Public Limited","","","","","","Listed-NSE","QUESS","INE615P01015","EQ","","NSE official EQUITY_L","nse_added"
"C03821","Quick Heal Technologies Limited","Public Limited","","","","","","Listed-NSE","QUICKHEAL","INE306L01010","EQ","","NSE official EQUITY_L","nse_added"
"C03822","Quint Digital Limited","Public Limited","","","","","","Listed-NSE","QUINT","INE641R01017","BE","","NSE official EQUITY_L","nse_added"
"C03823","Quintegra Solutions Limited","Public Limited","","","","","","Listed-NSE","QUINTEGRA","INE033B01011","EQ","","NSE official EQUITY_L","nse_added"
"C03824","Race Eco Chain Limited","Public Limited","","","","","","Listed-NSE","RACE","INE084Q01012","EQ","","NSE official EQUITY_L","nse_added"
"C03825","RACL Geartech Limited","Public Limited","","","","","","Listed-NSE","RACLGEAR","INE704B01017","EQ","","NSE official EQUITY_L","nse_added"
"C03826","Radaan Mediaworks India Limited","Public Limited","","","","","","Listed-NSE","RADAAN","INE874F01027","EQ","","NSE official EQUITY_L","nse_added"
"C03827","Radhika Jeweltech Limited","Public Limited","","","","","","Listed-NSE","RADHIKAJWE","INE583V01021","BE","","NSE official EQUITY_L","nse_added"
"C03828","Radiant Cash Management Services Limited","Public Limited","","","","","","Listed-NSE","RADIANTCMS","INE855R01021","EQ","","NSE official EQUITY_L","nse_added"
"C03829","Rajnandini Metal Limited","Public Limited","","","","","","Listed-NSE","RAJMET","INE00KV01022","EQ","","NSE official EQUITY_L","nse_added"
"C03830","Rajapalayam Mills Limited","Public Limited","","","","","","Listed-NSE","RAJPALAYAM","INE296E01026","EQ","","NSE official EQUITY_L","nse_added"
"C03831","Raj Rayon Industries Limited","Public Limited","","","","","","Listed-NSE","RAJRILTD","INE533D01032","BE","","NSE official EQUITY_L","nse_added"
"C03832","Rajshree Sugars & Chemicals Limited","Public Limited","","","","","","Listed-NSE","RAJSREESUG","INE562B01019","EQ","","NSE official EQUITY_L","nse_added"
"C03833","Raj Television Network Limited","Public Limited","","","","","","Listed-NSE","RAJTV","INE952H01027","EQ","","NSE official EQUITY_L","nse_added"
"C03834","Shree Rama Newsprint Limited","Public Limited","","","","","","Listed-NSE","RAMANEWS","INE278B01020","EQ","","NSE official EQUITY_L","nse_added"
"C03835","Rama Phosphates Limited","Public Limited","","","","","","Listed-NSE","RAMAPHO","INE809A01032","EQ","","NSE official EQUITY_L","nse_added"
"C03836","Rama Steel Tubes Limited","Public Limited","","","","","","Listed-NSE","RAMASTEEL","INE230R01035","BE","","NSE official EQUITY_L","nse_added"
"C03837","Advit Jewels Limited","Public Limited","","","","","","Listed-NSE","RAMBHAJO","INE1SJO01012","EQ","","NSE official EQUITY_L","nse_added"
"C03838","Ram Ratna Wires Limited","Public Limited","","","","","","Listed-NSE","RAMRAT","INE207E01023","EQ","","NSE official EQUITY_L","nse_added"
"C03839","Rana Sugars Limited","Public Limited","","","","","","Listed-NSE","RANASUG","INE625B01014","EQ","","NSE official EQUITY_L","nse_added"
"C03840","Rategain Travel Technologies Limited","Public Limited","","","","","","Listed-NSE","RATEGAIN","INE0CLI01024","EQ","","NSE official EQUITY_L","nse_added"
"C03841","Raymond Lifestyle Limited","Public Limited","","","","","","Listed-NSE","RAYMONDLSL","INE02ID01020","EQ","","NSE official EQUITY_L","nse_added"
"C03842","Restaurant Brands Asia Limited","Public Limited","","","","","","Listed-NSE","RBA","INE07T201019","EQ","","NSE official EQUITY_L","nse_added"
"C03843","RBZ Jewellers Limited","Public Limited","","","","","","Listed-NSE","RBZJEWEL","INE0PEQ01016","BE","","NSE official EQUITY_L","nse_added"
"C03844","Reliance Communications Limited","Public Limited","","","","","","Listed-NSE","RCOM","INE330H01018","BE","","NSE official EQUITY_L","nse_added"
"C03845","Redtape Limited","Public Limited","","","","","","Listed-NSE","REDTAPE","INE0LXT01019","EQ","","NSE official EQUITY_L","nse_added"
"C03846","Regaal Resources Limited","Public Limited","","","","","","Listed-NSE","REGAAL","INE0MHO01029","EQ","","NSE official EQUITY_L","nse_added"
"C03847","Regency Ceramics Limited","Public Limited","","","","","","Listed-NSE","REGENCERAM","INE277C01012","EQ","","NSE official EQUITY_L","nse_added"
"C03848","Reliance Chemotex Industries Limited","Public Limited","","","","","","Listed-NSE","RELCHEMQ","INE750D01016","EQ","","NSE official EQUITY_L","nse_added"
"C03849","Reliable Data Services Limited","Public Limited","","","","","","Listed-NSE","RELIABLE","INE375Y01018","EQ","","NSE official EQUITY_L","nse_added"
"C03850","Reliance Infrastructure Limited","Public Limited","","","","","","Listed-NSE","RELINFRA","INE036A01016","BE","","NSE official EQUITY_L","nse_added"
"C03851","Ravindra Energy Limited","Public Limited","","","","","","Listed-NSE","RELTD","INE206N01018","EQ","","NSE official EQUITY_L","nse_added"
"C03852","Remsons Industries Limited","Public Limited","","","","","","Listed-NSE","REMSONSIND","INE474C01023","EQ","","NSE official EQUITY_L","nse_added"
"C03853","Rentomojo Limited","Public Limited","","","","","","Listed-NSE","RENTOMOJO","INE08T701025","EQ","","NSE official EQUITY_L","nse_added"
"C03854","Rudrabhishek Enterprises Limited","Public Limited","","","","","","Listed-NSE","REPL","INE364Z01019","EQ","","NSE official EQUITY_L","nse_added"
"C03855","Responsive Industries Limited","Public Limited","","","","","","Listed-NSE","RESPONIND","INE688D01026","EQ","","NSE official EQUITY_L","nse_added"
"C03856","JHS Svendgaard Retail Ventures Limited","Public Limited","","","","","","Listed-NSE","RETAIL","INE03DD01011","EQ","","NSE official EQUITY_L","nse_added"
"C03857","Renaissance Global Limited","Public Limited","","","","","","Listed-NSE","RGL","INE722H01024","EQ","","NSE official EQUITY_L","nse_added"
"C03858","Rhetan TMT Limited","Public Limited","","","","","","Listed-NSE","RHETAN","INE0KKN01029","EQ","","NSE official EQUITY_L","nse_added"
"C03859","Reliance Home Finance Limited","Public Limited","","","","","","Listed-NSE","RHFL","INE217K01011","BZ","","NSE official EQUITY_L","nse_added"
"C03860","RHI MAGNESITA INDIA LIMITED","Public Limited","","","","","","Listed-NSE","RHIM","INE743M01012","EQ","","NSE official EQUITY_L","nse_added"
"C03861","Robust Hotels Limited","Public Limited","","","","","","Listed-NSE","RHL","INE508K01013","EQ","","NSE official EQUITY_L","nse_added"
"C03862","Reliance Industrial Infrastructure Limited","Public Limited","","","","","","Listed-NSE","RIIL","INE046A01015","EQ","","NSE official EQUITY_L","nse_added"
"C03863","RIR Power Electronics Limited","Public Limited","","","","","","Listed-NSE","RIR","INE302D01024","EQ","","NSE official EQUITY_L","nse_added"
"C03864","Rishabh Instruments Limited","Public Limited","","","","","","Listed-NSE","RISHABH","INE0N2P01017","EQ","","NSE official EQUITY_L","nse_added"
"C03865","Ritco Logistics Limited","Public Limited","","","","","","Listed-NSE","RITCO","INE01EG01016","EQ","","NSE official EQUITY_L","nse_added"
"C03866","Ravi Kumar Distilleries Limited","Public Limited","","","","","","Listed-NSE","RKDL","INE722J01012","EQ","","NSE official EQUITY_L","nse_added"
"C03867","RKEC Projects Limited","Public Limited","","","","","","Listed-NSE","RKEC","INE786W01010","EQ","","NSE official EQUITY_L","nse_added"
"C03868","R K Swamy Limited","Public Limited","","","","","","Listed-NSE","RKSWAMY","INE0NQ801033","EQ","","NSE official EQUITY_L","nse_added"
"C03869","RMC Switchgears Limited","Public Limited","","","","","","Listed-NSE","RMC","INE655V01019","EQ","","NSE official EQUITY_L","nse_added"
"C03870","R M Drip and Sprinklers Systems Limited","Public Limited","","","","","","Listed-NSE","RMDRIP","INE219Y01026","BE","","NSE official EQUITY_L","nse_added"
"C03871","Rane (Madras) Limited","Public Limited","","","","","","Listed-NSE","RML","INE050H01012","EQ","","NSE official EQUITY_L","nse_added"
"C03872","R&B Denims Limited","Public Limited","","","","","","Listed-NSE","RNBDENIMS","INE012Q01039","BE","","NSE official EQUITY_L","nse_added"
"C03873","Rollatainers Limited","Public Limited","","","","","","Listed-NSE","ROLLT","INE927A01040","BE","","NSE official EQUITY_L","nse_added"
"C03874","Raj Oil Mills Limited","Public Limited","","","","","","Listed-NSE","ROML","INE294G01026","EQ","","NSE official EQUITY_L","nse_added"
"C03875","Rossell India Limited","Public Limited","","","","","","Listed-NSE","ROSSELLIND","INE847C01020","EQ","","NSE official EQUITY_L","nse_added"
"C03876","Rossell Techsys Limited","Public Limited","","","","","","Listed-NSE","ROSSTECH","INE0OJW01016","EQ","","NSE official EQUITY_L","nse_added"
"C03877","Roto Pumps Limited","Public Limited","","","","","","Listed-NSE","ROTO","INE535D01037","EQ","","NSE official EQUITY_L","nse_added"
"C03878","Raghav Productivity Enhancers Limited","Public Limited","","","","","","Listed-NSE","RPEL","INE912T01018","EQ","","NSE official EQUITY_L","nse_added"
"C03879","RPG Life Sciences Limited","Public Limited","","","","","","Listed-NSE","RPGLIFE","INE105J01010","EQ","","NSE official EQUITY_L","nse_added"
"C03880","Reliance Power Limited","Public Limited","","","","","","Listed-NSE","RPOWER","INE614G01033","EQ","","NSE official EQUITY_L","nse_added"
"C03881","R.P.P. Infra Projects Limited","Public Limited","","","","","","Listed-NSE","RPPINFRA","INE324L01013","EQ","","NSE official EQUITY_L","nse_added"
"C03882","Rajshree Polypack Limited","Public Limited","","","","","","Listed-NSE","RPPL","INE760W01023","BE","","NSE official EQUITY_L","nse_added"
"C03883","Rashi Peripherals Limited","Public Limited","","","","","","Listed-NSE","RPTECH","INE0J1F01024","EQ","","NSE official EQUITY_L","nse_added"
"C03884","RDB Real Estate Constructions Limited","Public Limited","","","","","","Listed-NSE","RRECL","INE0AK901016","EQ","","NSE official EQUITY_L","nse_added"
"C03885","RRIL Limited","Public Limited","","","","","","Listed-NSE","RRIL","INE951M01037","EQ","","NSE official EQUITY_L","nse_added"
"C03886","R R Kabel Limited","Public Limited","","","","","","Listed-NSE","RRKABEL","INE777K01022","EQ","","NSE official EQUITY_L","nse_added"
"C03887","RSD Finance Limited","Public Limited","","","","","","Listed-NSE","RSDFIN","INE616F01022","BE","","NSE official EQUITY_L","nse_added"
"C03888","Rajputana Stainless Limited","Public Limited","","","","","","Listed-NSE","RSL","INE313L01016","EQ","","NSE official EQUITY_L","nse_added"
"C03889","R. S. Software (India) Limited","Public Limited","","","","","","Listed-NSE","RSSOFTWARE","INE165B01029","EQ","","NSE official EQUITY_L","nse_added"
"C03890","R Systems International Limited","Public Limited","","","","","","Listed-NSE","RSYSTEMS","INE411H01032","EQ","","NSE official EQUITY_L","nse_added"
"C03891","RTS Power Corporation Limited","Public Limited","","","","","","Listed-NSE","RTSPOWR","INE005C01017","EQ","","NSE official EQUITY_L","nse_added"
"C03892","Rubfila International Limited","Public Limited","","","","","","Listed-NSE","RUBFILA","INE642C01025","EQ","","NSE official EQUITY_L","nse_added"
"C03893","Rubicon Research Limited","Public Limited","","","","","","Listed-NSE","RUBICON","INE506V01022","EQ","","NSE official EQUITY_L","nse_added"
"C03894","The Ruby Mills Limited","Public Limited","","","","","","Listed-NSE","RUBYMILLS","INE301D01026","EQ","","NSE official EQUITY_L","nse_added"
"C03895","Ruchi Infrastructure Limited","Public Limited","","","","","","Listed-NSE","RUCHINFRA","INE413B01023","EQ","","NSE official EQUITY_L","nse_added"
"C03896","Rudra Global Infra Products Limited","Public Limited","","","","","","Listed-NSE","RUDRA","INE027T01023","EQ","","NSE official EQUITY_L","nse_added"
"C03897","Keystone Realtors Limited","Public Limited","","","","","","Listed-NSE","RUSTOMJEE","INE263M01029","EQ","","NSE official EQUITY_L","nse_added"
"C03898","Ravinder Heights Limited","Public Limited","","","","","","Listed-NSE","RVHL","INE09E501017","EQ","","NSE official EQUITY_L","nse_added"
"C03899","Revathi Equipment India Limited","Public Limited","","","","","","Listed-NSE","RVTH","INE0DAB01012","EQ","","NSE official EQUITY_L","nse_added"
"C03900","S&S Power Switchgears Limited","Public Limited","","","","","","Listed-NSE","S&SPOWER","INE902B01017","EQ","","NSE official EQUITY_L","nse_added"
"C03901","Saatvik Green Energy Limited","Public Limited","","","","","","Listed-NSE","SAATVIKGL","INE13B501022","EQ","","NSE official EQUITY_L","nse_added"
"C03902","SAB Industries Limited","Public Limited","","","","","","Listed-NSE","SAB","INE137M01017","EQ","","NSE official EQUITY_L","nse_added"
"C03903","Sadbhav Infrastructure Project Limited","Public Limited","","","","","","Listed-NSE","SADBHIN","INE764L01010","EQ","","NSE official EQUITY_L","nse_added"
"C03904","Sadhana Nitrochem Limited","Public Limited","","","","","","Listed-NSE","SADHNANIQ","INE888C01040","BE","","NSE official EQUITY_L","nse_added"
"C03905","Sagardeep Alloys Limited","Public Limited","","","","","","Listed-NSE","SAGARDEEP","INE976T01013","EQ","","NSE official EQUITY_L","nse_added"
"C03906","SAGILITY LIMITED","Public Limited","","","","","","Listed-NSE","SAGILITY","INE0W2G01015","EQ","","NSE official EQUITY_L","nse_added"
"C03907","Shalibhadra Finance Limited","Public Limited","","","","","","Listed-NSE","SAHLIBHFI","INE861D01011","EQ","","NSE official EQUITY_L","nse_added"
"C03908","Sahyadri Industries Limited","Public Limited","","","","","","Listed-NSE","SAHYADRI","INE280H01015","EQ","","NSE official EQUITY_L","nse_added"
"C03909","Sai Capital Limited","Public Limited","","","","","","Listed-NSE","SAICAPI","INE531X01018","EQ","","NSE official EQUITY_L","nse_added"
"C03910","Sai Life Sciences Limited","Public Limited","","","","","","Listed-NSE","SAILIFE","INE570L01029","EQ","","NSE official EQUITY_L","nse_added"
"C03911","Sai Parenterals Limited","Public Limited","","","","","","Listed-NSE","SAIPARENT","INE0H9F01037","EQ","","NSE official EQUITY_L","nse_added"
"C03912","Sakar Healthcare Limited","Public Limited","","","","","","Listed-NSE","SAKAR","INE732S01012","EQ","","NSE official EQUITY_L","nse_added"
"C03913","Sakuma Exports Limited","Public Limited","","","","","","Listed-NSE","SAKUMA","INE190H01024","EQ","","NSE official EQUITY_L","nse_added"
"C03914","Salasar Techno Engineering Limited","Public Limited","","","","","","Listed-NSE","SALASAR","INE170V01027","EQ","","NSE official EQUITY_L","nse_added"
"C03915","Salona Cotspin Limited","Public Limited","","","","","","Listed-NSE","SALONA","INE498E01010","EQ","","NSE official EQUITY_L","nse_added"
"C03916","S.A.L. Steel Limited","Public Limited","","","","","","Listed-NSE","SALSTEEL","INE658G01014","EQ","","NSE official EQUITY_L","nse_added"
"C03917","Sambandam Spinning Mills Limited","Public Limited","","","","","","Listed-NSE","SAMBANDAM","INE304D01012","EQ","","NSE official EQUITY_L","nse_added"
"C03918","Sambhaav Media Limited","Public Limited","","","","","","Listed-NSE","SAMBHAAV","INE699B01027","EQ","","NSE official EQUITY_L","nse_added"
"C03919","Sambhv Steel Tubes Limited","Public Limited","","","","","","Listed-NSE","SAMBHV","INE12NJ01018","EQ","","NSE official EQUITY_L","nse_added"
"C03920","Samhi Hotels Limited","Public Limited","","","","","","Listed-NSE","SAMHI","INE08U801020","EQ","","NSE official EQUITY_L","nse_added"
"C03921","Sampann Utpadan India Limited","Public Limited","","","","","","Listed-NSE","SAMPANN","INE735M01018","EQ","","NSE official EQUITY_L","nse_added"
"C03922","Sanathan Textiles Limited","Public Limited","","","","","","Listed-NSE","SANATHAN","INE0JPD01013","EQ","","NSE official EQUITY_L","nse_added"
"C03923","The Sandesh Limited","Public Limited","","","","","","Listed-NSE","SANDESH","INE583B01015","EQ","","NSE official EQUITY_L","nse_added"
"C03924","Sandur Manganese & Iron Ores Limited","Public Limited","","","","","","Listed-NSE","SANDUMA","INE149K01016","EQ","","NSE official EQUITY_L","nse_added"
"C03925","Sangam (India) Limited","Public Limited","","","","","","Listed-NSE","SANGAMIND","INE495C01010","EQ","","NSE official EQUITY_L","nse_added"
"C03926","Sanofi Consumer Healthcare India Limited","Public Limited","","","","","","Listed-NSE","SANOFICONR","INE0UOS01011","EQ","","NSE official EQUITY_L","nse_added"
"C03927","Sanstar Limited","Public Limited","","","","","","Listed-NSE","SANSTAR","INE08NE01025","EQ","","NSE official EQUITY_L","nse_added"
"C03928","Sanwaria Consumer Limited","Public Limited","","","","","","Listed-NSE","SANWARIA","INE890C01046","BZ","","NSE official EQUITY_L","nse_added"
"C03929","Shree Ajit Pulp & Paper Limited","Public Limited","","","","","","Listed-NSE","SAPPL","INE185C01017","EQ","","NSE official EQUITY_L","nse_added"
"C03930","Sarla Performance Fibers Limited","Public Limited","","","","","","Listed-NSE","SARLAPOLY","INE453D01025","EQ","","NSE official EQUITY_L","nse_added"
"C03931","Sarveshwar Foods Limited","Public Limited","","","","","","Listed-NSE","SARVESHWAR","INE324X01026","EQ","","NSE official EQUITY_L","nse_added"
"C03932","Satia Industries Limited","Public Limited","","","","","","Listed-NSE","SATIA","INE170E01023","EQ","","NSE official EQUITY_L","nse_added"
"C03933","Saurashtra Cement Limited","Public Limited","","","","","","Listed-NSE","SAURASHCEM","INE626A01014","EQ","","NSE official EQUITY_L","nse_added"
"C03934","Sayaji Hotels Limited","Public Limited","","","","","","Listed-NSE","SAYAJIHOTL","INE318C01014","EQ","","NSE official EQUITY_L","nse_added"
"C03935","Sayaji Industries Limited","Public Limited","","","","","","Listed-NSE","SAYAJIIND","INE327G01032","EQ","","NSE official EQUITY_L","nse_added"
"C03936","SBC Exports Limited","Public Limited","","","","","","Listed-NSE","SBC","INE04AK01028","EQ","","NSE official EQUITY_L","nse_added"
"C03937","Shivalik Bimetal Controls Limited","Public Limited","","","","","","Listed-NSE","SBCL","INE386D01027","EQ","","NSE official EQUITY_L","nse_added"
"C03938","Suratwwala Business Group Limited","Public Limited","","","","","","Listed-NSE","SBGLP","INE05ST01028","EQ","","NSE official EQUITY_L","nse_added"
"C03939","Scan Steels Limited","Public Limited","","","","","","Listed-NSE","SCANSTL","INE099G01011","BE","","NSE official EQUITY_L","nse_added"
"C03940","S Chand And Company Limited","Public Limited","","","","","","Listed-NSE","SCHAND","INE807K01035","EQ","","NSE official EQUITY_L","nse_added"
"C03941","Shipping Corporation of India Land and Assets Limited","Public Limited","","","","","","Listed-NSE","SCILAL","INE0PB301013","EQ","","NSE official EQUITY_L","nse_added"
"C03942","Scoda Tubes Limited","Public Limited","","","","","","Listed-NSE","SCODATUBES","INE090501011","EQ","","NSE official EQUITY_L","nse_added"
"C03943","Sheetal Cool Products Limited","Public Limited","","","","","","Listed-NSE","SCPL","INE501Y01019","BE","","NSE official EQUITY_L","nse_added"
"C03944","Som Distilleries & Breweries Limited","Public Limited","","","","","","Listed-NSE","SDBL","INE480C01038","EQ","","NSE official EQUITY_L","nse_added"
"C03945","SecMark Consultancy Limited","Public Limited","","","","","","Listed-NSE","SECMARK","INE0BTM01013","EQ","","NSE official EQUITY_L","nse_added"
"C03946","SECUREKLOUD TECHNOLOGIES LIMITED","Public Limited","","","","","","Listed-NSE","SECURKLOUD","INE650K01021","EQ","","NSE official EQUITY_L","nse_added"
"C03947","SEDEMAC Mechatronics Limited","Public Limited","","","","","","Listed-NSE","SEDEMAC","INE00XB01019","EQ","","NSE official EQUITY_L","nse_added"
"C03948","Shanti Educational Initiatives Limited","Public Limited","","","","","","Listed-NSE","SEIL","INE440T01028","EQ","","NSE official EQUITY_L","nse_added"
"C03949","Sejal Glass Limited","Public Limited","","","","","","Listed-NSE","SEJALLTD","INE955I01044","EQ","","NSE official EQUITY_L","nse_added"
"C03950","Saint Gobain Sekurit India Limited","Public Limited","","","","","","Listed-NSE","SEKURITIND","INE068B01017","EQ","","NSE official EQUITY_L","nse_added"
"C03951","Semac Construction Limited","Public Limited","","","","","","Listed-NSE","SEMAC","INE617A01013","EQ","","NSE official EQUITY_L","nse_added"
"C03952","Senores Pharmaceuticals Limited","Public Limited","","","","","","Listed-NSE","SENORES","INE0RB801010","EQ","","NSE official EQUITY_L","nse_added"
"C03953","Servotech Renewable Power System Limited","Public Limited","","","","","","Listed-NSE","SERVOTECH","INE782X01033","EQ","","NSE official EQUITY_L","nse_added"
"C03954","Seshasayee Paper and Boards Limited","Public Limited","","","","","","Listed-NSE","SESHAPAPER","INE630A01024","EQ","","NSE official EQUITY_L","nse_added"
"C03955","Setco Automotive Limited","Public Limited","","","","","","Listed-NSE","SETCO","INE878E01021","BE","","NSE official EQUITY_L","nse_added"
"C03956","Standard Engineering Technology Limited","Public Limited","","","","","","Listed-NSE","SETL","INE0M4D01010","EQ","","NSE official EQUITY_L","nse_added"
"C03957","Setubandhan Infrastructure Limited","Public Limited","","","","","","Listed-NSE","SETUINFRA","INE023M01027","BZ","","NSE official EQUITY_L","nse_added"
"C03958","Seya Industries Limited","Public Limited","","","","","","Listed-NSE","SEYAIND","INE573R01012","BE","","NSE official EQUITY_L","nse_added"
"C03959","Sheela Foam Limited","Public Limited","","","","","","Listed-NSE","SFL","INE916U01025","EQ","","NSE official EQUITY_L","nse_added"
"C03960","SG Finserve Limited","Public Limited","","","","","","Listed-NSE","SGFIN","INE618R01015","EQ","","NSE official EQUITY_L","nse_added"
"C03961","Synergy Green Industries Limited","Public Limited","","","","","","Listed-NSE","SGIL","INE00QT01015","EQ","","NSE official EQUITY_L","nse_added"
"C03962","STL Global Limited","Public Limited","","","","","","Listed-NSE","SGL","INE353H01010","EQ","","NSE official EQUITY_L","nse_added"
"C03963","SGL Resources Limited","Public Limited","","","","","","Listed-NSE","SGLRES","INE967B01028","EQ","","NSE official EQUITY_L","nse_added"
"C03964","SG Mart Limited","Public Limited","","","","","","Listed-NSE","SGMART","INE385F01024","EQ","","NSE official EQUITY_L","nse_added"
"C03965","Shree Ganesh Remedies Limited","Public Limited","","","","","","Listed-NSE","SGRL","INE414Y01015","EQ","","NSE official EQUITY_L","nse_added"
"C03966","Shadowfax Technologies Limited","Public Limited","","","","","","Listed-NSE","SHADOWFAX","INE12UN01015","EQ","","NSE official EQUITY_L","nse_added"
"C03967","Shah Metacorp Limited","Public Limited","","","","","","Listed-NSE","SHAH","INE482J01021","EQ","","NSE official EQUITY_L","nse_added"
"C03968","Shah Alloys Limited","Public Limited","","","","","","Listed-NSE","SHAHALLOYS","INE640C01011","BE","","NSE official EQUITY_L","nse_added"
"C03969","Shaily Engineering Plastics Limited","Public Limited","","","","","","Listed-NSE","SHAILY","INE151G01028","EQ","","NSE official EQUITY_L","nse_added"
"C03970","Shalimar Paints Limited","Public Limited","","","","","","Listed-NSE","SHALPAINTS","INE849C01026","BE","","NSE official EQUITY_L","nse_added"
"C03971","Shankesh Jewellers Limited","Public Limited","","","","","","Listed-NSE","SHANKESH","INE1WFC01025","EQ","","NSE official EQUITY_L","nse_added"
"C03972","Shanti Overseas (India) Limited","Public Limited","","","","","","Listed-NSE","SHANTI","INE933X01016","EQ","","NSE official EQUITY_L","nse_added"
"C03973","Shanti Gold International Limited","Public Limited","","","","","","Listed-NSE","SHANTIGOLD","INE06ZD01017","EQ","","NSE official EQUITY_L","nse_added"
"C03974","Shardul Securities Limited","Public Limited","","","","","","Listed-NSE","SHARDUL","INE037B01020","BE","","NSE official EQUITY_L","nse_added"
"C03975","Shri Bajrang Alliance Limited","Public Limited","","","","","","Listed-NSE","SHBAJRG","INE402H01015","EQ","","NSE official EQUITY_L","nse_added"
"C03976","Shekhawati Industries Limited","Public Limited","","","","","","Listed-NSE","SHEKHAWATI","INE268L01046","BE","","NSE official EQUITY_L","nse_added"
"C03977","Shemaroo Entertainment Limited","Public Limited","","","","","","Listed-NSE","SHEMAROO","INE363M01019","EQ","","NSE official EQUITY_L","nse_added"
"C03978","Shervani Industrial Syndicate Limited","Public Limited","","","","","","Listed-NSE","SHERVANI","INE011D01013","EQ","","NSE official EQUITY_L","nse_added"
"C03979","Shilchar Technologies Limited","Public Limited","","","","","","Listed-NSE","SHILCTECH","INE024F01011","EQ","","NSE official EQUITY_L","nse_added"
"C03980","Shilp Gravures Limited","Public Limited","","","","","","Listed-NSE","SHILGRAVQ","INE960A01017","EQ","","NSE official EQUITY_L","nse_added"
"C03981","Sharat Industries Limited","Public Limited","","","","","","Listed-NSE","SHINDL","INE220Z01013","EQ","","NSE official EQUITY_L","nse_added"
"C03982","Shiva Global Agro Industries Limited","Public Limited","","","","","","Listed-NSE","SHIVAAGRO","INE960E01019","EQ","","NSE official EQUITY_L","nse_added"
"C03983","Shiva Cement Limited","Public Limited","","","","","","Listed-NSE","SHIVACEM","INE555C01029","EQ","","NSE official EQUITY_L","nse_added"
"C03984","Shivalik Rasayan Limited","Public Limited","","","","","","Listed-NSE","SHIVALIK","INE788J01021","EQ","","NSE official EQUITY_L","nse_added"
"C03985","Shivam Autotech Limited","Public Limited","","","","","","Listed-NSE","SHIVAMAUTO","INE637H01024","EQ","","NSE official EQUITY_L","nse_added"
"C03986","Shiva Mills Limited","Public Limited","","","","","","Listed-NSE","SHIVAMILLS","INE644Y01017","EQ","","NSE official EQUITY_L","nse_added"
"C03987","Shiva Texyarn Limited","Public Limited","","","","","","Listed-NSE","SHIVATEX","INE705C01020","EQ","","NSE official EQUITY_L","nse_added"
"C03988","Shiv Aum Steels Limited","Public Limited","","","","","","Listed-NSE","SHIVAUM","INE719F01016","EQ","","NSE official EQUITY_L","nse_added"
"C03989","S H Kelkar and Company Limited","Public Limited","","","","","","Listed-NSE","SHK","INE500L01026","EQ","","NSE official EQUITY_L","nse_added"
"C03990","Shraddha Prime Projects Limited","Public Limited","","","","","","Listed-NSE","SHRADDHA","INE311M01018","EQ","","NSE official EQUITY_L","nse_added"
"C03991","Shradha Realty Limited","Public Limited","","","","","","Listed-NSE","SHRADHA","INE715Y01031","EQ","","NSE official EQUITY_L","nse_added"
"C03992","Shreeji Shipping Global Limited","Public Limited","","","","","","Listed-NSE","SHREEJISPG","INE1B6101010","EQ","","NSE official EQUITY_L","nse_added"
"C03993","Shree Pushkar Chemicals & Fertilisers Limited","Public Limited","","","","","","Listed-NSE","SHREEPUSHK","INE712K01011","EQ","","NSE official EQUITY_L","nse_added"
"C03994","Shree Rama Multi-Tech Limited","Public Limited","","","","","","Listed-NSE","SHREERAMA","INE879A01019","EQ","","NSE official EQUITY_L","nse_added"
"C03995","Shrenik Limited","Public Limited","","","","","","Listed-NSE","SHRENIK","INE632X01030","BZ","","NSE official EQUITY_L","nse_added"
"C03996","Shreyans Industries Limited","Public Limited","","","","","","Listed-NSE","SHREYANIND","INE231C01019","EQ","","NSE official EQUITY_L","nse_added"
"C03997","Shri Krishna Devcon Limited","Public Limited","","","","","","Listed-NSE","SHRIKRISH","INE997I01012","EQ","","NSE official EQUITY_L","nse_added"
"C03998","Shringar House of Mangalsutra Limited","Public Limited","","","","","","Listed-NSE","SHRINGARMS","INE1B3L01017","EQ","","NSE official EQUITY_L","nse_added"
"C03999","Shriram Properties Limited","Public Limited","","","","","","Listed-NSE","SHRIRAMPPS","INE217L01019","EQ","","NSE official EQUITY_L","nse_added"
"C04000","Shri Jagdamba Polymers Limited","Public Limited","","","","","","Listed-NSE","SHRJAGP","INE564J01026","EQ","","NSE official EQUITY_L","nse_added"
"C04001","Shukra Pharmaceuticals Limited","Public Limited","","","","","","Listed-NSE","SHUKRAPHAR","INE551C01044","EQ","","NSE official EQUITY_L","nse_added"
"C04002","Shyam Century Ferrous Limited","Public Limited","","","","","","Listed-NSE","SHYAMCENT","INE979R01011","BE","","NSE official EQUITY_L","nse_added"
"C04003","Shyam Telecom Limited","Public Limited","","","","","","Listed-NSE","SHYAMTEL","INE635A01023","EQ","","NSE official EQUITY_L","nse_added"
"C04004","Sicagen India Limited","Public Limited","","","","","","Listed-NSE","SICAGEN","INE176J01011","EQ","","NSE official EQUITY_L","nse_added"
"C04005","Sical Logistics Limited","Public Limited","","","","","","Listed-NSE","SICALLOG","INE075B01020","BE","","NSE official EQUITY_L","nse_added"
"C04006","Superior Industrial Enterprises Limited","Public Limited","","","","","","Listed-NSE","SIEL","INE843L01012","EQ","","NSE official EQUITY_L","nse_added"
"C04007","Sigachi Industries Limited","Public Limited","","","","","","Listed-NSE","SIGACHI","INE0D0K01022","EQ","","NSE official EQUITY_L","nse_added"
"C04008","Signet Industries Limited","Public Limited","","","","","","Listed-NSE","SIGIND","INE529F01035","BE","","NSE official EQUITY_L","nse_added"
"C04009","Sigma Solve Limited","Public Limited","","","","","","Listed-NSE","SIGMA","INE0A0S01028","EQ","","NSE official EQUITY_L","nse_added"
"C04010","SIGMA ADVANCED SYSTEMS LIMITED","Public Limited","","","","","","Listed-NSE","SIGMAADV","INE933B01012","BE","","NSE official EQUITY_L","nse_added"
"C04011","Signpost India Limited","Public Limited","","","","","","Listed-NSE","SIGNPOST","INE0KGZ01021","EQ","","NSE official EQUITY_L","nse_added"
"C04012","Sika Interplant Systems Limited","Public Limited","","","","","","Listed-NSE","SIKA","INE438E01032","EQ","","NSE official EQUITY_L","nse_added"
"C04013","Sikko Industries Limited","Public Limited","","","","","","Listed-NSE","SIKKO","INE112X01025","BE","","NSE official EQUITY_L","nse_added"
"C04014","Standard Industries Limited","Public Limited","","","","","","Listed-NSE","SIL","INE173A01025","EQ","","NSE official EQUITY_L","nse_added"
"C04015","Silgo Retail Limited","Public Limited","","","","","","Listed-NSE","SILGO","INE01II01013","EQ","","NSE official EQUITY_L","nse_added"
"C04016","SIL Investments Limited","Public Limited","","","","","","Listed-NSE","SILINV","INE923A01015","EQ","","NSE official EQUITY_L","nse_added"
"C04017","Silver Touch Technologies Limited","Public Limited","","","","","","Listed-NSE","SILVERTUC","INE625X01026","EQ","","NSE official EQUITY_L","nse_added"
"C04018","Simbhaoli Sugars Limited","Public Limited","","","","","","Listed-NSE","SIMBHALS","INE748T01016","BZ","","NSE official EQUITY_L","nse_added"
"C04019","Simplex Realty Limited","Public Limited","","","","","","Listed-NSE","SIMPLXREA","INE167H01014","EQ","","NSE official EQUITY_L","nse_added"
"C04020","Sinclairs Hotels Limited","Public Limited","","","","","","Listed-NSE","SINCLAIR","INE985A01022","EQ","","NSE official EQUITY_L","nse_added"
"C04021","Sindhu Trade Links Limited","Public Limited","","","","","","Listed-NSE","SINDHUTRAD","INE325D01025","EQ","","NSE official EQUITY_L","nse_added"
"C04022","Singer India Limited","Public Limited","","","","","","Listed-NSE","SINGERIND","INE638A01035","EQ","","NSE official EQUITY_L","nse_added"
"C04023","Sintercom India Limited","Public Limited","","","","","","Listed-NSE","SINTERCOM","INE129Z01016","EQ","","NSE official EQUITY_L","nse_added"
"C04024","Sirca Paints India Limited","Public Limited","","","","","","Listed-NSE","SIRCA","INE792Z01011","EQ","","NSE official EQUITY_L","nse_added"
"C04025","SIS LIMITED","Public Limited","","","","","","Listed-NSE","SIS","INE285J01028","EQ","","NSE official EQUITY_L","nse_added"
"C04026","Siti Networks Limited","Public Limited","","","","","","Listed-NSE","SITINET","INE965H01011","BZ","","NSE official EQUITY_L","nse_added"
"C04027","S.J.S. Enterprises Limited","Public Limited","","","","","","Listed-NSE","SJS","INE284S01014","EQ","","NSE official EQUITY_L","nse_added"
"C04028","SKF India (Industrial) Limited","Public Limited","","","","","","Listed-NSE","SKFINDUS","INE2J8701016","EQ","","NSE official EQUITY_L","nse_added"
"C04029","Skipper Limited","Public Limited","","","","","","Listed-NSE","SKIPPER","INE439E01022","EQ","","NSE official EQUITY_L","nse_added"
"C04030","SKM Egg Products Export (India) Limited","Public Limited","","","","","","Listed-NSE","SKMEGGPROD","INE411D01023","EQ","","NSE official EQUITY_L","nse_added"
"C04031","SKY GOLD AND DIAMONDS LIMITED","Public Limited","","","","","","Listed-NSE","SKYGOLD","INE01IU01018","EQ","","NSE official EQUITY_L","nse_added"
"C04032","Skyways Air Services Limited","Public Limited","","","","","","Listed-NSE","SKYWAYS","INE0PX301025","EQ","","NSE official EQUITY_L","nse_added"
"C04033","Smartlink Holdings Limited","Public Limited","","","","","","Listed-NSE","SMARTLINK","INE178C01020","BE","","NSE official EQUITY_L","nse_added"
"C04034","Smartworks Coworking Spaces Limited","Public Limited","","","","","","Listed-NSE","SMARTWORKS","INE0NAZ01010","EQ","","NSE official EQUITY_L","nse_added"
"C04035","SML Mahindra Limited","Public Limited","","","","","","Listed-NSE","SMLMAH","INE294B01019","EQ","","NSE official EQUITY_L","nse_added"
"C04036","Sarthak Metals Limited","Public Limited","","","","","","Listed-NSE","SMLT","INE017W01010","EQ","","NSE official EQUITY_L","nse_added"
"C04037","SMS Pharmaceuticals Limited","Public Limited","","","","","","Listed-NSE","SMSPHARMA","INE812G01025","EQ","","NSE official EQUITY_L","nse_added"
"C04038","Softtech Engineers Limited","Public Limited","","","","","","Listed-NSE","SOFTTECH","INE728Z01015","EQ","","NSE official EQUITY_L","nse_added"
"C04039","Solara Active Pharma Sciences Limited","Public Limited","","","","","","Listed-NSE","SOLARA","INE624Z01016","EQ","","NSE official EQUITY_L","nse_added"
"C04040","Solarworld Energy Solutions Limited","Public Limited","","","","","","Listed-NSE","SOLARWORLD","INE0TY101024","EQ","","NSE official EQUITY_L","nse_added"
"C04041","Solex Energy Limited","Public Limited","","","","","","Listed-NSE","SOLEX","INE880Y01017","EQ","","NSE official EQUITY_L","nse_added"
"C04042","Soma Textiles & Industries Limited","Public Limited","","","","","","Listed-NSE","SOMATEX","INE314C01013","EQ","","NSE official EQUITY_L","nse_added"
"C04043","Somi Conveyor Beltings Limited","Public Limited","","","","","","Listed-NSE","SOMICONVEY","INE323J01019","EQ","","NSE official EQUITY_L","nse_added"
"C04044","Sonaselection India Limited","Public Limited","","","","","","Listed-NSE","SONA","INE0LLZ01011","BE","","NSE official EQUITY_L","nse_added"
"C04045","Sonal Mercantile Limited","Public Limited","","","","","","Listed-NSE","SONAL","INE321M01017","EQ","","NSE official EQUITY_L","nse_added"
"C04046","SONAM LIMITED","Public Limited","","","","","","Listed-NSE","SONAMLTD","INE00LM01029","BE","","NSE official EQUITY_L","nse_added"
"C04047","South West Pinnacle Exploration Limited","Public Limited","","","","","","Listed-NSE","SOUTHWEST","INE980Y01015","EQ","","NSE official EQUITY_L","nse_added"
"C04048","Spacenet Enterprises India Limited","Public Limited","","","","","","Listed-NSE","SPCENET","INE970N01027","EQ","","NSE official EQUITY_L","nse_added"
"C04049","Speciality Restaurants Limited","Public Limited","","","","","","Listed-NSE","SPECIALITY","INE247M01014","BE","","NSE official EQUITY_L","nse_added"
"C04050","Spectrum Electrical Industries Limited","Public Limited","","","","","","Listed-NSE","SPECTRUM","INE01EO01010","BE","","NSE official EQUITY_L","nse_added"
"C04051","Southern Petrochemicals Industries Corporation  Limited","Public Limited","","","","","","Listed-NSE","SPIC","INE147A01011","EQ","","NSE official EQUITY_L","nse_added"
"C04052","SPL Industries Limited","Public Limited","","","","","","Listed-NSE","SPLIL","INE978G01016","EQ","","NSE official EQUITY_L","nse_added"
"C04053","SPML Infra Limited","Public Limited","","","","","","Listed-NSE","SPMLINFRA","INE937A01023","EQ","","NSE official EQUITY_L","nse_added"
"C04054","Sportking India Limited","Public Limited","","","","","","Listed-NSE","SPORTKING","INE885H01029","EQ","","NSE official EQUITY_L","nse_added"
"C04055","Shankar Lal Rampal Dye-Chem Limited","Public Limited","","","","","","Listed-NSE","SRD","INE01NE01012","EQ","","NSE official EQUITY_L","nse_added"
"C04056","Sreeleathers Limited","Public Limited","","","","","","Listed-NSE","SREEL","INE099F01013","BE","","NSE official EQUITY_L","nse_added"
"C04057","SRG Housing Finance Limited","Public Limited","","","","","","Listed-NSE","SRGHFL","INE559N01010","EQ","","NSE official EQUITY_L","nse_added"
"C04058","Sree Rayalaseema Hi-Strength Hypo Limited","Public Limited","","","","","","Listed-NSE","SRHHYPOLTD","INE917H01012","EQ","","NSE official EQUITY_L","nse_added"
"C04059","Sri KPR Industries Limited","Public Limited","","","","","","Listed-NSE","SRIKPRIND","INE009C01019","BE","","NSE official EQUITY_L","nse_added"
"C04060","SRM Contractors Limited","Public Limited","","","","","","Listed-NSE","SRM","INE0R6Z01013","EQ","","NSE official EQUITY_L","nse_added"
"C04061","Shree Ram Twistex Limited","Public Limited","","","","","","Listed-NSE","SRTL","INE19GK01015","EQ","","NSE official EQUITY_L","nse_added"
"C04062","Saraswati Saree Depot Limited","Public Limited","","","","","","Listed-NSE","SSDL","INE0PQ101010","EQ","","NSE official EQUITY_L","nse_added"
"C04063","SS Retail Limited","Public Limited","","","","","","Listed-NSE","SSRETAIL","INE1EQW01028","EQ","","NSE official EQUITY_L","nse_added"
"C04064","Stallion India Fluorochemicals Limited","Public Limited","","","","","","Listed-NSE","STALLION","INE0RYC01010","BE","","NSE official EQUITY_L","nse_added"
"C04065","Stanley Lifestyles Limited","Public Limited","","","","","","Listed-NSE","STANLEY","INE01A001028","EQ","","NSE official EQUITY_L","nse_added"
"C04066","Star Paper Mills Limited","Public Limited","","","","","","Listed-NSE","STARPAPER","INE733A01018","EQ","","NSE official EQUITY_L","nse_added"
"C04067","Starteck Finance Limited","Public Limited","","","","","","Listed-NSE","STARTECK","INE992I01013","EQ","","NSE official EQUITY_L","nse_added"
"C04068","Steamhouse India Limited","Public Limited","","","","","","Listed-NSE","STEAMHOUSE","INE0FRO01022","EQ","","NSE official EQUITY_L","nse_added"
"C04069","Steel City Securities Limited","Public Limited","","","","","","Listed-NSE","STEELCITY","INE395H01011","EQ","","NSE official EQUITY_L","nse_added"
"C04070","STEEL EXCHANGE INDIA LIMITED","Public Limited","","","","","","Listed-NSE","STEELXIND","INE503B01021","EQ","","NSE official EQUITY_L","nse_added"
"C04071","Stel Holdings Limited","Public Limited","","","","","","Listed-NSE","STEL","INE577L01016","EQ","","NSE official EQUITY_L","nse_added"
"C04072","Sterling Tools Limited","Public Limited","","","","","","Listed-NSE","STERTOOLS","INE334A01023","EQ","","NSE official EQUITY_L","nse_added"
"C04073","STL Networks Limited","Public Limited","","","","","","Listed-NSE","STLNETWORK","INE1VXE01018","EQ","","NSE official EQUITY_L","nse_added"
"C04074","Steel Strips Infrastructures Limited","Public Limited","","","","","","Listed-NSE","STLSTRINF","INE205F01016","EQ","","NSE official EQUITY_L","nse_added"
"C04075","Stove Kraft Limited","Public Limited","","","","","","Listed-NSE","STOVEKRAFT","INE00IN01015","EQ","","NSE official EQUITY_L","nse_added"
"C04076","Studds Accessories Limited","Public Limited","","","","","","Listed-NSE","STUDDS","INE00Q601028","EQ","","NSE official EQUITY_L","nse_added"
"C04077","Seshaasai Technologies Limited","Public Limited","","","","","","Listed-NSE","STYL","INE04VU01023","EQ","","NSE official EQUITY_L","nse_added"
"C04078","Baazar Style Retail Limited","Public Limited","","","","","","Listed-NSE","STYLEBAAZA","INE01FR01028","EQ","","NSE official EQUITY_L","nse_added"
"C04079","Styrenix Performance Materials Limited","Public Limited","","","","","","Listed-NSE","STYRENIX","INE189B01011","EQ","","NSE official EQUITY_L","nse_added"
"C04080","Sudarshan Colorants India Limited","Public Limited","","","","","","Listed-NSE","SUDARCOLOR","INE492A01029","EQ","","NSE official EQUITY_L","nse_added"
"C04081","Sudarshan Chemical Industries Limited","Public Limited","","","","","","Listed-NSE","SUDARSCHEM","INE659A01023","EQ","","NSE official EQUITY_L","nse_added"
"C04082","Sudeep Pharma Limited","Public Limited","","","","","","Listed-NSE","SUDEEPPHRM","INE0QPI01025","EQ","","NSE official EQUITY_L","nse_added"
"C04083","Sula Vineyards Limited","Public Limited","","","","","","Listed-NSE","SULA","INE142Q01026","EQ","","NSE official EQUITY_L","nse_added"
"C04084","Sumedha Fiscal Services Limited","Public Limited","","","","","","Listed-NSE","SUMEDHA","INE886B01012","EQ","","NSE official EQUITY_L","nse_added"
"C04085","Sumeet Industries Limited","Public Limited","","","","","","Listed-NSE","SUMEETINDS","INE235C01036","EQ","","NSE official EQUITY_L","nse_added"
"C04086","Sumit Woods Limited","Public Limited","","","","","","Listed-NSE","SUMIT","INE748Z01013","EQ","","NSE official EQUITY_L","nse_added"
"C04087","Summit Securities Limited","Public Limited","","","","","","Listed-NSE","SUMMITSEC","INE519C01017","EQ","","NSE official EQUITY_L","nse_added"
"C04088","Sundaram Clayton Limited","Public Limited","","","","","","Listed-NSE","SUNCLAY","INE0Q3R01026","EQ","","NSE official EQUITY_L","nse_added"
"C04089","Sundaram Multi Pap Limited","Public Limited","","","","","","Listed-NSE","SUNDARAM","INE108E01023","EQ","","NSE official EQUITY_L","nse_added"
"C04090","Sundaram Brake Linings Limited","Public Limited","","","","","","Listed-NSE","SUNDRMBRAK","INE073D01013","EQ","","NSE official EQUITY_L","nse_added"
"C04091","Sundrop Brands Limited","Public Limited","","","","","","Listed-NSE","SUNDROP","INE209A01019","EQ","","NSE official EQUITY_L","nse_added"
"C04092","Sunil Healthcare Limited","Public Limited","","","","","","Listed-NSE","SUNLOC","INE671C01016","EQ","","NSE official EQUITY_L","nse_added"
"C04093","Sunrakshakk Industries India Limited","Public Limited","","","","","","Listed-NSE","SUNRAKSHAK","INE671K01027","EQ","","NSE official EQUITY_L","nse_added"
"C04094","Sunshield Chemicals Limited","Public Limited","","","","","","Listed-NSE","SUNSHIEL","INE199E01014","EQ","","NSE official EQUITY_L","nse_added"
"C04095","Sunshine Pictures Limited","Public Limited","","","","","","Listed-NSE","SUNSHINE","INE1B3O01011","EQ","","NSE official EQUITY_L","nse_added"
"C04096","Superhouse Limited","Public Limited","","","","","","Listed-NSE","SUPERHOUSE","INE712B01010","EQ","","NSE official EQUITY_L","nse_added"
"C04097","Super Spinning Mills Limited","Public Limited","","","","","","Listed-NSE","SUPERSPIN","INE662A01027","BE","","NSE official EQUITY_L","nse_added"
"C04098","Suprajit Engineering Limited","Public Limited","","","","","","Listed-NSE","SUPRAJIT","INE399C01030","EQ","","NSE official EQUITY_L","nse_added"
"C04099","Supreme Holdings & Hospitality (India) Limited","Public Limited","","","","","","Listed-NSE","SUPREME","INE822E01011","EQ","","NSE official EQUITY_L","nse_added"
"C04100","Supreme Engineering Limited","Public Limited","","","","","","Listed-NSE","SUPREMEENG","INE319Z01021","BZ","","NSE official EQUITY_L","nse_added"
"C04101","Supreme Infrastructure India Limited","Public Limited","","","","","","Listed-NSE","SUPREMEINF","INE550H01011","EQ","","NSE official EQUITY_L","nse_added"
"C04102","Super Tannery Limited","Public Limited","","","","","","Listed-NSE","SUPTANERY","INE460D01038","BE","","NSE official EQUITY_L","nse_added"
"C04103","Suraj Estate Developers Limited","Public Limited","","","","","","Listed-NSE","SURAJEST","INE843S01025","EQ","","NSE official EQUITY_L","nse_added"
"C04104","Suraj Limited","Public Limited","","","","","","Listed-NSE","SURAJLTD","INE713C01016","EQ","","NSE official EQUITY_L","nse_added"
"C04105","Suraksha Diagnostic Limited","Public Limited","","","","","","Listed-NSE","SURAKSHA","INE877V01027","EQ","","NSE official EQUITY_L","nse_added"
"C04106","Surana Solar Limited","Public Limited","","","","","","Listed-NSE","SURANASOL","INE272L01022","EQ","","NSE official EQUITY_L","nse_added"
"C04107","Surana Telecom and Power Limited","Public Limited","","","","","","Listed-NSE","SURANAT&P","INE130B01031","EQ","","NSE official EQUITY_L","nse_added"
"C04108","Suryalata Spinning Mills Limited","Public Limited","","","","","","Listed-NSE","SURYALA","INE132C01027","EQ","","NSE official EQUITY_L","nse_added"
"C04109","Suryalakshmi Cotton Mills Limited","Public Limited","","","","","","Listed-NSE","SURYALAXMI","INE713B01026","EQ","","NSE official EQUITY_L","nse_added"
"C04110","Suven Life Sciences Limited","Public Limited","","","","","","Listed-NSE","SUVEN","INE495B01038","EQ","","NSE official EQUITY_L","nse_added"
"C04111","Suvidhaa Infoserve Limited","Public Limited","","","","","","Listed-NSE","SUVIDHAA","INE018401013","EQ","","NSE official EQUITY_L","nse_added"
"C04112","Suyog Telematics Limited","Public Limited","","","","","","Listed-NSE","SUYOG","INE442P01014","EQ","","NSE official EQUITY_L","nse_added"
"C04113","S V Global Mill Limited","Public Limited","","","","","","Listed-NSE","SVGLOBAL","INE159L01013","EQ","","NSE official EQUITY_L","nse_added"
"C04114","Shree Vasu Logistics Limited","Public Limited","","","","","","Listed-NSE","SVLL","INE00CE01017","EQ","","NSE official EQUITY_L","nse_added"
"C04115","SVP GLOBAL TEXTILES LIMITED","Public Limited","","","","","","Listed-NSE","SVPGLOB","INE308E01029","EQ","","NSE official EQUITY_L","nse_added"
"C04116","Swan Defence and Heavy Industries Limited","Public Limited","","","","","","Listed-NSE","SWANDEF","INE542F01020","BE","","NSE official EQUITY_L","nse_added"
"C04117","Swaraj Suiting Limited","Public Limited","","","","","","Listed-NSE","SWARAJ","INE0GMR01016","BE","","NSE official EQUITY_L","nse_added"
"C04118","Swarnsarita Jewels India Limited","Public Limited","","","","","","Listed-NSE","SWARNSAR","INE967A01012","EQ","","NSE official EQUITY_L","nse_added"
"C04119","Swastika Infra Limited","Public Limited","","","","","","Listed-NSE","SWASTIKAIN","INE1QJA01015","BE","","NSE official EQUITY_L","nse_added"
"C04120","Swelect Energy Systems Limited","Public Limited","","","","","","Listed-NSE","SWELECTES","INE409B01013","EQ","","NSE official EQUITY_L","nse_added"
"C04121","Swiss Military Consumer Goods Limited","Public Limited","","","","","","Listed-NSE","SWISSMLTRY","INE010C01025","BE","","NSE official EQUITY_L","nse_added"
"C04122","Symbiotec Pharmalab Limited","Public Limited","","","","","","Listed-NSE","SYMBIOTEC","INE899I01028","EQ","","NSE official EQUITY_L","nse_added"
"C04123","Syncom Formulations (India) Limited","Public Limited","","","","","","Listed-NSE","SYNCOMF","INE312C01025","EQ","","NSE official EQUITY_L","nse_added"
"C04124","Systematix Corporate Services Limited","Public Limited","","","","","","Listed-NSE","SYSTMTXC","INE356B01024","BE","","NSE official EQUITY_L","nse_added"
"C04125","Taal Tech Limited","Public Limited","","","","","","Listed-NSE","TAALTECH","INE524T01029","EQ","","NSE official EQUITY_L","nse_added"
"C04126","Tainwala Chemical and Plastic (I) Limited","Public Limited","","","","","","Listed-NSE","TAINWALCHM","INE123C01018","EQ","","NSE official EQUITY_L","nse_added"
"C04127","Taj GVK Hotels & Resorts Limited","Public Limited","","","","","","Listed-NSE","TAJGVK","INE586B01026","EQ","","NSE official EQUITY_L","nse_added"
"C04128","TAKE Limited","Public Limited","","","","","","Listed-NSE","TAKE","INE142I01023","EQ","","NSE official EQUITY_L","nse_added"
"C04129","Tamboli Industries Limited","Public Limited","","","","","","Listed-NSE","TAMBOLIIN","INE864J01012","BE","","NSE official EQUITY_L","nse_added"
"C04130","Taneja Aerospace & Aviation Limited","Public Limited","","","","","","Listed-NSE","TANAA","INE692C01020","EQ","","NSE official EQUITY_L","nse_added"
"C04131","Tara Chand InfraLogistic Solutions Limited","Public Limited","","","","","","Listed-NSE","TARACHAND","INE555Z01020","EQ","","NSE official EQUITY_L","nse_added"
"C04132","Tarapur Transformers Limited","Public Limited","","","","","","Listed-NSE","TARAPUR","INE747K01017","EQ","","NSE official EQUITY_L","nse_added"
"C04133","Tarmat Limited","Public Limited","","","","","","Listed-NSE","TARMAT","INE924H01018","EQ","","NSE official EQUITY_L","nse_added"
"C04134","Tarsons Products Limited","Public Limited","","","","","","Listed-NSE","TARSONS","INE144Z01023","EQ","","NSE official EQUITY_L","nse_added"
"C04135","Tasty Bite Eatables Limited","Public Limited","","","","","","Listed-NSE","TASTYBITE","INE488B01017","EQ","","NSE official EQUITY_L","nse_added"
"C04136","TBO Tek Limited","Public Limited","","","","","","Listed-NSE","TBOTEK","INE673O01025","EQ","","NSE official EQUITY_L","nse_added"
"C04137","Tribhovandas Bhimji Zaveri Limited","Public Limited","","","","","","Listed-NSE","TBZ","INE760L01018","BE","","NSE official EQUITY_L","nse_added"
"C04138","TCC Concept Limited","Public Limited","","","","","","Listed-NSE","TCC","INE887D01024","EQ","","NSE official EQUITY_L","nse_added"
"C04139","TCI Finance Limited","Public Limited","","","","","","Listed-NSE","TCIFINANCE","INE911B01018","EQ","","NSE official EQUITY_L","nse_added"
"C04140","TCPL Packaging Limited","Public Limited","","","","","","Listed-NSE","TCPLPACK","INE822C01015","EQ","","NSE official EQUITY_L","nse_added"
"C04141","Team India Guaranty Limited","Public Limited","","","","","","Listed-NSE","TEAMGTY","INE289C01025","EQ","","NSE official EQUITY_L","nse_added"
"C04142","Technocraft Ventures Limited","Public Limited","","","","","","Listed-NSE","TECHNOCRAF","INE1D0W01018","EQ","","NSE official EQUITY_L","nse_added"
"C04143","TechNVision Ventures Limited","Public Limited","","","","","","Listed-NSE","TECHNVISN","INE314H01012","EQ","","NSE official EQUITY_L","nse_added"
"C04144","TECIL Chemicals and Hydro Power Limited","Public Limited","","","","","","Listed-NSE","TECILCHEM","INE014B01011","EQ","","NSE official EQUITY_L","nse_added"
"C04145","Tega Industries Limited","Public Limited","","","","","","Listed-NSE","TEGA","INE011K01018","EQ","","NSE official EQUITY_L","nse_added"
"C04146","Tejas Networks Limited","Public Limited","","","","","","Listed-NSE","TEJASNET","INE010J01012","EQ","","NSE official EQUITY_L","nse_added"
"C04147","Tembo Global Industries Limited","Public Limited","","","","","","Listed-NSE","TEMBO","INE869Y01028","EQ","","NSE official EQUITY_L","nse_added"
"C04148","Tempsens Instruments (India) Limited","Public Limited","","","","","","Listed-NSE","TEMPSENS","INE1KZI01025","EQ","","NSE official EQUITY_L","nse_added"
"C04149","Tenneco Clean Air India Limited","Public Limited","","","","","","Listed-NSE","TENNIND","INE19RI01016","EQ","","NSE official EQUITY_L","nse_added"
"C04150","Terai Tea Company Limited","Public Limited","","","","","","Listed-NSE","TERAI","INE390D01011","EQ","","NSE official EQUITY_L","nse_added"
"C04151","Tera Software Limited","Public Limited","","","","","","Listed-NSE","TERASOFT","INE482B01010","EQ","","NSE official EQUITY_L","nse_added"
"C04152","Texmaco Infrastructure & Holdings Limited","Public Limited","","","","","","Listed-NSE","TEXINFRA","INE435C01024","EQ","","NSE official EQUITY_L","nse_added"
"C04153","Texmo Pipes and Products Limited","Public Limited","","","","","","Listed-NSE","TEXMOPIPES","INE141K01013","EQ","","NSE official EQUITY_L","nse_added"
"C04154","Transwarranty Finance Limited","Public Limited","","","","","","Listed-NSE","TFL","INE804H01012","EQ","","NSE official EQUITY_L","nse_added"
"C04155","TGB Banquets And Hotels Limited","Public Limited","","","","","","Listed-NSE","TGBHOTELS","INE797H01018","EQ","","NSE official EQUITY_L","nse_added"
"C04156","TGV Sraac Limited","Public Limited","","","","","","Listed-NSE","TGVSL","INE284B01028","EQ","","NSE official EQUITY_L","nse_added"
"C04157","Thacker & Company Limited","Public Limited","","","","","","Listed-NSE","THACKER","INE077P01034","EQ","","NSE official EQUITY_L","nse_added"
"C04158","Thakkers Developers Limited","Public Limited","","","","","","Listed-NSE","THAKDEV","INE403F01017","EQ","","NSE official EQUITY_L","nse_added"
"C04159","The Investment Trust Of India Limited","Public Limited","","","","","","Listed-NSE","THEINVEST","INE924D01017","EQ","","NSE official EQUITY_L","nse_added"
"C04160","Thejo Engineering Limited","Public Limited","","","","","","Listed-NSE","THEJO","INE121N01019","EQ","","NSE official EQUITY_L","nse_added"
"C04161","Leela Palaces Hotels & Resorts Limited","Public Limited","","","","","","Listed-NSE","THELEELA","INE0AQ201015","EQ","","NSE official EQUITY_L","nse_added"
"C04162","Themis Medicare Limited","Public Limited","","","","","","Listed-NSE","THEMISMED","INE083B01024","EQ","","NSE official EQUITY_L","nse_added"
"C04163","Thomas Scott (India) Limited","Public Limited","","","","","","Listed-NSE","THOMASCOTT","INE480M01011","EQ","","NSE official EQUITY_L","nse_added"
"C04164","Thyrocare Technologies Limited","Public Limited","","","","","","Listed-NSE","THYROCARE","INE594H01019","EQ","","NSE official EQUITY_L","nse_added"
"C04165","Twamev Construction and Infrastructure Limited","Public Limited","","","","","","Listed-NSE","TICL","INE388G01026","BE","","NSE official EQUITY_L","nse_added"
"C04166","Tiger Logistics (India) Limited","Public Limited","","","","","","Listed-NSE","TIGERLOGS","INE906O01029","EQ","","NSE official EQUITY_L","nse_added"
"C04167","Technocraft Industries (India) Limited","Public Limited","","","","","","Listed-NSE","TIIL","INE545H01011","EQ","","NSE official EQUITY_L","nse_added"
"C04168","Tijaria Polypipes Limited","Public Limited","","","","","","Listed-NSE","TIJARIA","INE440L01017","BE","","NSE official EQUITY_L","nse_added"
"C04169","TIL Limited","Public Limited","","","","","","Listed-NSE","TIL","INE806C01018","BE","","NSE official EQUITY_L","nse_added"
"C04170","Timex Group India Limited","Public Limited","","","","","","Listed-NSE","TIMEX","INE064A01026","EQ","","NSE official EQUITY_L","nse_added"
"C04171","Tinna Rubber and Infrastructure Limited","Public Limited","","","","","","Listed-NSE","TINNARUBR","INE015C01016","EQ","","NSE official EQUITY_L","nse_added"
"C04172","Tips Films Limited","Public Limited","","","","","","Listed-NSE","TIPSFILMS","INE0LQS01015","EQ","","NSE official EQUITY_L","nse_added"
"C04173","Tirupati Forge Limited","Public Limited","","","","","","Listed-NSE","TIRUPATIFL","INE319Y01024","BE","","NSE official EQUITY_L","nse_added"
"C04174","Tata Motors Passenger Vehicles Limited","Public Limited","","","","","","Listed-NSE","TMPV","INE155A01022","EQ","","NSE official EQUITY_L","nse_added"
"C04175","Tamilnadu Telecommunication Limited","Public Limited","","","","","","Listed-NSE","TNTELE","INE141D01018","EQ","","NSE official EQUITY_L","nse_added"
"C04176","Tokyo Plast International Limited","Public Limited","","","","","","Listed-NSE","TOKYOPLAST","INE932C01012","EQ","","NSE official EQUITY_L","nse_added"
"C04177","Tolins Tyres Limited","Public Limited","","","","","","Listed-NSE","TOLINS","INE0RWQ01014","EQ","","NSE official EQUITY_L","nse_added"
"C04178","Total Transport Systems Limited","Public Limited","","","","","","Listed-NSE","TOTAL","INE336X01012","BE","","NSE official EQUITY_L","nse_added"
"C04179","Touchwood Entertainment Limited","Public Limited","","","","","","Listed-NSE","TOUCHWOOD","INE486Y01013","EQ","","NSE official EQUITY_L","nse_added"
"C04180","Toyam Sports Limited","Public Limited","","","","","","Listed-NSE","TOYAMSL","INE457P01020","EQ","","NSE official EQUITY_L","nse_added"
"C04181","Teamo Productions HQ Limited","Public Limited","","","","","","Listed-NSE","TPHQ","INE065J01024","BE","","NSE official EQUITY_L","nse_added"
"C04182","TPL Plastech Limited","Public Limited","","","","","","Listed-NSE","TPLPLASTEH","INE413G01022","EQ","","NSE official EQUITY_L","nse_added"
"C04183","Tracxn Technologies Limited","Public Limited","","","","","","Listed-NSE","TRACXN","INE0HMF01019","EQ","","NSE official EQUITY_L","nse_added"
"C04184","Transcorp International Limited","Public Limited","","","","","","Listed-NSE","TRANSCOR","INE330E01023","EQ","","NSE official EQUITY_L","nse_added"
"C04185","Transpek Industry Limited","Public Limited","","","","","","Listed-NSE","TRANSPEK","INE687A01016","BE","","NSE official EQUITY_L","nse_added"
"C04186","Transrail Lighting Limited","Public Limited","","","","","","Listed-NSE","TRANSRAILL","INE454P01035","EQ","","NSE official EQUITY_L","nse_added"
"C04187","TRANSWORLD SHIPPING LINES LIMITED","Public Limited","","","","","","Listed-NSE","TRANSWORLD","INE757B01015","BE","","NSE official EQUITY_L","nse_added"
"C04188","Travel Food Services Limited","Public Limited","","","","","","Listed-NSE","TRAVELFOOD","INE103V01028","EQ","","NSE official EQUITY_L","nse_added"
"C04189","Tree House Education & Accessories Limited","Public Limited","","","","","","Listed-NSE","TREEHOUSE","INE040M01013","EQ","","NSE official EQUITY_L","nse_added"
"C04190","TREJHARA SOLUTIONS LIMITED","Public Limited","","","","","","Listed-NSE","TREJHARA","INE00CA01015","EQ","","NSE official EQUITY_L","nse_added"
"C04191","Transindia Real Estate Limited","Public Limited","","","","","","Listed-NSE","TREL","INE0O3901029","EQ","","NSE official EQUITY_L","nse_added"
"C04192","TRF Limited","Public Limited","","","","","","Listed-NSE","TRF","INE391D01019","EQ","","NSE official EQUITY_L","nse_added"
"C04193","Trigyn Technologies Limited","Public Limited","","","","","","Listed-NSE","TRIGYN","INE948A01012","EQ","","NSE official EQUITY_L","nse_added"
"C04194","Triton Valves Limited","Public Limited","","","","","","Listed-NSE","TRITONV","INE440G01017","EQ","","NSE official EQUITY_L","nse_added"
"C04195","TruCap Finance Limited","Public Limited","","","","","","Listed-NSE","TRU","INE615R01029","EQ","","NSE official EQUITY_L","nse_added"
"C04196","TruAlt Bioenergy Limited","Public Limited","","","","","","Listed-NSE","TRUALT","INE0MWH01014","EQ","","NSE official EQUITY_L","nse_added"
"C04197","TSF INVESTMENTS LIMITED","Public Limited","","","","","","Listed-NSE","TSFINV","INE202Z01029","EQ","","NSE official EQUITY_L","nse_added"
"C04198","TTK Healthcare Limited","Public Limited","","","","","","Listed-NSE","TTKHLTCARE","INE910C01018","EQ","","NSE official EQUITY_L","nse_added"
"C04199","T T Limited","Public Limited","","","","","","Listed-NSE","TTL","INE592B01024","EQ","","NSE official EQUITY_L","nse_added"
"C04200","Turtlemint Fintech Solutions Limited","Public Limited","","","","","","Listed-NSE","TURTLEMINT","INE0OC301013","EQ","","NSE official EQUITY_L","nse_added"
"C04201","Tuticorin Alkali Chemicals & Fertilizers Limited","Public Limited","","","","","","Listed-NSE","TUTIALKA","INE400A01014","EQ","","NSE official EQUITY_L","nse_added"
"C04202","TVS Holdings Limited","Public Limited","","","","","","Listed-NSE","TVSHLTD","INE105A01035","EQ","","NSE official EQUITY_L","nse_added"
"C04203","TVS Supply Chain Solutions Limited","Public Limited","","","","","","Listed-NSE","TVSSCS","INE395N01027","EQ","","NSE official EQUITY_L","nse_added"
"C04204","TV Vision Limited","Public Limited","","","","","","Listed-NSE","TVVISION","INE871L01013","BE","","NSE official EQUITY_L","nse_added"
"C04205","UCAL LIMITED","Public Limited","","","","","","Listed-NSE","UCAL","INE139B01016","BE","","NSE official EQUITY_L","nse_added"
"C04206","Uday Jewellery Industries Limited","Public Limited","","","","","","Listed-NSE","UDAYJEW","INE551B01012","EQ","","NSE official EQUITY_L","nse_added"
"C04207","Updater Services Limited","Public Limited","","","","","","Listed-NSE","UDS","INE851I01011","EQ","","NSE official EQUITY_L","nse_added"
"C04208","Ujaas Energy Limited","Public Limited","","","","","","Listed-NSE","UEL","INE899L01030","EQ","","NSE official EQUITY_L","nse_added"
"C04209","United Foodbrands Limited","Public Limited","","","","","","Listed-NSE","UFBL","INE382M01027","BE","","NSE official EQUITY_L","nse_added"
"C04210","UFO Moviez India Limited","Public Limited","","","","","","Listed-NSE","UFO","INE527H01019","EQ","","NSE official EQUITY_L","nse_added"
"C04211","The Ugar Sugar Works Limited","Public Limited","","","","","","Listed-NSE","UGARSUGAR","INE071E01023","BE","","NSE official EQUITY_L","nse_added"
"C04212","Ultramarine & Pigments Limited","Public Limited","","","","","","Listed-NSE","ULTRAMAR","INE405A01021","EQ","","NSE official EQUITY_L","nse_added"
"C04213","Uma Exports Limited","Public Limited","","","","","","Listed-NSE","UMAEXPORTS","INE0GIU01018","BE","","NSE official EQUITY_L","nse_added"
"C04214","Usha Martin Education & Solutions Limited","Public Limited","","","","","","Listed-NSE","UMESLTD","INE240C01028","EQ","","NSE official EQUITY_L","nse_added"
"C04215","UMIYA BUILDCON LIMITED","Public Limited","","","","","","Listed-NSE","UMIYA-MRO","INE398B01018","EQ","","NSE official EQUITY_L","nse_added"
"C04216","United Drilling Tools Limited","Public Limited","","","","","","Listed-NSE","UNIDT","INE961D01019","EQ","","NSE official EQUITY_L","nse_added"
"C04217","Unicommerce Esolutions Limited","Public Limited","","","","","","Listed-NSE","UNIECOM","INE00U401027","EQ","","NSE official EQUITY_L","nse_added"
"C04218","Uniphos Enterprises Limited","Public Limited","","","","","","Listed-NSE","UNIENTER","INE037A01022","EQ","","NSE official EQUITY_L","nse_added"
"C04219","Uniinfo Telecom Services Limited","Public Limited","","","","","","Listed-NSE","UNIINFO","INE481Z01011","EQ","","NSE official EQUITY_L","nse_added"
"C04220","Unimech Aerospace and Manufacturing Limited","Public Limited","","","","","","Listed-NSE","UNIMECH","INE0U3I01011","EQ","","NSE official EQUITY_L","nse_added"
"C04221","United Polyfab Gujarat Limited","Public Limited","","","","","","Listed-NSE","UNITEDPOLY","INE368U01029","EQ","","NSE official EQUITY_L","nse_added"
"C04222","The United Nilgiri Tea Estates Company Limited","Public Limited","","","","","","Listed-NSE","UNITEDTEA","INE458F01011","EQ","","NSE official EQUITY_L","nse_added"
"C04223","Univastu India Limited","Public Limited","","","","","","Listed-NSE","UNIVASTU","INE562X01013","BE","","NSE official EQUITY_L","nse_added"
"C04224","Universus Photo Imagings Limited","Public Limited","","","","","","Listed-NSE","UNIVPHOTO","INE03V001013","BE","","NSE official EQUITY_L","nse_added"
"C04225","U P Hotels Limited","Public Limited","","","","","","Listed-NSE","UPHOT","INE726E01014","EQ","","NSE official EQUITY_L","nse_added"
"C04226","Uravi Defence and Technology Limited","Public Limited","","","","","","Listed-NSE","URAVIDEF","INE568Z01015","BE","","NSE official EQUITY_L","nse_added"
"C04227","Urban Company Limited","Public Limited","","","","","","Listed-NSE","URBANCO","INE0CAZ01013","EQ","","NSE official EQUITY_L","nse_added"
"C04228","Urja Global Limited","Public Limited","","","","","","Listed-NSE","URJA","INE550C01020","EQ","","NSE official EQUITY_L","nse_added"
"C04229","Udayshivakumar Infra Limited","Public Limited","","","","","","Listed-NSE","USK","INE0N0Y01013","EQ","","NSE official EQUITY_L","nse_added"
"C04230","Fujiyama Power Systems Limited","Public Limited","","","","","","Listed-NSE","UTLSOLAR","INE12UR01024","EQ","","NSE official EQUITY_L","nse_added"
"C04231","Uttam Sugar Mills Limited","Public Limited","","","","","","Listed-NSE","UTTAMSUGAR","INE786F01031","EQ","","NSE official EQUITY_L","nse_added"
"C04232","U. Y. Fincorp Limited","Public Limited","","","","","","Listed-NSE","UYFINCORP","INE152C01025","BE","","NSE official EQUITY_L","nse_added"
"C04233","V2 Retail Limited","Public Limited","","","","","","Listed-NSE","V2RETAIL","INE945H01021","EQ","","NSE official EQUITY_L","nse_added"
"C04234","Vadilal Enterprises Limited","Public Limited","","","","","","Listed-NSE","VADILENT","INE693D01018","EQ","","NSE official EQUITY_L","nse_added"
"C04235","Vaishali Pharma Limited","Public Limited","","","","","","Listed-NSE","VAISHALI","INE972X01022","EQ","","NSE official EQUITY_L","nse_added"
"C04236","Valiant Laboratories Limited","Public Limited","","","","","","Listed-NSE","VALIANTLAB","INE0JWS01017","BE","","NSE official EQUITY_L","nse_added"
"C04237","Valiant Organics Limited","Public Limited","","","","","","Listed-NSE","VALIANTORG","INE565V01010","EQ","","NSE official EQUITY_L","nse_added"
"C04238","Vedanta Aluminium Metal Limited","Public Limited","","","","","","Listed-NSE","VAML","INE1CDF01017","EQ","","NSE official EQUITY_L","nse_added"
"C04239","Vardhman Acrylics Limited","Public Limited","","","","","","Listed-NSE","VARDHACRLC","INE116G01013","BE","","NSE official EQUITY_L","nse_added"
"C04240","Vardhman Polytex Limited","Public Limited","","","","","","Listed-NSE","VARDMNPOLY","INE835A01029","EQ","","NSE official EQUITY_L","nse_added"
"C04241","Varmora Granito Limited","Public Limited","","","","","","Listed-NSE","VARMORA","INE0M5301040","EQ","","NSE official EQUITY_L","nse_added"
"C04242","Shri Vasuprada Plantations Limited","Public Limited","","","","","","Listed-NSE","VASUPRADA","INE574G01013","EQ","","NSE official EQUITY_L","nse_added"
"C04243","Vaswani Industries Limited","Public Limited","","","","","","Listed-NSE","VASWANI","INE590L01019","EQ","","NSE official EQUITY_L","nse_added"
"C04244","Vaxtex Cotfab Limited","Public Limited","","","","","","Listed-NSE","VCL","INE098201036","BE","","NSE official EQUITY_L","nse_added"
"C04245","VEDAVAAG Systems Limited","Public Limited","","","","","","Listed-NSE","VEDAVAAG","INE359B01010","EQ","","NSE official EQUITY_L","nse_added"
"C04246","Vedanta Power Limited","Public Limited","","","","","","Listed-NSE","VEDPOWER","INE694L01019","EQ","","NSE official EQUITY_L","nse_added"
"C04247","Veedol Corporation Limited","Public Limited","","","","","","Listed-NSE","VEEDOL","INE484C01030","EQ","","NSE official EQUITY_L","nse_added"
"C04248","Veegaland Developers Limited","Public Limited","","","","","","Listed-NSE","VEEGALAND","INE1JTV01015","BE","","NSE official EQUITY_L","nse_added"
"C04249","Veljan Denison Limited","Public Limited","","","","","","Listed-NSE","VELJAN","INE232E01013","BE","","NSE official EQUITY_L","nse_added"
"C04250","Ventive Hospitality Limited","Public Limited","","","","","","Listed-NSE","VENTIVE","INE781S01027","EQ","","NSE official EQUITY_L","nse_added"
"C04251","Venus Remedies Limited","Public Limited","","","","","","Listed-NSE","VENUSREM","INE411B01019","EQ","","NSE official EQUITY_L","nse_added"
"C04252","Veranda Learning Solutions Limited","Public Limited","","","","","","Listed-NSE","VERANDA","INE0IQ001011","EQ","","NSE official EQUITY_L","nse_added"
"C04253","Vertoz Limited","Public Limited","","","","","","Listed-NSE","VERTOZ","INE188Y01031","EQ","","NSE official EQUITY_L","nse_added"
"C04254","Veto Switchgears And Cables Limited","Public Limited","","","","","","Listed-NSE","VETO","INE918N01018","EQ","","NSE official EQUITY_L","nse_added"
"C04255","Vibrant Global Capital Limited","Public Limited","","","","","","Listed-NSE","VGCL","INE761Q01015","EQ","","NSE official EQUITY_L","nse_added"
"C04256","VARVEE GLOBAL LIMITED","Public Limited","","","","","","Listed-NSE","VGL","INE273D01027","EQ","","NSE official EQUITY_L","nse_added"
"C04257","Viceroy Hotels Limited","Public Limited","","","","","","Listed-NSE","VHLTD","INE048C01025","BE","","NSE official EQUITY_L","nse_added"
"C04258","Vidhi Specialty Food Ingredients Limited","Public Limited","","","","","","Listed-NSE","VIDHIING","INE632C01026","EQ","","NSE official EQUITY_L","nse_added"
"C04259","Vidya Wires Limited","Public Limited","","","","","","Listed-NSE","VIDYAWIRES","INE14UN01029","EQ","","NSE official EQUITY_L","nse_added"
"C04260","Viji Finance Limited","Public Limited","","","","","","Listed-NSE","VIJIFIN","INE159N01027","BE","","NSE official EQUITY_L","nse_added"
"C04261","Vijay Solvex Limited","Public Limited","","","","","","Listed-NSE","VIJSOLX","INE362D01010","EQ","","NSE official EQUITY_L","nse_added"
"C04262","Vikas EcoTech Limited","Public Limited","","","","","","Listed-NSE","VIKASECO","INE806A01020","EQ","","NSE official EQUITY_L","nse_added"
"C04263","Vikas Lifecare Limited","Public Limited","","","","","","Listed-NSE","VIKASLIFE","INE161L01027","EQ","","NSE official EQUITY_L","nse_added"
"C04264","Vikram Solar Limited","Public Limited","","","","","","Listed-NSE","VIKRAMSOLR","INE078V01014","EQ","","NSE official EQUITY_L","nse_added"
"C04265","Vikran Engineering Limited","Public Limited","","","","","","Listed-NSE","VIKRAN","INE01R501028","EQ","","NSE official EQUITY_L","nse_added"
"C04266","Vintage Coffee And Beverages Limited","Public Limited","","","","","","Listed-NSE","VINCOFE","INE498Q01014","EQ","","NSE official EQUITY_L","nse_added"
"C04267","Vineet Laboratories Limited","Public Limited","","","","","","Listed-NSE","VINEETLAB","INE505Y01010","EQ","","NSE official EQUITY_L","nse_added"
"C04268","Vinny Overseas Limited","Public Limited","","","","","","Listed-NSE","VINNY","INE01KI01027","EQ","","NSE official EQUITY_L","nse_added"
"C04269","Vinyl Chemicals (India) Limited","Public Limited","","","","","","Listed-NSE","VINYLINDIA","INE250B01029","EQ","","NSE official EQUITY_L","nse_added"
"C04270","VIP Clothing Limited","Public Limited","","","","","","Listed-NSE","VIPCLOTHNG","INE450G01024","EQ","","NSE official EQUITY_L","nse_added"
"C04271","Vipul Limited","Public Limited","","","","","","Listed-NSE","VIPULLTD","INE946H01037","BE","","NSE official EQUITY_L","nse_added"
"C04272","Virat Industries Limited","Public Limited","","","","","","Listed-NSE","VIRAT","INE467D01017","EQ","","NSE official EQUITY_L","nse_added"
"C04273","Virinchi Limited","Public Limited","","","","","","Listed-NSE","VIRINCHI","INE539B01017","EQ","","NSE official EQUITY_L","nse_added"
"C04274","Virtual Global Education Limited","Public Limited","","","","","","Listed-NSE","VIRTUALG","INE247C01023","BE","","NSE official EQUITY_L","nse_added"
"C04275","VISA Chrome Limited","Public Limited","","","","","","Listed-NSE","VISACHROME","INE286H01012","EQ","","NSE official EQUITY_L","nse_added"
"C04276","Vishal Fabrics Limited","Public Limited","","","","","","Listed-NSE","VISHAL","INE755Q01025","EQ","","NSE official EQUITY_L","nse_added"
"C04277","Vishwaraj Sugar Industries Limited","Public Limited","","","","","","Listed-NSE","VISHWARAJ","INE430N01022","EQ","","NSE official EQUITY_L","nse_added"
"C04278","Vedanta Iron and Steel Limited","Public Limited","","","","","","Listed-NSE","VISL","INE1CLE01013","EQ","","NSE official EQUITY_L","nse_added"
"C04279","Vital Chemtech Limited","Public Limited","","","","","","Listed-NSE","VITAL","INE0L4K01016","EQ","","NSE official EQUITY_L","nse_added"
"C04280","Viviana Power Tech Limited","Public Limited","","","","","","Listed-NSE","VIVIANA","INE0MEG01014","EQ","","NSE official EQUITY_L","nse_added"
"C04281","Visagar Polytex Limited","Public Limited","","","","","","Listed-NSE","VIVIDHA","INE370E01029","EQ","","NSE official EQUITY_L","nse_added"
"C04282","Vivimed Labs Limited","Public Limited","","","","","","Listed-NSE","VIVIMEDLAB","INE526G01021","BE","","NSE official EQUITY_L","nse_added"
"C04283","Vivo Bio Tech Limited","Public Limited","","","","","","Listed-NSE","VIVOBIOT","INE380K01017","EQ","","NSE official EQUITY_L","nse_added"
"C04284","Viyash Scientific Limited","Public Limited","","","","","","Listed-NSE","VIYASH","INE807F01027","EQ","","NSE official EQUITY_L","nse_added"
"C04285","VL E-Governance & IT Solutions Limited","Public Limited","","","","","","Listed-NSE","VLEGOV","INE03HW01020","EQ","","NSE official EQUITY_L","nse_added"
"C04286","VLS Finance Limited","Public Limited","","","","","","Listed-NSE","VLSFINANCE","INE709A01018","EQ","","NSE official EQUITY_L","nse_added"
"C04287","Vishal Mega Mart Limited","Public Limited","","","","","","Listed-NSE","VMM","INE01EA01019","EQ","","NSE official EQUITY_L","nse_added"
"C04288","VMS TMT Limited","Public Limited","","","","","","Listed-NSE","VMSTMT","INE0SJA01013","EQ","","NSE official EQUITY_L","nse_added"
"C04289","Virtuoso Optoelectronics Limited","Public Limited","","","","","","Listed-NSE","VOEPL","INE0I0T01010","EQ","","NSE official EQUITY_L","nse_added"
"C04290","Vedanta Oil and Gas Limited","Public Limited","","","","","","Listed-NSE","VOGL","INE704J01044","EQ","","NSE official EQUITY_L","nse_added"
"C04291","Voith Paper Fabrics India Limited","Public Limited","","","","","","Listed-NSE","VOITHPAPR","INE285C01015","EQ","","NSE official EQUITY_L","nse_added"
"C04292","Vishnu Prakash R Punglia Limited","Public Limited","","","","","","Listed-NSE","VPRPL","INE0AE001013","EQ","","NSE official EQUITY_L","nse_added"
"C04293","Vraj Iron and Steel Limited","Public Limited","","","","","","Listed-NSE","VRAJ","INE0S2V01010","EQ","","NSE official EQUITY_L","nse_added"
"C04294","VRL Logistics Limited","Public Limited","","","","","","Listed-NSE","VRLLOG","INE366I01010","EQ","","NSE official EQUITY_L","nse_added"
"C04295","Vibhor Steel Tubes Limited","Public Limited","","","","","","Listed-NSE","VSTL","INE0QTF01015","EQ","","NSE official EQUITY_L","nse_added"
"C04296","VTM Limited","Public Limited","","","","","","Listed-NSE","VTMLTD","INE222F01029","EQ","","NSE official EQUITY_L","nse_added"
"C04297","Waaree Renewable Technologies Limited","Public Limited","","","","","","Listed-NSE","WAAREERTL","INE299N01021","EQ","","NSE official EQUITY_L","nse_added"
"C04298","Wakefit Innovations Limited","Public Limited","","","","","","Listed-NSE","WAKEFIT","INE0E7301029","EQ","","NSE official EQUITY_L","nse_added"
"C04299","Walchandnagar Industries Limited","Public Limited","","","","","","Listed-NSE","WALCHANNAG","INE711A01022","EQ","","NSE official EQUITY_L","nse_added"
"C04300","Wanbury Limited","Public Limited","","","","","","Listed-NSE","WANBURY","INE107F01022","EQ","","NSE official EQUITY_L","nse_added"
"C04301","Wardwizard Innovations & Mobility Limited","Public Limited","","","","","","Listed-NSE","WARDINMOBI","INE945P01024","EQ","","NSE official EQUITY_L","nse_added"
"C04302","Waterbase Limited","Public Limited","","","","","","Listed-NSE","WATERBASE","INE054C01015","EQ","","NSE official EQUITY_L","nse_added"
"C04303","Western Carriers (India) Limited","Public Limited","","","","","","Listed-NSE","WCIL","INE0CJF01024","EQ","","NSE official EQUITY_L","nse_added"
"C04304","Wealth First Portfolio Managers Limited","Public Limited","","","","","","Listed-NSE","WEALTH","INE658T01017","EQ","","NSE official EQUITY_L","nse_added"
"C04305","Weizmann Limited","Public Limited","","","","","","Listed-NSE","WEIZMANIND","INE080A01014","EQ","","NSE official EQUITY_L","nse_added"
"C04306","Wonder Electricals Limited","Public Limited","","","","","","Listed-NSE","WEL","INE02WG01024","EQ","","NSE official EQUITY_L","nse_added"
"C04307","Welspun Investments and Commercials Limited","Public Limited","","","","","","Listed-NSE","WELINV","INE389K01018","BE","","NSE official EQUITY_L","nse_added"
"C04308","Welspun Specialty Solutions Limited","Public Limited","","","","","","Listed-NSE","WELSPLSOL","INE731F01037","EQ","","NSE official EQUITY_L","nse_added"
"C04309","WE WIN LIMITED","Public Limited","","","","","","Listed-NSE","WEWIN","INE082W01014","EQ","","NSE official EQUITY_L","nse_added"
"C04310","WeWork India Management Limited","Public Limited","","","","","","Listed-NSE","WEWORK","INE085001019","EQ","","NSE official EQUITY_L","nse_added"
"C04311","WH Brady & Company Limited","Public Limited","","","","","","Listed-NSE","WHBRADY","INE855A01019","EQ","","NSE official EQUITY_L","nse_added"
"C04312","Williamson Magor & Company Limited","Public Limited","","","","","","Listed-NSE","WILLAMAGOR","INE210A01017","EQ","","NSE official EQUITY_L","nse_added"
"C04313","Windlas Biotech Limited","Public Limited","","","","","","Listed-NSE","WINDLAS","INE0H5O01029","EQ","","NSE official EQUITY_L","nse_added"
"C04314","Windsor Machines Limited","Public Limited","","","","","","Listed-NSE","WINDMACHIN","INE052A01021","EQ","","NSE official EQUITY_L","nse_added"
"C04315","The Western India Plywoods Limited","Public Limited","","","","","","Listed-NSE","WIPL","INE215F01023","EQ","","NSE official EQUITY_L","nse_added"
"C04316","Worth Peripherals Limited","Public Limited","","","","","","Listed-NSE","WORTHPERI","INE196Y01018","EQ","","NSE official EQUITY_L","nse_added"
"C04317","W S Industries (I) Limited","Public Limited","","","","","","Listed-NSE","WSI","INE100D01014","EQ","","NSE official EQUITY_L","nse_added"
"C04318","Xchanging Solutions Limited","Public Limited","","","","","","Listed-NSE","XCHANGING","INE692G01013","EQ","","NSE official EQUITY_L","nse_added"
"C04319","Xelpmoc Design And Tech Limited","Public Limited","","","","","","Listed-NSE","XELPMOC","INE01P501012","EQ","","NSE official EQUITY_L","nse_added"
"C04320","Xtglobal Infotech Limited","Public Limited","","","","","","Listed-NSE","XTGLOBAL","INE547B01028","EQ","","NSE official EQUITY_L","nse_added"
"C04321","Xtranet Technologies Limited","Public Limited","","","","","","Listed-NSE","XTRANET","INE0NG701011","EQ","","NSE official EQUITY_L","nse_added"
"C04322","Yatharth Hospital & Trauma Care Services Limited","Public Limited","","","","","","Listed-NSE","YATHARTH","INE0JO301016","EQ","","NSE official EQUITY_L","nse_added"
"C04323","Yogi Limited","Public Limited","","","","","","Listed-NSE","YOGI","INE290E01011","EQ","","NSE official EQUITY_L","nse_added"
"C04324","Zee Learn Limited","Public Limited","","","","","","Listed-NSE","ZEELEARN","INE565L01011","EQ","","NSE official EQUITY_L","nse_added"
"C04325","Zenith Exports Limited","Public Limited","","","","","","Listed-NSE","ZENITHEXPO","INE058B01018","EQ","","NSE official EQUITY_L","nse_added"
"C04326","Zenith Steel Pipes & Industries Limited","Public Limited","","","","","","Listed-NSE","ZENITHSTL","INE318D01020","EQ","","NSE official EQUITY_L","nse_added"
"C04327","ZF Commercial Vehicle Control Systems India Limited","Public Limited","","","","","","Listed-NSE","ZFCVINDIA","INE342J01019","EQ","","NSE official EQUITY_L","nse_added"
"C04328","ZF Steering Gear (India) Limited","Public Limited","","","","","","Listed-NSE","ZFSTEERING","INE116C01012","EQ","","NSE official EQUITY_L","nse_added"
"C04329","Zim Laboratories Limited","Public Limited","","","","","","Listed-NSE","ZIMLAB","INE518E01015","EQ","","NSE official EQUITY_L","nse_added"
"C04330","Zodiac Energy Limited","Public Limited","","","","","","Listed-NSE","ZODIAC","INE761Y01019","EQ","","NSE official EQUITY_L","nse_added"
"C04331","Zodiac Clothing Company Limited","Public Limited","","","","","","Listed-NSE","ZODIACLOTH","INE206B01013","EQ","","NSE official EQUITY_L","nse_added"
"C04332","Zota Health Care LImited","Public Limited","","","","","","Listed-NSE","ZOTA","INE358U01012","EQ","","NSE official EQUITY_L","nse_added"
"C04333","Saraswati Commercial India Limited","Public Limited","","","","","","Listed-NSE","ZSARACOM","INE967G01019","EQ","","NSE official EQUITY_L","nse_added"
"C04334","Manipal Hospitals (Manipal Health Enterprises Private Limited)","Private Limited","Private (Indian)","Karnataka","Bengaluru","Healthcare","Hospitals","Unlisted","","","","","services_institutions.csv","agent"
"C04335","Columbia Asia Hospitals Private Limited","Private Limited","Private (Indian)","Karnataka","Bengaluru","Healthcare","Hospitals","Unlisted","","","","","services_institutions.csv","agent"
"C04336","Cloudnine Hospitals (Cloudnine Healthcare Limited)","Public Limited","Private (Indian)","Karnataka","Bengaluru","Healthcare","Maternity hospitals","Unlisted","","","","","services_institutions.csv","agent"
"C04337","Sir Ganga Ram Hospital Society","Trust/Society","Trust/Society","Delhi","New Delhi","Healthcare","Hospitals","Unlisted","","","","","services_institutions.csv","agent"
"C04338","Christian Medical College, Vellore","Trust/Society","Trust/Society","Tamil Nadu","Vellore","Healthcare","Hospitals & medical education","Unlisted","","","","","services_institutions.csv","agent"
"C04339","Tata Memorial Centre","Trust/Society","Trust/Society","Maharashtra","Mumbai","Healthcare","Cancer hospitals","Unlisted","","","","","services_institutions.csv","agent"
"C04340","SRL Limited (SRL Diagnostics)","Public Limited","Private (Indian)","Maharashtra","Mumbai","Healthcare","Diagnostics","Unlisted","","","","","services_institutions.csv","agent"
"C04341","Agilus Diagnostics Limited","Public Limited","Private (Indian)","Haryana","Gurugram","Healthcare","Diagnostics","Unlisted","","","","","services_institutions.csv","agent"
"C04342","Apollo Diagnostics","Private Limited","Private (Indian)","Telangana","Hyderabad","Healthcare","Diagnostics","Unlisted","","","","","services_institutions.csv","agent"
"C04343","Neuberg Diagnostics Private Limited","Private Limited","Private (Indian)","Tamil Nadu","Chennai","Healthcare","Diagnostics","Unlisted","","","","","services_institutions.csv","agent"
"C04344","Tenet Diagnostics (Tenet Health)","Private Limited","Private (Indian)","Karnataka","Bengaluru","Healthcare","Diagnostics","Unlisted","","","","","services_institutions.csv","agent"
"C04345","Pathkind Labs","Private Limited","Private (Indian)","Haryana","Gurugram","Healthcare","Diagnostics","Unlisted","","","","","services_institutions.csv","agent"
"C04346","Suburban Diagnostics (India) Private Limited","Private Limited","Private (Indian)","Maharashtra","Mumbai","Healthcare","Diagnostics","Unlisted","","","","","services_institutions.csv","agent"
"C04347","Tata 1mg (Tata 1mg Technologies Private Limited)","Private Limited","Private (Indian)","Haryana","Gurugram","Healthcare","Online pharmacy","Unlisted","","","","","services_institutions.csv","agent"
"C04348","Micro Labs Limited","Public Limited","Private (Indian)","Karnataka","Bengaluru","Pharma","Formulations","Unlisted","","","","","services_institutions.csv","agent"
"C04349","Biocon Biologics Limited","Public Limited","Private (Indian)","Karnataka","Bengaluru","Biotechnology & Life Sciences","Biosimilars","Unlisted","","","","","services_institutions.csv","agent"
"C04350","Sterling Biotech Limited","Public Limited","Private (Indian)","Gujarat","Vadodara","Biotechnology & Life Sciences","Biotech","Delisted/Unknown","","","","","services_institutions.csv","agent"
"C04351","Meril Life Sciences Private Limited","Private Limited","Private (Indian)","Gujarat","Vapi","Medical Devices","Cardiac & orthopaedic devices","Unlisted","","","","","services_institutions.csv","agent"
"C04352","Trivitron Healthcare Private Limited","Private Limited","Private (Indian)","Tamil Nadu","Chennai","Medical Devices","Diagnostics equipment","Unlisted","","","","","services_institutions.csv","agent"
"C04353","Healthium Medtech Limited","Public Limited","Private (Indian)","Karnataka","Bengaluru","Medical Devices","Surgical products","Unlisted","","","","","services_institutions.csv","agent"
"C04354","Translumina Therapeutics Private Limited","Private Limited","Private (Indian)","Haryana","Gurugram","Medical Devices","Stents","Unlisted","","","","","services_institutions.csv","agent"
"C04355","SMT (Sahajanand Medical Technologies) Limited","Public Limited","Private (Indian)","Gujarat","Surat","Medical Devices","Stents","Unlisted","","","","","services_institutions.csv","agent"
"C04356","Skanray Technologies Limited","Public Limited","Private (Indian)","Karnataka","Mysuru","Medical Devices","Imaging & critical care","Unlisted","","","","","services_institutions.csv","agent"
"C04357","Opto Circuits (India) Limited","Public Limited","Private (Indian)","Karnataka","Bengaluru","Medical Devices","Patient monitoring","Listed-NSE+BSE","","","","","services_institutions.csv","agent"
"C04358","Sahajanand Laser Technology Limited","Public Limited","Private (Indian)","Gujarat","Gandhinagar","Medical Devices","Lasers","Listed-NSE+BSE","","","","","services_institutions.csv","agent"
"C04359","Allied Medical Limited","Public Limited","Private (Indian)","Delhi","New Delhi","Medical Devices","Medical devices","Listed-NSE+BSE","","","","","services_institutions.csv","agent"
"C04360","Amrita Vishwa Vidyapeetham","Trust/Society","Trust/Society","Tamil Nadu","Coimbatore","Education","Deemed university","Unlisted","","","","","services_institutions.csv","agent"
"C04361","Manipal Academy of Higher Education","Trust/Society","Trust/Society","Karnataka","Manipal","Education","Deemed university","Unlisted","","","","","services_institutions.csv","agent"
"C04362","Birla Institute of Technology and Science, Pilani","Trust/Society","Trust/Society","Rajasthan","Pilani","Education","Deemed university","Unlisted","","","","","services_institutions.csv","agent"
"C04363","Vellore Institute of Technology","Trust/Society","Trust/Society","Tamil Nadu","Vellore","Education","Private university","Unlisted","","","","","services_institutions.csv","agent"
"C04364","SRM Institute of Science and Technology","Trust/Society","Trust/Society","Tamil Nadu","Chennai","Education","Deemed university","Unlisted","","","","","services_institutions.csv","agent"
"C04365","Symbiosis International (Deemed University)","Trust/Society","Trust/Society","Maharashtra","Pune","Education","Deemed university","Unlisted","","","","","services_institutions.csv","agent"
"C04366","Amity University","Trust/Society","Trust/Society","Uttar Pradesh","Noida","Education","Private university","Unlisted","","","","","services_institutions.csv","agent"
"C04367","Ashoka University","Trust/Society","Trust/Society","Haryana","Sonipat","Education","Private university","Unlisted","","","","","services_institutions.csv","agent"
"C04368","O.P. Jindal Global University","Trust/Society","Trust/Society","Haryana","Sonipat","Education","Private university","Unlisted","","","","","services_institutions.csv","agent"
"C04369","Shiv Nadar University","Trust/Society","Trust/Society","Uttar Pradesh","Greater Noida","Education","Private university","Unlisted","","","","","services_institutions.csv","agent"
"C04370","Lovely Professional University","Trust/Society","Trust/Society","Punjab","Phagwara","Education","Private university","Unlisted","","","","","services_institutions.csv","agent"
"C04371","Chitkara University","Trust/Society","Trust/Society","Punjab","Rajpura","Education","Private university","Unlisted","","","","","services_institutions.csv","agent"
"C04372","Narsee Monjee Institute of Management Studies","Trust/Society","Trust/Society","Maharashtra","Mumbai","Education","Deemed university","Unlisted","","","","","services_institutions.csv","agent"
"C04373","Christ University","Trust/Society","Trust/Society","Karnataka","Bengaluru","Education","Deemed university","Unlisted","","","","","services_institutions.csv","agent"
"C04374","Azim Premji University","Trust/Society","Trust/Society","Karnataka","Bengaluru","Education","Private university","Unlisted","","","","","services_institutions.csv","agent"
"C04375","Indian School of Business","Trust/Society","Trust/Society","Telangana","Hyderabad","Education","Business school","Unlisted","","","","","services_institutions.csv","agent"
"C04376","Tata Institute of Social Sciences","Trust/Society","Trust/Society","Maharashtra","Mumbai","Education","Deemed university","Unlisted","","","","","services_institutions.csv","agent"
"C04377","Kalinga Institute of Industrial Technology","Trust/Society","Trust/Society","Odisha","Bhubaneswar","Education","Deemed university","Unlisted","","","","","services_institutions.csv","agent"
"C04378","Sikkim Manipal University","Trust/Society","Trust/Society","Sikkim","Gangtok","Education","Private university","Unlisted","","","","","services_institutions.csv","agent"
"C04379","Aligarh Muslim University","Trust/Society","Trust/Society","Uttar Pradesh","Aligarh","Education","Central university","Unlisted","","","","","services_institutions.csv","agent"
"C04380","Jamia Hamdard","Trust/Society","Trust/Society","Delhi","New Delhi","Education","Deemed university","Unlisted","","","","","services_institutions.csv","agent"
"C04381","Delhi Public School Society","Trust/Society","Trust/Society","Delhi","New Delhi","Education","Schools","Unlisted","","","","","services_institutions.csv","agent"
"C04382","The Doon School","Trust/Society","Trust/Society","Uttarakhand","Dehradun","Education","Schools","Unlisted","","","","","services_institutions.csv","agent"
"C04383","Ryan International Group of Institutions","Trust/Society","Trust/Society","Maharashtra","Mumbai","Education","Schools","Unlisted","","","","","services_institutions.csv","agent"
"C04384","Podar Education Network","Trust/Society","Trust/Society","Maharashtra","Mumbai","Education","Schools","Unlisted","","","","","services_institutions.csv","agent"
"C04385","Narayana Educational Institutions","Private Limited","Private (Indian)","Telangana","Hyderabad","Education","Coaching & schools","Unlisted","","","","","services_institutions.csv","agent"
"C04386","Sri Chaitanya Educational Institutions","Private Limited","Private (Indian)","Telangana","Hyderabad","Education","Schools & junior colleges","Unlisted","","","","","services_institutions.csv","agent"
"C04387","Allen Career Institute Private Limited","Private Limited","Private (Indian)","Rajasthan","Kota","Education","Coaching","Unlisted","","","","","services_institutions.csv","agent"
"C04388","Aakash Educational Services Limited","Public Limited","Private (Indian)","Delhi","New Delhi","Education","Coaching","Unlisted","","","","","services_institutions.csv","agent"
"C04389","FIITJEE Limited","Public Limited","Private (Indian)","Delhi","New Delhi","Education","Coaching","Unlisted","","","","","services_institutions.csv","agent"
"C04390","Physics Wallah Limited","Public Limited","Private (Indian)","Uttar Pradesh","Noida","Education","Edtech","Unlisted","","","","","services_institutions.csv","agent"
"C04391","Simplilearn Solutions Private Limited","Private Limited","Private (Indian)","Karnataka","Bengaluru","Education","Edtech","Unlisted","","","","","services_institutions.csv","agent"
"C04392","Eruditus Learning Solutions Private Limited","Private Limited","Private (Indian)","Maharashtra","Mumbai","Education","Edtech","Unlisted","","","","","services_institutions.csv","agent"
"C04393","Toppr (Toppr Technologies Private Limited)","Private Limited","Private (Indian)","Maharashtra","Mumbai","Education","Edtech","Unlisted","","","","","services_institutions.csv","agent"
"C04394","Teachmint Technologies Private Limited","Private Limited","Private (Indian)","Karnataka","Bengaluru","Education","Edtech","Unlisted","","","","","services_institutions.csv","agent"
"C04395","Nextwave (Next Education India)","Private Limited","Private (Indian)","Karnataka","Bengaluru","Education","Schools tech","Unlisted","","","","","services_institutions.csv","agent"
"C04396","Career Point Limited","Public Limited","Private (Indian)","Rajasthan","Kota","Education","Coaching","Listed-NSE+BSE","CAREERP","","","","services_institutions.csv","agent"
"C04397","Educomp Solutions Limited","Public Limited","Private (Indian)","Haryana","Gurugram","Education","Edtech","Delisted/Unknown","","","","","services_institutions.csv","agent"
"C04398","Cyril Amarchand Mangaldas","Partnership Firm","Private (Indian)","Maharashtra","Mumbai","Legal Services","Law firm","Unlisted","","","","","services_institutions.csv","agent"
"C04399","AZB & Partners","Partnership Firm","Private (Indian)","Maharashtra","Mumbai","Legal Services","Law firm","Unlisted","","","","","services_institutions.csv","agent"
"C04400","Trilegal","Partnership Firm","Private (Indian)","Karnataka","Bengaluru","Legal Services","Law firm","Unlisted","","","","","services_institutions.csv","agent"
"C04401","Khaitan & Co","LLP","Private (Indian)","Maharashtra","Mumbai","Legal Services","Law firm","Unlisted","","","","","services_institutions.csv","agent"
"C04402","Shardul Amarchand Mangaldas & Co","Partnership Firm","Private (Indian)","Delhi","New Delhi","Legal Services","Law firm","Unlisted","","","","","services_institutions.csv","agent"
"C04403","J. Sagar Associates","Partnership Firm","Private (Indian)","Delhi","New Delhi","Legal Services","Law firm","Unlisted","","","","","services_institutions.csv","agent"
"C04404","Luthra & Luthra Law Offices India","Partnership Firm","Private (Indian)","Delhi","New Delhi","Legal Services","Law firm","Unlisted","","","","","services_institutions.csv","agent"
"C04405","Lakshmikumaran & Sridharan Attorneys","Partnership Firm","Private (Indian)","Delhi","New Delhi","Legal Services","Law firm","Unlisted","","","","","services_institutions.csv","agent"
"C04406","Economic Laws Practice","Partnership Firm","Private (Indian)","Maharashtra","Mumbai","Legal Services","Law firm","Unlisted","","","","","services_institutions.csv","agent"
"C04407","Talwar Thakore & Associates","Partnership Firm","Private (Indian)","Maharashtra","Mumbai","Legal Services","Law firm","Unlisted","","","","","services_institutions.csv","agent"
"C04408","Induslaw","Partnership Firm","Private (Indian)","Karnataka","Bengaluru","Legal Services","Law firm","Unlisted","","","","","services_institutions.csv","agent"
"C04409","Fox Mandal & Associates","Partnership Firm","Private (Indian)","Karnataka","Bengaluru","Legal Services","Law firm","Unlisted","","","","","services_institutions.csv","agent"
"C04410","Desai & Diwanji","Partnership Firm","Private (Indian)","Maharashtra","Mumbai","Legal Services","Law firm","Unlisted","","","","","services_institutions.csv","agent"
"C04411","Wadia Ghandy & Co","Partnership Firm","Private (Indian)","Maharashtra","Mumbai","Legal Services","Law firm","Unlisted","","","","","services_institutions.csv","agent"
"C04412","Bharucha & Partners","Partnership Firm","Private (Indian)","Delhi","New Delhi","Legal Services","Law firm","Unlisted","","","","","services_institutions.csv","agent"
"C04413","Anand and Anand","Partnership Firm","Private (Indian)","Uttar Pradesh","Noida","Legal Services","Intellectual property law firm","Unlisted","","","","","services_institutions.csv","agent"
"C04414","Remfry & Sagar","Partnership Firm","Private (Indian)","Haryana","Gurugram","Legal Services","Intellectual property law firm","Unlisted","","","","","services_institutions.csv","agent"
"C04415","S&R Associates","Partnership Firm","Private (Indian)","Delhi","New Delhi","Legal Services","Law firm","Unlisted","","","","","services_institutions.csv","agent"
"C04416","Phoenix Legal","Partnership Firm","Private (Indian)","Delhi","New Delhi","Legal Services","Law firm","Unlisted","","","","","services_institutions.csv","agent"
"C04417","Singhania & Partners","Partnership Firm","Private (Indian)","Delhi","New Delhi","Legal Services","Law firm","Unlisted","","","","","services_institutions.csv","agent"
"C04418","Kochhar & Co","Partnership Firm","Private (Indian)","Haryana","Gurugram","Legal Services","Law firm","Unlisted","","","","","services_institutions.csv","agent"
"C04419","Nishith Desai Associates","Partnership Firm","Private (Indian)","Maharashtra","Mumbai","Legal Services","Law firm","Unlisted","","","","","services_institutions.csv","agent"
"C04420","Link Legal India Law Services","Partnership Firm","Private (Indian)","Delhi","New Delhi","Legal Services","Law firm","Unlisted","","","","","services_institutions.csv","agent"
"C04421","Amarchand & Mangaldas & Suresh A. Shroff & Co","Partnership Firm","Private (Indian)","Maharashtra","Mumbai","Legal Services","Law firm","Unlisted","","","","","services_institutions.csv","agent"
"C04422","Deloitte Haskins & Sells LLP","LLP","Private (Indian)","Maharashtra","Mumbai","Consulting & Professional Services","Audit & advisory","Unlisted","","","","","services_institutions.csv","agent"
"C04423","S.R. Batliboi & Co. LLP","LLP","Private (Indian)","West Bengal","Kolkata","Consulting & Professional Services","Audit","Unlisted","","","","","services_institutions.csv","agent"
"C04424","B S R & Co. LLP","LLP","Private (Indian)","Haryana","Gurugram","Consulting & Professional Services","Audit","Unlisted","","","","","services_institutions.csv","agent"
"C04425","Price Waterhouse & Co Chartered Accountants LLP","LLP","Private (Indian)","West Bengal","Kolkata","Consulting & Professional Services","Audit","Unlisted","","","","","services_institutions.csv","agent"
"C04426","Walker Chandiok & Co LLP","LLP","Private (Indian)","Delhi","New Delhi","Consulting & Professional Services","Audit","Unlisted","","","","","services_institutions.csv","agent"
"C04427","S R B C & CO LLP","LLP","Private (Indian)","West Bengal","Kolkata","Consulting & Professional Services","Audit","Unlisted","","","","","services_institutions.csv","agent"
"C04428","Lodha & Co","Partnership Firm","Private (Indian)","West Bengal","Kolkata","Consulting & Professional Services","Chartered accountants","Unlisted","","","","","services_institutions.csv","agent"
"C04429","Singhi & Co","Partnership Firm","Private (Indian)","West Bengal","Kolkata","Consulting & Professional Services","Chartered accountants","Unlisted","","","","","services_institutions.csv","agent"
"C04430","M P Chitale & Co","Partnership Firm","Private (Indian)","Maharashtra","Mumbai","Consulting & Professional Services","Chartered accountants","Unlisted","","","","","services_institutions.csv","agent"
"C04431","Kalyaniwalla & Mistry LLP","LLP","Private (Indian)","Maharashtra","Mumbai","Consulting & Professional Services","Chartered accountants","Unlisted","","","","","services_institutions.csv","agent"
"C04432","Haribhakti & Co. LLP","LLP","Private (Indian)","Maharashtra","Mumbai","Consulting & Professional Services","Chartered accountants","Unlisted","","","","","services_institutions.csv","agent"
"C04433","Sharp & Tannan","Partnership Firm","Private (Indian)","Maharashtra","Mumbai","Consulting & Professional Services","Chartered accountants","Unlisted","","","","","services_institutions.csv","agent"
"C04434","Suresh Surana & Associates LLP","LLP","Private (Indian)","Maharashtra","Mumbai","Consulting & Professional Services","Chartered accountants","Unlisted","","","","","services_institutions.csv","agent"
"C04435","Grant Thornton Bharat LLP","LLP","Private (Indian)","Haryana","Gurugram","Consulting & Professional Services","Audit & advisory","Unlisted","","","","","services_institutions.csv","agent"
"C04436","BDO India LLP","LLP","Private (Indian)","Maharashtra","Mumbai","Consulting & Professional Services","Audit & advisory","Unlisted","","","","","services_institutions.csv","agent"
"C04437","Nangia & Co LLP","LLP","Private (Indian)","Uttar Pradesh","Noida","Consulting & Professional Services","Chartered accountants","Unlisted","","","","","services_institutions.csv","agent"
"C04438","Mahajan & Aibara Chartered Accountants","Partnership Firm","Private (Indian)","Maharashtra","Mumbai","Consulting & Professional Services","Chartered accountants","Unlisted","","","","","services_institutions.csv","agent"
"C04439","McKinsey & Company India","Foreign Company Branch","MNC Subsidiary","Maharashtra","Mumbai","Consulting & Professional Services","Management consulting","Unlisted","","","","","services_institutions.csv","agent"
"C04440","Bain & Company India","Foreign Company Branch","MNC Subsidiary","Delhi","New Delhi","Consulting & Professional Services","Management consulting","Unlisted","","","","","services_institutions.csv","agent"
"C04441","Kearney India","Foreign Company Branch","MNC Subsidiary","Maharashtra","Mumbai","Consulting & Professional Services","Management consulting","Unlisted","","","","","services_institutions.csv","agent"
"C04442","Zinnov Management Consulting Private Limited","Private Limited","Private (Indian)","Karnataka","Bengaluru","Consulting & Professional Services","Consulting","Unlisted","","","","","services_institutions.csv","agent"
"C04443","Jio Star (JioStar Limited)","Public Limited","Private (Indian)","Maharashtra","Mumbai","Media & Entertainment","Broadcasting & streaming","Unlisted","","","","","services_institutions.csv","agent"
"C04444","Sony Pictures Networks India Private Limited","Private Limited","Private (Indian)","Maharashtra","Mumbai","Media & Entertainment","Broadcasting","Unlisted","","","","","services_institutions.csv","agent"
"C04445","Culver Max Entertainment Private Limited","Private Limited","Private (Indian)","Maharashtra","Mumbai","Media & Entertainment","Broadcasting","Unlisted","","","","","services_institutions.csv","agent"
"C04446","ABP Network Private Limited","Private Limited","Private (Indian)","West Bengal","Kolkata","Media & Entertainment","News broadcasting","Unlisted","","","","","services_institutions.csv","agent"
"C04447","Republic TV (ARG Outlier Media Private Limited)","Private Limited","Private (Indian)","Maharashtra","Mumbai","Media & Entertainment","News broadcasting","Unlisted","","","","","services_institutions.csv","agent"
"C04448","Times Internet Limited","Public Limited","Private (Indian)","Uttar Pradesh","Noida","Media & Entertainment","Digital media","Unlisted","","","","","services_institutions.csv","agent"
"C04449","Bennett, Coleman and Company Limited","Public Limited","Private (Indian)","Maharashtra","Mumbai","Media & Entertainment","Publishing","Unlisted","","","","","services_institutions.csv","agent"
"C04450","Malayala Manorama Company Limited","Public Limited","Private (Indian)","Kerala","Kottayam","Media & Entertainment","Publishing","Unlisted","","","","","services_institutions.csv","agent"
"C04451","Mathrubhumi Printing and Publishing Company Limited","Public Limited","Private (Indian)","Kerala","Kozhikode","Media & Entertainment","Publishing","Unlisted","","","","","services_institutions.csv","agent"
"C04452","The Hindu Group (Kasturi & Sons Limited)","Public Limited","Private (Indian)","Tamil Nadu","Chennai","Media & Entertainment","Publishing","Unlisted","","","","","services_institutions.csv","agent"
"C04453","Eenadu (Ushodaya Enterprises Private Limited)","Private Limited","Private (Indian)","Telangana","Hyderabad","Media & Entertainment","Publishing","Unlisted","","","","","services_institutions.csv","agent"
"C04454","Sakshi (Jagati Publications Limited)","Public Limited","Private (Indian)","Telangana","Hyderabad","Media & Entertainment","Publishing & broadcasting","Unlisted","","","","","services_institutions.csv","agent"
"C04455","T-Series (Super Cassettes Industries Private Limited)","Private Limited","Private (Indian)","Uttar Pradesh","Noida","Media & Entertainment","Music","Unlisted","","","","","services_institutions.csv","agent"
"C04456","Yash Raj Films Private Limited","Private Limited","Private (Indian)","Maharashtra","Mumbai","Media & Entertainment","Film production","Unlisted","","","","","services_institutions.csv","agent"
"C04457","Dharma Productions Private Limited","Private Limited","Private (Indian)","Maharashtra","Mumbai","Media & Entertainment","Film production","Unlisted","","","","","services_institutions.csv","agent"
"C04458","Red Chillies Entertainment Private Limited","Private Limited","Private (Indian)","Maharashtra","Mumbai","Media & Entertainment","Film production","Unlisted","","","","","services_institutions.csv","agent"
"C04459","Cinepolis India Private Limited","Private Limited","Private (Indian)","Maharashtra","Mumbai","Media & Entertainment","Multiplexes","Unlisted","","","","","services_institutions.csv","agent"
"C04460","BookMyShow (Big Tree Entertainment Private Limited)","Private Limited","Private (Indian)","Maharashtra","Mumbai","Media & Entertainment","Ticketing","Unlisted","","","","","services_institutions.csv","agent"
"C04461","Prasar Bharati","Government Company (PSU)","Central PSU","Delhi","New Delhi","Media & Entertainment","Public broadcaster","Unlisted","","","","","services_institutions.csv","agent"
"C04462","Reliance Jio Infocomm Limited","Public Limited","Private (Indian)","Maharashtra","Mumbai","Telecom","Telecom services","Unlisted","","","","","services_institutions.csv","agent"
"C04463","Sun Direct TV Private Limited","Private Limited","Private (Indian)","Tamil Nadu","Chennai","Telecom","DTH","Unlisted","","","","","services_institutions.csv","agent"
"C04464","ACT Fibernet (Atria Convergence Technologies Limited)","Public Limited","Private (Indian)","Karnataka","Bengaluru","Telecom","ISP","Unlisted","","","","","services_institutions.csv","agent"
"C04465","Excitel Broadband Private Limited","Private Limited","Private (Indian)","Delhi","New Delhi","Telecom","ISP","Unlisted","","","","","services_institutions.csv","agent"
"C04466","Hughes Communications India Private Limited","Private Limited","Private (Indian)","Haryana","Gurugram","Telecom","VSAT & broadband","Unlisted","","","","","services_institutions.csv","agent"
"C04467","Sify Technologies Limited","Public Limited","Private (Indian)","Tamil Nadu","Chennai","Telecom","ISP & data centres","Unlisted","","","","","services_institutions.csv","agent"
"C04468","Summit Digitel Infrastructure Limited","Public Limited","Private (Indian)","Maharashtra","Mumbai","Telecom","Towers","Unlisted","","","","","services_institutions.csv","agent"
"C04469","Treebo Hotels (Ruptub Solutions Private Limited)","Private Limited","Private (Indian)","Karnataka","Bengaluru","Hospitality & Tourism","Hotel aggregator","Unlisted","","","","","services_institutions.csv","agent"
"C04470","Radisson Hotel Group India","Foreign Company Branch","MNC Subsidiary","Haryana","Gurugram","Hospitality & Tourism","Hotels","Unlisted","","","","","services_institutions.csv","agent"
"C04471","Cox & Kings Limited","Public Limited","Private (Indian)","Maharashtra","Mumbai","Hospitality & Tourism","Travel","Delisted/Unknown","","","","","services_institutions.csv","agent"
"C04472","Kesari Tours Private Limited","Private Limited","Private (Indian)","Maharashtra","Mumbai","Hospitality & Tourism","Travel","Unlisted","","","","","services_institutions.csv","agent"
"C04473","MakeMyTrip Limited","Foreign Company Branch","MNC Subsidiary","Haryana","Gurugram","Hospitality & Tourism","Online travel","Unlisted","","","","","services_institutions.csv","agent"
"C04474","Adani Logistics Limited","Public Limited","Private (Indian)","Gujarat","Ahmedabad","Logistics & Warehousing","Logistics","Unlisted","","","","","services_institutions.csv","agent"
"C04475","Ecom Express Limited","Public Limited","Private (Indian)","Haryana","Gurugram","Logistics & Warehousing","E-commerce logistics","Unlisted","","","","","services_institutions.csv","agent"
"C04476","Ekart (Flipkart Logistics)","Private Limited","Private (Indian)","Karnataka","Bengaluru","Logistics & Warehousing","E-commerce logistics","Unlisted","","","","","services_institutions.csv","agent"
"C04477","DTDC Express Limited","Public Limited","Private (Indian)","Karnataka","Bengaluru","Logistics & Warehousing","Courier","Listed-NSE+BSE","DTDC","","","","services_institutions.csv","agent"
"C04478","Safexpress Private Limited","Private Limited","Private (Indian)","Delhi","New Delhi","Logistics & Warehousing","Express logistics","Unlisted","","","","","services_institutions.csv","agent"
"C04479","Spoton Logistics Private Limited","Private Limited","Private (Indian)","Karnataka","Bengaluru","Logistics & Warehousing","Express logistics","Unlisted","","","","","services_institutions.csv","agent"
"C04480","Essar Ports Limited","Public Limited","Private (Indian)","Maharashtra","Mumbai","Shipping/Ports","Port operator","Unlisted","","","","","services_institutions.csv","agent"
"C04481","APM Terminals Pipavav","Private Limited","Private (Indian)","Maharashtra","Mumbai","Shipping/Ports","Terminal operator","Unlisted","","","","","services_institutions.csv","agent"
"C04482","Chowgule Steamships Limited","Public Limited","Private (Indian)","Goa","Goa","Shipping/Ports","Shipping","Unlisted","","","","","services_institutions.csv","agent"
"C04483","Varun Shipping Company Limited","Public Limited","Private (Indian)","Maharashtra","Mumbai","Shipping/Ports","Shipping","Listed-NSE+BSE","","","","","services_institutions.csv","agent"
"C04484","Sagarmala Development Company Limited","Government Company (PSU)","Central PSU","Delhi","New Delhi","Shipping/Ports","Port development","Unlisted","","","","","services_institutions.csv","agent"
"C04485","Transworld Shipping Services (India) Private Limited","Private Limited","Private (Indian)","Maharashtra","Mumbai","Shipping/Ports","Shipping agency","Unlisted","","","","","services_institutions.csv","agent"
"C04486","Runwal Group","Private Limited","Private (Indian)","Maharashtra","Mumbai","Real Estate","Developer","Unlisted","","","","","services_institutions.csv","agent"
"C04487","Piramal Realty","Private Limited","Private (Indian)","Maharashtra","Mumbai","Real Estate","Developer","Unlisted","","","","","services_institutions.csv","agent"
"C04488","Wadhwa Group (Wadhwa Group Holdings Private Limited)","Private Limited","Private (Indian)","Maharashtra","Mumbai","Real Estate","Developer","Unlisted","","","","","services_institutions.csv","agent"
"C04489","Ashwin Sheth Group","Private Limited","Private (Indian)","Maharashtra","Mumbai","Real Estate","Developer","Unlisted","","","","","services_institutions.csv","agent"
"C04490","Ganga Realty","Private Limited","Private (Indian)","Maharashtra","Pune","Real Estate","Developer","Unlisted","","","","","services_institutions.csv","agent"
"C04491","Gera Developments Private Limited","Private Limited","Private (Indian)","Maharashtra","Pune","Real Estate","Developer","Unlisted","","","","","services_institutions.csv","agent"
"C04492","Pride Purple Properties","Private Limited","Private (Indian)","Maharashtra","Pune","Real Estate","Developer","Unlisted","","","","","services_institutions.csv","agent"
"C04493","Panchshil Realty","Private Limited","Private (Indian)","Maharashtra","Pune","Real Estate","Developer","Unlisted","","","","","services_institutions.csv","agent"
"C04494","Kumar Properties","Private Limited","Private (Indian)","Maharashtra","Pune","Real Estate","Developer","Unlisted","","","","","services_institutions.csv","agent"
"C04495","Nirmal Lifestyle Limited","Public Limited","Private (Indian)","Maharashtra","Mumbai","Real Estate","Developer","Listed-NSE+BSE","","","","","services_institutions.csv","agent"
"C04496","Ireo Private Limited","Private Limited","Private (Indian)","Haryana","Gurugram","Real Estate","Developer","Unlisted","","","","","services_institutions.csv","agent"
"C04497","M3M India Private Limited","Private Limited","Private (Indian)","Haryana","Gurugram","Real Estate","Developer","Unlisted","","","","","services_institutions.csv","agent"
"C04498","Tata Housing (Tata Realty and Infrastructure Limited)","Public Limited","Private (Indian)","Maharashtra","Mumbai","Real Estate","Developer","Unlisted","","","","","services_institutions.csv","agent"
"C04499","Ambience Group","Private Limited","Private (Indian)","Haryana","Gurugram","Real Estate","Developer","Unlisted","","","","","services_institutions.csv","agent"
"C04500","BPTP Limited","Public Limited","Private (Indian)","Haryana","Gurugram","Real Estate","Developer","Unlisted","","","","","services_institutions.csv","agent"
"C04501","Supertech Limited","Public Limited","Private (Indian)","Uttar Pradesh","Noida","Real Estate","Developer","Unlisted","","","","","services_institutions.csv","agent"
"C04502","Eldeco Group","Private Limited","Private (Indian)","Uttar Pradesh","Lucknow","Real Estate","Developer","Unlisted","","","","","services_institutions.csv","agent"
"C04503","Merlin Group","Private Limited","Private (Indian)","West Bengal","Kolkata","Real Estate","Developer","Unlisted","","","","","services_institutions.csv","agent"
"C04504","Ambuja Neotia Group","Private Limited","Private (Indian)","West Bengal","Kolkata","Real Estate","Developer","Unlisted","","","","","services_institutions.csv","agent"
"C04505","PS Group","Private Limited","Private (Indian)","West Bengal","Kolkata","Real Estate","Developer","Unlisted","","","","","services_institutions.csv","agent"
"C04506","Srijan Realty Private Limited","Private Limited","Private (Indian)","West Bengal","Kolkata","Real Estate","Developer","Unlisted","","","","","services_institutions.csv","agent"
"C04507","Siddha Group","Private Limited","Private (Indian)","West Bengal","Kolkata","Real Estate","Developer","Unlisted","","","","","services_institutions.csv","agent"
"C04508","Purvankara Provident Housing (Provident Housing Limited)","Public Limited","Private (Indian)","Karnataka","Bengaluru","Real Estate","Developer","Unlisted","","","","","services_institutions.csv","agent"
"C04509","Salarpuria Sattva Group","Private Limited","Private (Indian)","Karnataka","Bengaluru","Real Estate","Developer","Unlisted","","","","","services_institutions.csv","agent"
"C04510","Total Environment Building Systems Private Limited","Private Limited","Private (Indian)","Karnataka","Bengaluru","Real Estate","Developer","Unlisted","","","","","services_institutions.csv","agent"
"C04511","Mantri Developers Private Limited","Private Limited","Private (Indian)","Karnataka","Bengaluru","Real Estate","Developer","Unlisted","","","","","services_institutions.csv","agent"
"C04512","Casagrand Builder Private Limited","Private Limited","Private (Indian)","Tamil Nadu","Chennai","Real Estate","Developer","Unlisted","","","","","services_institutions.csv","agent"
"C04513","Appaswamy Real Estates Limited","Public Limited","Private (Indian)","Tamil Nadu","Chennai","Real Estate","Developer","Unlisted","","","","","services_institutions.csv","agent"
"C04514","Urban Tree Infrastructure (Ramky Estates)","Private Limited","Private (Indian)","Telangana","Hyderabad","Real Estate","Developer","Unlisted","","","","","services_institutions.csv","agent"
"C04515","My Home Group (My Home Constructions Private Limited)","Private Limited","Private (Indian)","Telangana","Hyderabad","Real Estate","Developer","Unlisted","","","","","services_institutions.csv","agent"
"C04516","Aparna Constructions and Estates Private Limited","Private Limited","Private (Indian)","Telangana","Hyderabad","Real Estate","Developer","Unlisted","","","","","services_institutions.csv","agent"
"C04517","Rajapushpa Properties Private Limited","Private Limited","Private (Indian)","Telangana","Hyderabad","Real Estate","Developer","Unlisted","","","","","services_institutions.csv","agent"
"C04518","Sumadhura Group","Private Limited","Private (Indian)","Telangana","Hyderabad","Real Estate","Developer","Unlisted","","","","","services_institutions.csv","agent"
"C04519","Adani Realty","Private Limited","Private (Indian)","Gujarat","Ahmedabad","Real Estate","Developer","Unlisted","","","","","services_institutions.csv","agent"
"C04520","Shivalik Group","Private Limited","Private (Indian)","Gujarat","Ahmedabad","Real Estate","Developer","Unlisted","","","","","services_institutions.csv","agent"
"C04521","Goyal & Co and Hariom Group","Private Limited","Private (Indian)","Gujarat","Ahmedabad","Real Estate","Developer","Unlisted","","","","","services_institutions.csv","agent"
"C04522","Nitesh Estates Limited","Public Limited","Private (Indian)","Karnataka","Bengaluru","Real Estate","Developer","Unlisted","","","","","services_institutions.csv","agent"
"C04523","Air India Express Limited","Public Limited","Private (Indian)","Haryana","Gurugram","Aviation","Airline","Unlisted","","","","","services_institutions.csv","agent"
"C04524","Akasa Air (SNV Aviation Private Limited)","Private Limited","Private (Indian)","Maharashtra","Mumbai","Aviation","Airline","Unlisted","","","","","services_institutions.csv","agent"
"C04525","Fly91 (Goa Regional Airline)","Private Limited","Private (Indian)","Goa","Goa","Aviation","Regional airline","Unlisted","","","","","services_institutions.csv","agent"
"C04526","Blue Dart Aviation Limited","Public Limited","Private (Indian)","Maharashtra","Mumbai","Aviation","Cargo airline","Unlisted","","","","","services_institutions.csv","agent"
"C04527","Quikjet Cargo Airlines","Private Limited","Private (Indian)","Karnataka","Bengaluru","Aviation","Cargo airline","Unlisted","","","","","services_institutions.csv","agent"
"C04528","Air India SATS Airport Services Private Limited","Private Limited","Private (Indian)","Maharashtra","Mumbai","Aviation","Ground handling","Unlisted","","","","","services_institutions.csv","agent"
"C04529","Celebi Delhi Cargo Terminal Management India Private Limited","Private Limited","Private (Indian)","Delhi","New Delhi","Aviation","Cargo handling","Unlisted","","","","","services_institutions.csv","agent"
"C04530","Bharat Aerospace Ground Handling (Bird Group)","Private Limited","Private (Indian)","Delhi","New Delhi","Aviation","Ground handling","Unlisted","","","","","services_institutions.csv","agent"
"C04531","Delhi International Airport Limited","Public Limited","Private (Indian)","Delhi","New Delhi","Aviation","Airport operator","Unlisted","","","","","services_institutions.csv","agent"
"C04532","Mumbai International Airport Limited","Public Limited","Private (Indian)","Maharashtra","Mumbai","Aviation","Airport operator","Unlisted","","","","","services_institutions.csv","agent"
"C04533","Bangalore International Airport Limited","Public Limited","Private (Indian)","Karnataka","Bengaluru","Aviation","Airport operator","Unlisted","","","","","services_institutions.csv","agent"
"C04534","Hyderabad International Airport Limited","Public Limited","Private (Indian)","Telangana","Hyderabad","Aviation","Airport operator","Unlisted","","","","","services_institutions.csv","agent"
"C04535","Navi Mumbai International Airport Limited","Public Limited","Private (Indian)","Maharashtra","Navi Mumbai","Aviation","Airport operator","Unlisted","","","","","services_institutions.csv","agent"
"C04536","Noida International Airport Limited","Public Limited","Private (Indian)","Uttar Pradesh","Noida","Aviation","Airport operator","Unlisted","","","","","services_institutions.csv","agent"
"C04537","Air Works India (Engineering) Private Limited","Private Limited","Private (Indian)","Maharashtra","Mumbai","Aviation","MRO","Unlisted","","","","","services_institutions.csv","agent"
"C04538","Larsen & Toubro Defence (L&T Defence)","Public Limited","Private (Indian)","Maharashtra","Mumbai","Defence & Aerospace","Defence systems","Unlisted","","","","","services_institutions.csv","agent"
"C04539","Kalyani Strategic Systems Limited","Public Limited","Private (Indian)","Maharashtra","Pune","Defence & Aerospace","Ammunition & artillery","Unlisted","","","","","services_institutions.csv","agent"
"C04540","Reliance Naval and Engineering Limited","Public Limited","Private (Indian)","Gujarat","Mumbai","Defence & Aerospace","Shipbuilding","Delisted/Unknown","","","","","services_institutions.csv","agent"
"C04541","Pipavav Defence (Reliance Defence Limited)","Public Limited","Private (Indian)","Maharashtra","Mumbai","Defence & Aerospace","Shipbuilding","Unlisted","","","","","services_institutions.csv","agent"
"C04542","Mahindra Defence Systems Limited","Public Limited","Private (Indian)","Maharashtra","Mumbai","Defence & Aerospace","Land systems","Unlisted","","","","","services_institutions.csv","agent"
"C04543","SMPP Limited","Public Limited","Private (Indian)","Telangana","Hyderabad","Defence & Aerospace","Ammunition","Listed-NSE+BSE","","","","","services_institutions.csv","agent"
"C04544","Indian Premier League (IPL) Governing Council","Trust/Society","Trust/Society","Maharashtra","Mumbai","Sports","Cricket league","Unlisted","","","","","services_institutions.csv","agent"
"C04545","Cult.fit (Curefit Healthcare Private Limited)","Private Limited","Private (Indian)","Karnataka","Bengaluru","Sports","Fitness","Unlisted","","","","","services_institutions.csv","agent"
"C04546","Gold's Gym India","Private Limited","Private (Indian)","Maharashtra","Mumbai","Sports","Fitness","Unlisted","","","","","services_institutions.csv","agent"
"C04547","Anytime Fitness India","Private Limited","Private (Indian)","Maharashtra","Mumbai","Sports","Fitness","Unlisted","","","","","services_institutions.csv","agent"
"C04548","Pro Kabaddi League (Mashal Sports Private Limited)","Private Limited","Private (Indian)","Maharashtra","Mumbai","Sports","Kabaddi league","Unlisted","","","","","services_institutions.csv","agent"
"C04549","Royal Challengers Sports Private Limited","Private Limited","Private (Indian)","Karnataka","Bengaluru","Sports","Cricket franchise","Unlisted","","","","","services_institutions.csv","agent"
