"name","entity_type","ownership","state_region","sector","sub_sector","listing","ticker_or_cin","hq","verification","source_note"
"Reliance Industries Limited","Public Limited","Private (Indian)","Pan-India","Energy","Oil & Gas / Conglomerate","Listed-NSE+BSE","RELIANCE","Mumbai, Maharashtra","Search-confirmed","Nifty 50 constituent per web search (tickertape/dhan/moneyworks4me results)"
"HDFC Bank Limited","Public Limited","Private (Indian)","Pan-India","Financial Services","Private Sector Bank","Listed-NSE+BSE","HDFCBANK","Mumbai, Maharashtra","Search-confirmed","Nifty 50 constituent per web search (tickertape/dhan/moneyworks4me results)"
"ICICI Bank Limited","Public Limited","Private (Indian)","Pan-India","Financial Services","Private Sector Bank","Listed-NSE+BSE","ICICIBANK","Mumbai, Maharashtra","Search-confirmed","Nifty 50 constituent per web search (tickertape/dhan/moneyworks4me results)"
"State Bank of India","Government Company (PSU)","Central PSU","Pan-India","Financial Services","Public Sector Bank","Listed-NSE+BSE","SBIN","Mumbai, Maharashtra","Search-confirmed","Nifty 50 constituent per web search (tickertape/dhan/moneyworks4me results)"
"Bharti Airtel Limited","Public Limited","Private (Indian)","Pan-India","Telecommunications","Telecom Services","Listed-NSE+BSE","BHARTIARTL","New Delhi, Delhi","Search-confirmed","Nifty 50 constituent per web search (tickertape/dhan/moneyworks4me results)"
"Tata Consultancy Services Limited","Public Limited","Private (Indian)","Pan-India","Information Technology","IT Services","Listed-NSE+BSE","TCS","Mumbai, Maharashtra","Search-confirmed","Nifty 50 constituent per web search (tickertape/dhan/moneyworks4me results)"
"Infosys Limited","Public Limited","Private (Indian)","Pan-India","Information Technology","IT Services","Listed-NSE+BSE","INFY","Bengaluru, Karnataka","Knowledge-based","well-known listed co.; ticker from model knowledge"
"HCL Technologies Limited","Public Limited","Private (Indian)","Pan-India","Information Technology","IT Services","Listed-NSE+BSE","HCLTECH","Noida, Uttar Pradesh","Knowledge-based","well-known listed co.; ticker from model knowledge"
"Wipro Limited","Public Limited","Private (Indian)","Pan-India","Information Technology","IT Services","Listed-NSE+BSE","WIPRO","Bengaluru, Karnataka","Knowledge-based","well-known listed co.; ticker from model knowledge"
"Tech Mahindra Limited","Public Limited","Private (Indian)","Pan-India","Information Technology","IT Services","Listed-NSE+BSE","TECHM","Pune, Maharashtra","Knowledge-based","well-known listed co.; ticker from model knowledge"
"LTIMindtree Limited","Public Limited","Private (Indian)","Pan-India","Information Technology","IT Services","Listed-NSE+BSE","LTIM","Mumbai, Maharashtra","Knowledge-based","well-known listed co.; ticker from model knowledge"
"Persistent Systems Limited","Public Limited","Private (Indian)","Pan-India","Information Technology","IT Services","Listed-NSE+BSE","PERSISTENT","Pune, Maharashtra","Knowledge-based","well-known listed co.; ticker from model knowledge"
"Coforge Limited","Public Limited","Private (Indian)","Pan-India","Information Technology","IT Services","Listed-NSE+BSE","COFORGE","Noida, Uttar Pradesh","Knowledge-based","well-known listed co.; ticker from model knowledge"
"Mphasis Limited","Public Limited","Private (Indian)","Pan-India","Information Technology","IT Services","Listed-NSE+BSE","MPHASIS","Bengaluru, Karnataka","Knowledge-based","well-known listed co.; ticker from model knowledge"
"Oracle Financial Services Software Limited","Public Limited","MNC Subsidiary","Pan-India","Information Technology","Software Products","Listed-NSE+BSE","OFSS","Mumbai, Maharashtra","Knowledge-based","well-known listed co.; ticker from model knowledge"
"KPIT Technologies Limited","Public Limited","Private (Indian)","Pan-India","Information Technology","Engineering Services","Listed-NSE+BSE","KPITTECH","Pune, Maharashtra","Knowledge-based","well-known listed co.; ticker from model knowledge"
"Tata Elxsi Limited","Public Limited","Private (Indian)","Pan-India","Information Technology","Engineering Services","Listed-NSE+BSE","TATAELXSI","Bengaluru, Karnataka","Knowledge-based","well-known listed co.; ticker from model knowledge"
"Sonata Software Limited","Public Limited","Private (Indian)","Pan-India","Information Technology","IT Services","Listed-NSE+BSE","SONATSOFTW","Bengaluru, Karnataka","Knowledge-based","well-known listed co.; ticker from model knowledge"
"Cyient Limited","Public Limited","Private (Indian)","Pan-India","Information Technology","Engineering Services","Listed-NSE+BSE","CYIENT","Hyderabad, Telangana","Knowledge-based","well-known listed co.; ticker from model knowledge"
"Birlasoft Limited","Public Limited","Private (Indian)","Pan-India","Information Technology","IT Services","Listed-NSE+BSE","","Pune, Maharashtra","Needs manual check","listed co.; ticker not confident, blanked"
"Zensar Technologies Limited","Public Limited","Private (Indian)","Pan-India","Information Technology","IT Services","Listed-NSE+BSE","ZENSARTECH","Pune, Maharashtra","Knowledge-based","well-known listed co.; ticker from model knowledge"
"Kfin Technologies Limited","Public Limited","Private (Indian)","Pan-India","Financial Services","Registrar & Technology","Listed-NSE+BSE","KFINTECH","Hyderabad, Telangana","Knowledge-based","well-known listed co.; ticker from model knowledge"
"Axis Bank Limited","Public Limited","Private (Indian)","Pan-India","Financial Services","Private Sector Bank","Listed-NSE+BSE","AXISBANK","Mumbai, Maharashtra","Knowledge-based","well-known listed co.; ticker from model knowledge"
"Kotak Mahindra Bank Limited","Public Limited","Private (Indian)","Pan-India","Financial Services","Private Sector Bank","Listed-NSE+BSE","KOTAKBANK","Mumbai, Maharashtra","Knowledge-based","well-known listed co.; ticker from model knowledge"
"IndusInd Bank Limited","Public Limited","Private (Indian)","Pan-India","Financial Services","Private Sector Bank","Listed-NSE+BSE","INDUSINDBK","Mumbai, Maharashtra","Knowledge-based","well-known listed co.; ticker from model knowledge"
"Yes Bank Limited","Public Limited","Private (Indian)","Pan-India","Financial Services","Private Sector Bank","Listed-NSE+BSE","YESBANK","Mumbai, Maharashtra","Knowledge-based","well-known listed co.; ticker from model knowledge"
"IDFC First Bank Limited","Public Limited","Private (Indian)","Pan-India","Financial Services","Private Sector Bank","Listed-NSE+BSE","IDFCFIRSTB","Mumbai, Maharashtra","Knowledge-based","well-known listed co.; ticker from model knowledge"
"Federal Bank Limited","Public Limited","Private (Indian)","Pan-India","Financial Services","Private Sector Bank","Listed-NSE+BSE","FEDERALBNK","Aluva, Kerala","Knowledge-based","well-known listed co.; ticker from model knowledge"
"Bandhan Bank Limited","Public Limited","Private (Indian)","Pan-India","Financial Services","Private Sector Bank","Listed-NSE+BSE","BANDHANBNK","Kolkata, West Bengal","Knowledge-based","well-known listed co.; ticker from model knowledge"
"RBL Bank Limited","Public Limited","Private (Indian)","Pan-India","Financial Services","Private Sector Bank","Listed-NSE+BSE","RBLBANK","Mumbai, Maharashtra","Knowledge-based","well-known listed co.; ticker from model knowledge"
"AU Small Finance Bank Limited","Public Limited","Private (Indian)","Pan-India","Financial Services","Small Finance Bank","Listed-NSE+BSE","AUBANK","Jaipur, Rajasthan","Knowledge-based","well-known listed co.; ticker from model knowledge"
"City Union Bank Limited","Public Limited","Private (Indian)","Tamil Nadu","Financial Services","Private Sector Bank","Listed-NSE+BSE","CUB","Kumbakonam, Tamil Nadu","Knowledge-based","well-known listed co.; ticker from model knowledge"
"Karur Vysya Bank Limited","Public Limited","Private (Indian)","Tamil Nadu","Financial Services","Private Sector Bank","Listed-NSE+BSE","KARURVYSYA","Karur, Tamil Nadu","Knowledge-based","well-known listed co.; ticker from model knowledge"
"South Indian Bank Limited","Public Limited","Private (Indian)","Kerala","Financial Services","Private Sector Bank","Listed-NSE+BSE","SOUTHBANK","Thrissur, Kerala","Knowledge-based","well-known listed co.; ticker from model knowledge"
"Tamilnad Mercantile Bank Limited","Public Limited","Private (Indian)","Tamil Nadu","Financial Services","Private Sector Bank","Listed-NSE+BSE","","Thoothukudi, Tamil Nadu","Needs manual check","listed co.; ticker not confident, blanked"
"Equitas Small Finance Bank Limited","Public Limited","Private (Indian)","Tamil Nadu","Financial Services","Small Finance Bank","Listed-NSE+BSE","EQUITASBNK","Chennai, Tamil Nadu","Knowledge-based","well-known listed co.; ticker from model knowledge"
"Ujjivan Small Finance Bank Limited","Public Limited","Private (Indian)","Karnataka","Financial Services","Small Finance Bank","Listed-NSE+BSE","UJJIVANSFB","Bengaluru, Karnataka","Knowledge-based","well-known listed co.; ticker from model knowledge"
"Bank of Baroda","Government Company (PSU)","Central PSU","Pan-India","Financial Services","Public Sector Bank","Listed-NSE+BSE","BANKBARODA","Vadodara, Gujarat","Knowledge-based","well-known listed co.; ticker from model knowledge"
"Punjab National Bank","Government Company (PSU)","Central PSU","Pan-India","Financial Services","Public Sector Bank","Listed-NSE+BSE","PNB","New Delhi, Delhi","Knowledge-based","well-known listed co.; ticker from model knowledge"
"Canara Bank","Government Company (PSU)","Central PSU","Pan-India","Financial Services","Public Sector Bank","Listed-NSE+BSE","CANBK","Bengaluru, Karnataka","Knowledge-based","well-known listed co.; ticker from model knowledge"
"Union Bank of India","Government Company (PSU)","Central PSU","Pan-India","Financial Services","Public Sector Bank","Listed-NSE+BSE","UNIONBANK","Mumbai, Maharashtra","Knowledge-based","well-known listed co.; ticker from model knowledge"
"Bank of India","Government Company (PSU)","Central PSU","Pan-India","Financial Services","Public Sector Bank","Listed-NSE+BSE","BANKINDIA","Mumbai, Maharashtra","Knowledge-based","well-known listed co.; ticker from model knowledge"
"Indian Bank","Government Company (PSU)","Central PSU","Pan-India","Financial Services","Public Sector Bank","Listed-NSE+BSE","INDIANB","Chennai, Tamil Nadu","Knowledge-based","well-known listed co.; ticker from model knowledge"
"Central Bank of India","Government Company (PSU)","Central PSU","Pan-India","Financial Services","Public Sector Bank","Listed-NSE+BSE","CENTRALBK","Mumbai, Maharashtra","Knowledge-based","well-known listed co.; ticker from model knowledge"
"Indian Overseas Bank","Government Company (PSU)","Central PSU","Pan-India","Financial Services","Public Sector Bank","Listed-NSE+BSE","IOB","Chennai, Tamil Nadu","Knowledge-based","well-known listed co.; ticker from model knowledge"
"UCO Bank","Government Company (PSU)","Central PSU","Pan-India","Financial Services","Public Sector Bank","Listed-NSE+BSE","UCOBANK","Kolkata, West Bengal","Knowledge-based","well-known listed co.; ticker from model knowledge"
"Bank of Maharashtra","Government Company (PSU)","Central PSU","Pan-India","Financial Services","Public Sector Bank","Listed-NSE+BSE","MAHABANK","Pune, Maharashtra","Knowledge-based","well-known listed co.; ticker from model knowledge"
"Punjab & Sind Bank","Government Company (PSU)","Central PSU","Pan-India","Financial Services","Public Sector Bank","Listed-NSE+BSE","PSB","New Delhi, Delhi","Knowledge-based","well-known listed co.; ticker from model knowledge"
"Bajaj Finance Limited","Public Limited","Private (Indian)","Pan-India","Financial Services","NBFC","Listed-NSE+BSE","BAJFINANCE","Pune, Maharashtra","Knowledge-based","well-known listed co.; ticker from model knowledge"
"Bajaj Finserv Limited","Public Limited","Private (Indian)","Pan-India","Financial Services","Financial Holding","Listed-NSE+BSE","BAJAJFINSV","Pune, Maharashtra","Knowledge-based","well-known listed co.; ticker from model knowledge"
"Bajaj Holdings & Investment Limited","Public Limited","Private (Indian)","Pan-India","Financial Services","Investment Holding","Listed-NSE+BSE","BAJAJHLDNG","Pune, Maharashtra","Knowledge-based","well-known listed co.; ticker from model knowledge"
"Bajaj Housing Finance Limited","Public Limited","Private (Indian)","Pan-India","Financial Services","Housing Finance","Listed-NSE+BSE","","Pune, Maharashtra","Needs manual check","listed co.; ticker not confident, blanked"
"Shriram Finance Limited","Public Limited","Private (Indian)","Pan-India","Financial Services","NBFC","Listed-NSE+BSE","SHRIRAMFIN","Mumbai, Maharashtra","Knowledge-based","well-known listed co.; ticker from model knowledge"
"Cholamandalam Investment and Finance Company Limited","Public Limited","Private (Indian)","Pan-India","Financial Services","NBFC","Listed-NSE+BSE","CHOLAFIN","Chennai, Tamil Nadu","Knowledge-based","well-known listed co.; ticker from model knowledge"
"Muthoot Finance Limited","Public Limited","Private (Indian)","Pan-India","Financial Services","Gold Loan NBFC","Listed-NSE+BSE","MUTHOOTFIN","Kochi, Kerala","Knowledge-based","well-known listed co.; ticker from model knowledge"
"Manappuram Finance Limited","Public Limited","Private (Indian)","Pan-India","Financial Services","Gold Loan NBFC","Listed-NSE+BSE","MANAPPURAM","Valapad, Kerala","Knowledge-based","well-known listed co.; ticker from model knowledge"
"Mahindra & Mahindra Financial Services Limited","Public Limited","Private (Indian)","Pan-India","Financial Services","NBFC","Listed-NSE+BSE","M&MFIN","Mumbai, Maharashtra","Knowledge-based","well-known listed co.; ticker from model knowledge"
"L&T Finance Limited","Public Limited","Private (Indian)","Pan-India","Financial Services","NBFC","Listed-NSE+BSE","","Mumbai, Maharashtra","Needs manual check","listed co.; ticker not confident, blanked"
"Poonawalla Fincorp Limited","Public Limited","Private (Indian)","Pan-India","Financial Services","NBFC","Listed-NSE+BSE","POONAWALLA","Pune, Maharashtra","Knowledge-based","well-known listed co.; ticker from model knowledge"
"Aditya Birla Capital Limited","Public Limited","Private (Indian)","Pan-India","Financial Services","Financial Services","Listed-NSE+BSE","ABCAPITAL","Mumbai, Maharashtra","Knowledge-based","well-known listed co.; ticker from model knowledge"
"Piramal Finance Limited","Public Limited","Private (Indian)","Pan-India","Financial Services","NBFC","Listed-NSE+BSE","","Mumbai, Maharashtra","Needs manual check","listed co.; ticker not confident, blanked"
"Sundaram Finance Limited","Public Limited","Private (Indian)","Pan-India","Financial Services","NBFC","Listed-NSE+BSE","SUNDARMFIN","Chennai, Tamil Nadu","Knowledge-based","well-known listed co.; ticker from model knowledge"
"Can Fin Homes Limited","Public Limited","Private (Indian)","Karnataka","Financial Services","Housing Finance","Listed-NSE+BSE","CANFINHOME","Bengaluru, Karnataka","Knowledge-based","well-known listed co.; ticker from model knowledge"
"LIC Housing Finance Limited","Government Company (PSU)","Central PSU","Pan-India","Financial Services","Housing Finance","Listed-NSE+BSE","LICHSGFIN","Mumbai, Maharashtra","Knowledge-based","well-known listed co.; ticker from model knowledge"
"PNB Housing Finance Limited","Public Limited","Private (Indian)","Pan-India","Financial Services","Housing Finance","Listed-NSE+BSE","PNBHOUSING","New Delhi, Delhi","Knowledge-based","well-known listed co.; ticker from model knowledge"
"Aavas Financiers Limited","Public Limited","Private (Indian)","Rajasthan","Financial Services","Housing Finance","Listed-NSE+BSE","AAVAS","Jaipur, Rajasthan","Knowledge-based","well-known listed co.; ticker from model knowledge"
"Aptus Value Housing Finance India Limited","Public Limited","Private (Indian)","Tamil Nadu","Financial Services","Housing Finance","Listed-NSE+BSE","APTUS","Chennai, Tamil Nadu","Knowledge-based","well-known listed co.; ticker from model knowledge"
"Home First Finance Company India Limited","Public Limited","Private (Indian)","Maharashtra","Financial Services","Housing Finance","Listed-NSE+BSE","HOMEFIRST","Mumbai, Maharashtra","Knowledge-based","well-known listed co.; ticker from model knowledge"
"Creditaccess Grameen Limited","Public Limited","Private (Indian)","Karnataka","Financial Services","Microfinance","Listed-NSE+BSE","CREDITACC","Bengaluru, Karnataka","Knowledge-based","well-known listed co.; ticker from model knowledge"
"Five-Star Business Finance Limited","Public Limited","Private (Indian)","Tamil Nadu","Financial Services","NBFC","Listed-NSE+BSE","FIVESTAR","Chennai, Tamil Nadu","Knowledge-based","well-known listed co.; ticker from model knowledge"
"Aditya Birla Sun Life AMC Limited","Public Limited","Private (Indian)","Pan-India","Financial Services","Asset Management","Listed-NSE+BSE","ABSLAMC","Mumbai, Maharashtra","Knowledge-based","well-known listed co.; ticker from model knowledge"
"HDFC Asset Management Company Limited","Public Limited","Private (Indian)","Pan-India","Financial Services","Asset Management","Listed-NSE+BSE","HDFCAMC","Mumbai, Maharashtra","Knowledge-based","well-known listed co.; ticker from model knowledge"
"Nippon Life India Asset Management Limited","Public Limited","Private (Indian)","Pan-India","Financial Services","Asset Management","Listed-NSE+BSE","NAM-INDIA","Mumbai, Maharashtra","Knowledge-based","well-known listed co.; ticker from model knowledge"
"UTI Asset Management Company Limited","Public Limited","Private (Indian)","Pan-India","Financial Services","Asset Management","Listed-NSE+BSE","UTIAMC","Mumbai, Maharashtra","Knowledge-based","well-known listed co.; ticker from model knowledge"
"HDFC Life Insurance Company Limited","Public Limited","Private (Indian)","Pan-India","Financial Services","Life Insurance","Listed-NSE+BSE","HDFCLIFE","Mumbai, Maharashtra","Knowledge-based","well-known listed co.; ticker from model knowledge"
"SBI Life Insurance Company Limited","Public Limited","Private (Indian)","Pan-India","Financial Services","Life Insurance","Listed-NSE+BSE","SBILIFE","Mumbai, Maharashtra","Knowledge-based","well-known listed co.; ticker from model knowledge"
"ICICI Prudential Life Insurance Company Limited","Public Limited","Private (Indian)","Pan-India","Financial Services","Life Insurance","Listed-NSE+BSE","ICICIPRULI","Mumbai, Maharashtra","Knowledge-based","well-known listed co.; ticker from model knowledge"
"Life Insurance Corporation of India","Statutory Corporation","Central PSU","Pan-India","Financial Services","Life Insurance","Listed-NSE+BSE","LICI","Mumbai, Maharashtra","Knowledge-based","well-known listed co.; ticker from model knowledge"
"ICICI Lombard General Insurance Company Limited","Public Limited","Private (Indian)","Pan-India","Financial Services","General Insurance","Listed-NSE+BSE","ICICIGI","Mumbai, Maharashtra","Knowledge-based","well-known listed co.; ticker from model knowledge"
"SBI Cards and Payment Services Limited","Public Limited","Private (Indian)","Pan-India","Financial Services","Credit Cards","Listed-NSE+BSE","SBICARD","Gurugram, Haryana","Knowledge-based","well-known listed co.; ticker from model knowledge"
"Max Financial Services Limited","Public Limited","Private (Indian)","Pan-India","Financial Services","Life Insurance","Listed-NSE+BSE","MFSL","New Delhi, Delhi","Knowledge-based","well-known listed co.; ticker from model knowledge"
"Star Health and Allied Insurance Company Limited","Public Limited","Private (Indian)","Pan-India","Financial Services","Health Insurance","Listed-NSE+BSE","STARHEALTH","Chennai, Tamil Nadu","Knowledge-based","well-known listed co.; ticker from model knowledge"
"New India Assurance Company Limited","Government Company (PSU)","Central PSU","Pan-India","Financial Services","General Insurance","Listed-NSE+BSE","NIACL","Mumbai, Maharashtra","Knowledge-based","well-known listed co.; ticker from model knowledge"
"General Insurance Corporation of India","Government Company (PSU)","Central PSU","Pan-India","Financial Services","Reinsurance","Listed-NSE+BSE","GICRE","Mumbai, Maharashtra","Knowledge-based","well-known listed co.; ticker from model knowledge"
"Bajaj Auto Limited","Public Limited","Private (Indian)","Pan-India","Automobile","Two Wheelers","Listed-NSE+BSE","BAJAJ-AUTO","Pune, Maharashtra","Knowledge-based","well-known listed co.; ticker from model knowledge"
"Hero MotoCorp Limited","Public Limited","Private (Indian)","Pan-India","Automobile","Two Wheelers","Listed-NSE+BSE","HEROMOTOCO","New Delhi, Delhi","Knowledge-based","well-known listed co.; ticker from model knowledge"
"Eicher Motors Limited","Public Limited","Private (Indian)","Pan-India","Automobile","Two Wheelers / CV","Listed-NSE+BSE","EICHERMOT","New Delhi, Delhi","Knowledge-based","well-known listed co.; ticker from model knowledge"
"TVS Motor Company Limited","Public Limited","Private (Indian)","Pan-India","Automobile","Two Wheelers","Listed-NSE+BSE","TVSMOTOR","Chennai, Tamil Nadu","Knowledge-based","well-known listed co.; ticker from model knowledge"
"Maruti Suzuki India Limited","Public Limited","MNC Subsidiary","Pan-India","Automobile","Passenger Vehicles","Listed-NSE+BSE","MARUTI","New Delhi, Delhi","Knowledge-based","well-known listed co.; ticker from model knowledge"
"Mahindra & Mahindra Limited","Public Limited","Private (Indian)","Pan-India","Automobile","Passenger Vehicles / Tractors","Listed-NSE+BSE","M&M","Mumbai, Maharashtra","Knowledge-based","well-known listed co.; ticker from model knowledge"
"Tata Motors Limited","Public Limited","Private (Indian)","Pan-India","Automobile","Commercial Vehicles","Listed-NSE+BSE","","Mumbai, Maharashtra","Needs manual check","listed co.; ticker not confident, blanked"
"Ashok Leyland Limited","Public Limited","Private (Indian)","Pan-India","Automobile","Commercial Vehicles","Listed-NSE+BSE","ASHOKLEY","Chennai, Tamil Nadu","Knowledge-based","well-known listed co.; ticker from model knowledge"
"Force Motors Limited","Public Limited","Private (Indian)","Maharashtra","Automobile","Commercial Vehicles","Listed-NSE+BSE","FORCEMOT","Pune, Maharashtra","Knowledge-based","well-known listed co.; ticker from model knowledge"
"Escorts Kubota Limited","Public Limited","Private (Indian)","Pan-India","Automobile","Tractors","Listed-NSE+BSE","ESCORTS","Faridabad, Haryana","Knowledge-based","well-known listed co.; ticker from model knowledge"
"SML Isuzu Limited","Public Limited","Private (Indian)","Punjab","Automobile","Commercial Vehicles","Listed-NSE+BSE","","Nawanshahr, Punjab","Needs manual check","listed co.; ticker not confident, blanked"
"Bosch Limited","Public Limited","MNC Subsidiary","Pan-India","Automobile","Auto Components","Listed-NSE+BSE","BOSCHLTD","Bengaluru, Karnataka","Knowledge-based","well-known listed co.; ticker from model knowledge"
"Motherson Sumi Wiring India Limited","Public Limited","Private (Indian)","Maharashtra","Automobile","Auto Components","Listed-NSE+BSE","","Mumbai, Maharashtra","Needs manual check","listed co.; ticker not confident, blanked"
"Samvardhana Motherson International Limited","Public Limited","Private (Indian)","Pan-India","Automobile","Auto Components","Listed-NSE+BSE","","Noida, Uttar Pradesh","Needs manual check","listed co.; ticker not confident, blanked"
"Sundram Fasteners Limited","Public Limited","Private (Indian)","Tamil Nadu","Automobile","Auto Components","Listed-NSE+BSE","SUNDRMFAST","Chennai, Tamil Nadu","Knowledge-based","well-known listed co.; ticker from model knowledge"
"Balkrishna Industries Limited","Public Limited","Private (Indian)","Maharashtra","Automobile","Tyres","Listed-NSE+BSE","BALKRISIND","Mumbai, Maharashtra","Knowledge-based","well-known listed co.; ticker from model knowledge"
"MRF Limited","Public Limited","Private (Indian)","Pan-India","Automobile","Tyres","Listed-NSE+BSE","MRF","Chennai, Tamil Nadu","Knowledge-based","well-known listed co.; ticker from model knowledge"
"Apollo Tyres Limited","Public Limited","Private (Indian)","Pan-India","Automobile","Tyres","Listed-NSE+BSE","APOLLOTYRE","Gurugram, Haryana","Knowledge-based","well-known listed co.; ticker from model knowledge"
"CEAT Limited","Public Limited","Private (Indian)","Pan-India","Automobile","Tyres","Listed-NSE+BSE","CEATLTD","Mumbai, Maharashtra","Knowledge-based","well-known listed co.; ticker from model knowledge"
"JK Tyre & Industries Limited","Public Limited","Private (Indian)","Pan-India","Automobile","Tyres","Listed-NSE+BSE","JKTYRE","New Delhi, Delhi","Knowledge-based","well-known listed co.; ticker from model knowledge"
"Exide Industries Limited","Public Limited","Private (Indian)","Pan-India","Automobile","Batteries","Listed-NSE+BSE","EXIDEIND","Kolkata, West Bengal","Knowledge-based","well-known listed co.; ticker from model knowledge"
"Amara Raja Energy & Mobility Limited","Public Limited","Private (Indian)","Andhra Pradesh","Automobile","Batteries","Listed-NSE+BSE","ARE&M","Tirupati, Andhra Pradesh","Knowledge-based","well-known listed co.; ticker from model knowledge"
"Endurance Technologies Limited","Public Limited","Private (Indian)","Maharashtra","Automobile","Auto Components","Listed-NSE+BSE","ENDURANCE","Aurangabad, Maharashtra","Knowledge-based","well-known listed co.; ticker from model knowledge"
"Schaeffler India Limited","Public Limited","MNC Subsidiary","Pan-India","Automobile","Auto Components","Listed-NSE+BSE","SCHAEFFLER","Pune, Maharashtra","Knowledge-based","well-known listed co.; ticker from model knowledge"
"Uno Minda Limited","Public Limited","Private (Indian)","Pan-India","Automobile","Auto Components","Listed-NSE+BSE","UNOMINDA","Gurugram, Haryana","Knowledge-based","well-known listed co.; ticker from model knowledge"
"Sona BLW Precision Forgings Limited","Public Limited","Private (Indian)","Haryana","Automobile","Auto Components","Listed-NSE+BSE","SONACOMS","Gurugram, Haryana","Knowledge-based","well-known listed co.; ticker from model knowledge"
"Bharat Forge Limited","Public Limited","Private (Indian)","Pan-India","Automobile","Forgings","Listed-NSE+BSE","BHARATFORG","Pune, Maharashtra","Knowledge-based","well-known listed co.; ticker from model knowledge"
"Tube Investments of India Limited","Public Limited","Private (Indian)","Pan-India","Automobile","Auto Components / Engineering","Listed-NSE+BSE","TIINDIA","Chennai, Tamil Nadu","Knowledge-based","well-known listed co.; ticker from model knowledge"
"Ola Electric Mobility Limited","Public Limited","Private (Indian)","Pan-India","Automobile","Electric Two Wheelers","Listed-NSE+BSE","OLAELEC","Bengaluru, Karnataka","Knowledge-based","well-known listed co.; ticker from model knowledge"
"Ather Energy Limited","Public Limited","Private (Indian)","Karnataka","Automobile","Electric Two Wheelers","Listed-NSE+BSE","","Bengaluru, Karnataka","Needs manual check","listed co.; ticker not confident, blanked"
"Hyundai Motor India Limited","Public Limited","MNC Subsidiary","Pan-India","Automobile","Passenger Vehicles","Listed-NSE+BSE","","Gurugram, Haryana","Needs manual check","listed co.; ticker not confident, blanked"
"Hindustan Unilever Limited","Public Limited","MNC Subsidiary","Pan-India","FMCG","Personal & Home Care","Listed-NSE+BSE","HINDUNILVR","Mumbai, Maharashtra","Knowledge-based","well-known listed co.; ticker from model knowledge"
"ITC Limited","Public Limited","Private (Indian)","Pan-India","FMCG","Diversified FMCG / Tobacco","Listed-NSE+BSE","ITC","Kolkata, West Bengal","Knowledge-based","well-known listed co.; ticker from model knowledge"
"Nestle India Limited","Public Limited","MNC Subsidiary","Pan-India","FMCG","Foods","Listed-NSE+BSE","NESTLEIND","New Delhi, Delhi","Knowledge-based","well-known listed co.; ticker from model knowledge"
"Britannia Industries Limited","Public Limited","Private (Indian)","Pan-India","FMCG","Foods","Listed-NSE+BSE","BRITANNIA","Bengaluru, Karnataka","Knowledge-based","well-known listed co.; ticker from model knowledge"
"Dabur India Limited","Public Limited","Private (Indian)","Pan-India","FMCG","Personal Care","Listed-NSE+BSE","DABUR","Ghaziabad, Uttar Pradesh","Knowledge-based","well-known listed co.; ticker from model knowledge"
"Godrej Consumer Products Limited","Public Limited","Private (Indian)","Pan-India","FMCG","Personal Care","Listed-NSE+BSE","GODREJCP","Mumbai, Maharashtra","Knowledge-based","well-known listed co.; ticker from model knowledge"
"Marico Limited","Public Limited","Private (Indian)","Pan-India","FMCG","Personal Care","Listed-NSE+BSE","MARICO","Mumbai, Maharashtra","Knowledge-based","well-known listed co.; ticker from model knowledge"
"Colgate-Palmolive (India) Limited","Public Limited","MNC Subsidiary","Pan-India","FMCG","Personal Care","Listed-NSE+BSE","COLPAL","Mumbai, Maharashtra","Knowledge-based","well-known listed co.; ticker from model knowledge"
"Tata Consumer Products Limited","Public Limited","Private (Indian)","Pan-India","FMCG","Beverages & Foods","Listed-NSE+BSE","TATACONSUM","Mumbai, Maharashtra","Knowledge-based","well-known listed co.; ticker from model knowledge"
"Emami Limited","Public Limited","Private (Indian)","Pan-India","FMCG","Personal Care","Listed-NSE+BSE","EMAMILTD","Kolkata, West Bengal","Knowledge-based","well-known listed co.; ticker from model knowledge"
"Patanjali Foods Limited","Public Limited","Private (Indian)","Pan-India","FMCG","Edible Oils & Foods","Listed-NSE+BSE","PATANJALI","Haridwar, Uttarakhand","Knowledge-based","well-known listed co.; ticker from model knowledge"
"Varun Beverages Limited","Public Limited","Private (Indian)","Pan-India","FMCG","Beverages","Listed-NSE+BSE","VBL","Gurugram, Haryana","Knowledge-based","well-known listed co.; ticker from model knowledge"
"United Spirits Limited","Public Limited","MNC Subsidiary","Pan-India","FMCG","Alcoholic Beverages","Listed-NSE+BSE","UNITDSPR","Bengaluru, Karnataka","Knowledge-based","well-known listed co.; ticker from model knowledge"
"United Breweries Limited","Public Limited","MNC Subsidiary","Pan-India","FMCG","Alcoholic Beverages","Listed-NSE+BSE","UBL","Bengaluru, Karnataka","Knowledge-based","well-known listed co.; ticker from model knowledge"
"Radico Khaitan Limited","Public Limited","Private (Indian)","Pan-India","FMCG","Alcoholic Beverages","Listed-NSE+BSE","RADICO","Rampur, Uttar Pradesh","Knowledge-based","well-known listed co.; ticker from model knowledge"
"Procter & Gamble Hygiene and Health Care Limited","Public Limited","MNC Subsidiary","Pan-India","FMCG","Personal Care","Listed-NSE+BSE","PGHH","Mumbai, Maharashtra","Knowledge-based","well-known listed co.; ticker from model knowledge"
"Gillette India Limited","Public Limited","MNC Subsidiary","Pan-India","FMCG","Personal Care","Listed-NSE+BSE","GILLETTE","Mumbai, Maharashtra","Knowledge-based","well-known listed co.; ticker from model knowledge"
"Bikaji Foods International Limited","Public Limited","Private (Indian)","Rajasthan","FMCG","Snacks","Listed-NSE+BSE","BIKAJI","Bikaner, Rajasthan","Knowledge-based","well-known listed co.; ticker from model knowledge"
"Jyothy Labs Limited","Public Limited","Private (Indian)","Maharashtra","FMCG","Home Care","Listed-NSE+BSE","JYOTHYLAB","Mumbai, Maharashtra","Knowledge-based","well-known listed co.; ticker from model knowledge"
"Zydus Wellness Limited","Public Limited","Private (Indian)","Gujarat","FMCG","Consumer Wellness","Listed-NSE+BSE","ZYDUSWELL","Ahmedabad, Gujarat","Knowledge-based","well-known listed co.; ticker from model knowledge"
"Honasa Consumer Limited","Public Limited","Private (Indian)","Pan-India","FMCG","Personal Care","Listed-NSE+BSE","HONASA","Gurugram, Haryana","Knowledge-based","well-known listed co.; ticker from model knowledge"
"Vadilal Industries Limited","Public Limited","Private (Indian)","Gujarat","FMCG","Ice Cream","Listed-NSE+BSE","VADILALIND","Ahmedabad, Gujarat","Knowledge-based","well-known listed co.; ticker from model knowledge"
"Sun Pharmaceutical Industries Limited","Public Limited","Private (Indian)","Pan-India","Pharmaceuticals","Formulations","Listed-NSE+BSE","SUNPHARMA","Mumbai, Maharashtra","Knowledge-based","well-known listed co.; ticker from model knowledge"
"Dr. Reddy's Laboratories Limited","Public Limited","Private (Indian)","Pan-India","Pharmaceuticals","Formulations","Listed-NSE+BSE","DRREDDY","Hyderabad, Telangana","Knowledge-based","well-known listed co.; ticker from model knowledge"
"Cipla Limited","Public Limited","Private (Indian)","Pan-India","Pharmaceuticals","Formulations","Listed-NSE+BSE","CIPLA","Mumbai, Maharashtra","Knowledge-based","well-known listed co.; ticker from model knowledge"
"Divi's Laboratories Limited","Public Limited","Private (Indian)","Telangana","Pharmaceuticals","API / CRAMS","Listed-NSE+BSE","DIVISLAB","Hyderabad, Telangana","Knowledge-based","well-known listed co.; ticker from model knowledge"
"Lupin Limited","Public Limited","Private (Indian)","Pan-India","Pharmaceuticals","Formulations","Listed-NSE+BSE","LUPIN","Mumbai, Maharashtra","Knowledge-based","well-known listed co.; ticker from model knowledge"
"Aurobindo Pharma Limited","Public Limited","Private (Indian)","Pan-India","Pharmaceuticals","Formulations / API","Listed-NSE+BSE","AUROPHARMA","Hyderabad, Telangana","Knowledge-based","well-known listed co.; ticker from model knowledge"
"Zydus Lifesciences Limited","Public Limited","Private (Indian)","Pan-India","Pharmaceuticals","Formulations","Listed-NSE+BSE","ZYDUSLIFE","Ahmedabad, Gujarat","Knowledge-based","well-known listed co.; ticker from model knowledge"
"Torrent Pharmaceuticals Limited","Public Limited","Private (Indian)","Pan-India","Pharmaceuticals","Formulations","Listed-NSE+BSE","TORNTPHARM","Ahmedabad, Gujarat","Knowledge-based","well-known listed co.; ticker from model knowledge"
"Alkem Laboratories Limited","Public Limited","Private (Indian)","Pan-India","Pharmaceuticals","Formulations","Listed-NSE+BSE","ALKEM","Mumbai, Maharashtra","Knowledge-based","well-known listed co.; ticker from model knowledge"
"Mankind Pharma Limited","Public Limited","Private (Indian)","Pan-India","Pharmaceuticals","Formulations","Listed-NSE+BSE","MANKIND","New Delhi, Delhi","Knowledge-based","well-known listed co.; ticker from model knowledge"
"Glenmark Pharmaceuticals Limited","Public Limited","Private (Indian)","Pan-India","Pharmaceuticals","Formulations","Listed-NSE+BSE","GLENMARK","Mumbai, Maharashtra","Knowledge-based","well-known listed co.; ticker from model knowledge"
"Biocon Limited","Public Limited","Private (Indian)","Pan-India","Pharmaceuticals","Biopharma","Listed-NSE+BSE","BIOCON","Bengaluru, Karnataka","Knowledge-based","well-known listed co.; ticker from model knowledge"
"Ipca Laboratories Limited","Public Limited","Private (Indian)","Pan-India","Pharmaceuticals","Formulations","Listed-NSE+BSE","IPCALAB","Mumbai, Maharashtra","Knowledge-based","well-known listed co.; ticker from model knowledge"
"Ajanta Pharma Limited","Public Limited","Private (Indian)","Maharashtra","Pharmaceuticals","Formulations","Listed-NSE+BSE","AJANTPHARM","Mumbai, Maharashtra","Knowledge-based","well-known listed co.; ticker from model knowledge"
"Laurus Labs Limited","Public Limited","Private (Indian)","Telangana","Pharmaceuticals","API / CDMO","Listed-NSE+BSE","LAURUSLABS","Hyderabad, Telangana","Knowledge-based","well-known listed co.; ticker from model knowledge"
"Natco Pharma Limited","Public Limited","Private (Indian)","Telangana","Pharmaceuticals","Formulations","Listed-NSE+BSE","NATCOPHARM","Hyderabad, Telangana","Knowledge-based","well-known listed co.; ticker from model knowledge"
"Granules India Limited","Public Limited","Private (Indian)","Telangana","Pharmaceuticals","API / Formulations","Listed-NSE+BSE","GRANULES","Hyderabad, Telangana","Knowledge-based","well-known listed co.; ticker from model knowledge"
"Gland Pharma Limited","Public Limited","Private (Indian)","Telangana","Pharmaceuticals","Injectables","Listed-NSE+BSE","GLAND","Hyderabad, Telangana","Knowledge-based","well-known listed co.; ticker from model knowledge"
"Abbott India Limited","Public Limited","MNC Subsidiary","Pan-India","Pharmaceuticals","Formulations","Listed-NSE+BSE","ABBOTINDIA","Mumbai, Maharashtra","Knowledge-based","well-known listed co.; ticker from model knowledge"
"Sanofi India Limited","Public Limited","MNC Subsidiary","Pan-India","Pharmaceuticals","Formulations","Listed-NSE+BSE","SANOFI","Mumbai, Maharashtra","Knowledge-based","well-known listed co.; ticker from model knowledge"
"Pfizer Limited","Public Limited","MNC Subsidiary","Pan-India","Pharmaceuticals","Formulations","Listed-NSE+BSE","PFIZER","Mumbai, Maharashtra","Knowledge-based","well-known listed co.; ticker from model knowledge"
"GlaxoSmithKline Pharmaceuticals Limited","Public Limited","MNC Subsidiary","Pan-India","Pharmaceuticals","Formulations","Listed-NSE+BSE","GLAXO","Mumbai, Maharashtra","Knowledge-based","well-known listed co.; ticker from model knowledge"
"Emcure Pharmaceuticals Limited","Public Limited","Private (Indian)","Maharashtra","Pharmaceuticals","Formulations","Listed-NSE+BSE","","Pune, Maharashtra","Needs manual check","listed co.; ticker not confident, blanked"
"JB Chemicals & Pharmaceuticals Limited","Public Limited","Private (Indian)","Maharashtra","Pharmaceuticals","Formulations","Listed-NSE+BSE","JBCHEPHARM","Mumbai, Maharashtra","Knowledge-based","well-known listed co.; ticker from model knowledge"
"Piramal Pharma Limited","Public Limited","Private (Indian)","Maharashtra","Pharmaceuticals","CDMO","Listed-NSE+BSE","PPLPHARMA","Mumbai, Maharashtra","Knowledge-based","well-known listed co.; ticker from model knowledge"
"Suven Pharmaceuticals Limited","Public Limited","Private (Indian)","Telangana","Pharmaceuticals","CDMO","Listed-NSE+BSE","","Hyderabad, Telangana","Needs manual check","listed co.; ticker not confident, blanked"
"Wockhardt Limited","Public Limited","Private (Indian)","Maharashtra","Pharmaceuticals","Formulations","Listed-NSE+BSE","WOCKPHARMA","Mumbai, Maharashtra","Knowledge-based","well-known listed co.; ticker from model knowledge"
"Strides Pharma Science Limited","Public Limited","Private (Indian)","Karnataka","Pharmaceuticals","Formulations","Listed-NSE+BSE","","Bengaluru, Karnataka","Needs manual check","listed co.; ticker not confident, blanked"
"Apollo Hospitals Enterprise Limited","Public Limited","Private (Indian)","Pan-India","Healthcare","Hospitals","Listed-NSE+BSE","APOLLOHOSP","Chennai, Tamil Nadu","Knowledge-based","well-known listed co.; ticker from model knowledge"
"Max Healthcare Institute Limited","Public Limited","Private (Indian)","Delhi","Healthcare","Hospitals","Listed-NSE+BSE","MAXHEALTH","New Delhi, Delhi","Knowledge-based","well-known listed co.; ticker from model knowledge"
"Fortis Healthcare Limited","Public Limited","Private (Indian)","Haryana","Healthcare","Hospitals","Listed-NSE+BSE","FORTIS","Gurugram, Haryana","Knowledge-based","well-known listed co.; ticker from model knowledge"
"Narayana Hrudayalaya Limited","Public Limited","Private (Indian)","Karnataka","Healthcare","Hospitals","Listed-NSE+BSE","NH","Bengaluru, Karnataka","Knowledge-based","well-known listed co.; ticker from model knowledge"
"Global Health Limited","Public Limited","Private (Indian)","Haryana","Healthcare","Hospitals","Listed-NSE+BSE","MEDANTA","Gurugram, Haryana","Knowledge-based","well-known listed co.; ticker from model knowledge"
"Aster DM Healthcare Limited","Public Limited","Private (Indian)","Karnataka","Healthcare","Hospitals","Listed-NSE+BSE","ASTERDM","Bengaluru, Karnataka","Knowledge-based","well-known listed co.; ticker from model knowledge"
"Dr. Lal PathLabs Limited","Public Limited","Private (Indian)","Pan-India","Healthcare","Diagnostics","Listed-NSE+BSE","LALPATHLAB","New Delhi, Delhi","Knowledge-based","well-known listed co.; ticker from model knowledge"
"Metropolis Healthcare Limited","Public Limited","Private (Indian)","Pan-India","Healthcare","Diagnostics","Listed-NSE+BSE","METROPOLIS","Mumbai, Maharashtra","Knowledge-based","well-known listed co.; ticker from model knowledge"
"Syngene International Limited","Public Limited","Private (Indian)","Karnataka","Healthcare","Contract Research","Listed-NSE+BSE","SYNGENE","Bengaluru, Karnataka","Knowledge-based","well-known listed co.; ticker from model knowledge"
"Krishna Institute of Medical Sciences Limited","Public Limited","Private (Indian)","Telangana","Healthcare","Hospitals","Listed-NSE+BSE","KIMS","Hyderabad, Telangana","Knowledge-based","well-known listed co.; ticker from model knowledge"
"Rainbow Children's Medicare Limited","Public Limited","Private (Indian)","Telangana","Healthcare","Hospitals","Listed-NSE+BSE","RAINBOW","Hyderabad, Telangana","Knowledge-based","well-known listed co.; ticker from model knowledge"
"Vijaya Diagnostic Centre Limited","Public Limited","Private (Indian)","Telangana","Healthcare","Diagnostics","Listed-NSE+BSE","VIJAYA","Hyderabad, Telangana","Knowledge-based","well-known listed co.; ticker from model knowledge"
"Tata Steel Limited","Public Limited","Private (Indian)","Pan-India","Metals & Mining","Steel","Listed-NSE+BSE","TATASTEEL","Mumbai, Maharashtra","Knowledge-based","well-known listed co.; ticker from model knowledge"
"JSW Steel Limited","Public Limited","Private (Indian)","Pan-India","Metals & Mining","Steel","Listed-NSE+BSE","JSWSTEEL","Mumbai, Maharashtra","Knowledge-based","well-known listed co.; ticker from model knowledge"
"Jindal Steel & Power Limited","Public Limited","Private (Indian)","Pan-India","Metals & Mining","Steel","Listed-NSE+BSE","JINDALSTEL","New Delhi, Delhi","Knowledge-based","well-known listed co.; ticker from model knowledge"
"Steel Authority of India Limited","Government Company (PSU)","Central PSU","Pan-India","Metals & Mining","Steel","Listed-NSE+BSE","SAIL","New Delhi, Delhi","Knowledge-based","well-known listed co.; ticker from model knowledge"
"Hindalco Industries Limited","Public Limited","Private (Indian)","Pan-India","Metals & Mining","Aluminium & Copper","Listed-NSE+BSE","HINDALCO","Mumbai, Maharashtra","Knowledge-based","well-known listed co.; ticker from model knowledge"
"Vedanta Limited","Public Limited","Private (Indian)","Pan-India","Metals & Mining","Diversified Metals","Listed-NSE+BSE","VEDL","Mumbai, Maharashtra","Knowledge-based","well-known listed co.; ticker from model knowledge"
"Hindustan Zinc Limited","Public Limited","Private (Indian)","Pan-India","Metals & Mining","Zinc","Listed-NSE+BSE","HINDZINC","Udaipur, Rajasthan","Knowledge-based","well-known listed co.; ticker from model knowledge"
"National Aluminium Company Limited","Government Company (PSU)","Central PSU","Pan-India","Metals & Mining","Aluminium","Listed-NSE+BSE","NATIONALUM","Bhubaneswar, Odisha","Knowledge-based","well-known listed co.; ticker from model knowledge"
"NMDC Limited","Government Company (PSU)","Central PSU","Pan-India","Metals & Mining","Iron Ore","Listed-NSE+BSE","NMDC","Hyderabad, Telangana","Knowledge-based","well-known listed co.; ticker from model knowledge"
"Coal India Limited","Government Company (PSU)","Central PSU","Pan-India","Metals & Mining","Coal","Listed-NSE+BSE","COALINDIA","Kolkata, West Bengal","Knowledge-based","well-known listed co.; ticker from model knowledge"
"Jindal Stainless Limited","Public Limited","Private (Indian)","Pan-India","Metals & Mining","Stainless Steel","Listed-NSE+BSE","JSL","New Delhi, Delhi","Knowledge-based","well-known listed co.; ticker from model knowledge"
"APL Apollo Tubes Limited","Public Limited","Private (Indian)","Pan-India","Metals & Mining","Steel Tubes","Listed-NSE+BSE","APLAPOLLO","New Delhi, Delhi","Knowledge-based","well-known listed co.; ticker from model knowledge"
"Welspun Corp Limited","Public Limited","Private (Indian)","Maharashtra","Metals & Mining","Steel Pipes","Listed-NSE+BSE","WELCORP","Mumbai, Maharashtra","Knowledge-based","well-known listed co.; ticker from model knowledge"
"Ratnamani Metals & Tubes Limited","Public Limited","Private (Indian)","Gujarat","Metals & Mining","Steel Pipes","Listed-NSE+BSE","RATNAMANI","Ahmedabad, Gujarat","Knowledge-based","well-known listed co.; ticker from model knowledge"
"Jindal Saw Limited","Public Limited","Private (Indian)","Delhi","Metals & Mining","Pipes","Listed-NSE+BSE","JINDALSAW","New Delhi, Delhi","Knowledge-based","well-known listed co.; ticker from model knowledge"
"Lloyds Metals and Energy Limited","Public Limited","Private (Indian)","Maharashtra","Metals & Mining","Iron Ore / Steel","Listed-NSE+BSE","LLOYDSME","Mumbai, Maharashtra","Knowledge-based","well-known listed co.; ticker from model knowledge"
"Godawari Power & Ispat Limited","Public Limited","Private (Indian)","Chhattisgarh","Metals & Mining","Steel","Listed-NSE+BSE","GPIL","Raipur, Chhattisgarh","Knowledge-based","well-known listed co.; ticker from model knowledge"
"NLC India Limited","Government Company (PSU)","Central PSU","Tamil Nadu","Power","Lignite & Power","Listed-NSE+BSE","NLCINDIA","Neyveli, Tamil Nadu","Knowledge-based","well-known listed co.; ticker from model knowledge"
"Hindustan Copper Limited","Government Company (PSU)","Central PSU","West Bengal","Metals & Mining","Copper","Listed-NSE+BSE","HINDCOPPER","Kolkata, West Bengal","Knowledge-based","well-known listed co.; ticker from model knowledge"
"Gujarat Mineral Development Corporation Limited","Government Company (PSU)","State PSU","Gujarat","Metals & Mining","Mining","Listed-NSE+BSE","GMDCLTD","Ahmedabad, Gujarat","Knowledge-based","well-known listed co.; ticker from model knowledge"
"Larsen & Toubro Limited","Public Limited","Private (Indian)","Pan-India","Capital Goods","Engineering & Construction","Listed-NSE+BSE","LT","Mumbai, Maharashtra","Knowledge-based","well-known listed co.; ticker from model knowledge"
"Siemens Limited","Public Limited","MNC Subsidiary","Pan-India","Capital Goods","Electricals & Automation","Listed-NSE+BSE","SIEMENS","Mumbai, Maharashtra","Knowledge-based","well-known listed co.; ticker from model knowledge"
"ABB India Limited","Public Limited","MNC Subsidiary","Pan-India","Capital Goods","Electricals & Automation","Listed-NSE+BSE","ABB","Bengaluru, Karnataka","Knowledge-based","well-known listed co.; ticker from model knowledge"
"Hitachi Energy India Limited","Public Limited","MNC Subsidiary","Pan-India","Capital Goods","Power Equipment","Listed-NSE+BSE","POWERINDIA","Bengaluru, Karnataka","Knowledge-based","well-known listed co.; ticker from model knowledge"
"Bharat Heavy Electricals Limited","Government Company (PSU)","Central PSU","Pan-India","Capital Goods","Power Equipment","Listed-NSE+BSE","BHEL","New Delhi, Delhi","Knowledge-based","well-known listed co.; ticker from model knowledge"
"Cummins India Limited","Public Limited","MNC Subsidiary","Pan-India","Capital Goods","Engines","Listed-NSE+BSE","CUMMINSIND","Pune, Maharashtra","Knowledge-based","well-known listed co.; ticker from model knowledge"
"Thermax Limited","Public Limited","Private (Indian)","Pan-India","Capital Goods","Boilers & Energy","Listed-NSE+BSE","THERMAX","Pune, Maharashtra","Knowledge-based","well-known listed co.; ticker from model knowledge"
"Havells India Limited","Public Limited","Private (Indian)","Pan-India","Capital Goods","Electricals","Listed-NSE+BSE","HAVELLS","Noida, Uttar Pradesh","Knowledge-based","well-known listed co.; ticker from model knowledge"
"Polycab India Limited","Public Limited","Private (Indian)","Pan-India","Capital Goods","Cables & Wires","Listed-NSE+BSE","POLYCAB","Mumbai, Maharashtra","Knowledge-based","well-known listed co.; ticker from model knowledge"
"KEI Industries Limited","Public Limited","Private (Indian)","Pan-India","Capital Goods","Cables & Wires","Listed-NSE+BSE","KEI","New Delhi, Delhi","Knowledge-based","well-known listed co.; ticker from model knowledge"
"Finolex Cables Limited","Public Limited","Private (Indian)","Pan-India","Capital Goods","Cables & Wires","Listed-NSE+BSE","FINCABLES","Pune, Maharashtra","Knowledge-based","well-known listed co.; ticker from model knowledge"
"Crompton Greaves Consumer Electricals Limited","Public Limited","Private (Indian)","Pan-India","Consumer Durables","Electricals","Listed-NSE+BSE","CROMPTON","Mumbai, Maharashtra","Knowledge-based","well-known listed co.; ticker from model knowledge"
"V-Guard Industries Limited","Public Limited","Private (Indian)","Kerala","Consumer Durables","Electricals","Listed-NSE+BSE","VGUARD","Kochi, Kerala","Knowledge-based","well-known listed co.; ticker from model knowledge"
"CG Power and Industrial Solutions Limited","Public Limited","Private (Indian)","Pan-India","Capital Goods","Electricals","Listed-NSE+BSE","CGPOWER","Mumbai, Maharashtra","Knowledge-based","well-known listed co.; ticker from model knowledge"
"Suzlon Energy Limited","Public Limited","Private (Indian)","Pan-India","Capital Goods","Wind Turbines","Listed-NSE+BSE","SUZLON","Pune, Maharashtra","Knowledge-based","well-known listed co.; ticker from model knowledge"
"Inox Wind Limited","Public Limited","Private (Indian)","Uttar Pradesh","Capital Goods","Wind Turbines","Listed-NSE+BSE","INOXWIND","Noida, Uttar Pradesh","Knowledge-based","well-known listed co.; ticker from model knowledge"
"Waaree Energies Limited","Public Limited","Private (Indian)","Maharashtra","Capital Goods","Solar Modules","Listed-NSE+BSE","","Mumbai, Maharashtra","Needs manual check","listed co.; ticker not confident, blanked"
"Premier Energies Limited","Public Limited","Private (Indian)","Telangana","Capital Goods","Solar Cells","Listed-NSE+BSE","","Hyderabad, Telangana","Needs manual check","listed co.; ticker not confident, blanked"
"Bharat Electronics Limited","Government Company (PSU)","Central PSU","Pan-India","Defence","Defence Electronics","Listed-NSE+BSE","BEL","Bengaluru, Karnataka","Knowledge-based","well-known listed co.; ticker from model knowledge"
"Hindustan Aeronautics Limited","Government Company (PSU)","Central PSU","Pan-India","Defence","Aerospace","Listed-NSE+BSE","HAL","Bengaluru, Karnataka","Knowledge-based","well-known listed co.; ticker from model knowledge"
"Bharat Dynamics Limited","Government Company (PSU)","Central PSU","Pan-India","Defence","Missiles","Listed-NSE+BSE","BDL","Hyderabad, Telangana","Knowledge-based","well-known listed co.; ticker from model knowledge"
"Mazagon Dock Shipbuilders Limited","Government Company (PSU)","Central PSU","Maharashtra","Defence","Shipbuilding","Listed-NSE+BSE","MAZDOCK","Mumbai, Maharashtra","Knowledge-based","well-known listed co.; ticker from model knowledge"
"Cochin Shipyard Limited","Government Company (PSU)","Central PSU","Kerala","Defence","Shipbuilding","Listed-NSE+BSE","COCHINSHIP","Kochi, Kerala","Knowledge-based","well-known listed co.; ticker from model knowledge"
"Garden Reach Shipbuilders & Engineers Limited","Government Company (PSU)","Central PSU","West Bengal","Defence","Shipbuilding","Listed-NSE+BSE","GRSE","Kolkata, West Bengal","Knowledge-based","well-known listed co.; ticker from model knowledge"
"Solar Industries India Limited","Public Limited","Private (Indian)","Pan-India","Defence","Explosives","Listed-NSE+BSE","SOLARINDS","Nagpur, Maharashtra","Knowledge-based","well-known listed co.; ticker from model knowledge"
"Data Patterns (India) Limited","Public Limited","Private (Indian)","Tamil Nadu","Defence","Defence Electronics","Listed-NSE+BSE","DATAPATTNS","Chennai, Tamil Nadu","Knowledge-based","well-known listed co.; ticker from model knowledge"
"Astra Microwave Products Limited","Public Limited","Private (Indian)","Telangana","Defence","Defence Electronics","Listed-NSE+BSE","ASTRAMICRO","Hyderabad, Telangana","Knowledge-based","well-known listed co.; ticker from model knowledge"
"Mishra Dhatu Nigam Limited","Government Company (PSU)","Central PSU","Telangana","Defence","Special Alloys","Listed-NSE+BSE","MIDHANI","Hyderabad, Telangana","Knowledge-based","well-known listed co.; ticker from model knowledge"
"BEML Limited","Government Company (PSU)","Central PSU","Pan-India","Capital Goods","Heavy Equipment","Listed-NSE+BSE","BEML","Bengaluru, Karnataka","Knowledge-based","well-known listed co.; ticker from model knowledge"
"Timken India Limited","Public Limited","MNC Subsidiary","Pan-India","Capital Goods","Bearings","Listed-NSE+BSE","TIMKEN","Bengaluru, Karnataka","Knowledge-based","well-known listed co.; ticker from model knowledge"
"SKF India Limited","Public Limited","MNC Subsidiary","Pan-India","Capital Goods","Bearings","Listed-NSE+BSE","SKFINDIA","Pune, Maharashtra","Knowledge-based","well-known listed co.; ticker from model knowledge"
"Grindwell Norton Limited","Public Limited","MNC Subsidiary","Pan-India","Capital Goods","Abrasives","Listed-NSE+BSE","GRINDWELL","Bengaluru, Karnataka","Knowledge-based","well-known listed co.; ticker from model knowledge"
"AIA Engineering Limited","Public Limited","Private (Indian)","Gujarat","Capital Goods","Castings","Listed-NSE+BSE","AIAENG","Ahmedabad, Gujarat","Knowledge-based","well-known listed co.; ticker from model knowledge"
"Kirloskar Oil Engines Limited","Public Limited","Private (Indian)","Pan-India","Capital Goods","Engines","Listed-NSE+BSE","KIRLOSENG","Pune, Maharashtra","Knowledge-based","well-known listed co.; ticker from model knowledge"
"Kirloskar Brothers Limited","Public Limited","Private (Indian)","Pan-India","Capital Goods","Pumps","Listed-NSE+BSE","KIRLOSBROS","Pune, Maharashtra","Knowledge-based","well-known listed co.; ticker from model knowledge"
"Elgi Equipments Limited","Public Limited","Private (Indian)","Tamil Nadu","Capital Goods","Compressors","Listed-NSE+BSE","ELGIEQUIP","Coimbatore, Tamil Nadu","Knowledge-based","well-known listed co.; ticker from model knowledge"
"Praj Industries Limited","Public Limited","Private (Indian)","Maharashtra","Capital Goods","Bioenergy Equipment","Listed-NSE+BSE","PRAJIND","Pune, Maharashtra","Knowledge-based","well-known listed co.; ticker from model knowledge"
"Carborundum Universal Limited","Public Limited","Private (Indian)","Tamil Nadu","Capital Goods","Abrasives","Listed-NSE+BSE","CARBORUNIV","Chennai, Tamil Nadu","Knowledge-based","well-known listed co.; ticker from model knowledge"
"Honeywell Automation India Limited","Public Limited","MNC Subsidiary","Pan-India","Capital Goods","Automation","Listed-NSE+BSE","HONAUT","Pune, Maharashtra","Knowledge-based","well-known listed co.; ticker from model knowledge"
"Ge Vernova T&D India Limited","Public Limited","MNC Subsidiary","Pan-India","Capital Goods","Power Equipment","Listed-NSE+BSE","","Noida, Uttar Pradesh","Needs manual check","listed co.; ticker not confident, blanked"
"Triveni Turbine Limited","Public Limited","Private (Indian)","Karnataka","Capital Goods","Turbines","Listed-NSE+BSE","TRITURBINE","Bengaluru, Karnataka","Knowledge-based","well-known listed co.; ticker from model knowledge"
"Lakshmi Machine Works Limited","Public Limited","Private (Indian)","Tamil Nadu","Capital Goods","Textile Machinery","Listed-NSE+BSE","LMW","Coimbatore, Tamil Nadu","Knowledge-based","well-known listed co.; ticker from model knowledge"
"Voltas Limited","Public Limited","Private (Indian)","Pan-India","Consumer Durables","Air Conditioners","Listed-NSE+BSE","VOLTAS","Mumbai, Maharashtra","Knowledge-based","well-known listed co.; ticker from model knowledge"
"Blue Star Limited","Public Limited","Private (Indian)","Pan-India","Consumer Durables","Air Conditioners","Listed-NSE+BSE","BLUESTARCO","Mumbai, Maharashtra","Knowledge-based","well-known listed co.; ticker from model knowledge"
"Dixon Technologies (India) Limited","Public Limited","Private (Indian)","Pan-India","Consumer Durables","Electronics Manufacturing","Listed-NSE+BSE","DIXON","Noida, Uttar Pradesh","Knowledge-based","well-known listed co.; ticker from model knowledge"
"Whirlpool of India Limited","Public Limited","MNC Subsidiary","Pan-India","Consumer Durables","Home Appliances","Listed-NSE+BSE","WHIRLPOOL","Gurugram, Haryana","Knowledge-based","well-known listed co.; ticker from model knowledge"
"Bata India Limited","Public Limited","Private (Indian)","Pan-India","Consumer Durables","Footwear","Listed-NSE+BSE","BATAINDIA","Gurugram, Haryana","Knowledge-based","well-known listed co.; ticker from model knowledge"
"Titan Company Limited","Public Limited","Private (Indian)","Pan-India","Consumer Durables","Jewellery & Watches","Listed-NSE+BSE","TITAN","Bengaluru, Karnataka","Knowledge-based","well-known listed co.; ticker from model knowledge"
"Kalyan Jewellers India Limited","Public Limited","Private (Indian)","Pan-India","Consumer Durables","Jewellery","Listed-NSE+BSE","KALYANKJIL","Thrissur, Kerala","Knowledge-based","well-known listed co.; ticker from model knowledge"
"Senco Gold Limited","Public Limited","Private (Indian)","West Bengal","Consumer Durables","Jewellery","Listed-NSE+BSE","SENCO","Kolkata, West Bengal","Knowledge-based","well-known listed co.; ticker from model knowledge"
"Asian Paints Limited","Public Limited","Private (Indian)","Pan-India","Chemicals","Paints","Listed-NSE+BSE","ASIANPAINT","Mumbai, Maharashtra","Knowledge-based","well-known listed co.; ticker from model knowledge"
"Berger Paints India Limited","Public Limited","Private (Indian)","Pan-India","Chemicals","Paints","Listed-NSE+BSE","BERGEPAINT","Kolkata, West Bengal","Knowledge-based","well-known listed co.; ticker from model knowledge"
"Kansai Nerolac Paints Limited","Public Limited","MNC Subsidiary","Pan-India","Chemicals","Paints","Listed-NSE+BSE","KANSAINER","Mumbai, Maharashtra","Knowledge-based","well-known listed co.; ticker from model knowledge"
"Akzo Nobel India Limited","Public Limited","MNC Subsidiary","Pan-India","Chemicals","Paints","Listed-NSE+BSE","AKZOINDIA","Gurugram, Haryana","Knowledge-based","well-known listed co.; ticker from model knowledge"
"Pidilite Industries Limited","Public Limited","Private (Indian)","Pan-India","Chemicals","Adhesives","Listed-NSE+BSE","PIDILITIND","Mumbai, Maharashtra","Knowledge-based","well-known listed co.; ticker from model knowledge"
"SRF Limited","Public Limited","Private (Indian)","Pan-India","Chemicals","Specialty Chemicals","Listed-NSE+BSE","SRF","Gurugram, Haryana","Knowledge-based","well-known listed co.; ticker from model knowledge"
"UPL Limited","Public Limited","Private (Indian)","Pan-India","Chemicals","Agrochemicals","Listed-NSE+BSE","UPL","Mumbai, Maharashtra","Knowledge-based","well-known listed co.; ticker from model knowledge"
"PI Industries Limited","Public Limited","Private (Indian)","Pan-India","Chemicals","Agrochemicals","Listed-NSE+BSE","PIIND","Udaipur, Rajasthan","Knowledge-based","well-known listed co.; ticker from model knowledge"
"Aarti Industries Limited","Public Limited","Private (Indian)","Maharashtra","Chemicals","Specialty Chemicals","Listed-NSE+BSE","AARTIIND","Mumbai, Maharashtra","Knowledge-based","well-known listed co.; ticker from model knowledge"
"Deepak Nitrite Limited","Public Limited","Private (Indian)","Gujarat","Chemicals","Specialty Chemicals","Listed-NSE+BSE","DEEPAKNTR","Vadodara, Gujarat","Knowledge-based","well-known listed co.; ticker from model knowledge"
"Navin Fluorine International Limited","Public Limited","Private (Indian)","Maharashtra","Chemicals","Fluorochemicals","Listed-NSE+BSE","NAVINFLUOR","Mumbai, Maharashtra","Knowledge-based","well-known listed co.; ticker from model knowledge"
"Tata Chemicals Limited","Public Limited","Private (Indian)","Pan-India","Chemicals","Soda Ash & Salt","Listed-NSE+BSE","TATACHEM","Mumbai, Maharashtra","Knowledge-based","well-known listed co.; ticker from model knowledge"
"Atul Limited","Public Limited","Private (Indian)","Gujarat","Chemicals","Specialty Chemicals","Listed-NSE+BSE","ATUL","Valsad, Gujarat","Knowledge-based","well-known listed co.; ticker from model knowledge"
"Vinati Organics Limited","Public Limited","Private (Indian)","Maharashtra","Chemicals","Specialty Chemicals","Listed-NSE+BSE","VINATIORGA","Mumbai, Maharashtra","Knowledge-based","well-known listed co.; ticker from model knowledge"
"Gujarat Fluorochemicals Limited","Public Limited","Private (Indian)","Gujarat","Chemicals","Fluoropolymers","Listed-NSE+BSE","FLUOROCHEM","Vadodara, Gujarat","Knowledge-based","well-known listed co.; ticker from model knowledge"
"Linde India Limited","Public Limited","MNC Subsidiary","Pan-India","Chemicals","Industrial Gases","Listed-NSE+BSE","LINDEINDIA","Kolkata, West Bengal","Knowledge-based","well-known listed co.; ticker from model knowledge"
"Sumitomo Chemical India Limited","Public Limited","MNC Subsidiary","Pan-India","Chemicals","Agrochemicals","Listed-NSE+BSE","SUMICHEM","Mumbai, Maharashtra","Knowledge-based","well-known listed co.; ticker from model knowledge"
"Bayer CropScience Limited","Public Limited","MNC Subsidiary","Pan-India","Chemicals","Agrochemicals","Listed-NSE+BSE","BAYERCROP","Mumbai, Maharashtra","Knowledge-based","well-known listed co.; ticker from model knowledge"
"Dhanuka Agritech Limited","Public Limited","Private (Indian)","Haryana","Chemicals","Agrochemicals","Listed-NSE+BSE","DHANUKA","Gurugram, Haryana","Knowledge-based","well-known listed co.; ticker from model knowledge"
"Chambal Fertilisers and Chemicals Limited","Public Limited","Private (Indian)","Rajasthan","Chemicals","Fertilisers","Listed-NSE+BSE","CHAMBLFERT","Jaipur, Rajasthan","Knowledge-based","well-known listed co.; ticker from model knowledge"
"Coromandel International Limited","Public Limited","Private (Indian)","Pan-India","Chemicals","Fertilisers","Listed-NSE+BSE","COROMANDEL","Secunderabad, Telangana","Knowledge-based","well-known listed co.; ticker from model knowledge"
"Rashtriya Chemicals and Fertilizers Limited","Government Company (PSU)","Central PSU","Maharashtra","Chemicals","Fertilisers","Listed-NSE+BSE","RCF","Mumbai, Maharashtra","Knowledge-based","well-known listed co.; ticker from model knowledge"
"National Fertilizers Limited","Government Company (PSU)","Central PSU","Uttar Pradesh","Chemicals","Fertilisers","Listed-NSE+BSE","NFL","Noida, Uttar Pradesh","Knowledge-based","well-known listed co.; ticker from model knowledge"
"Gujarat State Fertilizers & Chemicals Limited","Government Company (PSU)","State PSU","Gujarat","Chemicals","Fertilisers","Listed-NSE+BSE","GSFC","Vadodara, Gujarat","Knowledge-based","well-known listed co.; ticker from model knowledge"
"Fertilisers and Chemicals Travancore Limited","Government Company (PSU)","Central PSU","Kerala","Chemicals","Fertilisers","Listed-NSE+BSE","FACT","Kochi, Kerala","Knowledge-based","well-known listed co.; ticker from model knowledge"
"Paradeep Phosphates Limited","Public Limited","Private (Indian)","Odisha","Chemicals","Fertilisers","Listed-NSE+BSE","PARADEEP","Bhubaneswar, Odisha","Knowledge-based","well-known listed co.; ticker from model knowledge"
"Gujarat Narmada Valley Fertilizers & Chemicals Limited","Government Company (PSU)","State PSU","Gujarat","Chemicals","Fertilisers","Listed-NSE+BSE","GNFC","Bharuch, Gujarat","Knowledge-based","well-known listed co.; ticker from model knowledge"
"Alkyl Amines Chemicals Limited","Public Limited","Private (Indian)","Maharashtra","Chemicals","Specialty Chemicals","Listed-NSE+BSE","ALKYLAMINE","Mumbai, Maharashtra","Knowledge-based","well-known listed co.; ticker from model knowledge"
"Clean Science and Technology Limited","Public Limited","Private (Indian)","Maharashtra","Chemicals","Specialty Chemicals","Listed-NSE+BSE","CLEAN","Pune, Maharashtra","Knowledge-based","well-known listed co.; ticker from model knowledge"
"Fine Organic Industries Limited","Public Limited","Private (Indian)","Maharashtra","Chemicals","Oleochemical Additives","Listed-NSE+BSE","FINEORG","Mumbai, Maharashtra","Knowledge-based","well-known listed co.; ticker from model knowledge"
"Tata Communications Limited","Public Limited","Private (Indian)","Pan-India","Telecommunications","Enterprise Telecom","Listed-NSE+BSE","TATACOMM","Mumbai, Maharashtra","Knowledge-based","well-known listed co.; ticker from model knowledge"
"Vodafone Idea Limited","Public Limited","Private (Indian)","Pan-India","Telecommunications","Telecom Services","Listed-NSE+BSE","IDEA","Mumbai, Maharashtra","Knowledge-based","well-known listed co.; ticker from model knowledge"
"Indus Towers Limited","Public Limited","Private (Indian)","Pan-India","Telecommunications","Telecom Towers","Listed-NSE+BSE","INDUSTOWER","Gurugram, Haryana","Knowledge-based","well-known listed co.; ticker from model knowledge"
"Bharti Hexacom Limited","Public Limited","Private (Indian)","Rajasthan; Delhi; Assam; North East","Telecommunications","Telecom Services","Listed-NSE+BSE","BHARTIHEXA","New Delhi, Delhi","Knowledge-based","well-known listed co.; ticker from model knowledge"
"Route Mobile Limited","Public Limited","Private (Indian)","Maharashtra","Telecommunications","CPaaS","Listed-NSE+BSE","ROUTE","Mumbai, Maharashtra","Knowledge-based","well-known listed co.; ticker from model knowledge"
"Sterlite Technologies Limited","Public Limited","Private (Indian)","Maharashtra","Telecommunications","Optical Fibre","Listed-NSE+BSE","STLTECH","Pune, Maharashtra","Knowledge-based","well-known listed co.; ticker from model knowledge"
"Vindhya Telelinks Limited","Public Limited","Private (Indian)","Madhya Pradesh","Telecommunications","Cables","Listed-NSE+BSE","","Rewa, Madhya Pradesh","Needs manual check","listed co.; ticker not confident, blanked"
"Mahanagar Telephone Nigam Limited","Government Company (PSU)","Central PSU","Delhi","Telecommunications","Telecom Services","Listed-NSE+BSE","MTNL","New Delhi, Delhi","Knowledge-based","well-known listed co.; ticker from model knowledge"
"ITI Limited","Government Company (PSU)","Central PSU","Karnataka","Telecommunications","Telecom Equipment","Listed-NSE+BSE","ITI","Bengaluru, Karnataka","Knowledge-based","well-known listed co.; ticker from model knowledge"
"Oil and Natural Gas Corporation Limited","Government Company (PSU)","Central PSU","Pan-India","Energy","Oil & Gas Exploration","Listed-NSE+BSE","ONGC","New Delhi, Delhi","Knowledge-based","well-known listed co.; ticker from model knowledge"
"Oil India Limited","Government Company (PSU)","Central PSU","Assam","Energy","Oil & Gas Exploration","Listed-NSE+BSE","OIL","Duliajan, Assam","Knowledge-based","well-known listed co.; ticker from model knowledge"
"Indian Oil Corporation Limited","Government Company (PSU)","Central PSU","Pan-India","Energy","Oil Refining & Marketing","Listed-NSE+BSE","IOC","Mumbai, Maharashtra","Knowledge-based","well-known listed co.; ticker from model knowledge"
"Bharat Petroleum Corporation Limited","Government Company (PSU)","Central PSU","Pan-India","Energy","Oil Refining & Marketing","Listed-NSE+BSE","BPCL","Mumbai, Maharashtra","Knowledge-based","well-known listed co.; ticker from model knowledge"
"Hindustan Petroleum Corporation Limited","Government Company (PSU)","Central PSU","Pan-India","Energy","Oil Refining & Marketing","Listed-NSE+BSE","HINDPETRO","Mumbai, Maharashtra","Knowledge-based","well-known listed co.; ticker from model knowledge"
"Chennai Petroleum Corporation Limited","Government Company (PSU)","Central PSU","Tamil Nadu","Energy","Oil Refining","Listed-NSE+BSE","CHENNPETRO","Chennai, Tamil Nadu","Knowledge-based","well-known listed co.; ticker from model knowledge"
"Mangalore Refinery and Petrochemicals Limited","Government Company (PSU)","Central PSU","Karnataka","Energy","Oil Refining","Listed-NSE+BSE","MRPL","Mangaluru, Karnataka","Knowledge-based","well-known listed co.; ticker from model knowledge"
"Gail (India) Limited","Government Company (PSU)","Central PSU","Pan-India","Energy","Gas Transmission","Listed-NSE+BSE","GAIL","New Delhi, Delhi","Knowledge-based","well-known listed co.; ticker from model knowledge"
"Petronet LNG Limited","Public Limited","Private (Indian)","Delhi","Energy","LNG Terminals","Listed-NSE+BSE","PETRONET","New Delhi, Delhi","Knowledge-based","well-known listed co.; ticker from model knowledge"
"Indraprastha Gas Limited","Government Company (PSU)","Central PSU","Delhi; Uttar Pradesh; Haryana; Rajasthan","Energy","City Gas Distribution","Listed-NSE+BSE","IGL","New Delhi, Delhi","Knowledge-based","well-known listed co.; ticker from model knowledge"
"Mahanagar Gas Limited","Public Limited","Private (Indian)","Maharashtra","Energy","City Gas Distribution","Listed-NSE+BSE","MGL","Mumbai, Maharashtra","Knowledge-based","well-known listed co.; ticker from model knowledge"
"Gujarat Gas Limited","Government Company (PSU)","State PSU","Gujarat; Maharashtra; Rajasthan","Energy","City Gas Distribution","Listed-NSE+BSE","GUJGASLTD","Ahmedabad, Gujarat","Knowledge-based","well-known listed co.; ticker from model knowledge"
"Gujarat State Petronet Limited","Government Company (PSU)","State PSU","Gujarat","Energy","Gas Transmission","Listed-NSE+BSE","GSPL","Gandhinagar, Gujarat","Knowledge-based","well-known listed co.; ticker from model knowledge"
"Aegis Logistics Limited","Public Limited","Private (Indian)","Maharashtra","Energy","Gas & Liquid Logistics","Listed-NSE+BSE","AEGISLOG","Mumbai, Maharashtra","Knowledge-based","well-known listed co.; ticker from model knowledge"
"Castrol India Limited","Public Limited","MNC Subsidiary","Pan-India","Energy","Lubricants","Listed-NSE+BSE","CASTROLIND","Mumbai, Maharashtra","Knowledge-based","well-known listed co.; ticker from model knowledge"
"Gulf Oil Lubricants India Limited","Public Limited","Private (Indian)","Pan-India","Energy","Lubricants","Listed-NSE+BSE","GULFOILLUB","Mumbai, Maharashtra","Knowledge-based","well-known listed co.; ticker from model knowledge"
"Adani Enterprises Limited","Public Limited","Private (Indian)","Pan-India","Diversified","Conglomerate","Listed-NSE+BSE","ADANIENT","Ahmedabad, Gujarat","Knowledge-based","well-known listed co.; ticker from model knowledge"
"Adani Ports and Special Economic Zone Limited","Public Limited","Private (Indian)","Pan-India","Infrastructure","Ports & Logistics","Listed-NSE+BSE","ADANIPORTS","Ahmedabad, Gujarat","Knowledge-based","well-known listed co.; ticker from model knowledge"
"Adani Power Limited","Public Limited","Private (Indian)","Pan-India","Power","Thermal Power","Listed-NSE+BSE","ADANIPOWER","Ahmedabad, Gujarat","Knowledge-based","well-known listed co.; ticker from model knowledge"
"Adani Green Energy Limited","Public Limited","Private (Indian)","Pan-India","Power","Renewable Energy","Listed-NSE+BSE","ADANIGREEN","Ahmedabad, Gujarat","Knowledge-based","well-known listed co.; ticker from model knowledge"
"Adani Energy Solutions Limited","Public Limited","Private (Indian)","Pan-India","Power","Transmission","Listed-NSE+BSE","ADANIENSOL","Ahmedabad, Gujarat","Knowledge-based","well-known listed co.; ticker from model knowledge"
"Adani Total Gas Limited","Public Limited","Private (Indian)","Gujarat","Energy","City Gas Distribution","Listed-NSE+BSE","ATGL","Ahmedabad, Gujarat","Knowledge-based","well-known listed co.; ticker from model knowledge"
"NTPC Limited","Government Company (PSU)","Central PSU","Pan-India","Power","Thermal Power","Listed-NSE+BSE","NTPC","New Delhi, Delhi","Knowledge-based","well-known listed co.; ticker from model knowledge"
"NTPC Green Energy Limited","Government Company (PSU)","Central PSU","Pan-India","Power","Renewable Energy","Listed-NSE+BSE","","New Delhi, Delhi","Needs manual check","listed co.; ticker not confident, blanked"
"Power Grid Corporation of India Limited","Government Company (PSU)","Central PSU","Pan-India","Power","Transmission","Listed-NSE+BSE","POWERGRID","Gurugram, Haryana","Knowledge-based","well-known listed co.; ticker from model knowledge"
"Tata Power Company Limited","Public Limited","Private (Indian)","Pan-India","Power","Integrated Power","Listed-NSE+BSE","TATAPOWER","Mumbai, Maharashtra","Knowledge-based","well-known listed co.; ticker from model knowledge"
"JSW Energy Limited","Public Limited","Private (Indian)","Pan-India","Power","Integrated Power","Listed-NSE+BSE","JSWENERGY","Mumbai, Maharashtra","Knowledge-based","well-known listed co.; ticker from model knowledge"
"NHPC Limited","Government Company (PSU)","Central PSU","Pan-India","Power","Hydro Power","Listed-NSE+BSE","NHPC","Faridabad, Haryana","Knowledge-based","well-known listed co.; ticker from model knowledge"
"SJVN Limited","Government Company (PSU)","Central PSU","Pan-India","Power","Hydro Power","Listed-NSE+BSE","SJVN","Shimla, Himachal Pradesh","Knowledge-based","well-known listed co.; ticker from model knowledge"
"Torrent Power Limited","Public Limited","Private (Indian)","Gujarat; Maharashtra; Uttar Pradesh","Power","Integrated Power","Listed-NSE+BSE","TORNTPOWER","Ahmedabad, Gujarat","Knowledge-based","well-known listed co.; ticker from model knowledge"
"CESC Limited","Public Limited","Private (Indian)","West Bengal","Power","Power Distribution","Listed-NSE+BSE","CESC","Kolkata, West Bengal","Knowledge-based","well-known listed co.; ticker from model knowledge"
"Indian Energy Exchange Limited","Public Limited","Private (Indian)","Pan-India","Power","Power Exchange","Listed-NSE+BSE","IEX","Noida, Uttar Pradesh","Knowledge-based","well-known listed co.; ticker from model knowledge"
"Power Finance Corporation Limited","Government Company (PSU)","Central PSU","Pan-India","Financial Services","Infrastructure Finance","Listed-NSE+BSE","PFC","New Delhi, Delhi","Knowledge-based","well-known listed co.; ticker from model knowledge"
"REC Limited","Government Company (PSU)","Central PSU","Pan-India","Financial Services","Infrastructure Finance","Listed-NSE+BSE","RECLTD","New Delhi, Delhi","Knowledge-based","well-known listed co.; ticker from model knowledge"
"Indian Railway Finance Corporation Limited","Government Company (PSU)","Central PSU","Pan-India","Financial Services","Infrastructure Finance","Listed-NSE+BSE","IRFC","New Delhi, Delhi","Knowledge-based","well-known listed co.; ticker from model knowledge"
"IREDA Limited","Government Company (PSU)","Central PSU","Pan-India","Financial Services","Renewable Energy Finance","Listed-NSE+BSE","IREDA","New Delhi, Delhi","Knowledge-based","well-known listed co.; ticker from model knowledge"
"Housing & Urban Development Corporation Limited","Government Company (PSU)","Central PSU","Pan-India","Financial Services","Housing Finance","Listed-NSE+BSE","HUDCO","New Delhi, Delhi","Knowledge-based","well-known listed co.; ticker from model knowledge"
"UltraTech Cement Limited","Public Limited","Private (Indian)","Pan-India","Cement","Cement","Listed-NSE+BSE","ULTRACEMCO","Mumbai, Maharashtra","Knowledge-based","well-known listed co.; ticker from model knowledge"
"Ambuja Cements Limited","Public Limited","Private (Indian)","Pan-India","Cement","Cement","Listed-NSE+BSE","AMBUJACEM","Ahmedabad, Gujarat","Knowledge-based","well-known listed co.; ticker from model knowledge"
"ACC Limited","Public Limited","Private (Indian)","Pan-India","Cement","Cement","Listed-NSE+BSE","ACC","Mumbai, Maharashtra","Knowledge-based","well-known listed co.; ticker from model knowledge"
"Shree Cement Limited","Public Limited","Private (Indian)","Pan-India","Cement","Cement","Listed-NSE+BSE","SHREECEM","Beawar, Rajasthan","Knowledge-based","well-known listed co.; ticker from model knowledge"
"Dalmia Bharat Limited","Public Limited","Private (Indian)","Pan-India","Cement","Cement","Listed-NSE+BSE","DALBHARAT","New Delhi, Delhi","Knowledge-based","well-known listed co.; ticker from model knowledge"
"JK Cement Limited","Public Limited","Private (Indian)","Pan-India","Cement","Cement","Listed-NSE+BSE","JKCEMENT","Kanpur, Uttar Pradesh","Knowledge-based","well-known listed co.; ticker from model knowledge"
"The Ramco Cements Limited","Public Limited","Private (Indian)","Tamil Nadu","Cement","Cement","Listed-NSE+BSE","RAMCOCEM","Chennai, Tamil Nadu","Knowledge-based","well-known listed co.; ticker from model knowledge"
"JK Lakshmi Cement Limited","Public Limited","Private (Indian)","Rajasthan","Cement","Cement","Listed-NSE+BSE","JKLAKSHMI","Jaipur, Rajasthan","Knowledge-based","well-known listed co.; ticker from model knowledge"
"Nuvoco Vistas Corporation Limited","Public Limited","Private (Indian)","Maharashtra","Cement","Cement","Listed-NSE+BSE","NUVOCO","Mumbai, Maharashtra","Knowledge-based","well-known listed co.; ticker from model knowledge"
"Birla Corporation Limited","Public Limited","Private (Indian)","West Bengal","Cement","Cement","Listed-NSE+BSE","BIRLACORPN","Kolkata, West Bengal","Knowledge-based","well-known listed co.; ticker from model knowledge"
"The India Cements Limited","Public Limited","Private (Indian)","Tamil Nadu","Cement","Cement","Listed-NSE+BSE","INDIACEM","Chennai, Tamil Nadu","Knowledge-based","well-known listed co.; ticker from model knowledge"
"Star Cement Limited","Public Limited","Private (Indian)","West Bengal","Cement","Cement","Listed-NSE+BSE","STARCEMENT","Kolkata, West Bengal","Knowledge-based","well-known listed co.; ticker from model knowledge"
"Grasim Industries Limited","Public Limited","Private (Indian)","Pan-India","Diversified","Cement / VSF / Chemicals","Listed-NSE+BSE","GRASIM","Mumbai, Maharashtra","Knowledge-based","well-known listed co.; ticker from model knowledge"
"DLF Limited","Public Limited","Private (Indian)","Pan-India","Real Estate","Residential & Commercial","Listed-NSE+BSE","DLF","Gurugram, Haryana","Knowledge-based","well-known listed co.; ticker from model knowledge"
"Godrej Properties Limited","Public Limited","Private (Indian)","Pan-India","Real Estate","Residential","Listed-NSE+BSE","GODREJPROP","Mumbai, Maharashtra","Knowledge-based","well-known listed co.; ticker from model knowledge"
"Macrotech Developers Limited","Public Limited","Private (Indian)","Maharashtra","Real Estate","Residential","Listed-NSE+BSE","","Mumbai, Maharashtra","Needs manual check","listed co.; ticker not confident, blanked"
"Oberoi Realty Limited","Public Limited","Private (Indian)","Maharashtra","Real Estate","Residential","Listed-NSE+BSE","OBEROIRLTY","Mumbai, Maharashtra","Knowledge-based","well-known listed co.; ticker from model knowledge"
"Prestige Estates Projects Limited","Public Limited","Private (Indian)","Pan-India","Real Estate","Residential & Commercial","Listed-NSE+BSE","PRESTIGE","Bengaluru, Karnataka","Knowledge-based","well-known listed co.; ticker from model knowledge"
"Phoenix Mills Limited","Public Limited","Private (Indian)","Pan-India","Real Estate","Retail Malls","Listed-NSE+BSE","PHOENIXLTD","Mumbai, Maharashtra","Knowledge-based","well-known listed co.; ticker from model knowledge"
"Brigade Enterprises Limited","Public Limited","Private (Indian)","Karnataka","Real Estate","Residential & Commercial","Listed-NSE+BSE","BRIGADE","Bengaluru, Karnataka","Knowledge-based","well-known listed co.; ticker from model knowledge"
"Sobha Limited","Public Limited","Private (Indian)","Karnataka","Real Estate","Residential","Listed-NSE+BSE","SOBHA","Bengaluru, Karnataka","Knowledge-based","well-known listed co.; ticker from model knowledge"
"Raymond Realty Limited","Public Limited","Private (Indian)","Maharashtra","Real Estate","Residential","Listed-NSE+BSE","","Thane, Maharashtra","Needs manual check","listed co.; ticker not confident, blanked"
"Anant Raj Limited","Public Limited","Private (Indian)","Delhi","Real Estate","Residential & Data Centres","Listed-NSE+BSE","ANANTRAJ","New Delhi, Delhi","Knowledge-based","well-known listed co.; ticker from model knowledge"
"Mahindra Lifespace Developers Limited","Public Limited","Private (Indian)","Maharashtra","Real Estate","Residential","Listed-NSE+BSE","","Mumbai, Maharashtra","Needs manual check","listed co.; ticker not confident, blanked"
"Signatureglobal (India) Limited","Public Limited","Private (Indian)","Haryana","Real Estate","Residential","Listed-NSE+BSE","SIGNATURE","Gurugram, Haryana","Knowledge-based","well-known listed co.; ticker from model knowledge"
"Embassy Developments Limited","Public Limited","Private (Indian)","Karnataka","Real Estate","Residential","Listed-NSE+BSE","","Bengaluru, Karnataka","Needs manual check","listed co.; ticker not confident, blanked"
"Aditya Birla Real Estate Limited","Public Limited","Private (Indian)","Maharashtra","Real Estate","Real Estate","Listed-NSE+BSE","","Mumbai, Maharashtra","Needs manual check","listed co.; ticker not confident, blanked"
"Godrej Industries Limited","Public Limited","Private (Indian)","Pan-India","Diversified","Chemicals / Financial","Listed-NSE+BSE","GODREJIND","Mumbai, Maharashtra","Knowledge-based","well-known listed co.; ticker from model knowledge"
"Tata Investment Corporation Limited","Public Limited","Private (Indian)","Pan-India","Financial Services","Investment Company","Listed-NSE+BSE","TATAINVEST","Mumbai, Maharashtra","Knowledge-based","well-known listed co.; ticker from model knowledge"
"IRB Infrastructure Developers Limited","Public Limited","Private (Indian)","Pan-India","Infrastructure","Road Concessions","Listed-NSE+BSE","IRB","Mumbai, Maharashtra","Knowledge-based","well-known listed co.; ticker from model knowledge"
"KNR Constructions Limited","Public Limited","Private (Indian)","Telangana","Infrastructure","Construction","Listed-NSE+BSE","KNRCON","Hyderabad, Telangana","Knowledge-based","well-known listed co.; ticker from model knowledge"
"NCC Limited","Public Limited","Private (Indian)","Telangana","Infrastructure","Construction","Listed-NSE+BSE","NCC","Hyderabad, Telangana","Knowledge-based","well-known listed co.; ticker from model knowledge"
"KEC International Limited","Public Limited","Private (Indian)","Pan-India","Infrastructure","EPC","Listed-NSE+BSE","KEC","Mumbai, Maharashtra","Knowledge-based","well-known listed co.; ticker from model knowledge"
"Kalpataru Projects International Limited","Public Limited","Private (Indian)","Pan-India","Infrastructure","EPC","Listed-NSE+BSE","KPIL","Gandhinagar, Gujarat","Knowledge-based","well-known listed co.; ticker from model knowledge"
"Ircon International Limited","Government Company (PSU)","Central PSU","Pan-India","Infrastructure","Railway Construction","Listed-NSE+BSE","IRCON","New Delhi, Delhi","Knowledge-based","well-known listed co.; ticker from model knowledge"
"RITES Limited","Government Company (PSU)","Central PSU","Pan-India","Infrastructure","Engineering Consultancy","Listed-NSE+BSE","RITES","Gurugram, Haryana","Knowledge-based","well-known listed co.; ticker from model knowledge"
"Rail Vikas Nigam Limited","Government Company (PSU)","Central PSU","Pan-India","Infrastructure","Railway Construction","Listed-NSE+BSE","RVNL","New Delhi, Delhi","Knowledge-based","well-known listed co.; ticker from model knowledge"
"Container Corporation of India Limited","Government Company (PSU)","Central PSU","Pan-India","Infrastructure","Logistics","Listed-NSE+BSE","CONCOR","New Delhi, Delhi","Knowledge-based","well-known listed co.; ticker from model knowledge"
"Indian Railway Catering and Tourism Corporation Limited","Government Company (PSU)","Central PSU","Pan-India","Consumer Services","Railway Ticketing & Catering","Listed-NSE+BSE","IRCTC","New Delhi, Delhi","Knowledge-based","well-known listed co.; ticker from model knowledge"
"GMR Airports Limited","Public Limited","Private (Indian)","Delhi","Infrastructure","Airports","Listed-NSE+BSE","GMRAIRPORT","New Delhi, Delhi","Knowledge-based","well-known listed co.; ticker from model knowledge"
"Great Eastern Shipping Company Limited","Public Limited","Private (Indian)","Maharashtra","Infrastructure","Shipping","Listed-NSE+BSE","GESHIP","Mumbai, Maharashtra","Knowledge-based","well-known listed co.; ticker from model knowledge"
"Shipping Corporation of India Limited","Government Company (PSU)","Central PSU","Maharashtra","Infrastructure","Shipping","Listed-NSE+BSE","SCI","Mumbai, Maharashtra","Knowledge-based","well-known listed co.; ticker from model knowledge"
"Gujarat Pipavav Port Limited","Public Limited","Private (Indian)","Maharashtra","Infrastructure","Ports","Listed-NSE+BSE","GPPL","Mumbai, Maharashtra","Knowledge-based","well-known listed co.; ticker from model knowledge"
"Blue Dart Express Limited","Public Limited","Private (Indian)","Pan-India","Logistics","Express Logistics","Listed-NSE+BSE","BLUEDART","Mumbai, Maharashtra","Knowledge-based","well-known listed co.; ticker from model knowledge"
"Delhivery Limited","Public Limited","Private (Indian)","Pan-India","Logistics","Logistics","Listed-NSE+BSE","DELHIVERY","Gurugram, Haryana","Knowledge-based","well-known listed co.; ticker from model knowledge"
"InterGlobe Aviation Limited","Public Limited","Private (Indian)","Pan-India","Aviation","Airline","Listed-NSE+BSE","INDIGO","Gurugram, Haryana","Knowledge-based","well-known listed co.; ticker from model knowledge"
"SpiceJet Limited","Public Limited","Private (Indian)","Pan-India","Aviation","Airline","Listed-NSE+BSE","SPICEJET","Gurugram, Haryana","Knowledge-based","well-known listed co.; ticker from model knowledge"
"Eternal Limited (formerly Zomato Limited)","Public Limited","Private (Indian)","Pan-India","Consumer Services","Food Delivery & Quick Commerce","Listed-NSE+BSE","ETERNAL","Gurugram, Haryana","Knowledge-based","well-known listed co.; ticker from model knowledge"
"Swiggy Limited","Public Limited","Private (Indian)","Pan-India","Consumer Services","Food Delivery & Quick Commerce","Listed-NSE+BSE","SWIGGY","Bengaluru, Karnataka","Knowledge-based","well-known listed co.; ticker from model knowledge"
"FSN E-Commerce Ventures Limited","Public Limited","Private (Indian)","Pan-India","Consumer Services","E-commerce (Beauty)","Listed-NSE+BSE","NYKAA","Mumbai, Maharashtra","Knowledge-based","well-known listed co.; ticker from model knowledge"
"One 97 Communications Limited","Public Limited","Private (Indian)","Pan-India","Financial Services","Fintech","Listed-NSE+BSE","PAYTM","Noida, Uttar Pradesh","Knowledge-based","well-known listed co.; ticker from model knowledge"
"PB Fintech Limited","Public Limited","Private (Indian)","Pan-India","Financial Services","Insurance Marketplace","Listed-NSE+BSE","","Gurugram, Haryana","Needs manual check","listed co.; ticker not confident, blanked"
"Info Edge (India) Limited","Public Limited","Private (Indian)","Pan-India","Consumer Services","Online Classifieds","Listed-NSE+BSE","NAUKRI","Noida, Uttar Pradesh","Knowledge-based","well-known listed co.; ticker from model knowledge"
"Lenskart Solutions Limited","Public Limited","Private (Indian)","Pan-India","Consumer Services","Eyewear Retail","Listed-NSE+BSE","","New Delhi, Delhi","Needs manual check","listed co.; ticker not confident, blanked"
"Groww (Billionbrains Garage Ventures Limited)","Public Limited","Private (Indian)","Pan-India","Financial Services","Broking / Fintech","Listed-NSE+BSE","","Bengaluru, Karnataka","Needs manual check","listed co.; ticker not confident, blanked"
"Meesho Limited","Public Limited","Private (Indian)","Pan-India","Consumer Services","E-commerce","Listed-NSE+BSE","","Bengaluru, Karnataka","Needs manual check","listed co.; ticker not confident, blanked"
"Nazara Technologies Limited","Public Limited","Private (Indian)","Maharashtra","Media & Entertainment","Gaming","Listed-NSE+BSE","NAZARA","Mumbai, Maharashtra","Knowledge-based","well-known listed co.; ticker from model knowledge"
"Avenue Supermarts Limited","Public Limited","Private (Indian)","Pan-India","Retail","Supermarkets","Listed-NSE+BSE","DMART","Mumbai, Maharashtra","Knowledge-based","well-known listed co.; ticker from model knowledge"
"Trent Limited","Public Limited","Private (Indian)","Pan-India","Retail","Fashion Retail","Listed-NSE+BSE","TRENT","Mumbai, Maharashtra","Knowledge-based","well-known listed co.; ticker from model knowledge"
"Aditya Birla Fashion and Retail Limited","Public Limited","Private (Indian)","Pan-India","Retail","Fashion Retail","Listed-NSE+BSE","ABFRL","Bengaluru, Karnataka","Knowledge-based","well-known listed co.; ticker from model knowledge"
"Vedant Fashions Limited","Public Limited","Private (Indian)","Pan-India","Retail","Ethnic Wear","Listed-NSE+BSE","MANYAVAR","Kolkata, West Bengal","Knowledge-based","well-known listed co.; ticker from model knowledge"
"Shoppers Stop Limited","Public Limited","Private (Indian)","Pan-India","Retail","Department Stores","Listed-NSE+BSE","SHOPERSTOP","Mumbai, Maharashtra","Knowledge-based","well-known listed co.; ticker from model knowledge"
"V-Mart Retail Limited","Public Limited","Private (Indian)","Pan-India","Retail","Value Fashion","Listed-NSE+BSE","VMART","Gurugram, Haryana","Knowledge-based","well-known listed co.; ticker from model knowledge"
"Page Industries Limited","Public Limited","Private (Indian)","Pan-India","Textiles & Apparel","Innerwear","Listed-NSE+BSE","PAGEIND","Bengaluru, Karnataka","Knowledge-based","well-known listed co.; ticker from model knowledge"
"Relaxo Footwears Limited","Public Limited","Private (Indian)","Pan-India","Consumer Durables","Footwear","Listed-NSE+BSE","RELAXO","New Delhi, Delhi","Knowledge-based","well-known listed co.; ticker from model knowledge"
"Metro Brands Limited","Public Limited","Private (Indian)","Pan-India","Retail","Footwear Retail","Listed-NSE+BSE","METROBRAND","Mumbai, Maharashtra","Knowledge-based","well-known listed co.; ticker from model knowledge"
"Campus Activewear Limited","Public Limited","Private (Indian)","Pan-India","Consumer Durables","Footwear","Listed-NSE+BSE","CAMPUS","New Delhi, Delhi","Knowledge-based","well-known listed co.; ticker from model knowledge"
"Devyani International Limited","Public Limited","Private (Indian)","Pan-India","Consumer Services","Quick Service Restaurants","Listed-NSE+BSE","DEVYANI","Gurugram, Haryana","Knowledge-based","well-known listed co.; ticker from model knowledge"
"Jubilant Foodworks Limited","Public Limited","Private (Indian)","Pan-India","Consumer Services","Quick Service Restaurants","Listed-NSE+BSE","JUBLFOOD","Noida, Uttar Pradesh","Knowledge-based","well-known listed co.; ticker from model knowledge"
"Sapphire Foods India Limited","Public Limited","Private (Indian)","Maharashtra","Consumer Services","Quick Service Restaurants","Listed-NSE+BSE","","Mumbai, Maharashtra","Needs manual check","listed co.; ticker not confident, blanked"
"Westlife Foodworld Limited","Public Limited","Private (Indian)","Maharashtra","Consumer Services","Quick Service Restaurants","Listed-NSE+BSE","WESTLIFE","Mumbai, Maharashtra","Knowledge-based","well-known listed co.; ticker from model knowledge"
"The Indian Hotels Company Limited","Public Limited","Private (Indian)","Pan-India","Hospitality","Hotels","Listed-NSE+BSE","INDHOTEL","Mumbai, Maharashtra","Knowledge-based","well-known listed co.; ticker from model knowledge"
"EIH Limited","Public Limited","Private (Indian)","Pan-India","Hospitality","Hotels","Listed-NSE+BSE","EIHOTEL","New Delhi, Delhi","Knowledge-based","well-known listed co.; ticker from model knowledge"
"Lemon Tree Hotels Limited","Public Limited","Private (Indian)","Pan-India","Hospitality","Hotels","Listed-NSE+BSE","LEMONTREE","New Delhi, Delhi","Knowledge-based","well-known listed co.; ticker from model knowledge"
"Chalet Hotels Limited","Public Limited","Private (Indian)","Maharashtra","Hospitality","Hotels","Listed-NSE+BSE","CHALET","Mumbai, Maharashtra","Knowledge-based","well-known listed co.; ticker from model knowledge"
"Juniper Hotels Limited","Public Limited","Private (Indian)","Maharashtra","Hospitality","Hotels","Listed-NSE+BSE","","Mumbai, Maharashtra","Needs manual check","listed co.; ticker not confident, blanked"
"ITC Hotels Limited","Public Limited","Private (Indian)","Pan-India","Hospitality","Hotels","Listed-NSE+BSE","","Gurugram, Haryana","Needs manual check","listed co.; ticker not confident, blanked"
"Thomas Cook (India) Limited","Public Limited","Private (Indian)","Pan-India","Consumer Services","Travel Services","Listed-NSE+BSE","THOMASCOOK","Mumbai, Maharashtra","Knowledge-based","well-known listed co.; ticker from model knowledge"
"Easy Trip Planners Limited","Public Limited","Private (Indian)","Pan-India","Consumer Services","Travel","Listed-NSE+BSE","EASEMYTRIP","New Delhi, Delhi","Knowledge-based","well-known listed co.; ticker from model knowledge"
"Ixigo (Le Travenues Technology Limited)","Public Limited","Private (Indian)","Pan-India","Consumer Services","Travel","Listed-NSE+BSE","","Gurugram, Haryana","Needs manual check","listed co.; ticker not confident, blanked"
"PVR INOX Limited","Public Limited","Private (Indian)","Pan-India","Media & Entertainment","Multiplexes","Listed-NSE+BSE","PVRINOX","Mumbai, Maharashtra","Knowledge-based","well-known listed co.; ticker from model knowledge"
"Zee Entertainment Enterprises Limited","Public Limited","Private (Indian)","Pan-India","Media & Entertainment","Broadcasting","Listed-NSE+BSE","ZEEL","Mumbai, Maharashtra","Knowledge-based","well-known listed co.; ticker from model knowledge"
"Sun TV Network Limited","Public Limited","Private (Indian)","Pan-India","Media & Entertainment","Broadcasting","Listed-NSE+BSE","SUNTV","Chennai, Tamil Nadu","Knowledge-based","well-known listed co.; ticker from model knowledge"
"Network18 Media & Investments Limited","Public Limited","Private (Indian)","Pan-India","Media & Entertainment","Broadcasting","Listed-NSE+BSE","NETWORK18","Noida, Uttar Pradesh","Knowledge-based","well-known listed co.; ticker from model knowledge"
"TV18 Broadcast Limited","Public Limited","Private (Indian)","Pan-India","Media & Entertainment","Broadcasting","Listed-NSE+BSE","TV18BRDCST","Mumbai, Maharashtra","Knowledge-based","well-known listed co.; ticker from model knowledge"
"Saregama India Limited","Public Limited","Private (Indian)","Pan-India","Media & Entertainment","Music","Listed-NSE+BSE","SAREGAMA","Kolkata, West Bengal","Knowledge-based","well-known listed co.; ticker from model knowledge"
"Tips Music Limited","Public Limited","Private (Indian)","Pan-India","Media & Entertainment","Music","Listed-NSE+BSE","TIPSMUSIC","Mumbai, Maharashtra","Knowledge-based","well-known listed co.; ticker from model knowledge"
"Jagran Prakashan Limited","Public Limited","Private (Indian)","Uttar Pradesh","Media & Entertainment","Print Media","Listed-NSE+BSE","JAGRAN","Kanpur, Uttar Pradesh","Knowledge-based","well-known listed co.; ticker from model knowledge"
"Dish TV India Limited","Public Limited","Private (Indian)","Pan-India","Media & Entertainment","DTH","Listed-NSE+BSE","DISHTV","Noida, Uttar Pradesh","Knowledge-based","well-known listed co.; ticker from model knowledge"
"Jio Financial Services Limited","Public Limited","Private (Indian)","Pan-India","Financial Services","NBFC","Listed-NSE+BSE","JIOFIN","Mumbai, Maharashtra","Knowledge-based","well-known listed co.; ticker from model knowledge"
"BSE Limited","Public Limited","Private (Indian)","Pan-India","Financial Services","Stock Exchange","Listed-NSE+BSE","BSE","Mumbai, Maharashtra","Knowledge-based","well-known listed co.; ticker from model knowledge"
"Multi Commodity Exchange of India Limited","Public Limited","Private (Indian)","Pan-India","Financial Services","Commodity Exchange","Listed-NSE+BSE","MCX","Mumbai, Maharashtra","Knowledge-based","well-known listed co.; ticker from model knowledge"
"Central Depository Services (India) Limited","Public Limited","Private (Indian)","Pan-India","Financial Services","Depository","Listed-NSE+BSE","CDSL","Mumbai, Maharashtra","Knowledge-based","well-known listed co.; ticker from model knowledge"
"Angel One Limited","Public Limited","Private (Indian)","Pan-India","Financial Services","Broking","Listed-NSE+BSE","ANGELONE","Mumbai, Maharashtra","Knowledge-based","well-known listed co.; ticker from model knowledge"
"360 ONE WAM Limited","Public Limited","Private (Indian)","Pan-India","Financial Services","Wealth Management","Listed-NSE+BSE","360ONE","Mumbai, Maharashtra","Knowledge-based","well-known listed co.; ticker from model knowledge"
"Motilal Oswal Financial Services Limited","Public Limited","Private (Indian)","Pan-India","Financial Services","Broking / AMC","Listed-NSE+BSE","MOTILALOFS","Mumbai, Maharashtra","Knowledge-based","well-known listed co.; ticker from model knowledge"
"IIFL Finance Limited","Public Limited","Private (Indian)","Pan-India","Financial Services","NBFC","Listed-NSE+BSE","IIFL","Mumbai, Maharashtra","Knowledge-based","well-known listed co.; ticker from model knowledge"
"JM Financial Limited","Public Limited","Private (Indian)","Pan-India","Financial Services","Investment Banking","Listed-NSE+BSE","JMFINANCIL","Mumbai, Maharashtra","Knowledge-based","well-known listed co.; ticker from model knowledge"
"Nuvama Wealth Management Limited","Public Limited","Private (Indian)","Pan-India","Financial Services","Wealth Management","Listed-NSE+BSE","","Mumbai, Maharashtra","Needs manual check","listed co.; ticker not confident, blanked"
"Anand Rathi Wealth Limited","Public Limited","Private (Indian)","Pan-India","Financial Services","Wealth Management","Listed-NSE+BSE","ANANDRATHI","Mumbai, Maharashtra","Knowledge-based","well-known listed co.; ticker from model knowledge"
"CRISIL Limited","Public Limited","MNC Subsidiary","Pan-India","Financial Services","Ratings & Analytics","Listed-NSE+BSE","CRISIL","Mumbai, Maharashtra","Knowledge-based","well-known listed co.; ticker from model knowledge"
"ICRA Limited","Public Limited","Private (Indian)","Pan-India","Financial Services","Ratings","Listed-NSE+BSE","ICRA","Gurugram, Haryana","Knowledge-based","well-known listed co.; ticker from model knowledge"
"CAMS (Computer Age Management Services Limited)","Public Limited","Private (Indian)","Pan-India","Financial Services","Registrar","Listed-NSE+BSE","CAMS","Chennai, Tamil Nadu","Knowledge-based","well-known listed co.; ticker from model knowledge"
"Bajaj Electricals Limited","Public Limited","Private (Indian)","Pan-India","Consumer Durables","Electricals","Listed-NSE+BSE","BAJAJELEC","Mumbai, Maharashtra","Knowledge-based","well-known listed co.; ticker from model knowledge"
"Kajaria Ceramics Limited","Public Limited","Private (Indian)","Pan-India","Building Materials","Tiles","Listed-NSE+BSE","KAJARIACER","New Delhi, Delhi","Knowledge-based","well-known listed co.; ticker from model knowledge"
"Somany Ceramics Limited","Public Limited","Private (Indian)","Pan-India","Building Materials","Tiles","Listed-NSE+BSE","SOMANYCERA","Kolkata, West Bengal","Knowledge-based","well-known listed co.; ticker from model knowledge"
"Cera Sanitaryware Limited","Public Limited","Private (Indian)","Pan-India","Building Materials","Sanitaryware","Listed-NSE+BSE","CERA","Gurugram, Haryana","Knowledge-based","well-known listed co.; ticker from model knowledge"
"Astral Limited","Public Limited","Private (Indian)","Pan-India","Building Materials","Pipes & Adhesives","Listed-NSE+BSE","ASTRAL","Ahmedabad, Gujarat","Knowledge-based","well-known listed co.; ticker from model knowledge"
"Supreme Industries Limited","Public Limited","Private (Indian)","Pan-India","Building Materials","Plastic Products","Listed-NSE+BSE","SUPREMEIND","Mumbai, Maharashtra","Knowledge-based","well-known listed co.; ticker from model knowledge"
"Finolex Industries Limited","Public Limited","Private (Indian)","Pan-India","Building Materials","PVC Pipes","Listed-NSE+BSE","FINPIPE","Pune, Maharashtra","Knowledge-based","well-known listed co.; ticker from model knowledge"
"Prince Pipes and Fittings Limited","Public Limited","Private (Indian)","Maharashtra","Building Materials","Pipes","Listed-NSE+BSE","PRINCEPIPE","Mumbai, Maharashtra","Knowledge-based","well-known listed co.; ticker from model knowledge"
"Century Plyboards (India) Limited","Public Limited","Private (Indian)","Pan-India","Building Materials","Plywood","Listed-NSE+BSE","CENTURYPLY","Kolkata, West Bengal","Knowledge-based","well-known listed co.; ticker from model knowledge"
"Greenply Industries Limited","Public Limited","Private (Indian)","West Bengal","Building Materials","Plywood","Listed-NSE+BSE","GREENPLY","Kolkata, West Bengal","Knowledge-based","well-known listed co.; ticker from model knowledge"
"Hindustan Construction Company Limited","Public Limited","Private (Indian)","Maharashtra","Infrastructure","Construction","Listed-NSE+BSE","HCC","Mumbai, Maharashtra","Knowledge-based","well-known listed co.; ticker from model knowledge"
"PNC Infratech Limited","Public Limited","Private (Indian)","Uttar Pradesh","Infrastructure","Road Construction","Listed-NSE+BSE","PNCINFRA","Agra, Uttar Pradesh","Knowledge-based","well-known listed co.; ticker from model knowledge"
"H.G. Infra Engineering Limited","Public Limited","Private (Indian)","Rajasthan","Infrastructure","Road Construction","Listed-NSE+BSE","HGINFRA","Jaipur, Rajasthan","Knowledge-based","well-known listed co.; ticker from model knowledge"
"Engineers India Limited","Government Company (PSU)","Central PSU","Pan-India","Infrastructure","Engineering Consultancy","Listed-NSE+BSE","ENGINERSIN","New Delhi, Delhi","Knowledge-based","well-known listed co.; ticker from model knowledge"
"Techno Electric & Engineering Company Limited","Public Limited","Private (Indian)","West Bengal","Infrastructure","EPC","Listed-NSE+BSE","TECHNOE","Kolkata, West Bengal","Knowledge-based","well-known listed co.; ticker from model knowledge"
"Welspun Living Limited","Public Limited","Private (Indian)","Pan-India","Textiles & Apparel","Home Textiles","Listed-NSE+BSE","WELSPUNLIV","Mumbai, Maharashtra","Knowledge-based","well-known listed co.; ticker from model knowledge"
"KPR Mill Limited","Public Limited","Private (Indian)","Tamil Nadu","Textiles & Apparel","Textiles","Listed-NSE+BSE","KPRMILL","Coimbatore, Tamil Nadu","Knowledge-based","well-known listed co.; ticker from model knowledge"
"Trident Limited","Public Limited","Private (Indian)","Punjab","Textiles & Apparel","Home Textiles","Listed-NSE+BSE","TRIDENT","Ludhiana, Punjab","Knowledge-based","well-known listed co.; ticker from model knowledge"
"Vardhman Textiles Limited","Public Limited","Private (Indian)","Punjab","Textiles & Apparel","Yarn","Listed-NSE+BSE","VTL","Ludhiana, Punjab","Knowledge-based","well-known listed co.; ticker from model knowledge"
"Raymond Limited","Public Limited","Private (Indian)","Pan-India","Textiles & Apparel","Textiles","Listed-NSE+BSE","RAYMOND","Thane, Maharashtra","Knowledge-based","well-known listed co.; ticker from model knowledge"
"Gokaldas Exports Limited","Public Limited","Private (Indian)","Karnataka","Textiles & Apparel","Garments","Listed-NSE+BSE","GOKEX","Bengaluru, Karnataka","Knowledge-based","well-known listed co.; ticker from model knowledge"
"Arvind Limited","Public Limited","Private (Indian)","Gujarat","Textiles & Apparel","Textiles","Listed-NSE+BSE","ARVIND","Ahmedabad, Gujarat","Knowledge-based","well-known listed co.; ticker from model knowledge"
"Godrej Agrovet Limited","Public Limited","Private (Indian)","Pan-India","Agriculture","Animal Feed & Agri Inputs","Listed-NSE+BSE","GODREJAGRO","Mumbai, Maharashtra","Knowledge-based","well-known listed co.; ticker from model knowledge"
"Balrampur Chini Mills Limited","Public Limited","Private (Indian)","West Bengal; Uttar Pradesh","Agriculture","Sugar","Listed-NSE+BSE","BALRAMCHIN","Kolkata, West Bengal","Knowledge-based","well-known listed co.; ticker from model knowledge"
"Triveni Engineering & Industries Limited","Public Limited","Private (Indian)","Uttar Pradesh","Agriculture","Sugar","Listed-NSE+BSE","TRIVENI","Noida, Uttar Pradesh","Knowledge-based","well-known listed co.; ticker from model knowledge"
"EID Parry (India) Limited","Public Limited","Private (Indian)","Tamil Nadu","Agriculture","Sugar / Nutraceuticals","Listed-NSE+BSE","EIDPARRY","Chennai, Tamil Nadu","Knowledge-based","well-known listed co.; ticker from model knowledge"
"KRBL Limited","Public Limited","Private (Indian)","Pan-India","Agriculture","Basmati Rice","Listed-NSE+BSE","KRBL","Noida, Uttar Pradesh","Knowledge-based","well-known listed co.; ticker from model knowledge"
"LT Foods Limited","Public Limited","Private (Indian)","Pan-India","Agriculture","Basmati Rice","Listed-NSE+BSE","LTFOODS","Gurugram, Haryana","Knowledge-based","well-known listed co.; ticker from model knowledge"
"Avanti Feeds Limited","Public Limited","Private (Indian)","Telangana","Agriculture","Aquaculture Feed","Listed-NSE+BSE","AVANTIFEED","Hyderabad, Telangana","Knowledge-based","well-known listed co.; ticker from model knowledge"
"CCL Products (India) Limited","Public Limited","Private (Indian)","Telangana","Agriculture","Instant Coffee","Listed-NSE+BSE","CCL","Hyderabad, Telangana","Knowledge-based","well-known listed co.; ticker from model knowledge"
"Gujarat Ambuja Exports Limited","Public Limited","Private (Indian)","Gujarat","Agriculture","Agro Processing","Listed-NSE+BSE","GAEL","Ahmedabad, Gujarat","Knowledge-based","well-known listed co.; ticker from model knowledge"
"Rallis India Limited","Public Limited","Private (Indian)","Pan-India","Chemicals","Agrochemicals","Listed-NSE+BSE","RALLIS","Mumbai, Maharashtra","Knowledge-based","well-known listed co.; ticker from model knowledge"
"Sharda Cropchem Limited","Public Limited","Private (Indian)","Maharashtra","Chemicals","Agrochemicals","Listed-NSE+BSE","SHARDACROP","Mumbai, Maharashtra","Knowledge-based","well-known listed co.; ticker from model knowledge"
"Jubilant Ingrevia Limited","Public Limited","Private (Indian)","Uttar Pradesh","Chemicals","Life Science Chemicals","Listed-NSE+BSE","JUBLINGREA","Noida, Uttar Pradesh","Knowledge-based","well-known listed co.; ticker from model knowledge"
"Jubilant Pharmova Limited","Public Limited","Private (Indian)","Uttar Pradesh","Pharmaceuticals","Formulations","Listed-NSE+BSE","JUBLPHARMA","Noida, Uttar Pradesh","Knowledge-based","well-known listed co.; ticker from model knowledge"
"Tata Technologies Limited","Public Limited","Private (Indian)","Pan-India","Information Technology","Engineering Services","Listed-NSE+BSE","TATATECH","Pune, Maharashtra","Knowledge-based","well-known listed co.; ticker from model knowledge"
"Affle (India) Limited","Public Limited","Private (Indian)","Pan-India","Information Technology","Ad Tech","Listed-NSE+BSE","AFFLE","Gurugram, Haryana","Knowledge-based","well-known listed co.; ticker from model knowledge"
"Happiest Minds Technologies Limited","Public Limited","Private (Indian)","Pan-India","Information Technology","IT Services","Listed-NSE+BSE","HAPPSTMNDS","Bengaluru, Karnataka","Knowledge-based","well-known listed co.; ticker from model knowledge"
"Intellect Design Arena Limited","Public Limited","Private (Indian)","Pan-India","Information Technology","Software Products","Listed-NSE+BSE","INTELLECT","Chennai, Tamil Nadu","Knowledge-based","well-known listed co.; ticker from model knowledge"
"Tanla Platforms Limited","Public Limited","Private (Indian)","Pan-India","Information Technology","CPaaS","Listed-NSE+BSE","TANLA","Hyderabad, Telangana","Knowledge-based","well-known listed co.; ticker from model knowledge"
"Newgen Software Technologies Limited","Public Limited","Private (Indian)","Pan-India","Information Technology","Software Products","Listed-NSE+BSE","NEWGEN","New Delhi, Delhi","Knowledge-based","well-known listed co.; ticker from model knowledge"
"Latent View Analytics Limited","Public Limited","Private (Indian)","Tamil Nadu","Information Technology","Analytics","Listed-NSE+BSE","LATENTVIEW","Chennai, Tamil Nadu","Knowledge-based","well-known listed co.; ticker from model knowledge"
"CE Info Systems Limited","Public Limited","Private (Indian)","Pan-India","Information Technology","Digital Maps","Listed-NSE+BSE","MAPMYINDIA","New Delhi, Delhi","Knowledge-based","well-known listed co.; ticker from model knowledge"
"Firstsource Solutions Limited","Public Limited","Private (Indian)","Pan-India","Information Technology","BPO","Listed-NSE+BSE","FSL","Mumbai, Maharashtra","Knowledge-based","well-known listed co.; ticker from model knowledge"
"eClerx Services Limited","Public Limited","Private (Indian)","Pan-India","Information Technology","BPO / Analytics","Listed-NSE+BSE","ECLERX","Mumbai, Maharashtra","Knowledge-based","well-known listed co.; ticker from model knowledge"
"Inventurus Knowledge Solutions Limited","Public Limited","Private (Indian)","Maharashtra","Information Technology","Healthcare IT","Listed-NSE+BSE","","Mumbai, Maharashtra","Needs manual check","listed co.; ticker not confident, blanked"
"Netweb Technologies India Limited","Public Limited","Private (Indian)","Haryana","Information Technology","Servers","Listed-NSE+BSE","NETWEB","Faridabad, Haryana","Knowledge-based","well-known listed co.; ticker from model knowledge"
"Kaynes Technology India Limited","Public Limited","Private (Indian)","Karnataka","Capital Goods","Electronics Manufacturing","Listed-NSE+BSE","KAYNES","Mysuru, Karnataka","Knowledge-based","well-known listed co.; ticker from model knowledge"
"Amber Enterprises India Limited","Public Limited","Private (Indian)","Pan-India","Consumer Durables","Room AC Components","Listed-NSE+BSE","AMBER","Gurugram, Haryana","Knowledge-based","well-known listed co.; ticker from model knowledge"
"Syrma SGS Technology Limited","Public Limited","Private (Indian)","Tamil Nadu","Capital Goods","Electronics Manufacturing","Listed-NSE+BSE","SYRMA","Chennai, Tamil Nadu","Knowledge-based","well-known listed co.; ticker from model knowledge"
"Cello World Limited","Public Limited","Private (Indian)","Pan-India","Consumer Durables","Consumerware","Listed-NSE+BSE","","Mumbai, Maharashtra","Needs manual check","listed co.; ticker not confident, blanked"
"Safari Industries (India) Limited","Public Limited","Private (Indian)","Pan-India","Consumer Durables","Luggage","Listed-NSE+BSE","SAFARI","Mumbai, Maharashtra","Knowledge-based","well-known listed co.; ticker from model knowledge"
"Symphony Limited","Public Limited","Private (Indian)","Pan-India","Consumer Durables","Air Coolers","Listed-NSE+BSE","SYMPHONY","Ahmedabad, Gujarat","Knowledge-based","well-known listed co.; ticker from model knowledge"
"Orient Electric Limited","Public Limited","Private (Indian)","Pan-India","Consumer Durables","Fans & Appliances","Listed-NSE+BSE","ORIENTELEC","New Delhi, Delhi","Knowledge-based","well-known listed co.; ticker from model knowledge"
"Mahindra Holidays & Resorts India Limited","Public Limited","Private (Indian)","Pan-India","Hospitality","Timeshare","Listed-NSE+BSE","","Chennai, Tamil Nadu","Needs manual check","listed co.; ticker not confident, blanked"
"Indiamart Intermesh Limited","Public Limited","Private (Indian)","Pan-India","Consumer Services","B2B Marketplace","Listed-NSE+BSE","INDIAMART","Noida, Uttar Pradesh","Knowledge-based","well-known listed co.; ticker from model knowledge"
"Just Dial Limited","Public Limited","Private (Indian)","Pan-India","Consumer Services","Local Search","Listed-NSE+BSE","JUSTDIAL","Mumbai, Maharashtra","Knowledge-based","well-known listed co.; ticker from model knowledge"
"Redington Limited","Public Limited","Private (Indian)","Pan-India","Trading & Distribution","IT Distribution","Listed-NSE+BSE","REDINGTON","Chennai, Tamil Nadu","Knowledge-based","well-known listed co.; ticker from model knowledge"
"Time Technoplast Limited","Public Limited","Private (Indian)","Maharashtra","Building Materials","Polymer Products","Listed-NSE+BSE","TIMETECHNO","Mumbai, Maharashtra","Knowledge-based","well-known listed co.; ticker from model knowledge"
"Rajesh Exports Limited","Public Limited","Private (Indian)","Karnataka","Consumer Durables","Jewellery","Listed-NSE+BSE","RAJESHEXPO","Bengaluru, Karnataka","Knowledge-based","well-known listed co.; ticker from model knowledge"
"Mahindra CIE Automotive Limited","Public Limited","MNC Subsidiary","Maharashtra","Automobile","Auto Components","Listed-NSE+BSE","MAHINDCIE","Pune, Maharashtra","Knowledge-based","well-known listed co.; ticker from model knowledge"
"Varroc Engineering Limited","Public Limited","Private (Indian)","Maharashtra","Automobile","Auto Components","Listed-NSE+BSE","VARROC","Aurangabad, Maharashtra","Knowledge-based","well-known listed co.; ticker from model knowledge"
"Gabriel India Limited","Public Limited","Private (Indian)","Maharashtra","Automobile","Auto Components","Listed-NSE+BSE","GABRIEL","Pune, Maharashtra","Knowledge-based","well-known listed co.; ticker from model knowledge"
"Subros Limited","Public Limited","Private (Indian)","Delhi","Automobile","Auto Components","Listed-NSE+BSE","SUBROS","New Delhi, Delhi","Knowledge-based","well-known listed co.; ticker from model knowledge"
"Jamna Auto Industries Limited","Public Limited","Private (Indian)","Haryana","Automobile","Auto Components","Listed-NSE+BSE","JAMNAAUTO","Yamunanagar, Haryana","Knowledge-based","well-known listed co.; ticker from model knowledge"
"Craftsman Automation Limited","Public Limited","Private (Indian)","Tamil Nadu","Automobile","Auto Components","Listed-NSE+BSE","CRAFTSMAN","Coimbatore, Tamil Nadu","Knowledge-based","well-known listed co.; ticker from model knowledge"
"Shyam Metalics and Energy Limited","Public Limited","Private (Indian)","West Bengal","Metals & Mining","Steel","Listed-NSE+BSE","SHYAMMETL","Kolkata, West Bengal","Knowledge-based","well-known listed co.; ticker from model knowledge"
"Ramkrishna Forgings Limited","Public Limited","Private (Indian)","West Bengal","Automobile","Forgings","Listed-NSE+BSE","RKFORGE","Kolkata, West Bengal","Knowledge-based","well-known listed co.; ticker from model knowledge"
