"name","entity_type","ownership","state_region","sector","sub_sector","listing","ticker_or_cin","hq","verification","source_note"
"Priyagold Biscuits (Surya Food & Agro Ltd)","Public Limited","Private (Indian)","Uttar Pradesh","FMCG","Biscuits & confectionery","Unlisted","","Noida","Knowledge-based","model knowledge; not re-checked"
"Anmol Industries Limited","Private Limited","Private (Indian)","West Bengal","FMCG","Biscuits","Unlisted","","Kolkata","Knowledge-based","model knowledge; not re-checked"
"Bikaji Foods International Limited","Public Limited","Private (Indian)","Rajasthan","Food Processing & Beverages","Snacks & namkeen","Listed-NSE+BSE","BIKAJI","Bikaner","Knowledge-based","model knowledge; not re-checked"
"Haldiram Snacks Private Limited","Private Limited","Private (Indian)","Delhi; Rajasthan; Uttar Pradesh","Food Processing & Beverages","Namkeen & snacks","Unlisted","","New Delhi/Nagpur","Knowledge-based","model knowledge; not re-checked"
"Prataap Snacks Limited","Public Limited","Private (Indian)","Madhya Pradesh","Food Processing & Beverages","Extruded snacks (Yellow Diamond)","Listed-NSE+BSE","DIAMONDYD","Indore","Knowledge-based","model knowledge; not re-checked"
"Gopal Snacks Limited","Public Limited","Private (Indian)","Gujarat","Food Processing & Beverages","Namkeen & snacks","Listed-NSE+BSE","GOPAL","Rajkot","Knowledge-based","model knowledge; not re-checked"
"DFM Foods Limited","Public Limited","Private (Indian)","Delhi; Haryana","Food Processing & Beverages","Extruded snacks (Crax)","Listed-BSE","DFMFOODS","New Delhi","Knowledge-based","model knowledge; not re-checked"
"Mrs. Bectors Food Specialities Limited","Public Limited","Private (Indian)","Punjab","Food Processing & Beverages","Biscuits & bakery (Cremica, English Oven)","Listed-NSE+BSE","MBFSL","Ludhiana/Punjab","Knowledge-based","model knowledge; not re-checked"
"Vadilal Industries Limited","Public Limited","Private (Indian)","Gujarat","Food Processing & Beverages","Ice cream","Listed-BSE","VADILALIND","Ahmedabad","Knowledge-based","model knowledge; not re-checked"
"Hatsun Agro Product Limited","Public Limited","Private (Indian)","Tamil Nadu","Fisheries, Dairy & Animal Husbandry","Dairy (Arun Ice Cream, Hatsun milk)","Listed-NSE+BSE","HATSUN","Chennai","Knowledge-based","model knowledge; not re-checked"
"Heritage Foods Limited","Public Limited","Private (Indian)","Andhra Pradesh; Telangana","Fisheries, Dairy & Animal Husbandry","Dairy","Listed-NSE+BSE","HERITGFOOD","Hyderabad","Knowledge-based","model knowledge; not re-checked"
"Creamline Dairy Products Limited","Private Limited","Private (Indian)","Andhra Pradesh; Telangana","Fisheries, Dairy & Animal Husbandry","Dairy (Jersey brand)","Unlisted","","Hyderabad","Knowledge-based","model knowledge; not re-checked"
"Milky Mist Dairy Food Private Limited","Private Limited","Private (Indian)","Tamil Nadu","Fisheries, Dairy & Animal Husbandry","Dairy & cheese","Unlisted","","Erode","Knowledge-based","model knowledge; not re-checked"
"Parag Milk Foods Limited","Public Limited","Private (Indian)","Maharashtra","Fisheries, Dairy & Animal Husbandry","Dairy (Gowardhan, Go Cheese)","Listed-NSE+BSE","PARAGMILK","Pune","Knowledge-based","model knowledge; not re-checked"
"Dodla Dairy Limited","Public Limited","Private (Indian)","Andhra Pradesh; Telangana","Fisheries, Dairy & Animal Husbandry","Dairy","Listed-NSE+BSE","DODLA","Hyderabad","Knowledge-based","model knowledge; not re-checked"
"Modern Dairies Limited","Private Limited","Private (Indian)","Punjab; Haryana","Fisheries, Dairy & Animal Husbandry","Dairy","Unlisted","","Ludhiana","Knowledge-based","model knowledge; not re-checked"
"Prabhat Dairy Limited","Public Limited","Private (Indian)","Maharashtra","Fisheries, Dairy & Animal Husbandry","Dairy","Delisted/Unknown","","Ahmednagar","Knowledge-based","model knowledge; not re-checked"
"Sri Sri Tattva (Patanjali Ayurved competitor - regional)","Private Limited","Private (Indian)","Karnataka","FMCG","Ayurveda/wellness products","Unlisted","","Bengaluru","Knowledge-based","model knowledge; not re-checked"
"Wagh Bakri Tea Group (Gujarat Tea Processors & Packers Ltd)","Private Limited","Private (Indian)","Gujarat","Food Processing & Beverages","Tea","Unlisted","","Ahmedabad","Knowledge-based","model knowledge; not re-checked"
"Girnar Food & Beverages Private Limited","Private Limited","Private (Indian)","Madhya Pradesh","Food Processing & Beverages","Tea","Unlisted","","Indore","Knowledge-based","model knowledge; not re-checked"
"Society Tea (Kanan Devan Hills Plantations Company)","Private Limited","Trust/Society","Kerala","Agriculture (Agri-inputs, Seeds, Agri-tech, Plantations)","Tea plantations","Unlisted","","Munnar","Knowledge-based","model knowledge; not re-checked"
"MTR Foods Private Limited","Private Limited","MNC Subsidiary","Karnataka","Food Processing & Beverages","Ready-to-eat & spices","Unlisted","","Bengaluru","Knowledge-based","model knowledge; not re-checked"
"Aachi Masala Foods Private Limited","Private Limited","Private (Indian)","Tamil Nadu","Food Processing & Beverages","Spices & masalas","Unlisted","","Chennai","Knowledge-based","model knowledge; not re-checked"
"Ramdev Food Products Private Limited","Private Limited","Private (Indian)","Gujarat","Food Processing & Beverages","Spices & namkeen","Unlisted","","Gandhinagar","Knowledge-based","model knowledge; not re-checked"
"Everest Food Products Private Limited","Private Limited","Private (Indian)","Maharashtra","Food Processing & Beverages","Spices","Unlisted","","Mumbai","Knowledge-based","model knowledge; not re-checked"
"Suhana Masala (Aashirwad Industries)","Private Limited","Private (Indian)","Maharashtra","Food Processing & Beverages","Spices","Unlisted","","Nashik","Knowledge-based","model knowledge; not re-checked"
"Priya Foods (Foods, Fats and Fertilisers Ltd)","Private Limited","Private (Indian)","Andhra Pradesh; Telangana","Food Processing & Beverages","Pickles & spices","Unlisted","","Hyderabad","Knowledge-based","model knowledge; not re-checked"
"Mother's Recipe (Chordia Foods Private Limited)","Private Limited","Private (Indian)","Maharashtra","Food Processing & Beverages","Pickles & ready to eat","Unlisted","","Mumbai","Knowledge-based","model knowledge; not re-checked"
"Rasna Private Limited","Private Limited","Private (Indian)","Gujarat","Food Processing & Beverages","Soft drink concentrates","Unlisted","","Ahmedabad","Knowledge-based","model knowledge; not re-checked"
"Manpasand Beverages Limited","Public Limited","Private (Indian)","Gujarat","Food Processing & Beverages","Fruit drinks","Delisted/Unknown","MANPASAND","Vadodara","Knowledge-based","model knowledge; not re-checked"
"Paper Boat (Hector Beverages Private Limited)","Private Limited","Private (Indian)","Karnataka","Food Processing & Beverages","Ethnic beverages","Unlisted","","Bengaluru","Knowledge-based","model knowledge; not re-checked"
"Godrej Tyson Foods Limited","Private Limited","Joint Venture","Maharashtra","Food Processing & Beverages","Processed poultry","Unlisted","","Mumbai","Knowledge-based","model knowledge; not re-checked"
"Venky's (India) Limited","Public Limited","Private (Indian)","Maharashtra","Fisheries, Dairy & Animal Husbandry","Poultry & animal feed","Listed-BSE","VENKEYS","Pune","Knowledge-based","model knowledge; not re-checked"
"Suguna Foods Private Limited","Private Limited","Private (Indian)","Tamil Nadu","Fisheries, Dairy & Animal Husbandry","Poultry","Unlisted","","Coimbatore","Knowledge-based","model knowledge; not re-checked"
"Godrej Agrovet Limited","Public Limited","Private (Indian)","Maharashtra","Agriculture (Agri-inputs, Seeds, Agri-tech, Plantations)","Animal feed & agri","Listed-NSE+BSE","GODREJAGRO","Mumbai","Knowledge-based","model knowledge; not re-checked"
"K.R.B.L. Limited","Public Limited","Private (Indian)","Delhi; Uttar Pradesh","Food Processing & Beverages","Basmati rice (India Gate)","Listed-NSE+BSE","KRBL","New Delhi","Knowledge-based","model knowledge; not re-checked"
"LT Foods Limited","Public Limited","Private (Indian)","Haryana","Food Processing & Beverages","Basmati rice (Daawat)","Listed-NSE+BSE","LTFOODS","Gurugram","Knowledge-based","model knowledge; not re-checked"
"Kohinoor Foods Limited","Public Limited","Private (Indian)","Delhi; Haryana","Food Processing & Beverages","Basmati rice","Delisted/Unknown","","New Delhi","Knowledge-based","model knowledge; not re-checked"
"Adani Wilmar (regional edible oil origin Gujarat)","Public Limited","Joint Venture","Gujarat","Food Processing & Beverages","Edible oils","Listed-NSE+BSE","AWL","Ahmedabad","Knowledge-based","model knowledge; not re-checked"
"Gemini Edibles & Fats India Private Limited","Private Limited","Private (Indian)","Andhra Pradesh; Telangana","Food Processing & Beverages","Edible oils (Freedom brand)","Unlisted","","Hyderabad","Knowledge-based","model knowledge; not re-checked"
"Ruchi Soya Industries (Patanjali Foods Limited)","Public Limited","Private (Indian)","Madhya Pradesh","Food Processing & Beverages","Edible oils","Listed-NSE+BSE","PATANJALI","Indore","Knowledge-based","model knowledge; not re-checked"
"Mother Dairy Fruit & Vegetable Private Limited","Private Limited","Cooperative","Delhi; Uttar Pradesh; Haryana","Fisheries, Dairy & Animal Husbandry","Dairy","Unlisted","","New Delhi","Knowledge-based","model knowledge; not re-checked"
"Spencer's Retail Limited","Public Limited","Private (Indian)","West Bengal","Retail (Offline, Organised Retail, Jewellery)","Supermarket chain","Listed-NSE+BSE","SPENCERS","Kolkata","Knowledge-based","model knowledge; not re-checked"
"Nature's Basket Limited","Private Limited","Private (Indian)","Maharashtra","Retail (Offline, Organised Retail, Jewellery)","Gourmet supermarket","Unlisted","","Mumbai","Knowledge-based","model knowledge; not re-checked"
"Ratnadeep Super Market Private Limited","Private Limited","Private (Indian)","Telangana; Andhra Pradesh","Retail (Offline, Organised Retail, Jewellery)","Supermarket chain","Unlisted","","Hyderabad","Knowledge-based","model knowledge; not re-checked"
"Heritage Fresh (Heritage Foods Retail)","Private Limited","Private (Indian)","Andhra Pradesh; Telangana","Retail (Offline, Organised Retail, Jewellery)","Retail stores","Unlisted","","Hyderabad","Knowledge-based","model knowledge; not re-checked"
"More Retail Private Limited (Amazon-Samara)","Private Limited","Joint Venture","Maharashtra; Karnataka","Retail (Offline, Organised Retail, Jewellery)","Supermarket chain","Unlisted","","Bengaluru","Knowledge-based","model knowledge; not re-checked"
"Metro Cash & Carry India Private Limited","Private Limited","MNC Subsidiary","Maharashtra; Karnataka; Punjab","Retail (Offline, Organised Retail, Jewellery)","Wholesale cash & carry","Unlisted","","Bengaluru","Knowledge-based","model knowledge; not re-checked"
"Namdhari's Fresh (Namdhari Seeds Private Limited)","Private Limited","Private (Indian)","Karnataka","Retail (Offline, Organised Retail, Jewellery)","Fresh produce retail","Unlisted","","Bengaluru","Knowledge-based","model knowledge; not re-checked"
"Nilgiris Dairy Farm Private Limited","Private Limited","Private (Indian)","Tamil Nadu; Karnataka","Retail (Offline, Organised Retail, Jewellery)","Supermarket & dairy retail","Unlisted","","Bengaluru","Knowledge-based","model knowledge; not re-checked"
"Foodworld / FoodWorld Supermarkets (Trinethra Super Retail)","Private Limited","Private (Indian)","Tamil Nadu","Retail (Offline, Organised Retail, Jewellery)","Supermarket chain","Unlisted","","Chennai","Knowledge-based","model knowledge; not re-checked"
"Vijetha Super Market Private Limited","Private Limited","Private (Indian)","Telangana; Andhra Pradesh","Retail (Offline, Organised Retail, Jewellery)","Supermarket chain","Unlisted","","Hyderabad","Knowledge-based","model knowledge; not re-checked"
"Star Bazaar (Trent Hypermarket Private Limited)","Private Limited","Joint Venture","Maharashtra; Karnataka","Retail (Offline, Organised Retail, Jewellery)","Hypermarket chain","Unlisted","","Mumbai","Knowledge-based","model knowledge; not re-checked"
"V-Mart Retail Limited","Public Limited","Private (Indian)","Uttar Pradesh; Bihar; Jharkhand","Retail (Offline, Organised Retail, Jewellery)","Value fashion retail","Listed-NSE+BSE","VMART","New Delhi","Knowledge-based","model knowledge; not re-checked"
"V2 Retail Limited","Public Limited","Private (Indian)","West Bengal; Bihar; Jharkhand","Retail (Offline, Organised Retail, Jewellery)","Value fashion retail","Listed-BSE","V2RETAIL","Kolkata","Knowledge-based","model knowledge; not re-checked"
"Vishal Mega Mart Private Limited","Private Limited","Private (Indian)","Delhi; Uttar Pradesh; Haryana","Retail (Offline, Organised Retail, Jewellery)","Value retail chain","Listed-NSE+BSE","VMM","Gurugram","Knowledge-based","model knowledge; not re-checked"
"Big Bazaar (Future Retail Limited) - legacy","Public Limited","Private (Indian)","Maharashtra","Retail (Offline, Organised Retail, Jewellery)","Hypermarket chain (defunct)","Delisted/Unknown","FRETAIL","Mumbai","Knowledge-based","model knowledge; not re-checked"
"Loot (LOT Mobiles) - Karnataka retail","Private Limited","Private (Indian)","Karnataka","Retail (Offline, Organised Retail, Jewellery)","Electronics retail","Unlisted","","Bengaluru","Knowledge-based","model knowledge; not re-checked"
"Poorvika Mobiles Private Limited","Private Limited","Private (Indian)","Tamil Nadu; Andhra Pradesh; Telangana; Karnataka","Retail (Offline, Organised Retail, Jewellery)","Mobile & electronics retail","Unlisted","","Chennai","Knowledge-based","model knowledge; not re-checked"
"Sangeetha Mobiles Private Limited","Private Limited","Private (Indian)","Karnataka; Tamil Nadu; Andhra Pradesh; Telangana","Retail (Offline, Organised Retail, Jewellery)","Mobile retail chain","Unlisted","","Bengaluru","Knowledge-based","model knowledge; not re-checked"
"Univercell Telecommunications India Private Limited","Private Limited","Private (Indian)","Tamil Nadu; Karnataka; Andhra Pradesh","Retail (Offline, Organised Retail, Jewellery)","Mobile retail chain","Unlisted","","Chennai","Knowledge-based","model knowledge; not re-checked"
"Big C Mobiles Private Limited","Private Limited","Private (Indian)","Telangana; Andhra Pradesh","Retail (Offline, Organised Retail, Jewellery)","Mobile retail chain","Unlisted","","Hyderabad","Knowledge-based","model knowledge; not re-checked"
"Sathya Agencies","Private Limited","Private (Indian)","Tamil Nadu","Retail (Offline, Organised Retail, Jewellery)","Consumer electronics retail","Unlisted","","Coimbatore","Knowledge-based","model knowledge; not re-checked"
"Vivek's Service Centre Private Limited (Viveks Limited)","Public Limited","Private (Indian)","Tamil Nadu","Retail (Offline, Organised Retail, Jewellery)","Consumer durables retail","Listed-BSE","VIVEKLTD","Chennai","Knowledge-based","model knowledge; not re-checked"
"Vasanth & Co","Private Limited","Private (Indian)","Tamil Nadu","Retail (Offline, Organised Retail, Jewellery)","Consumer electronics retail","Unlisted","","Chennai","Knowledge-based","model knowledge; not re-checked"
"Kalyan Jewellers India Limited","Public Limited","Private (Indian)","Kerala; Tamil Nadu","Gems & Jewellery","Jewellery retail chain","Listed-NSE+BSE","KALYANKJIL","Thrissur","Knowledge-based","model knowledge; not re-checked"
"Bhima Jewellers","Private Limited","Private (Indian)","Kerala","Gems & Jewellery","Jewellery retail chain","Unlisted","","Thrissur","Knowledge-based","model knowledge; not re-checked"
"Joyalukkas India Private Limited","Private Limited","Private (Indian)","Kerala","Gems & Jewellery","Jewellery retail chain","Unlisted","","Thrissur","Knowledge-based","model knowledge; not re-checked"
"Malabar Gold and Diamonds (Malabar Group)","Private Limited","Private (Indian)","Kerala","Gems & Jewellery","Jewellery retail chain","Unlisted","","Kozhikode","Knowledge-based","model knowledge; not re-checked"
"Alukkas Jewellery","Private Limited","Private (Indian)","Kerala","Gems & Jewellery","Jewellery retail chain","Unlisted","","Thrissur","Knowledge-based","model knowledge; not re-checked"
"Josco Jewellers","Private Limited","Private (Indian)","Kerala","Gems & Jewellery","Jewellery retail chain","Unlisted","","Ernakulam","Knowledge-based","model knowledge; not re-checked"
"PC Chandra Jewellers Private Limited","Private Limited","Private (Indian)","West Bengal","Gems & Jewellery","Jewellery retail chain","Unlisted","","Kolkata","Knowledge-based","model knowledge; not re-checked"
"Senco Gold Limited","Public Limited","Private (Indian)","West Bengal","Gems & Jewellery","Jewellery retail chain","Listed-NSE+BSE","SENCO","Kolkata","Knowledge-based","model knowledge; not re-checked"
"Anjali Jewellers","Private Limited","Private (Indian)","West Bengal","Gems & Jewellery","Jewellery retail chain","Unlisted","","Kolkata","Knowledge-based","model knowledge; not re-checked"
"Waman Hari Pethe Sons Private Limited","Private Limited","Private (Indian)","Maharashtra","Gems & Jewellery","Jewellery retail","Unlisted","","Mumbai","Knowledge-based","model knowledge; not re-checked"
"PN Gadgil Jewellers Limited","Public Limited","Private (Indian)","Maharashtra","Gems & Jewellery","Jewellery retail chain","Listed-BSE","PNGJL","Pune","Knowledge-based","model knowledge; not re-checked"
"Tribhovandas Bhimji Zaveri Limited","Public Limited","Private (Indian)","Maharashtra; Gujarat","Gems & Jewellery","Jewellery retail chain","Listed-NSE+BSE","TBZ","Mumbai","Knowledge-based","model knowledge; not re-checked"
"GRT Jewellers (India) Private Limited","Private Limited","Private (Indian)","Tamil Nadu","Gems & Jewellery","Jewellery retail chain","Unlisted","","Chennai","Knowledge-based","model knowledge; not re-checked"
"Lalithaa Jewellery Mart Private Limited","Private Limited","Private (Indian)","Tamil Nadu","Gems & Jewellery","Jewellery retail chain","Unlisted","","Chennai","Knowledge-based","model knowledge; not re-checked"
"NAC Jewellers","Private Limited","Private (Indian)","Tamil Nadu","Gems & Jewellery","Jewellery retail chain","Unlisted","","Chennai","Knowledge-based","model knowledge; not re-checked"
"Kirtilals Jewellers","Private Limited","Private (Indian)","Tamil Nadu","Gems & Jewellery","Jewellery retail chain","Unlisted","","Coimbatore","Knowledge-based","model knowledge; not re-checked"
"Prince Jewellery and Diamonds","Private Limited","Private (Indian)","Tamil Nadu","Gems & Jewellery","Jewellery retail chain","Unlisted","","Chennai","Knowledge-based","model knowledge; not re-checked"
"Khazana Jewellery (Kamal Jewellery House)","Private Limited","Private (Indian)","Telangana; Andhra Pradesh","Gems & Jewellery","Jewellery retail chain","Unlisted","","Hyderabad","Knowledge-based","model knowledge; not re-checked"
"Malabar Diamond Gallery","Private Limited","Private (Indian)","Tamil Nadu; Kerala","Gems & Jewellery","Jewellery retail chain","Unlisted","","Chennai","Knowledge-based","model knowledge; not re-checked"
"Meenakshi Jewellers","Private Limited","Private (Indian)","Karnataka","Gems & Jewellery","Jewellery retail chain","Unlisted","","Bengaluru","Knowledge-based","model knowledge; not re-checked"
"Anand Jewellers (Anand Jewels)","Private Limited","Private (Indian)","Madhya Pradesh","Gems & Jewellery","Jewellery retail chain","Unlisted","","Indore","Knowledge-based","model knowledge; not re-checked"
"Popley Group / Popley Eternal","Private Limited","Private (Indian)","Maharashtra","Gems & Jewellery","Jewellery manufacture & retail","Unlisted","","Mumbai","Knowledge-based","model knowledge; not re-checked"
"Zaveri Bazaar based - Manubhai Jewellers","Private Limited","Private (Indian)","Gujarat","Gems & Jewellery","Jewellery retail chain","Unlisted","","Ahmedabad","Knowledge-based","model knowledge; not re-checked"
"Arvind Limited","Public Limited","Private (Indian)","Gujarat","Textiles & Apparel","Denim & textiles","Listed-NSE+BSE","ARVIND","Ahmedabad","Knowledge-based","model knowledge; not re-checked"
"Alok Industries Limited","Public Limited","Private (Indian)","Maharashtra; Gujarat","Textiles & Apparel","Composite textiles","Listed-NSE+BSE","ALOKINDS","Mumbai","Knowledge-based","model knowledge; not re-checked"
"Vardhman Textiles Limited","Public Limited","Private (Indian)","Punjab","Textiles & Apparel","Yarn & fabric","Listed-NSE+BSE","VTL","Ludhiana","Knowledge-based","model knowledge; not re-checked"
"Trident Limited","Public Limited","Private (Indian)","Punjab","Textiles & Apparel","Home textiles & paper","Listed-NSE+BSE","TRIDENT","Ludhiana","Knowledge-based","model knowledge; not re-checked"
"Oswal Woollen Mills Limited","Private Limited","Private (Indian)","Punjab","Textiles & Apparel","Woollen & acrylic yarn","Unlisted","","Ludhiana","Knowledge-based","model knowledge; not re-checked"
"Vardhman Yarns and Threads Limited","Private Limited","Private (Indian)","Punjab","Textiles & Apparel","Sewing threads","Unlisted","","Ludhiana","Knowledge-based","model knowledge; not re-checked"
"JCT Limited","Public Limited","Private (Indian)","Punjab","Textiles & Apparel","Textiles & filament yarn","Listed-BSE","JCTL","Phagwara","Knowledge-based","model knowledge; not re-checked"
"Raymond Limited","Public Limited","Private (Indian)","Maharashtra","Textiles & Apparel","Worsted suiting fabric","Listed-NSE+BSE","RAYMOND","Mumbai","Knowledge-based","model knowledge; not re-checked"
"Siyaram Silk Mills Limited","Public Limited","Private (Indian)","Maharashtra","Textiles & Apparel","Suiting & shirting fabric","Listed-BSE","SIYSIL","Mumbai","Knowledge-based","model knowledge; not re-checked"
"Donear Industries Limited","Private Limited","Private (Indian)","Maharashtra","Textiles & Apparel","Suiting fabric","Unlisted","","Mumbai","Knowledge-based","model knowledge; not re-checked"
"S. Kumars Nationwide Limited","Public Limited","Private (Indian)","Maharashtra","Textiles & Apparel","Worsted fabric","Delisted/Unknown","","Mumbai","Knowledge-based","model knowledge; not re-checked"
"Grasim's peer - Century Textiles (Century Enka)","Public Limited","Private (Indian)","Maharashtra","Textiles & Apparel","Textiles & rayon","Listed-BSE","CENTENKA","Mumbai","Knowledge-based","model knowledge; not re-checked"
"Welspun India Limited","Public Limited","Private (Indian)","Gujarat","Textiles & Apparel","Home textiles (towels, bedsheets)","Listed-NSE+BSE","WELSPUNLIV","Mumbai/Gujarat","Knowledge-based","model knowledge; not re-checked"
"Nandan Denim Limited","Public Limited","Private (Indian)","Gujarat","Textiles & Apparel","Denim fabric","Listed-BSE","NDL","Ahmedabad","Knowledge-based","model knowledge; not re-checked"
"Ashima Limited","Private Limited","Private (Indian)","Gujarat","Textiles & Apparel","Textiles","Delisted/Unknown","","Ahmedabad","Knowledge-based","model knowledge; not re-checked"
"Sintex Industries Limited (textiles arm)","Public Limited","Private (Indian)","Gujarat","Textiles & Apparel","Textiles & plastics","Listed-BSE","SINTEX","Ahmedabad","Knowledge-based","model knowledge; not re-checked"
"KG Denim Limited","Public Limited","Private (Indian)","Tamil Nadu","Textiles & Apparel","Denim fabric","Listed-BSE","KGDENIM","Coimbatore","Knowledge-based","model knowledge; not re-checked"
"Sri Lakshmi Saraswathi Textiles (Chennimalai) Limited","Private Limited","Private (Indian)","Tamil Nadu","Textiles & Apparel","Spinning mills","Unlisted","","Erode","Knowledge-based","model knowledge; not re-checked"
"Precot Meridian Limited","Public Limited","Private (Indian)","Tamil Nadu","Textiles & Apparel","Cotton yarn","Listed-BSE","PRECOT","Coimbatore","Knowledge-based","model knowledge; not re-checked"
"Lakshmi Machine Works Limited (textile machinery)","Public Limited","Private (Indian)","Tamil Nadu","Capital Goods & Engineering (Machinery, Industrial Equipment)","Textile machinery","Listed-BSE","LAXMIMACH","Coimbatore","Knowledge-based","model knowledge; not re-checked"
"Loyal Textile Mills Limited","Private Limited","Private (Indian)","Tamil Nadu","Textiles & Apparel","Spinning & weaving","Unlisted","","Kovilpatti","Knowledge-based","model knowledge; not re-checked"
"Vijayeswari Textiles Limited","Public Limited","Private (Indian)","Tamil Nadu","Textiles & Apparel","Spinning mills","Listed-BSE","VIJAYTEX","Coimbatore","Knowledge-based","model knowledge; not re-checked"
"SEL Manufacturing Company Limited","Public Limited","Private (Indian)","Punjab","Textiles & Apparel","Cotton yarn & garments","Listed-BSE","SELMC","Ludhiana","Knowledge-based","model knowledge; not re-checked"
"Sangam India Limited","Public Limited","Private (Indian)","Rajasthan","Textiles & Apparel","Synthetic yarn & fabric","Listed-BSE","SANGAMIND","Bhilwara","Knowledge-based","model knowledge; not re-checked"
"RSWM Limited","Public Limited","Private (Indian)","Rajasthan","Textiles & Apparel","Yarn manufacturing","Listed-BSE","RSWM","Bhilwara","Knowledge-based","model knowledge; not re-checked"
"HEG-affiliate LNJ Bhilwara Group - Maral Overseas Limited","Public Limited","Private (Indian)","Madhya Pradesh","Textiles & Apparel","Cotton yarn & garments","Listed-BSE","MARALOVER","Bhilwara","Knowledge-based","model knowledge; not re-checked"
"Banswara Syntex Limited","Public Limited","Private (Indian)","Rajasthan","Textiles & Apparel","Synthetic & blended yarn","Listed-BSE","BANSWRAS","Banswara","Knowledge-based","model knowledge; not re-checked"
"Malwa Cotton Spinning Mills Limited","Private Limited","Private (Indian)","Punjab","Textiles & Apparel","Cotton spinning","Delisted/Unknown","","Ludhiana","Knowledge-based","model knowledge; not re-checked"
"Bombay Rayon Fashions Limited","Public Limited","Private (Indian)","Maharashtra","Textiles & Apparel","Fabric & garment manufacture","Listed-BSE","BOMBAYRAY","Mumbai","Knowledge-based","model knowledge; not re-checked"
"Mafatlal Industries Limited","Public Limited","Private (Indian)","Gujarat; Maharashtra","Textiles & Apparel","Textiles","Listed-BSE","MAFATIND","Mumbai","Knowledge-based","model knowledge; not re-checked"
"Garden Silk Mills Limited","Private Limited","Private (Indian)","Gujarat","Textiles & Apparel","Synthetic textiles","Delisted/Unknown","","Surat","Knowledge-based","model knowledge; not re-checked"
"Surat's Sarla Performance Fibers Limited","Public Limited","Private (Indian)","Maharashtra; Gujarat","Textiles & Apparel","Synthetic yarn","Listed-BSE","SARLAPOLY","Silvassa","Knowledge-based","model knowledge; not re-checked"
"Orient Craft Limited","Private Limited","Private (Indian)","Haryana; Delhi","Textiles & Apparel","Garment exports","Unlisted","","Gurugram","Knowledge-based","model knowledge; not re-checked"
"Gokaldas Exports Limited","Public Limited","Private (Indian)","Karnataka","Textiles & Apparel","Garment exports","Listed-NSE+BSE","GOKEX","Bengaluru","Knowledge-based","model knowledge; not re-checked"
"Shahi Exports Private Limited","Private Limited","Private (Indian)","Karnataka; Delhi","Textiles & Apparel","Garment exports","Unlisted","","Bengaluru","Knowledge-based","model knowledge; not re-checked"
"SSF (Silver Spark Apparel Limited - K.M. Knitwear group)","Private Limited","Private (Indian)","Tamil Nadu","Textiles & Apparel","Knitwear manufacture","Unlisted","","Tirupur","Knowledge-based","model knowledge; not re-checked"
"Eastman Exports Global Clothing Private Limited","Private Limited","Private (Indian)","Tamil Nadu","Textiles & Apparel","Knitwear & garment exports","Unlisted","","Tirupur","Knowledge-based","model knowledge; not re-checked"
"Ambattur Clothing Company","Private Limited","Private (Indian)","Tamil Nadu","Textiles & Apparel","Garment exports","Unlisted","","Chennai","Knowledge-based","model knowledge; not re-checked"
"SPL Industries (Sportking group)","Public Limited","Private (Indian)","Punjab","Textiles & Apparel","Woollen knitwear","Listed-BSE","SPORTKING","Ludhiana","Knowledge-based","model knowledge; not re-checked"
"Monte Carlo Fashions Limited","Public Limited","Private (Indian)","Punjab","Textiles & Apparel","Winter wear & garments","Listed-BSE","MONTECARLO","Ludhiana","Knowledge-based","model knowledge; not re-checked"
"Cotton County Retail Ventures Limited","Public Limited","Private (Indian)","Punjab","Textiles & Apparel","Garment retail","Listed-BSE","COTTONCTY","Ludhiana","Knowledge-based","model knowledge; not re-checked"
"Duke Fashions (India) Limited","Public Limited","Private (Indian)","Rajasthan","Textiles & Apparel","Innerwear & garments","Listed-BSE","DUKEOFFICE","Jaipur","Knowledge-based","model knowledge; not re-checked"
"Kanodia Global Limited (Vero Moda distr.)","Public Limited","Private (Indian)","Delhi","Textiles & Apparel","Apparel distribution","Listed-BSE","KANODIA","New Delhi","Knowledge-based","model knowledge; not re-checked"
"Zodiac Clothing Company Limited","Public Limited","Private (Indian)","Maharashtra","Textiles & Apparel","Shirts & apparel","Listed-BSE","ZODIAC","Mumbai","Knowledge-based","model knowledge; not re-checked"
"Celebrity Fashions Limited","Public Limited","Private (Indian)","Tamil Nadu","Textiles & Apparel","Garment exports","Listed-BSE","CELEBRITY","Chennai","Knowledge-based","model knowledge; not re-checked"
"Ahluwalia Contracts (India) Limited","Public Limited","Private (Indian)","Delhi; Haryana","Construction & Infrastructure (EPC, Contractors)","Building construction EPC","Listed-NSE+BSE","AHLUCONT","New Delhi","Knowledge-based","model knowledge; not re-checked"
"NCC Limited (formerly Nagarjuna Construction)","Public Limited","Private (Indian)","Telangana","Construction & Infrastructure (EPC, Contractors)","Infrastructure EPC","Listed-NSE+BSE","NCC","Hyderabad","Knowledge-based","model knowledge; not re-checked"
"KNR Constructions Limited","Public Limited","Private (Indian)","Telangana; Andhra Pradesh","Construction & Infrastructure (EPC, Contractors)","Road & irrigation EPC","Listed-NSE+BSE","KNRCON","Hyderabad","Knowledge-based","model knowledge; not re-checked"
"Ramky Infrastructure Limited","Public Limited","Private (Indian)","Telangana; Andhra Pradesh","Construction & Infrastructure (EPC, Contractors)","Infrastructure EPC","Listed-BSE","RAMKY","Hyderabad","Knowledge-based","model knowledge; not re-checked"
"Megha Engineering & Infrastructures Limited","Private Limited","Private (Indian)","Telangana","Construction & Infrastructure (EPC, Contractors)","Irrigation & infra EPC","Unlisted","","Hyderabad","Knowledge-based","model knowledge; not re-checked"
"IVRCL Limited","Public Limited","Private (Indian)","Telangana","Construction & Infrastructure (EPC, Contractors)","Infrastructure EPC","Delisted/Unknown","IVRCLINFRA","Hyderabad","Knowledge-based","model knowledge; not re-checked"
"Kakinada based - GVPR Engineers Limited","Public Limited","Private (Indian)","Andhra Pradesh; Telangana","Construction & Infrastructure (EPC, Contractors)","Water & infra EPC","Listed-BSE","GVPTECH","Hyderabad","Knowledge-based","model knowledge; not re-checked"
"PNC Infratech Limited","Public Limited","Private (Indian)","Uttar Pradesh","Construction & Infrastructure (EPC, Contractors)","Road EPC","Listed-NSE+BSE","PNCINFRA","Agra","Knowledge-based","model knowledge; not re-checked"
"Dilip Buildcon Limited","Public Limited","Private (Indian)","Madhya Pradesh","Construction & Infrastructure (EPC, Contractors)","Road EPC","Listed-NSE+BSE","DBL","Bhopal","Knowledge-based","model knowledge; not re-checked"
"Ashoka Buildcon Limited","Public Limited","Private (Indian)","Maharashtra","Construction & Infrastructure (EPC, Contractors)","Road EPC & toll","Listed-NSE+BSE","ASHOKA","Nashik","Knowledge-based","model knowledge; not re-checked"
"Gayatri Projects Limited","Public Limited","Private (Indian)","Telangana","Construction & Infrastructure (EPC, Contractors)","Infrastructure EPC","Listed-NSE+BSE","GAYAPROJ","Hyderabad","Knowledge-based","model knowledge; not re-checked"
"Patel Engineering Limited","Public Limited","Private (Indian)","Maharashtra","Construction & Infrastructure (EPC, Contractors)","Hydro & tunnel EPC","Listed-NSE+BSE","PATELENG","Mumbai","Knowledge-based","model knowledge; not re-checked"
"Simplex Infrastructures Limited","Public Limited","Private (Indian)","West Bengal","Construction & Infrastructure (EPC, Contractors)","Infrastructure EPC","Listed-NSE+BSE","SIMPLEXINF","Kolkata","Knowledge-based","model knowledge; not re-checked"
"Bengal Shrachi (Shrachi Group)","Private Limited","Private (Indian)","West Bengal","Real Estate (Developers, REITs/InvITs, Brokers)","Real estate development","Unlisted","","Kolkata","Knowledge-based","model knowledge; not re-checked"
"PS Group (PS Srijan Realty)","Private Limited","Private (Indian)","West Bengal","Real Estate (Developers, REITs/InvITs, Brokers)","Real estate development","Unlisted","","Kolkata","Knowledge-based","model knowledge; not re-checked"
"Bengal Peerless Housing Development Company Limited","Private Limited","Joint Venture","West Bengal","Real Estate (Developers, REITs/InvITs, Brokers)","Real estate development","Unlisted","","Kolkata","Knowledge-based","model knowledge; not re-checked"
"Merlin Group (Merlin Projects Limited)","Private Limited","Private (Indian)","West Bengal","Real Estate (Developers, REITs/InvITs, Brokers)","Real estate development","Unlisted","","Kolkata","Knowledge-based","model knowledge; not re-checked"
"Purvankara Limited","Public Limited","Private (Indian)","Karnataka; Kerala","Real Estate (Developers, REITs/InvITs, Brokers)","Real estate development","Listed-NSE+BSE","PURVA","Bengaluru","Knowledge-based","model knowledge; not re-checked"
"Sobha Limited","Public Limited","Private (Indian)","Karnataka; Kerala","Real Estate (Developers, REITs/InvITs, Brokers)","Real estate development","Listed-NSE+BSE","SOBHA","Bengaluru","Knowledge-based","model knowledge; not re-checked"
"Brigade Enterprises Limited","Public Limited","Private (Indian)","Karnataka; Tamil Nadu; Kerala","Real Estate (Developers, REITs/InvITs, Brokers)","Real estate development","Listed-NSE+BSE","BRIGADE","Bengaluru","Knowledge-based","model knowledge; not re-checked"
"Prestige Estates Projects Limited","Public Limited","Private (Indian)","Karnataka; Kerala; Tamil Nadu","Real Estate (Developers, REITs/InvITs, Brokers)","Real estate development","Listed-NSE+BSE","PRESTIGE","Bengaluru","Knowledge-based","model knowledge; not re-checked"
"Puravankara's peer - Salarpuria Sattva Group","Private Limited","Private (Indian)","Karnataka","Real Estate (Developers, REITs/InvITs, Brokers)","Real estate development","Unlisted","","Bengaluru","Knowledge-based","model knowledge; not re-checked"
"Mantri Developers Private Limited","Private Limited","Private (Indian)","Karnataka","Real Estate (Developers, REITs/InvITs, Brokers)","Real estate development","Unlisted","","Bengaluru","Knowledge-based","model knowledge; not re-checked"
"RMZ Corp","Private Limited","Private (Indian)","Karnataka","Real Estate (Developers, REITs/InvITs, Brokers)","Commercial real estate","Unlisted","","Bengaluru","Knowledge-based","model knowledge; not re-checked"
"Confident Group","Private Limited","Private (Indian)","Karnataka","Real Estate (Developers, REITs/InvITs, Brokers)","Real estate development","Unlisted","","Bengaluru","Knowledge-based","model knowledge; not re-checked"
"Casagrand Builder Private Limited","Private Limited","Private (Indian)","Tamil Nadu; Karnataka; Andhra Pradesh","Real Estate (Developers, REITs/InvITs, Brokers)","Real estate development","Unlisted","","Chennai","Knowledge-based","model knowledge; not re-checked"
"Radiance Realty Developers India Limited","Private Limited","Private (Indian)","Tamil Nadu","Real Estate (Developers, REITs/InvITs, Brokers)","Real estate development","Unlisted","","Chennai","Knowledge-based","model knowledge; not re-checked"
"Appaswamy Real Estates","Private Limited","Private (Indian)","Tamil Nadu","Real Estate (Developers, REITs/InvITs, Brokers)","Real estate development","Unlisted","","Chennai","Knowledge-based","model knowledge; not re-checked"
"Alliance Group (Chennai)","Private Limited","Private (Indian)","Tamil Nadu","Real Estate (Developers, REITs/InvITs, Brokers)","Real estate development","Unlisted","","Chennai","Knowledge-based","model knowledge; not re-checked"
"Ceebros Property Development Private Limited","Private Limited","Private (Indian)","Tamil Nadu","Real Estate (Developers, REITs/InvITs, Brokers)","Real estate development","Unlisted","","Chennai","Knowledge-based","model knowledge; not re-checked"
"My Home Group / My Home Constructions Private Limited","Private Limited","Private (Indian)","Telangana","Real Estate (Developers, REITs/InvITs, Brokers)","Real estate & cement","Unlisted","","Hyderabad","Knowledge-based","model knowledge; not re-checked"
"Aparna Constructions & Estates Private Limited","Private Limited","Private (Indian)","Telangana","Real Estate (Developers, REITs/InvITs, Brokers)","Real estate development","Unlisted","","Hyderabad","Knowledge-based","model knowledge; not re-checked"
"Rajapushpa Properties Private Limited","Private Limited","Private (Indian)","Telangana","Real Estate (Developers, REITs/InvITs, Brokers)","Real estate development","Unlisted","","Hyderabad","Knowledge-based","model knowledge; not re-checked"
"PBEL (Phoenix Group Hyderabad)","Private Limited","Joint Venture","Telangana","Real Estate (Developers, REITs/InvITs, Brokers)","Real estate development","Unlisted","","Hyderabad","Knowledge-based","model knowledge; not re-checked"
"Hiranandani Group (House of Hiranandani)","Private Limited","Private (Indian)","Maharashtra; Tamil Nadu","Real Estate (Developers, REITs/InvITs, Brokers)","Real estate development","Unlisted","","Mumbai","Knowledge-based","model knowledge; not re-checked"
"Lodha Group / Macrotech Developers Limited","Public Limited","Private (Indian)","Maharashtra","Real Estate (Developers, REITs/InvITs, Brokers)","Real estate development","Listed-NSE+BSE","LODHA","Mumbai","Knowledge-based","model knowledge; not re-checked"
"Kalpataru Group (Kalpataru Limited)","Public Limited","Private (Indian)","Maharashtra","Real Estate (Developers, REITs/InvITs, Brokers)","Real estate development","Unlisted","","Mumbai","Knowledge-based","model knowledge; not re-checked"
"Rustomjee (Keystone Realtors Limited)","Public Limited","Private (Indian)","Maharashtra","Real Estate (Developers, REITs/InvITs, Brokers)","Real estate development","Listed-NSE+BSE","RUSTOMJEE","Mumbai","Knowledge-based","model knowledge; not re-checked"
"Runwal Group","Private Limited","Private (Indian)","Maharashtra","Real Estate (Developers, REITs/InvITs, Brokers)","Real estate development","Unlisted","","Mumbai","Knowledge-based","model knowledge; not re-checked"
"Kolte-Patil Developers Limited","Public Limited","Private (Indian)","Maharashtra","Real Estate (Developers, REITs/InvITs, Brokers)","Real estate development","Listed-NSE+BSE","KOLTEPATIL","Pune","Knowledge-based","model knowledge; not re-checked"
"Panchshil Realty","Private Limited","Private (Indian)","Maharashtra","Real Estate (Developers, REITs/InvITs, Brokers)","Commercial real estate","Unlisted","","Pune","Knowledge-based","model knowledge; not re-checked"
"Gera Developments Private Limited","Private Limited","Private (Indian)","Maharashtra","Real Estate (Developers, REITs/InvITs, Brokers)","Real estate development","Unlisted","","Pune","Knowledge-based","model knowledge; not re-checked"
"Nahar Group Pune (Nahar Amrit Shakti)","Private Limited","Private (Indian)","Maharashtra","Real Estate (Developers, REITs/InvITs, Brokers)","Real estate development","Unlisted","","Pune","Knowledge-based","model knowledge; not re-checked"
"Vascon Engineers Limited","Public Limited","Private (Indian)","Maharashtra","Construction & Infrastructure (EPC, Contractors)","Construction EPC","Listed-BSE","VASCONEQ","Pune","Knowledge-based","model knowledge; not re-checked"
"Shapoorji Pallonji Infrastructure Capital Company Private Limited","Private Limited","Private (Indian)","Maharashtra","Construction & Infrastructure (EPC, Contractors)","Infra investment & EPC","Unlisted","","Mumbai","Knowledge-based","model knowledge; not re-checked"
"Afcons Infrastructure Limited","Public Limited","Private (Indian)","Maharashtra","Construction & Infrastructure (EPC, Contractors)","Heavy civil EPC","Listed-NSE+BSE","AFCONS","Mumbai","Knowledge-based","model knowledge; not re-checked"
"B.G. Shirke Construction Technology Private Limited","Private Limited","Private (Indian)","Maharashtra","Construction & Infrastructure (EPC, Contractors)","Precast construction","Unlisted","","Pune","Knowledge-based","model knowledge; not re-checked"
"Shree Ram Urban Infrastructure Limited","Public Limited","Private (Indian)","Maharashtra","Real Estate (Developers, REITs/InvITs, Brokers)","Real estate development","Listed-BSE","SHREERAM","Mumbai","Knowledge-based","model knowledge; not re-checked"
"Ansal Properties & Infrastructure Limited","Public Limited","Private (Indian)","Delhi; Uttar Pradesh; Haryana","Real Estate (Developers, REITs/InvITs, Brokers)","Real estate development","Listed-NSE+BSE","ANSALAPI","New Delhi","Knowledge-based","model knowledge; not re-checked"
"Ansal Housing Limited","Public Limited","Private (Indian)","Delhi; Haryana; Uttar Pradesh","Real Estate (Developers, REITs/InvITs, Brokers)","Real estate development","Listed-BSE","ANSALHSG","New Delhi","Knowledge-based","model knowledge; not re-checked"
"Parsvnath Developers Limited","Public Limited","Private (Indian)","Delhi; Uttar Pradesh; Haryana","Real Estate (Developers, REITs/InvITs, Brokers)","Real estate development","Listed-NSE+BSE","PARSVNATH","New Delhi","Knowledge-based","model knowledge; not re-checked"
"Unitech Limited","Public Limited","Private (Indian)","Delhi; Haryana; Uttar Pradesh","Real Estate (Developers, REITs/InvITs, Brokers)","Real estate development","Listed-NSE+BSE","UNITECH","Gurugram","Knowledge-based","model knowledge; not re-checked"
"Omaxe Limited","Public Limited","Private (Indian)","Uttar Pradesh; Haryana; Punjab","Real Estate (Developers, REITs/InvITs, Brokers)","Real estate development","Listed-NSE+BSE","OMAXE","New Delhi","Knowledge-based","model knowledge; not re-checked"
"Supertech Limited","Private Limited","Private (Indian)","Uttar Pradesh; Delhi","Real Estate (Developers, REITs/InvITs, Brokers)","Real estate development","Unlisted","","Noida","Knowledge-based","model knowledge; not re-checked"
"Amrapali Group","Private Limited","Private (Indian)","Uttar Pradesh; Delhi","Real Estate (Developers, REITs/InvITs, Brokers)","Real estate development","Unlisted","","Noida","Knowledge-based","model knowledge; not re-checked"
"Gaursons India Private Limited (Gaur Group)","Private Limited","Private (Indian)","Uttar Pradesh","Real Estate (Developers, REITs/InvITs, Brokers)","Real estate development","Unlisted","","Noida","Knowledge-based","model knowledge; not re-checked"
"ATS Infrastructure Limited","Private Limited","Private (Indian)","Uttar Pradesh; Delhi","Real Estate (Developers, REITs/InvITs, Brokers)","Real estate development","Unlisted","","Noida","Knowledge-based","model knowledge; not re-checked"
"Eldeco Group (Eldeco Housing & Industries Limited)","Public Limited","Private (Indian)","Uttar Pradesh","Real Estate (Developers, REITs/InvITs, Brokers)","Real estate development","Listed-BSE","ELDEHSG","Lucknow","Knowledge-based","model knowledge; not re-checked"
"Emaar MGF Land Limited","Private Limited","Joint Venture","Haryana; Delhi","Real Estate (Developers, REITs/InvITs, Brokers)","Real estate development","Unlisted","","Gurugram","Knowledge-based","model knowledge; not re-checked"
"BPTP Limited","Private Limited","Private (Indian)","Haryana; Delhi","Real Estate (Developers, REITs/InvITs, Brokers)","Real estate development","Unlisted","","Faridabad","Knowledge-based","model knowledge; not re-checked"
"Vatika Group (Vatika Limited)","Private Limited","Private (Indian)","Haryana","Real Estate (Developers, REITs/InvITs, Brokers)","Real estate development","Unlisted","","Gurugram","Knowledge-based","model knowledge; not re-checked"
"Raheja Developers Limited","Private Limited","Private (Indian)","Haryana; Delhi","Real Estate (Developers, REITs/InvITs, Brokers)","Real estate development","Unlisted","","Gurugram","Knowledge-based","model knowledge; not re-checked"
"Ireo Private Limited","Private Limited","Private (Indian)","Haryana","Real Estate (Developers, REITs/InvITs, Brokers)","Real estate development","Unlisted","","Gurugram","Knowledge-based","model knowledge; not re-checked"
"SARE Homes (SARE Gurgaon Realty)","Private Limited","Joint Venture","Haryana","Real Estate (Developers, REITs/InvITs, Brokers)","Real estate development","Unlisted","","Gurugram","Knowledge-based","model knowledge; not re-checked"
"Landmark Cars Limited","Public Limited","Private (Indian)","Gujarat; Madhya Pradesh; Maharashtra","Automobile (OEMs, Auto Components, EV, Dealerships)","Automobile dealership (Mercedes-Benz, Jeep)","Listed-NSE+BSE","LANDMARK","Mumbai","Knowledge-based","model knowledge; not re-checked"
"Popular Vehicles and Services Limited","Public Limited","Private (Indian)","Kerala; Tamil Nadu; Karnataka","Automobile (OEMs, Auto Components, EV, Dealerships)","Automobile dealership (Maruti Suzuki, Ashok Leyland)","Listed-BSE","POPULAR","Kochi","Knowledge-based","model knowledge; not re-checked"
"Kun Motor Company Private Limited","Private Limited","Private (Indian)","Tamil Nadu","Automobile (OEMs, Auto Components, EV, Dealerships)","Automobile dealership (Hyundai)","Unlisted","","Chennai","Knowledge-based","model knowledge; not re-checked"
"Sundaram Motors (TVS Group dealership arm)","Private Limited","Private (Indian)","Tamil Nadu","Automobile (OEMs, Auto Components, EV, Dealerships)","Automobile dealership","Unlisted","","Chennai","Knowledge-based","model knowledge; not re-checked"
"T V Sundram Iyengar & Sons Private Limited","Private Limited","Private (Indian)","Tamil Nadu","Automobile (OEMs, Auto Components, EV, Dealerships)","Automobile distribution & dealership","Unlisted","","Madurai","Knowledge-based","model knowledge; not re-checked"
"Varun Motors (Varun Group)","Private Limited","Private (Indian)","Telangana; Andhra Pradesh","Automobile (OEMs, Auto Components, EV, Dealerships)","Automobile dealership (Maruti Suzuki)","Unlisted","","Hyderabad","Knowledge-based","model knowledge; not re-checked"
"Deccan Auto Ancillaries Private Limited","Private Limited","Private (Indian)","Telangana","Automobile (OEMs, Auto Components, EV, Dealerships)","Auto components","Unlisted","","Hyderabad","Knowledge-based","model knowledge; not re-checked"
"Malabar Cars Private Limited","Private Limited","Private (Indian)","Kerala","Automobile (OEMs, Auto Components, EV, Dealerships)","Automobile dealership","Unlisted","","Kozhikode","Knowledge-based","model knowledge; not re-checked"
"Kairali Motors (Kairali Steels & Motors)","Private Limited","Private (Indian)","Kerala","Automobile (OEMs, Auto Components, EV, Dealerships)","Automobile dealership","Unlisted","","Thiruvananthapuram","Knowledge-based","model knowledge; not re-checked"
"Khivraj Motors Private Limited","Private Limited","Private (Indian)","Tamil Nadu","Automobile (OEMs, Auto Components, EV, Dealerships)","Automobile dealership (Toyota)","Unlisted","","Chennai","Knowledge-based","model knowledge; not re-checked"
"Malayalam Motors (P) Ltd","Private Limited","Private (Indian)","Kerala","Automobile (OEMs, Auto Components, EV, Dealerships)","Automobile dealership","Unlisted","","Kochi","Knowledge-based","model knowledge; not re-checked"
"Prerana Motors Private Limited","Private Limited","Private (Indian)","Karnataka","Automobile (OEMs, Auto Components, EV, Dealerships)","Automobile dealership (Maruti Suzuki)","Unlisted","","Bengaluru","Knowledge-based","model knowledge; not re-checked"
"Nexa Bengaluru (Trident Hyundai group)","Private Limited","Private (Indian)","Karnataka","Automobile (OEMs, Auto Components, EV, Dealerships)","Automobile dealership","Unlisted","","Bengaluru","Knowledge-based","model knowledge; not re-checked"
"Trident Hyundai (Trident Automobiles)","Private Limited","Private (Indian)","Karnataka","Automobile (OEMs, Auto Components, EV, Dealerships)","Automobile dealership (Hyundai)","Unlisted","","Bengaluru","Knowledge-based","model knowledge; not re-checked"
"Advaith Motors Private Limited","Private Limited","Private (Indian)","Karnataka; Telangana","Automobile (OEMs, Auto Components, EV, Dealerships)","Automobile dealership (Maruti Suzuki, Volkswagen)","Unlisted","","Bengaluru","Knowledge-based","model knowledge; not re-checked"
"Group Kalyani (Kalyani Motors Private Limited)","Private Limited","Private (Indian)","Karnataka","Automobile (OEMs, Auto Components, EV, Dealerships)","Automobile dealership (Maruti Suzuki)","Unlisted","","Bengaluru","Knowledge-based","model knowledge; not re-checked"
"Capital Automobiles (Capital Motors Group)","Private Limited","Private (Indian)","Delhi; Uttar Pradesh","Automobile (OEMs, Auto Components, EV, Dealerships)","Automobile dealership","Unlisted","","New Delhi","Knowledge-based","model knowledge; not re-checked"
"Uttam Toyota (Uttam Motors)","Private Limited","Private (Indian)","Delhi","Automobile (OEMs, Auto Components, EV, Dealerships)","Automobile dealership (Toyota)","Unlisted","","New Delhi","Knowledge-based","model knowledge; not re-checked"
"DDU Motors (DD Motors Group)","Private Limited","Private (Indian)","Uttar Pradesh","Automobile (OEMs, Auto Components, EV, Dealerships)","Automobile dealership","Unlisted","","Lucknow","Knowledge-based","model knowledge; not re-checked"
"Competent Automobiles Company Limited","Public Limited","Private (Indian)","Delhi","Automobile (OEMs, Auto Components, EV, Dealerships)","Automobile dealership (Maruti Suzuki)","Listed-BSE","COMPETENT","New Delhi","Knowledge-based","model knowledge; not re-checked"
"Saboo Motors (SML Isuzu dealership)","Private Limited","Private (Indian)","Punjab","Automobile (OEMs, Auto Components, EV, Dealerships)","Automobile dealership","Unlisted","","Ludhiana","Knowledge-based","model knowledge; not re-checked"
"Vipul Motors Private Limited","Private Limited","Private (Indian)","Delhi; Haryana","Automobile (OEMs, Auto Components, EV, Dealerships)","Automobile dealership (Maruti Suzuki)","Unlisted","","New Delhi","Knowledge-based","model knowledge; not re-checked"
"Hetero Drugs Limited","Private Limited","Private (Indian)","Telangana; Andhra Pradesh","Pharma (Formulations, API, CDMO)","Generic formulations & API","Unlisted","","Hyderabad","Knowledge-based","model knowledge; not re-checked"
"Aurobindo Pharma Limited","Public Limited","Private (Indian)","Telangana","Pharma (Formulations, API, CDMO)","Generic formulations & API","Listed-NSE+BSE","AUROPHARMA","Hyderabad","Knowledge-based","model knowledge; not re-checked"
"Natco Pharma Limited","Public Limited","Private (Indian)","Telangana","Pharma (Formulations, API, CDMO)","Oncology generics","Listed-NSE+BSE","NATCOPHARM","Hyderabad","Knowledge-based","model knowledge; not re-checked"
"Laurus Labs Limited","Public Limited","Private (Indian)","Telangana; Andhra Pradesh","Pharma (Formulations, API, CDMO)","API & CDMO","Listed-NSE+BSE","LAURUSLABS","Hyderabad","Knowledge-based","model knowledge; not re-checked"
"Granules India Limited","Public Limited","Private (Indian)","Telangana","Pharma (Formulations, API, CDMO)","API & formulations","Listed-NSE+BSE","GRANULES","Hyderabad","Knowledge-based","model knowledge; not re-checked"
"Sri Krishna Pharmaceuticals Limited","Public Limited","Private (Indian)","Andhra Pradesh; Telangana","Pharma (Formulations, API, CDMO)","Formulations","Listed-BSE","SKM","Hyderabad","Knowledge-based","model knowledge; not re-checked"
"Suven Pharmaceuticals Limited","Public Limited","Private (Indian)","Telangana","Pharma (Formulations, API, CDMO)","CRAMS/CDMO","Listed-NSE+BSE","SUVENPHAR","Hyderabad","Knowledge-based","model knowledge; not re-checked"
"Bharat Biotech International Limited","Private Limited","Private (Indian)","Telangana","Biotechnology & Life Sciences","Vaccines","Unlisted","","Hyderabad","Knowledge-based","model knowledge; not re-checked"
"Biological E. Limited","Private Limited","Private (Indian)","Telangana","Biotechnology & Life Sciences","Vaccines & biologics","Unlisted","","Hyderabad","Knowledge-based","model knowledge; not re-checked"
"Shantha Biotechnics Private Limited","Private Limited","MNC Subsidiary","Telangana","Biotechnology & Life Sciences","Vaccines","Unlisted","","Hyderabad","Knowledge-based","model knowledge; not re-checked"
"Mylan Laboratories Limited (regional origin Hyderabad)","Private Limited","MNC Subsidiary","Telangana","Pharma (Formulations, API, CDMO)","Generic formulations","Unlisted","","Hyderabad","Knowledge-based","model knowledge; not re-checked"
"Optimus Pharma Private Limited","Private Limited","Private (Indian)","Telangana","Pharma (Formulations, API, CDMO)","API manufacturing","Unlisted","","Hyderabad","Knowledge-based","model knowledge; not re-checked"
"Ipca Laboratories Limited","Public Limited","Private (Indian)","Maharashtra; Madhya Pradesh","Pharma (Formulations, API, CDMO)","Formulations & API","Listed-NSE+BSE","IPCALAB","Mumbai","Knowledge-based","model knowledge; not re-checked"
"Lupin's peer - Wockhardt Limited","Public Limited","Private (Indian)","Maharashtra","Pharma (Formulations, API, CDMO)","Formulations & biologics","Listed-NSE+BSE","WOCKPHARMA","Mumbai","Knowledge-based","model knowledge; not re-checked"
"FDC Limited","Public Limited","Private (Indian)","Maharashtra","Pharma (Formulations, API, CDMO)","Formulations","Listed-NSE+BSE","FDC","Mumbai","Knowledge-based","model knowledge; not re-checked"
"Indoco Remedies Limited","Public Limited","Private (Indian)","Maharashtra; Goa","Pharma (Formulations, API, CDMO)","Formulations & API","Listed-NSE+BSE","INDOCO","Mumbai","Knowledge-based","model knowledge; not re-checked"
"Ajanta Pharma Limited","Public Limited","Private (Indian)","Maharashtra","Pharma (Formulations, API, CDMO)","Formulations","Listed-NSE+BSE","AJANTPHARM","Mumbai","Knowledge-based","model knowledge; not re-checked"
"Alkem Laboratories Limited","Public Limited","Private (Indian)","Maharashtra","Pharma (Formulations, API, CDMO)","Formulations","Listed-NSE+BSE","ALKEM","Mumbai","Knowledge-based","model knowledge; not re-checked"
"Glenmark Pharmaceuticals Limited","Public Limited","Private (Indian)","Maharashtra","Pharma (Formulations, API, CDMO)","Formulations","Listed-NSE+BSE","GLENMARK","Mumbai","Knowledge-based","model knowledge; not re-checked"
"USV Private Limited","Private Limited","Private (Indian)","Maharashtra","Pharma (Formulations, API, CDMO)","Formulations & API","Unlisted","","Mumbai","Knowledge-based","model knowledge; not re-checked"
"Wanbury Limited","Public Limited","Private (Indian)","Maharashtra","Pharma (Formulations, API, CDMO)","API manufacturing","Listed-BSE","WANBURY","Mumbai","Knowledge-based","model knowledge; not re-checked"
"Emcure Pharmaceuticals Limited","Public Limited","Private (Indian)","Maharashtra","Pharma (Formulations, API, CDMO)","Formulations & biologics","Listed-NSE+BSE","EMCURE","Pune","Knowledge-based","model knowledge; not re-checked"
"Serum Institute of India Private Limited","Private Limited","Private (Indian)","Maharashtra","Biotechnology & Life Sciences","Vaccines","Unlisted","","Pune","Knowledge-based","model knowledge; not re-checked"
"Gennova Biopharmaceuticals Limited","Private Limited","Private (Indian)","Maharashtra","Biotechnology & Life Sciences","Biopharmaceuticals","Unlisted","","Pune","Knowledge-based","model knowledge; not re-checked"
"Bharat Serums and Vaccines Limited","Private Limited","Private (Indian)","Maharashtra","Biotechnology & Life Sciences","Biologics & vaccines","Unlisted","","Mumbai","Knowledge-based","model knowledge; not re-checked"
"Zydus Lifesciences Limited","Public Limited","Private (Indian)","Gujarat","Pharma (Formulations, API, CDMO)","Formulations & API","Listed-NSE+BSE","ZYDUSLIFE","Ahmedabad","Knowledge-based","model knowledge; not re-checked"
"Torrent Pharmaceuticals Limited","Public Limited","Private (Indian)","Gujarat","Pharma (Formulations, API, CDMO)","Formulations","Listed-NSE+BSE","TORNTPHARM","Ahmedabad","Knowledge-based","model knowledge; not re-checked"
"Intas Pharmaceuticals Limited","Private Limited","Private (Indian)","Gujarat","Pharma (Formulations, API, CDMO)","Formulations & biosimilars","Unlisted","","Ahmedabad","Knowledge-based","model knowledge; not re-checked"
"Alembic Pharmaceuticals Limited","Public Limited","Private (Indian)","Gujarat","Pharma (Formulations, API, CDMO)","Formulations & API","Listed-NSE+BSE","APLLTD","Vadodara","Knowledge-based","model knowledge; not re-checked"
"Cadila Pharmaceuticals Limited","Private Limited","Private (Indian)","Gujarat","Pharma (Formulations, API, CDMO)","Formulations","Unlisted","","Ahmedabad","Knowledge-based","model knowledge; not re-checked"
"Claris Lifesciences Limited","Public Limited","Private (Indian)","Gujarat","Pharma (Formulations, API, CDMO)","Injectables","Delisted/Unknown","","Ahmedabad","Knowledge-based","model knowledge; not re-checked"
"Elder Pharmaceuticals Limited","Public Limited","Private (Indian)","Gujarat; Maharashtra","Pharma (Formulations, API, CDMO)","Formulations","Listed-BSE","ELDERPHARM","Mumbai","Knowledge-based","model knowledge; not re-checked"
"Cipla's peer - Panacea Biotec Limited","Public Limited","Private (Indian)","Punjab; Delhi","Biotechnology & Life Sciences","Vaccines & biosimilars","Listed-NSE+BSE","PANACEABIO","New Delhi","Knowledge-based","model knowledge; not re-checked"
"Ind-Swift Laboratories Limited","Public Limited","Private (Indian)","Punjab; Chandigarh","Pharma (Formulations, API, CDMO)","API manufacturing","Listed-BSE","INDSWFTLTD","Chandigarh","Knowledge-based","model knowledge; not re-checked"
"Nectar Lifesciences Limited","Public Limited","Private (Indian)","Punjab","Pharma (Formulations, API, CDMO)","API manufacturing","Listed-BSE","NECLIFE","Chandigarh","Knowledge-based","model knowledge; not re-checked"
"Mankind Pharma Limited","Public Limited","Private (Indian)","Delhi","Pharma (Formulations, API, CDMO)","Formulations","Listed-NSE+BSE","MANKIND","New Delhi","Knowledge-based","model knowledge; not re-checked"
"Morepen Laboratories Limited","Public Limited","Private (Indian)","Himachal Pradesh; Delhi","Pharma (Formulations, API, CDMO)","API & formulations","Listed-BSE","MOREPENLAB","New Delhi","Knowledge-based","model knowledge; not re-checked"
"Unichem Laboratories Limited","Public Limited","Private (Indian)","Maharashtra","Pharma (Formulations, API, CDMO)","Formulations","Listed-NSE+BSE","UNICHEMLAB","Mumbai","Knowledge-based","model knowledge; not re-checked"
"J. B. Chemicals & Pharmaceuticals Limited","Public Limited","Private (Indian)","Maharashtra","Pharma (Formulations, API, CDMO)","Formulations","Listed-NSE+BSE","JBCHEPHARM","Mumbai","Knowledge-based","model knowledge; not re-checked"
"Panjon Limited (Anglo-French Drugs group)","Public Limited","Private (Indian)","Delhi","Pharma (Formulations, API, CDMO)","Formulations","Listed-BSE","PANJON","New Delhi","Knowledge-based","model knowledge; not re-checked"
"Themis Medicare Limited","Public Limited","Private (Indian)","Gujarat","Pharma (Formulations, API, CDMO)","Formulations","Listed-BSE","THEMISMED","Vapi","Knowledge-based","model knowledge; not re-checked"
"Marksans Pharma Limited","Public Limited","Private (Indian)","Goa","Pharma (Formulations, API, CDMO)","Formulations","Listed-NSE+BSE","MARKSANS","Goa","Knowledge-based","model knowledge; not re-checked"
"Eenadu (Ushodaya Enterprises Private Limited)","Private Limited","Private (Indian)","Telangana; Andhra Pradesh","Media & Entertainment (Broadcasting, OTT, Print, Advertising, Films, Gaming)","Telugu newspaper & TV","Unlisted","","Hyderabad","Knowledge-based","model knowledge; not re-checked"
"Sakshi Media Group","Private Limited","Private (Indian)","Andhra Pradesh; Telangana","Media & Entertainment (Broadcasting, OTT, Print, Advertising, Films, Gaming)","Telugu newspaper & TV","Unlisted","","Hyderabad","Knowledge-based","model knowledge; not re-checked"
"Andhra Jyothy (Telugu One Media)","Private Limited","Private (Indian)","Andhra Pradesh; Telangana","Media & Entertainment (Broadcasting, OTT, Print, Advertising, Films, Gaming)","Telugu newspaper","Unlisted","","Hyderabad","Knowledge-based","model knowledge; not re-checked"
"Malayala Manorama Company Private Limited","Private Limited","Private (Indian)","Kerala","Media & Entertainment (Broadcasting, OTT, Print, Advertising, Films, Gaming)","Malayalam newspaper & TV","Unlisted","","Kottayam","Knowledge-based","model knowledge; not re-checked"
"Mathrubhumi Printing & Publishing Company Limited","Public Limited","Private (Indian)","Kerala","Media & Entertainment (Broadcasting, OTT, Print, Advertising, Films, Gaming)","Malayalam newspaper & TV","Unlisted","","Kozhikode","Knowledge-based","model knowledge; not re-checked"
"Kerala Kaumudi Private Limited","Private Limited","Private (Indian)","Kerala","Media & Entertainment (Broadcasting, OTT, Print, Advertising, Films, Gaming)","Malayalam newspaper","Unlisted","","Thiruvananthapuram","Knowledge-based","model knowledge; not re-checked"
"Deshabhimani Publications","Private Limited","Trust/Society","Kerala","Media & Entertainment (Broadcasting, OTT, Print, Advertising, Films, Gaming)","Malayalam newspaper","Unlisted","","Kozhikode","Knowledge-based","model knowledge; not re-checked"
"Asianet Communications Limited","Private Limited","Private (Indian)","Kerala","Media & Entertainment (Broadcasting, OTT, Print, Advertising, Films, Gaming)","Malayalam TV channel","Unlisted","","Kochi","Knowledge-based","model knowledge; not re-checked"
"Dinakaran (Kal Publications Private Limited)","Private Limited","Private (Indian)","Tamil Nadu","Media & Entertainment (Broadcasting, OTT, Print, Advertising, Films, Gaming)","Tamil newspaper","Unlisted","","Chennai","Knowledge-based","model knowledge; not re-checked"
"Daily Thanthi (Thanthi Trust)","Private Limited","Trust/Society","Tamil Nadu","Media & Entertainment (Broadcasting, OTT, Print, Advertising, Films, Gaming)","Tamil newspaper & TV","Unlisted","","Chennai","Knowledge-based","model knowledge; not re-checked"
"Sun TV Network Limited","Public Limited","Private (Indian)","Tamil Nadu","Media & Entertainment (Broadcasting, OTT, Print, Advertising, Films, Gaming)","Tamil TV broadcasting","Listed-NSE+BSE","SUNTV","Chennai","Knowledge-based","model knowledge; not re-checked"
"Vikatan Group","Private Limited","Private (Indian)","Tamil Nadu","Media & Entertainment (Broadcasting, OTT, Print, Advertising, Films, Gaming)","Tamil publishing","Unlisted","","Chennai","Knowledge-based","model knowledge; not re-checked"
"Jaya TV (Jaya Media Private Limited)","Private Limited","Private (Indian)","Tamil Nadu","Media & Entertainment (Broadcasting, OTT, Print, Advertising, Films, Gaming)","Tamil TV channel","Unlisted","","Chennai","Knowledge-based","model knowledge; not re-checked"
"Anandabazar Patrika (ABP Group / ABP Private Limited)","Private Limited","Private (Indian)","West Bengal","Media & Entertainment (Broadcasting, OTT, Print, Advertising, Films, Gaming)","Bengali newspaper & TV","Unlisted","","Kolkata","Knowledge-based","model knowledge; not re-checked"
"Bartaman Private Limited","Private Limited","Private (Indian)","West Bengal","Media & Entertainment (Broadcasting, OTT, Print, Advertising, Films, Gaming)","Bengali newspaper","Unlisted","","Kolkata","Knowledge-based","model knowledge; not re-checked"
"Sangbad Pratidin (Pratidin Prakashani Private Limited)","Private Limited","Private (Indian)","West Bengal","Media & Entertainment (Broadcasting, OTT, Print, Advertising, Films, Gaming)","Bengali newspaper","Unlisted","","Kolkata","Knowledge-based","model knowledge; not re-checked"
"Dainik Jagran (Jagran Prakashan Limited)","Public Limited","Private (Indian)","Uttar Pradesh; Delhi; Punjab; Madhya Pradesh","Media & Entertainment (Broadcasting, OTT, Print, Advertising, Films, Gaming)","Hindi newspaper & radio","Listed-NSE+BSE","JAGRAN","Kanpur","Knowledge-based","model knowledge; not re-checked"
"Amar Ujala Publications Limited","Private Limited","Private (Indian)","Uttar Pradesh; Uttarakhand; Delhi","Media & Entertainment (Broadcasting, OTT, Print, Advertising, Films, Gaming)","Hindi newspaper","Unlisted","","Noida","Knowledge-based","model knowledge; not re-checked"
"Dainik Bhaskar (D.B. Corp Limited)","Public Limited","Private (Indian)","Madhya Pradesh; Rajasthan; Gujarat; Chhattisgarh","Media & Entertainment (Broadcasting, OTT, Print, Advertising, Films, Gaming)","Hindi/Gujarati newspaper & radio","Listed-NSE+BSE","DBCORP","Bhopal","Knowledge-based","model knowledge; not re-checked"
"Rajasthan Patrika Private Limited","Private Limited","Private (Indian)","Rajasthan; Madhya Pradesh; Chhattisgarh; Uttar Pradesh","Media & Entertainment (Broadcasting, OTT, Print, Advertising, Films, Gaming)","Hindi newspaper","Unlisted","","Jaipur","Knowledge-based","model knowledge; not re-checked"
"Hindustan Media Ventures Limited","Public Limited","Private (Indian)","Bihar; Jharkhand; Uttar Pradesh; Uttarakhand","Media & Entertainment (Broadcasting, OTT, Print, Advertising, Films, Gaming)","Hindi newspaper","Delisted/Unknown","HMVL","New Delhi","Knowledge-based","model knowledge; not re-checked"
"Prabhat Khabar (Aryavart Cultural Association)","Private Limited","Trust/Society","Jharkhand; Bihar","Media & Entertainment (Broadcasting, OTT, Print, Advertising, Films, Gaming)","Hindi newspaper","Unlisted","","Ranchi","Knowledge-based","model knowledge; not re-checked"
"Ajit Samachar Private Limited","Private Limited","Private (Indian)","Punjab","Media & Entertainment (Broadcasting, OTT, Print, Advertising, Films, Gaming)","Punjabi newspaper","Unlisted","","Jalandhar","Knowledge-based","model knowledge; not re-checked"
"Punjab Kesari (Hind Samachar Group)","Private Limited","Private (Indian)","Punjab; Haryana; Himachal Pradesh; Delhi","Media & Entertainment (Broadcasting, OTT, Print, Advertising, Films, Gaming)","Hindi/Punjabi newspaper","Unlisted","","Jalandhar","Knowledge-based","model knowledge; not re-checked"
"Lokmat Media Private Limited","Private Limited","Private (Indian)","Maharashtra","Media & Entertainment (Broadcasting, OTT, Print, Advertising, Films, Gaming)","Marathi newspaper","Unlisted","","Nagpur","Knowledge-based","model knowledge; not re-checked"
"Sakal Media Group (Sakal Papers Private Limited)","Private Limited","Private (Indian)","Maharashtra","Media & Entertainment (Broadcasting, OTT, Print, Advertising, Films, Gaming)","Marathi newspaper","Unlisted","","Pune","Knowledge-based","model knowledge; not re-checked"
"Sandesh Limited","Public Limited","Private (Indian)","Gujarat","Media & Entertainment (Broadcasting, OTT, Print, Advertising, Films, Gaming)","Gujarati newspaper","Listed-BSE","SANDESH","Ahmedabad","Knowledge-based","model knowledge; not re-checked"
"Gujarat Samachar (Gujarat Samachar Private Limited)","Private Limited","Private (Indian)","Gujarat","Media & Entertainment (Broadcasting, OTT, Print, Advertising, Films, Gaming)","Gujarati newspaper","Unlisted","","Ahmedabad","Knowledge-based","model knowledge; not re-checked"
"Prajavani (The Printers Mysore Limited)","Public Limited","Private (Indian)","Karnataka","Media & Entertainment (Broadcasting, OTT, Print, Advertising, Films, Gaming)","Kannada newspaper","Listed-BSE","PRINTERSMY","Bengaluru","Knowledge-based","model knowledge; not re-checked"
"Kannada Prabha (Express Group regional unit)","Private Limited","Private (Indian)","Karnataka","Media & Entertainment (Broadcasting, OTT, Print, Advertising, Films, Gaming)","Kannada newspaper","Unlisted","","Bengaluru","Knowledge-based","model knowledge; not re-checked"
"Vishwavani Publications","Private Limited","Private (Indian)","Karnataka","Media & Entertainment (Broadcasting, OTT, Print, Advertising, Films, Gaming)","Kannada newspaper","Unlisted","","Bengaluru","Knowledge-based","model knowledge; not re-checked"
"Suvarna News (Asianet Suvarna)","Private Limited","MNC Subsidiary","Karnataka","Media & Entertainment (Broadcasting, OTT, Print, Advertising, Films, Gaming)","Kannada TV channel","Unlisted","","Bengaluru","Knowledge-based","model knowledge; not re-checked"
"Odisha TV Private Limited","Private Limited","Private (Indian)","Odisha","Media & Entertainment (Broadcasting, OTT, Print, Advertising, Films, Gaming)","Odia TV channel","Unlisted","","Bhubaneswar","Knowledge-based","model knowledge; not re-checked"
"Samaja Newspaper (Odisha)","Private Limited","Trust/Society","Odisha","Media & Entertainment (Broadcasting, OTT, Print, Advertising, Films, Gaming)","Odia newspaper","Unlisted","","Bhubaneswar","Knowledge-based","model knowledge; not re-checked"
"Assam Tribune Private Limited","Private Limited","Private (Indian)","Assam","Media & Entertainment (Broadcasting, OTT, Print, Advertising, Films, Gaming)","English/Assamese newspaper","Unlisted","","Guwahati","Knowledge-based","model knowledge; not re-checked"
"Dainik Asam / Asomiya Pratidin (Pratidin Time Media)","Private Limited","Private (Indian)","Assam","Media & Entertainment (Broadcasting, OTT, Print, Advertising, Films, Gaming)","Assamese newspaper & TV","Unlisted","","Guwahati","Knowledge-based","model knowledge; not re-checked"
"Northeast Live Media","Private Limited","Private (Indian)","Assam","Media & Entertainment (Broadcasting, OTT, Print, Advertising, Films, Gaming)","Regional news portal","Unlisted","","Guwahati","Knowledge-based","model knowledge; not re-checked"
"Balrampur Chini Mills Limited","Public Limited","Private (Indian)","Uttar Pradesh","Food Processing & Beverages","Sugar & ethanol","Listed-NSE+BSE","BALRAMCHIN","Kolkata/UP","Knowledge-based","model knowledge; not re-checked"
"Bajaj Hindusthan Sugar Limited","Public Limited","Private (Indian)","Uttar Pradesh","Food Processing & Beverages","Sugar & ethanol","Listed-NSE+BSE","BAJAJHIND","Noida","Knowledge-based","model knowledge; not re-checked"
"Dhampur Sugar Mills Limited","Public Limited","Private (Indian)","Uttar Pradesh","Food Processing & Beverages","Sugar & ethanol","Listed-NSE+BSE","DHAMPURSUG","New Delhi","Knowledge-based","model knowledge; not re-checked"
"Dwarikesh Sugar Industries Limited","Public Limited","Private (Indian)","Uttar Pradesh","Food Processing & Beverages","Sugar & ethanol","Listed-NSE+BSE","DWARKESH","Mumbai/UP","Knowledge-based","model knowledge; not re-checked"
"Triveni Engineering & Industries Limited","Public Limited","Private (Indian)","Uttar Pradesh","Food Processing & Beverages","Sugar, ethanol & engineering","Listed-NSE+BSE","TRIVENI","New Delhi","Knowledge-based","model knowledge; not re-checked"
"Simbhaoli Sugars Limited","Public Limited","Private (Indian)","Uttar Pradesh","Food Processing & Beverages","Sugar & ethanol","Listed-BSE","SIMBHALS","New Delhi","Knowledge-based","model knowledge; not re-checked"
"Upper Ganges Sugar & Industries Limited","Public Limited","Private (Indian)","Uttar Pradesh; West Bengal","Food Processing & Beverages","Sugar","Listed-BSE","UPPERGANGES","Kolkata","Knowledge-based","model knowledge; not re-checked"
"Avadh Sugar & Energy Limited","Public Limited","Private (Indian)","Uttar Pradesh","Food Processing & Beverages","Sugar & ethanol","Listed-NSE+BSE","AVADHSUGAR","Kolkata/UP","Knowledge-based","model knowledge; not re-checked"
"Mawana Sugars Limited","Public Limited","Private (Indian)","Uttar Pradesh","Food Processing & Beverages","Sugar","Listed-BSE","MAWANASUG","New Delhi","Knowledge-based","model knowledge; not re-checked"
"Uttam Sugar Mills Limited","Public Limited","Private (Indian)","Uttarakhand; Uttar Pradesh","Food Processing & Beverages","Sugar & ethanol","Listed-BSE","USML","New Delhi","Knowledge-based","model knowledge; not re-checked"
"DCM Shriram Industries Limited (sugar division)","Public Limited","Private (Indian)","Uttar Pradesh","Food Processing & Beverages","Sugar & chemicals","Listed-BSE","DCMSRIND","New Delhi","Knowledge-based","model knowledge; not re-checked"
"Ponni Sugars (Erode) Limited","Public Limited","Private (Indian)","Tamil Nadu","Food Processing & Beverages","Sugar","Listed-BSE","PONNIERODE","Chennai","Knowledge-based","model knowledge; not re-checked"
"Bannari Amman Sugars Limited","Public Limited","Private (Indian)","Tamil Nadu","Food Processing & Beverages","Sugar & agro-processing","Listed-BSE","BANARISUG","Coimbatore","Knowledge-based","model knowledge; not re-checked"
"Sakthi Sugars Limited","Public Limited","Private (Indian)","Tamil Nadu","Food Processing & Beverages","Sugar","Listed-BSE","SAKSOFT","Coimbatore","Knowledge-based","model knowledge; not re-checked"
"Rajshree Sugars & Chemicals Limited","Public Limited","Private (Indian)","Tamil Nadu","Food Processing & Beverages","Sugar & chemicals","Listed-BSE","RAJSREESUG","Coimbatore","Knowledge-based","model knowledge; not re-checked"
"Dalmia Bharat Sugar and Industries Limited","Public Limited","Private (Indian)","Uttar Pradesh; Bihar; Tamil Nadu","Food Processing & Beverages","Sugar & ethanol","Listed-BSE","DALMIASUG","New Delhi","Knowledge-based","model knowledge; not re-checked"
"Dharani Sugars & Chemicals Limited","Public Limited","Private (Indian)","Tamil Nadu","Food Processing & Beverages","Sugar","Listed-BSE","DHARSUGAR","Chennai","Knowledge-based","model knowledge; not re-checked"
"Rana Sugars Limited","Public Limited","Private (Indian)","Punjab; Uttarakhand","Food Processing & Beverages","Sugar","Listed-BSE","RANASUG","Chandigarh","Knowledge-based","model knowledge; not re-checked"
"Renuka Sugars (Shree Renuka Sugars Limited)","Public Limited","Private (Indian)","Karnataka; Maharashtra","Food Processing & Beverages","Sugar & ethanol","Listed-NSE+BSE","RENUKA","Mumbai","Knowledge-based","model knowledge; not re-checked"
"EID group affiliate - Ugar Sugar Works Limited","Public Limited","Private (Indian)","Karnataka","Food Processing & Beverages","Sugar","Listed-BSE","UGARSUGAR","Belagavi","Knowledge-based","model knowledge; not re-checked"
"Vishwanath Sugar Mills Limited","Public Limited","Private (Indian)","Maharashtra","Food Processing & Beverages","Sugar","Listed-BSE","VISHNU","Ahmednagar","Knowledge-based","model knowledge; not re-checked"
"Andhra Sugars Limited","Public Limited","Private (Indian)","Andhra Pradesh","Chemicals & Fertilisers (Specialty, Petrochemicals, Agro-chemicals)","Sugar & chemicals","Listed-BSE","ANDHRSUGAR","Tanuku","Knowledge-based","model knowledge; not re-checked"
"KCP Sugar and Industries Corporation Limited","Public Limited","Private (Indian)","Andhra Pradesh","Food Processing & Beverages","Sugar & engineering","Listed-BSE","KCPSUGIND","Chennai","Knowledge-based","model knowledge; not re-checked"
"Godavari Biorefineries Limited","Public Limited","Private (Indian)","Maharashtra","Food Processing & Beverages","Sugar, ethanol & bio-chemicals","Listed-BSE","GODAVARIB","Mumbai","Knowledge-based","model knowledge; not re-checked"
"Gayatri Bio Organics Limited","Public Limited","Private (Indian)","Andhra Pradesh; Telangana","Food Processing & Beverages","Sugar & bio-organics","Listed-BSE","GAYAFIN","Hyderabad","Knowledge-based","model knowledge; not re-checked"
"Kesar Enterprises Limited (Kesar Sugar)","Public Limited","Private (Indian)","Uttar Pradesh","Food Processing & Beverages","Sugar","Listed-BSE","KESARENT","Mumbai","Knowledge-based","model knowledge; not re-checked"
"Magadh Sugar & Energy Limited","Public Limited","Private (Indian)","Bihar","Food Processing & Beverages","Sugar & ethanol","Listed-BSE","MAGADSUGAR","Kolkata/Bihar","Knowledge-based","model knowledge; not re-checked"
"Sagar Cements Limited","Public Limited","Private (Indian)","Telangana; Andhra Pradesh","Cement & Building Materials","Cement manufacturing","Listed-NSE+BSE","SAGCEM","Hyderabad","Knowledge-based","model knowledge; not re-checked"
"Penna Cement Industries Limited","Private Limited","Private (Indian)","Andhra Pradesh; Telangana","Cement & Building Materials","Cement manufacturing","Unlisted","","Hyderabad","Knowledge-based","model knowledge; not re-checked"
"Deccan Cements Limited","Public Limited","Private (Indian)","Telangana; Andhra Pradesh","Cement & Building Materials","Cement manufacturing","Listed-BSE","DECCANCE","Hyderabad","Knowledge-based","model knowledge; not re-checked"
"NCL Industries Limited","Public Limited","Private (Indian)","Telangana","Cement & Building Materials","Cement manufacturing","Listed-BSE","NCLIND","Hyderabad","Knowledge-based","model knowledge; not re-checked"
"Zuari Cement Limited (My Home group)","Private Limited","Private (Indian)","Andhra Pradesh; Telangana","Cement & Building Materials","Cement manufacturing","Unlisted","","Hyderabad","Knowledge-based","model knowledge; not re-checked"
"My Home Industries Private Limited","Private Limited","Private (Indian)","Telangana; Andhra Pradesh","Cement & Building Materials","Cement manufacturing","Unlisted","","Hyderabad","Knowledge-based","model knowledge; not re-checked"
"Bheema Cements Limited","Public Limited","Private (Indian)","Telangana","Cement & Building Materials","Cement manufacturing","Listed-BSE","BHEEMACEM","Hyderabad","Knowledge-based","model knowledge; not re-checked"
"Priyadarshini Cement Limited","Public Limited","Private (Indian)","Andhra Pradesh","Cement & Building Materials","Cement manufacturing","Listed-BSE","PRIYACEM","Guntur","Knowledge-based","model knowledge; not re-checked"
"Panyam Cements and Mineral Industries Limited","Public Limited","Private (Indian)","Andhra Pradesh","Cement & Building Materials","Cement manufacturing","Listed-BSE","PANYAMCMT","Kurnool","Knowledge-based","model knowledge; not re-checked"
"Chettinad Cement Corporation Private Limited","Private Limited","Private (Indian)","Tamil Nadu","Cement & Building Materials","Cement manufacturing","Unlisted","","Chennai","Knowledge-based","model knowledge; not re-checked"
"Madras Cements Limited (Ramco Cements Limited)","Public Limited","Private (Indian)","Tamil Nadu","Cement & Building Materials","Cement manufacturing","Listed-NSE+BSE","RAMCOCEM","Chennai","Knowledge-based","model knowledge; not re-checked"
"Coromandel's peer - Sri Vishnu Cement Limited","Public Limited","Private (Indian)","Andhra Pradesh","Cement & Building Materials","Cement manufacturing","Listed-BSE","SRIVISHNU","Guntur","Knowledge-based","model knowledge; not re-checked"
"Shiva Cement Limited","Public Limited","Private (Indian)","Odisha","Cement & Building Materials","Cement manufacturing","Listed-BSE","SHIVACEM","Bhubaneswar","Knowledge-based","model knowledge; not re-checked"
"Meghalaya Cements Limited","Public Limited","Private (Indian)","Meghalaya; Assam","Cement & Building Materials","Cement manufacturing","Listed-BSE","MCL","Shillong","Knowledge-based","model knowledge; not re-checked"
"Cachar Cements Limited","Private Limited","Private (Indian)","Assam","Cement & Building Materials","Cement manufacturing","Unlisted","","Silchar","Knowledge-based","model knowledge; not re-checked"
"Star Cement Meghalaya Limited","Public Limited","Private (Indian)","Meghalaya; Assam","Cement & Building Materials","Cement manufacturing","Listed-NSE+BSE","STARCEMENT","Guwahati","Knowledge-based","model knowledge; not re-checked"
"Mangalam Cement Limited","Public Limited","Private (Indian)","Rajasthan","Cement & Building Materials","Cement manufacturing","Listed-NSE+BSE","MANGLMCEM","Kolkata/Rajasthan","Knowledge-based","model knowledge; not re-checked"
"JK Lakshmi Cement Limited","Public Limited","Private (Indian)","Rajasthan; Haryana","Cement & Building Materials","Cement manufacturing","Listed-NSE+BSE","JKLAKSHMI","New Delhi","Knowledge-based","model knowledge; not re-checked"
"Udaipur Cement Works Limited","Public Limited","Private (Indian)","Rajasthan","Cement & Building Materials","Cement manufacturing","Listed-BSE","UDAICEMENT","Udaipur","Knowledge-based","model knowledge; not re-checked"
"Saurashtra Cement Limited","Public Limited","Private (Indian)","Gujarat","Cement & Building Materials","Cement manufacturing","Listed-BSE","SAURASHCEM","Ahmedabad","Knowledge-based","model knowledge; not re-checked"
"Gujarat Sidhee Cement Limited","Public Limited","Private (Indian)","Gujarat","Cement & Building Materials","Cement manufacturing","Listed-BSE","GUJSIDHEE","Porbandar","Knowledge-based","model knowledge; not re-checked"
"Sanghi Industries Limited","Public Limited","Private (Indian)","Gujarat","Cement & Building Materials","Cement manufacturing","Listed-BSE","SANGHIIND","Ahmedabad","Knowledge-based","model knowledge; not re-checked"
"Prism Johnson Limited","Public Limited","Private (Indian)","Madhya Pradesh; Maharashtra","Cement & Building Materials","Cement, tiles & bath products","Listed-NSE+BSE","PRSMJOHNSN","Mumbai","Knowledge-based","model knowledge; not re-checked"
"Kalyanpur Cements Limited","Public Limited","Private (Indian)","Bihar; Jharkhand","Cement & Building Materials","Cement manufacturing","Listed-BSE","KALYANPUR","Kolkata","Knowledge-based","model knowledge; not re-checked"
"Diamond Cement (M.P. Ltd)","Private Limited","Private (Indian)","Madhya Pradesh; Chhattisgarh","Cement & Building Materials","Cement manufacturing","Unlisted","","Satna","Knowledge-based","model knowledge; not re-checked"
"Vinay Cement Limited","Public Limited","Private (Indian)","Bihar","Cement & Building Materials","Cement manufacturing","Listed-BSE","VINAYCEM","Kolkata","Knowledge-based","model knowledge; not re-checked"
"Chhattisgarh's Vandana Global Limited (cement/steel)","Public Limited","Private (Indian)","Chhattisgarh","Cement & Building Materials","Cement & steel","Listed-BSE","VANDANA","Raipur","Knowledge-based","model knowledge; not re-checked"
"KSK Energy Ventures Limited","Public Limited","Private (Indian)","Andhra Pradesh; Telangana","Power (Generation, Transmission, Distribution, Trading)","Power generation","Delisted/Unknown","KSK","Hyderabad","Knowledge-based","model knowledge; not re-checked"
"GVK Power & Infrastructure Limited","Public Limited","Private (Indian)","Telangana; Andhra Pradesh","Power (Generation, Transmission, Distribution, Trading)","Power & infrastructure","Listed-NSE+BSE","GVKPIL","Hyderabad","Knowledge-based","model knowledge; not re-checked"
"Lanco Infratech Limited","Public Limited","Private (Indian)","Telangana; Andhra Pradesh","Power (Generation, Transmission, Distribution, Trading)","Power generation & EPC","Delisted/Unknown","LITL","Hyderabad","Knowledge-based","model knowledge; not re-checked"
"Sembcorp Energy India Limited (regional Andhra ops)","Private Limited","Joint Venture","Andhra Pradesh","Power (Generation, Transmission, Distribution, Trading)","Power generation","Unlisted","","Hyderabad","Knowledge-based","model knowledge; not re-checked"
"Meenakshi Energy Limited","Private Limited","Private (Indian)","Andhra Pradesh","Power (Generation, Transmission, Distribution, Trading)","Power generation","Unlisted","","Hyderabad","Knowledge-based","model knowledge; not re-checked"
"Konaseema Gas Power Limited","Private Limited","Private (Indian)","Andhra Pradesh","Power (Generation, Transmission, Distribution, Trading)","Gas-based power generation","Unlisted","","Amalapuram","Knowledge-based","model knowledge; not re-checked"
"Torrent Power Limited","Public Limited","Private (Indian)","Gujarat; Maharashtra","Power (Generation, Transmission, Distribution, Trading)","Power generation & distribution","Listed-NSE+BSE","TORNTPOWER","Ahmedabad","Knowledge-based","model knowledge; not re-checked"
"Essar Power Gujarat Limited","Private Limited","Private (Indian)","Gujarat","Power (Generation, Transmission, Distribution, Trading)","Power generation","Unlisted","","Ahmedabad","Knowledge-based","model knowledge; not re-checked"
"Sai Wardha Power Generation Limited","Private Limited","Private (Indian)","Maharashtra","Power (Generation, Transmission, Distribution, Trading)","Power generation","Unlisted","","Nagpur","Knowledge-based","model knowledge; not re-checked"
"Indiabulls Power Limited","Public Limited","Private (Indian)","Maharashtra; Chhattisgarh","Power (Generation, Transmission, Distribution, Trading)","Power generation","Listed-NSE+BSE","IBULPWR","Mumbai","Knowledge-based","model knowledge; not re-checked"
"VS Lignite Power Private Limited","Private Limited","Private (Indian)","Rajasthan","Power (Generation, Transmission, Distribution, Trading)","Power generation","Unlisted","","Barmer","Knowledge-based","model knowledge; not re-checked"
"KSK Mahanadi Power Company Limited","Private Limited","Private (Indian)","Chhattisgarh","Power (Generation, Transmission, Distribution, Trading)","Power generation","Unlisted","","Raipur","Knowledge-based","model knowledge; not re-checked"
"Ind-Barath Power Infra Limited","Public Limited","Private (Indian)","Tamil Nadu; Andhra Pradesh","Power (Generation, Transmission, Distribution, Trading)","Power generation","Listed-BSE","IBREALEST","Chennai","Knowledge-based","model knowledge; not re-checked"
"SPML Infra Limited","Public Limited","Private (Indian)","Delhi; West Bengal","Construction & Infrastructure (EPC, Contractors)","Power & water EPC","Listed-BSE","SPMLINFRA","New Delhi","Knowledge-based","model knowledge; not re-checked"
"Jyoti Structures Limited","Public Limited","Private (Indian)","Maharashtra","Power (Generation, Transmission, Distribution, Trading)","Power transmission EPC","Listed-NSE+BSE","JYOTISTRUC","Mumbai","Knowledge-based","model knowledge; not re-checked"
"Kalpataru Power Transmission Limited (KPTL/Kalpataru Projects)","Public Limited","Private (Indian)","Gujarat","Power (Generation, Transmission, Distribution, Trading)","Transmission EPC","Listed-NSE+BSE","KPIL","Mumbai/Gujarat","Knowledge-based","model knowledge; not re-checked"
"Techno Electric & Engineering Company Limited","Public Limited","Private (Indian)","West Bengal","Power (Generation, Transmission, Distribution, Trading)","Transmission & power EPC","Listed-NSE+BSE","TECHNOE","Kolkata","Knowledge-based","model knowledge; not re-checked"
"DPSC Limited","Public Limited","Private (Indian)","West Bengal; Jharkhand","Power (Generation, Transmission, Distribution, Trading)","Power generation & distribution","Listed-BSE","DPSCLTD","Kolkata","Knowledge-based","model knowledge; not re-checked"
"Damodar Valley affiliate Maithon Power Limited","Private Limited","Joint Venture","Jharkhand; West Bengal","Power (Generation, Transmission, Distribution, Trading)","Power generation","Unlisted","","Kolkata","Knowledge-based","model knowledge; not re-checked"
"Shriram Chits (Tamil Nadu) Private Limited","Private Limited","Private (Indian)","Tamil Nadu","NBFC (Deposit/Non-Deposit, HFC, MFI, Infrastructure Finance, Core Investment Cos)","Chit fund","Unlisted","","Chennai","Knowledge-based","model knowledge; not re-checked"
"Margadarsi Chit Fund Private Limited","Private Limited","Private (Indian)","Telangana; Andhra Pradesh","NBFC (Deposit/Non-Deposit, HFC, MFI, Infrastructure Finance, Core Investment Cos)","Chit fund","Unlisted","","Hyderabad","Knowledge-based","model knowledge; not re-checked"
"Muthoottu Mini Financiers Limited","Public Limited","Private (Indian)","Kerala","NBFC (Deposit/Non-Deposit, HFC, MFI, Infrastructure Finance, Core Investment Cos)","Gold loan NBFC","Listed-BSE","MUTHOOTMF","Kochi","Knowledge-based","model knowledge; not re-checked"
"Kosamattam Finance Limited","Private Limited","Private (Indian)","Kerala","NBFC (Deposit/Non-Deposit, HFC, MFI, Infrastructure Finance, Core Investment Cos)","Gold loan NBFC","Unlisted","","Kottayam","Knowledge-based","model knowledge; not re-checked"
"ESAF Small Finance Bank Limited","Public Limited","Private (Indian)","Kerala","Banking (Commercial/Public/Private/Small Finance/Payments Banks)","Small finance bank","Listed-NSE+BSE","ESAFSFB","Thrissur","Knowledge-based","model knowledge; not re-checked"
"South Indian Bank Limited (regional heritage)","Public Limited","Private (Indian)","Kerala","Banking (Commercial/Public/Private/Small Finance/Payments Banks)","Private sector bank","Listed-NSE+BSE","SOUTHBANK","Thrissur","Knowledge-based","model knowledge; not re-checked"
"Catholic Syrian Bank / CSB Bank Limited","Public Limited","Private (Indian)","Kerala","Banking (Commercial/Public/Private/Small Finance/Payments Banks)","Private sector bank","Listed-NSE+BSE","CSBBANK","Thrissur","Knowledge-based","model knowledge; not re-checked"
"Dhanlaxmi Bank Limited","Public Limited","Private (Indian)","Kerala","Banking (Commercial/Public/Private/Small Finance/Payments Banks)","Private sector bank","Listed-NSE+BSE","DHANBANK","Thrissur","Knowledge-based","model knowledge; not re-checked"
"Sundaram Finance Limited","Public Limited","Private (Indian)","Tamil Nadu","NBFC (Deposit/Non-Deposit, HFC, MFI, Infrastructure Finance, Core Investment Cos)","Vehicle finance NBFC","Listed-NSE+BSE","SUNDARMFIN","Chennai","Knowledge-based","model knowledge; not re-checked"
"Sundaram Home Finance Limited","Private Limited","Private (Indian)","Tamil Nadu","NBFC (Deposit/Non-Deposit, HFC, MFI, Infrastructure Finance, Core Investment Cos)","Housing finance","Unlisted","","Chennai","Knowledge-based","model knowledge; not re-checked"
"City Union Bank Limited","Public Limited","Private (Indian)","Tamil Nadu","Banking (Commercial/Public/Private/Small Finance/Payments Banks)","Private sector bank","Listed-NSE+BSE","CUB","Kumbakonam","Knowledge-based","model knowledge; not re-checked"
"Karur Vysya Bank Limited","Public Limited","Private (Indian)","Tamil Nadu","Banking (Commercial/Public/Private/Small Finance/Payments Banks)","Private sector bank","Listed-NSE+BSE","KARURVYSYA","Karur","Knowledge-based","model knowledge; not re-checked"
"Tamilnad Mercantile Bank Limited","Public Limited","Private (Indian)","Tamil Nadu","Banking (Commercial/Public/Private/Small Finance/Payments Banks)","Private sector bank","Listed-NSE+BSE","TMB","Thoothukudi","Knowledge-based","model knowledge; not re-checked"
"Equitas Small Finance Bank Limited","Public Limited","Private (Indian)","Tamil Nadu","Banking (Commercial/Public/Private/Small Finance/Payments Banks)","Small finance bank","Listed-NSE+BSE","EQUITASBNK","Chennai","Knowledge-based","model knowledge; not re-checked"
"Karnataka Bank Limited","Public Limited","Private (Indian)","Karnataka","Banking (Commercial/Public/Private/Small Finance/Payments Banks)","Private sector bank","Listed-NSE+BSE","KTKBANK","Mangaluru","Knowledge-based","model knowledge; not re-checked"
"Bandhan Bank Limited (regional Bengal heritage)","Public Limited","Private (Indian)","West Bengal","Banking (Commercial/Public/Private/Small Finance/Payments Banks)","Private sector bank","Listed-NSE+BSE","BANDHANBNK","Kolkata","Knowledge-based","model knowledge; not re-checked"
"Bengal Finance & Investment Private Limited (RPG group NBFC)","Private Limited","Private (Indian)","West Bengal","NBFC (Deposit/Non-Deposit, HFC, MFI, Infrastructure Finance, Core Investment Cos)","NBFC investment company","Unlisted","","Kolkata","Knowledge-based","model knowledge; not re-checked"
"Bandhan Financial Services Private Limited","Private Limited","Private (Indian)","West Bengal","NBFC (Deposit/Non-Deposit, HFC, MFI, Infrastructure Finance, Core Investment Cos)","Microfinance NBFC","Unlisted","","Kolkata","Knowledge-based","model knowledge; not re-checked"
"Village Financial Services Limited","Private Limited","Private (Indian)","West Bengal","NBFC (Deposit/Non-Deposit, HFC, MFI, Infrastructure Finance, Core Investment Cos)","Microfinance NBFC","Unlisted","","Kolkata","Knowledge-based","model knowledge; not re-checked"
"Arohan Financial Services Limited","Private Limited","Private (Indian)","West Bengal","NBFC (Deposit/Non-Deposit, HFC, MFI, Infrastructure Finance, Core Investment Cos)","Microfinance NBFC","Unlisted","","Kolkata","Knowledge-based","model knowledge; not re-checked"
"Federal Bank Limited (regional Kerala heritage)","Public Limited","Private (Indian)","Kerala","Banking (Commercial/Public/Private/Small Finance/Payments Banks)","Private sector bank","Listed-NSE+BSE","FEDERALBNK","Kochi","Knowledge-based","model knowledge; not re-checked"
"Carborundum Universal Limited","Public Limited","Private (Indian)","Tamil Nadu","Capital Goods & Engineering (Machinery, Industrial Equipment)","Abrasives & ceramics (Murugappa Group)","Listed-NSE+BSE","CARBORUNIV","Chennai","Knowledge-based","model knowledge; not re-checked"
"Wendt (India) Limited (Murugappa Group)","Public Limited","Private (Indian)","Tamil Nadu","Capital Goods & Engineering (Machinery, Industrial Equipment)","Precision grinding wheels","Listed-BSE","WENDT","Chennai","Knowledge-based","model knowledge; not re-checked"
"Parry Agro Industries Limited (Murugappa Group)","Public Limited","Private (Indian)","Kerala; Tamil Nadu","Agriculture (Agri-inputs, Seeds, Agri-tech, Plantations)","Tea & coffee plantations","Listed-BSE","PARRYAGRO","Chennai","Knowledge-based","model knowledge; not re-checked"
"Tube Products of India Limited (Murugappa Group)","Private Limited","Private (Indian)","Tamil Nadu","Capital Goods & Engineering (Machinery, Industrial Equipment)","Precision steel tubes","Unlisted","","Chennai","Knowledge-based","model knowledge; not re-checked"
"Chola MS Risk Services Limited (Murugappa Group)","Private Limited","Private (Indian)","Tamil Nadu","Financial Services (Non-Bank)","Risk management services","Unlisted","","Chennai","Knowledge-based","model knowledge; not re-checked"
"Cholamandalam Securities Limited (Murugappa Group)","Private Limited","Private (Indian)","Tamil Nadu","Securities/Capital Markets (Brokers, Exchanges, Depositories, AMCs, Mutual Funds, RTAs, Merchant Bankers, AIFs, PMS, Rating Agencies)","Stock broking","Unlisted","","Chennai","Knowledge-based","model knowledge; not re-checked"
"Shanthi Gears Limited (Murugappa Group)","Public Limited","Private (Indian)","Tamil Nadu","Capital Goods & Engineering (Machinery, Industrial Equipment)","Industrial gears","Listed-BSE","SHANTIGEAR","Coimbatore","Knowledge-based","model knowledge; not re-checked"
"Ambadi Enterprises Limited (Murugappa Group holding co.)","Private Limited","Private (Indian)","Tamil Nadu","Diversified Conglomerates/Holding Companies","Group holding company","Unlisted","","Chennai","Knowledge-based","model knowledge; not re-checked"
"Sundaram-Clayton Limited (TVS Group)","Public Limited","Private (Indian)","Tamil Nadu","Automobile (OEMs, Auto Components, EV, Dealerships)","Auto components (die-casting, brakes)","Listed-BSE","SUNCLAYLTD","Chennai","Knowledge-based","model knowledge; not re-checked"
"TVS Automobile Solutions Private Limited","Private Limited","Private (Indian)","Tamil Nadu","Automobile (OEMs, Auto Components, EV, Dealerships)","Multi-brand vehicle service","Unlisted","","Chennai","Knowledge-based","model knowledge; not re-checked"
"Lucas-TVS Limited","Private Limited","Joint Venture","Tamil Nadu","Automobile (OEMs, Auto Components, EV, Dealerships)","Auto electrical components","Unlisted","","Chennai","Knowledge-based","model knowledge; not re-checked"
"Brakes India Private Limited (TVS Group)","Private Limited","Private (Indian)","Tamil Nadu","Automobile (OEMs, Auto Components, EV, Dealerships)","Auto brake systems","Unlisted","","Chennai","Knowledge-based","model knowledge; not re-checked"
"Wheels India Limited (TVS Group)","Public Limited","Private (Indian)","Tamil Nadu","Automobile (OEMs, Auto Components, EV, Dealerships)","Wheels & suspension","Listed-BSE","WHEELS","Chennai","Knowledge-based","model knowledge; not re-checked"
"India Nippon Electricals Limited (TVS Group)","Public Limited","Private (Indian)","Tamil Nadu","Automobile (OEMs, Auto Components, EV, Dealerships)","Auto electricals","Listed-BSE","INDNIPPON","Chennai","Knowledge-based","model knowledge; not re-checked"
"Harita Seating Systems Limited (TVS Group)","Private Limited","Private (Indian)","Tamil Nadu","Automobile (OEMs, Auto Components, EV, Dealerships)","Automotive seating","Unlisted","","Chennai","Knowledge-based","model knowledge; not re-checked"
"TVS Housing Private Limited","Private Limited","Private (Indian)","Tamil Nadu","Real Estate (Developers, REITs/InvITs, Brokers)","Real estate development","Unlisted","","Chennai","Knowledge-based","model knowledge; not re-checked"
"Southern Roadways Private Limited (TVS Group)","Private Limited","Private (Indian)","Tamil Nadu","Logistics & Warehousing","Freight & logistics","Unlisted","","Chennai","Knowledge-based","model knowledge; not re-checked"
"Simpson & Co. Limited (Amalgamations Group)","Private Limited","Private (Indian)","Tamil Nadu","Automobile (OEMs, Auto Components, EV, Dealerships)","Diesel engines","Unlisted","","Chennai","Knowledge-based","model knowledge; not re-checked"
"India Pistons Limited (Amalgamations Group)","Private Limited","Private (Indian)","Tamil Nadu","Automobile (OEMs, Auto Components, EV, Dealerships)","Pistons & engine parts","Unlisted","","Chennai","Knowledge-based","model knowledge; not re-checked"
"Addison & Co. Limited (Amalgamations Group)","Public Limited","Private (Indian)","Tamil Nadu","Capital Goods & Engineering (Machinery, Industrial Equipment)","Cutting tools","Listed-BSE","ADDISON","Chennai","Knowledge-based","model knowledge; not re-checked"
"Sundaram Industries Private Limited (Amalgamations Group)","Private Limited","Private (Indian)","Tamil Nadu","Automobile (OEMs, Auto Components, EV, Dealerships)","Tyre retreading & rubber","Unlisted","","Madurai","Knowledge-based","model knowledge; not re-checked"
"Shapoorji Pallonji Energy (Solar) Private Limited","Private Limited","Private (Indian)","Maharashtra","Renewable Energy (Solar, Wind, Green Hydrogen)","Solar power development","Unlisted","","Mumbai","Knowledge-based","model knowledge; not re-checked"
"Forbes & Company Limited (Shapoorji Pallonji Group)","Public Limited","Private (Indian)","Maharashtra","Diversified Conglomerates/Holding Companies","Engineering & trading","Listed-BSE","FORBESCO","Mumbai","Knowledge-based","model knowledge; not re-checked"
"Forbes Facility Services Private Limited","Private Limited","Private (Indian)","Maharashtra","Private Security & Facility Management","Facility management","Unlisted","","Mumbai","Knowledge-based","model knowledge; not re-checked"
"Eureka Forbes Limited","Private Limited","Joint Venture","Maharashtra","Consumer Durables & Appliances","Water purifiers & vacuum cleaners","Unlisted","","Mumbai","Knowledge-based","model knowledge; not re-checked"
"Gokak Textiles Limited (Shapoorji Pallonji Group)","Private Limited","Private (Indian)","Karnataka","Textiles & Apparel","Textile manufacturing","Unlisted","","Gokak","Knowledge-based","model knowledge; not re-checked"
"SP Robotic Works Private Limited","Private Limited","Private (Indian)","Tamil Nadu","Education (Schools, Higher Education, Ed-tech, Coaching)","STEM/robotics education","Unlisted","","Chennai","Knowledge-based","model knowledge; not re-checked"
"Sterling and Wilson Renewable Energy Limited (Shapoorji Pallonji Group)","Public Limited","Private (Indian)","Maharashtra","Renewable Energy (Solar, Wind, Green Hydrogen)","Solar EPC","Listed-NSE+BSE","SWSOLAR","Mumbai","Knowledge-based","model knowledge; not re-checked"
"CESC Ventures Limited (RP-Sanjiv Goenka Group)","Public Limited","Private (Indian)","West Bengal","Diversified Conglomerates/Holding Companies","Group investment holding","Listed-NSE+BSE","CESCVENT","Kolkata","Knowledge-based","model knowledge; not re-checked"
"Saregama India Limited (RP-Sanjiv Goenka Group)","Public Limited","Private (Indian)","West Bengal","Media & Entertainment (Broadcasting, OTT, Print, Advertising, Films, Gaming)","Music & content","Listed-NSE+BSE","SAREGAMA","Kolkata","Knowledge-based","model knowledge; not re-checked"
"Woodlands Multispeciality Hospital Limited (RPSG Group)","Private Limited","Private (Indian)","West Bengal","Healthcare (Hospitals, Diagnostics, Clinical Establishments)","Multi-specialty hospital","Unlisted","","Kolkata","Knowledge-based","model knowledge; not re-checked"
"Spencer's International Hotels Limited (RPSG Group)","Private Limited","Private (Indian)","West Bengal","Hospitality & Tourism (Hotels, Restaurants, Travel, Airlines Catering)","Hotels","Unlisted","","Kolkata","Knowledge-based","model knowledge; not re-checked"
"RPSG Ventures Limited","Public Limited","Private (Indian)","West Bengal","Diversified Conglomerates/Holding Companies","Group investment holding (FMCG, sports, media)","Listed-BSE","RPSGVENT","Kolkata","Knowledge-based","model knowledge; not re-checked"
"Guiltfree Industries Limited (RPSG Group - Too Yumm snacks)","Private Limited","Private (Indian)","West Bengal","Food Processing & Beverages","Snacks (Too Yumm)","Unlisted","","Kolkata","Knowledge-based","model knowledge; not re-checked"
