"name","entity_type","ownership","state_region","sector","sub_sector","listing","ticker_or_cin","hq","verification","source_note"
"Delhi Transco Limited","Government Company (PSU)","State PSU","Delhi","Power","Transmission","Unlisted","","New Delhi","Search-confirmed","wikipedia via search (dtl.gov.in)"
"Indraprastha Power Generation Company Limited","Government Company (PSU)","State PSU","Delhi","Power","Generation","Unlisted","","New Delhi","Search-confirmed","search result: DTL state utility page"
"Pragati Power Corporation Limited","Government Company (PSU)","State PSU","Delhi","Power","Generation","Unlisted","","New Delhi","Knowledge-based","model knowledge; not re-checked"
"Delhi Power Company Limited","Government Company (PSU)","State PSU","Delhi","Power","Holding","Unlisted","","New Delhi","Knowledge-based","model knowledge; not re-checked"
"Delhi Transport Corporation","Statutory Corporation","State PSU","Delhi","Transport","Bus transport","Unlisted","","New Delhi","Knowledge-based","model knowledge; not re-checked"
"Delhi Metro Rail Corporation Limited","Government Company (PSU)","Joint Venture","Delhi","Transport","Metro rail","Unlisted","","New Delhi","Knowledge-based","model knowledge; not re-checked"
"Delhi State Industrial and Infrastructure Development Corporation Limited","Government Company (PSU)","State PSU","Delhi","Industrial Development","Industrial infrastructure","Unlisted","","New Delhi","Knowledge-based","model knowledge; not re-checked"
"Delhi Financial Corporation","Statutory Corporation","State PSU","Delhi","Financial Services","State finance corporation","Unlisted","","New Delhi","Knowledge-based","model knowledge; not re-checked"
"Delhi Tourism and Transportation Development Corporation Limited","Government Company (PSU)","State PSU","Delhi","Tourism & Hospitality","Tourism","Unlisted","","New Delhi","Knowledge-based","model knowledge; not re-checked"
"Delhi State Civil Supplies Corporation Limited","Government Company (PSU)","State PSU","Delhi","Agriculture & Food","Civil supplies","Unlisted","","New Delhi","Knowledge-based","model knowledge; not re-checked"
"Delhi State Warehousing Corporation","Government Company (PSU)","State PSU","Delhi","Agriculture & Food","Warehousing","Unlisted","","New Delhi","Knowledge-based","model knowledge; not re-checked"
"Delhi Jal Board","Statutory Corporation","State PSU","Delhi","Infrastructure","Water supply","Unlisted","","New Delhi","Knowledge-based","model knowledge; not re-checked"
"Delhi Integrated Multi-Modal Transit System Limited","Government Company (PSU)","State PSU","Delhi","Transport","Public transit","Unlisted","","New Delhi","Knowledge-based","model knowledge; not re-checked"
"Delhi Cantonment Board","Other","State PSU","Delhi","Infrastructure","Civic","Unlisted","","New Delhi","Knowledge-based","model knowledge; not re-checked"
"Delhi Agricultural Marketing Board","Statutory Corporation","State PSU","Delhi","Agriculture & Food","Agricultural marketing","Unlisted","","New Delhi","Knowledge-based","model knowledge; not re-checked"
"Delhi Scheduled Castes Cooperative Finance and Development Corporation","Government Company (PSU)","State PSU","Delhi","Financial Services","Development finance","Unlisted","","New Delhi","Knowledge-based","model knowledge; not re-checked"
"Delhi State Cooperative Bank Limited","Cooperative Society","Cooperative","Delhi","Financial Services","Cooperative bank","Unlisted","","New Delhi","Knowledge-based","model knowledge; not re-checked"
"Delhi Co-operative Housing Finance Corporation","Cooperative Society","Cooperative","Delhi","Financial Services","Housing finance","Unlisted","","New Delhi","Knowledge-based","model knowledge; not re-checked"
"Delhi Consumers Cooperative Wholesale Store (Kendriya Bhandar)","Cooperative Society","Cooperative","Delhi","Agriculture & Food","Consumer coop","Unlisted","","New Delhi","Knowledge-based","model knowledge; not re-checked"
"BSES Rajdhani Power Limited","Public Limited","Private (Indian)","Delhi","Power","Distribution","Unlisted","","New Delhi","Search-confirmed","search result: DTL state utility page"
"BSES Yamuna Power Limited","Public Limited","Private (Indian)","Delhi","Power","Distribution","Unlisted","","New Delhi","Search-confirmed","search result: DTL state utility page"
"Tata Power Delhi Distribution Limited","Public Limited","Private (Indian)","Delhi","Power","Distribution","Unlisted","","New Delhi","Knowledge-based","model knowledge; not re-checked"
"New Delhi Municipal Council Electricity","Other","Private (Indian)","Delhi","Power","Distribution","Unlisted","","New Delhi","Knowledge-based","model knowledge; not re-checked"
"DLF Limited","Public Limited","Private (Indian)","Delhi","Real Estate","Developer","Listed-NSE+BSE","DLF","New Delhi","Knowledge-based","model knowledge; not re-checked"
"Bharti Airtel Limited","Public Limited","Private (Indian)","Delhi","Telecom","Telecom services","Listed-NSE+BSE","BHARTIARTL","New Delhi","Knowledge-based","model knowledge; not re-checked"
"Hero MotoCorp Limited","Public Limited","Private (Indian)","Delhi","Automotive","Two-wheelers","Listed-NSE+BSE","HEROMOTOCO","New Delhi","Knowledge-based","model knowledge; not re-checked"
"Havells India Limited","Public Limited","Private (Indian)","Delhi","Consumer Durables","Electricals","Listed-NSE+BSE","HAVELLS","Noida / New Delhi","Knowledge-based","model knowledge; not re-checked"
"Max Healthcare Institute Limited","Public Limited","Private (Indian)","Delhi","Healthcare","Hospitals","Listed-NSE+BSE","MAXHEALTH","New Delhi","Knowledge-based","model knowledge; not re-checked"
"Jubilant FoodWorks Limited","Public Limited","Private (Indian)","Delhi","Consumer","Restaurants","Listed-NSE+BSE","JUBLFOOD","Noida","Knowledge-based","model knowledge; not re-checked"
"Info Edge (India) Limited","Public Limited","Private (Indian)","Delhi","Technology","Internet","Listed-NSE+BSE","NAUKRI","Noida","Knowledge-based","model knowledge; not re-checked"
"Oberoi Hotels (EIH Limited)","Public Limited","Private (Indian)","Delhi","Tourism & Hospitality","Hotels","Listed-NSE+BSE","EIHOTEL","New Delhi","Knowledge-based","model knowledge; not re-checked"
"Fortis Healthcare Limited","Public Limited","Private (Indian)","Delhi","Healthcare","Hospitals","Listed-NSE+BSE","FORTIS","Gurugram","Knowledge-based","model knowledge; not re-checked"
"Haryana Power Generation Corporation Limited","Government Company (PSU)","State PSU","Haryana","Power","Generation","Unlisted","","Panchkula","Knowledge-based","model knowledge; not re-checked"
"Haryana Vidyut Prasaran Nigam Limited","Government Company (PSU)","State PSU","Haryana","Power","Transmission","Unlisted","","Panchkula","Knowledge-based","model knowledge; not re-checked"
"Uttar Haryana Bijli Vitran Nigam Limited","Government Company (PSU)","State PSU","Haryana","Power","Distribution","Unlisted","","Panchkula","Knowledge-based","model knowledge; not re-checked"
"Dakshin Haryana Bijli Vitran Nigam Limited","Government Company (PSU)","State PSU","Haryana","Power","Distribution","Unlisted","","Hisar","Knowledge-based","model knowledge; not re-checked"
"Haryana Power Purchase Centre","Other","State PSU","Haryana","Power","Power trading","Unlisted","","Panchkula","Knowledge-based","model knowledge; not re-checked"
"Haryana State Industrial and Infrastructure Development Corporation Limited","Government Company (PSU)","State PSU","Haryana","Industrial Development","Industrial infrastructure","Unlisted","","Panchkula","Knowledge-based","model knowledge; not re-checked"
"Haryana Financial Corporation","Statutory Corporation","State PSU","Haryana","Financial Services","State finance corporation","Unlisted","","Chandigarh","Knowledge-based","model knowledge; not re-checked"
"Haryana Tourism Corporation Limited","Government Company (PSU)","State PSU","Haryana","Tourism & Hospitality","Tourism","Unlisted","","Panchkula","Knowledge-based","model knowledge; not re-checked"
"Haryana Warehousing Corporation","Statutory Corporation","State PSU","Haryana","Agriculture & Food","Warehousing","Unlisted","","Chandigarh","Knowledge-based","model knowledge; not re-checked"
"Haryana State Cooperative Supply and Marketing Federation (HAFED)","Cooperative Society","Cooperative","Haryana","Agriculture & Food","Coop federation","Unlisted","","Panchkula","Knowledge-based","model knowledge; not re-checked"
"Haryana Dairy Development Cooperative Federation (Vita)","Cooperative Society","Cooperative","Haryana","Agriculture & Food","Dairy federation","Unlisted","","Panchkula","Knowledge-based","model knowledge; not re-checked"
"Haryana State Federation of Consumers Cooperative Wholesale Stores (CONFED)","Cooperative Society","Cooperative","Haryana","Agriculture & Food","Consumer coop federation","Unlisted","","Chandigarh","Knowledge-based","model knowledge; not re-checked"
"Haryana State Cooperative Apex Bank Limited","Cooperative Society","Cooperative","Haryana","Financial Services","Cooperative bank","Unlisted","","Chandigarh","Knowledge-based","model knowledge; not re-checked"
"Haryana Handloom and Handicrafts Corporation","Government Company (PSU)","State PSU","Haryana","Textiles & Handloom","Handloom","Unlisted","","Chandigarh","Knowledge-based","model knowledge; not re-checked"
"Haryana Roadways","Other","State PSU","Haryana","Transport","Bus transport","Unlisted","","Chandigarh","Knowledge-based","model knowledge; not re-checked"
"Haryana Agro Industries Corporation Limited","Government Company (PSU)","State PSU","Haryana","Agriculture & Food","Agro inputs","Unlisted","","Chandigarh","Knowledge-based","model knowledge; not re-checked"
"Haryana Forest Development Corporation Limited","Government Company (PSU)","State PSU","Haryana","Agriculture & Food","Forestry","Unlisted","","Chandigarh","Knowledge-based","model knowledge; not re-checked"
"Haryana State Minor Irrigation and Tubewell Corporation","Government Company (PSU)","State PSU","Haryana","Infrastructure","Irrigation","Unlisted","","Chandigarh","Knowledge-based","model knowledge; not re-checked"
"Haryana Backward Classes and Economically Weaker Sections Kalyan Nigam","Government Company (PSU)","State PSU","Haryana","Financial Services","Development finance","Unlisted","","Chandigarh","Knowledge-based","model knowledge; not re-checked"
"Haryana Police Housing Corporation","Government Company (PSU)","State PSU","Haryana","Infrastructure","Housing","Unlisted","","Panchkula","Knowledge-based","model knowledge; not re-checked"
"Haryana Seeds Development Corporation Limited","Government Company (PSU)","State PSU","Haryana","Agriculture & Food","Seeds","Unlisted","","Panchkula","Knowledge-based","model knowledge; not re-checked"
"Haryana State Electronics Development Corporation Limited (HARTRON)","Government Company (PSU)","State PSU","Haryana","Technology","IT / Electronics","Unlisted","","Panchkula","Knowledge-based","model knowledge; not re-checked"
"Haryana Urban Development Authority (HSVP)","Statutory Corporation","State PSU","Haryana","Infrastructure","Urban development","Unlisted","","Panchkula","Knowledge-based","model knowledge; not re-checked"
"Haryana Rail Infrastructure Development Corporation","Government Company (PSU)","Joint Venture","Haryana","Transport","Rail infrastructure","Unlisted","","Panchkula","Knowledge-based","model knowledge; not re-checked"
"Haryana Sheep and Wool Development Board","Other","State PSU","Haryana","Agriculture & Food","Wool","Unlisted","","Hisar","Knowledge-based","model knowledge; not re-checked"
"Maruti Suzuki India Limited","Public Limited","Private (Indian)","Haryana","Automotive","Passenger vehicles","Listed-NSE+BSE","MARUTI","New Delhi (plants in Gurugram/Manesar)","Knowledge-based","model knowledge; not re-checked"
"Hero Cycles Limited","Public Limited","Private (Indian)","Haryana","Automotive","Bicycles","Unlisted","","Ludhiana","Knowledge-based","model knowledge; not re-checked"
"Medanta (Global Health Limited)","Public Limited","Private (Indian)","Haryana","Healthcare","Hospitals","Listed-NSE+BSE","MEDANTA","Gurugram","Knowledge-based","model knowledge; not re-checked"
"Delhivery Limited","Public Limited","Private (Indian)","Haryana","Logistics","Courier","Listed-NSE+BSE","DELHIVERY","Gurugram","Knowledge-based","model knowledge; not re-checked"
"Sona BLW Precision Forgings Limited","Public Limited","Private (Indian)","Haryana","Automotive","Components","Listed-NSE+BSE","SONACOMS","Gurugram","Knowledge-based","model knowledge; not re-checked"
"Uno Minda Limited","Public Limited","Private (Indian)","Haryana","Automotive","Components","Listed-NSE+BSE","UNOMINDA","Gurugram","Knowledge-based","model knowledge; not re-checked"
"Punjab State Power Corporation Limited","Government Company (PSU)","State PSU","Punjab","Power","Generation & Distribution","Unlisted","","Patiala","Knowledge-based","model knowledge; not re-checked"
"Punjab State Transmission Corporation Limited","Government Company (PSU)","State PSU","Punjab","Power","Transmission","Unlisted","","Patiala","Knowledge-based","model knowledge; not re-checked"
"Punjab Roadways (PUNBUS)","Other","State PSU","Punjab","Transport","Bus transport","Unlisted","","Chandigarh","Knowledge-based","model knowledge; not re-checked"
"Punjab Roadways Transport Corporation (PRTC)","Government Company (PSU)","State PSU","Punjab","Transport","Bus transport","Unlisted","","Patiala","Knowledge-based","model knowledge; not re-checked"
"Punjab State Industrial Development Corporation Limited","Government Company (PSU)","State PSU","Punjab","Industrial Development","Industrial development","Unlisted","","Chandigarh","Knowledge-based","model knowledge; not re-checked"
"Punjab Small Industries and Export Corporation Limited","Government Company (PSU)","State PSU","Punjab","Industrial Development","MSME support","Unlisted","","Chandigarh","Knowledge-based","model knowledge; not re-checked"
"Punjab Financial Corporation","Statutory Corporation","State PSU","Punjab","Financial Services","State finance corporation","Unlisted","","Chandigarh","Knowledge-based","model knowledge; not re-checked"
"Punjab State Warehousing Corporation","Statutory Corporation","State PSU","Punjab","Agriculture & Food","Warehousing","Unlisted","","Chandigarh","Knowledge-based","model knowledge; not re-checked"
"Punjab State Grains Procurement Corporation Limited (PUNGRAIN)","Government Company (PSU)","State PSU","Punjab","Agriculture & Food","Food grain procurement","Unlisted","","Chandigarh","Knowledge-based","model knowledge; not re-checked"
"Punjab State Civil Supplies Corporation Limited (PUNSUP)","Government Company (PSU)","State PSU","Punjab","Agriculture & Food","Civil supplies","Unlisted","","Chandigarh","Knowledge-based","model knowledge; not re-checked"
"Punjab State Cooperative Supply and Marketing Federation (MARKFED)","Cooperative Society","Cooperative","Punjab","Agriculture & Food","Coop federation","Unlisted","","Chandigarh","Knowledge-based","model knowledge; not re-checked"
"Punjab State Cooperative Milk Producers Federation (Milkfed / Verka)","Cooperative Society","Cooperative","Punjab","Agriculture & Food","Dairy federation","Unlisted","","Chandigarh","Knowledge-based","model knowledge; not re-checked"
"Punjab State Cooperative Bank Limited","Cooperative Society","Cooperative","Punjab","Financial Services","Cooperative bank","Unlisted","","Chandigarh","Knowledge-based","model knowledge; not re-checked"
"Punjab State Federation of Cooperative Sugar Mills (SUGARFED)","Cooperative Society","Cooperative","Punjab","Agriculture & Food","Sugar coop federation","Unlisted","","Chandigarh","Knowledge-based","model knowledge; not re-checked"
"Punjab Agro Industries Corporation Limited","Government Company (PSU)","State PSU","Punjab","Agriculture & Food","Agro inputs","Unlisted","","Chandigarh","Knowledge-based","model knowledge; not re-checked"
"Punjab State Container and Warehousing Corporation","Government Company (PSU)","State PSU","Punjab","Agriculture & Food","Warehousing","Unlisted","","Chandigarh","Knowledge-based","model knowledge; not re-checked"
"Punjab Tourism Development Corporation","Government Company (PSU)","State PSU","Punjab","Tourism & Hospitality","Tourism","Unlisted","","Chandigarh","Knowledge-based","model knowledge; not re-checked"
"Punjab State Electronics Development and Production Corporation (PSEDC)","Government Company (PSU)","State PSU","Punjab","Technology","Electronics","Unlisted","","Chandigarh","Knowledge-based","model knowledge; not re-checked"
"Punjab Infrastructure Development Board","Statutory Corporation","State PSU","Punjab","Infrastructure","Infrastructure financing","Unlisted","","Chandigarh","Knowledge-based","model knowledge; not re-checked"
"Punjab Urban Planning and Development Authority (PUDA)","Statutory Corporation","State PSU","Punjab","Infrastructure","Urban development","Unlisted","","Mohali","Knowledge-based","model knowledge; not re-checked"
"Punjab Water Supply and Sewerage Board","Statutory Corporation","State PSU","Punjab","Infrastructure","Water","Unlisted","","Chandigarh","Knowledge-based","model knowledge; not re-checked"
"Punjab Scheduled Castes Land Development and Finance Corporation","Government Company (PSU)","State PSU","Punjab","Financial Services","Development finance","Unlisted","","Chandigarh","Knowledge-based","model knowledge; not re-checked"
"Punjab Backward Classes Land Development and Finance Corporation","Government Company (PSU)","State PSU","Punjab","Financial Services","Development finance","Unlisted","","Chandigarh","Knowledge-based","model knowledge; not re-checked"
"Punjab State Bus Stand Management Company","Government Company (PSU)","State PSU","Punjab","Transport","Bus terminals","Unlisted","","Chandigarh","Knowledge-based","model knowledge; not re-checked"
"Punjab Mandi Board","Statutory Corporation","State PSU","Punjab","Agriculture & Food","Agri marketing","Unlisted","","Mohali","Knowledge-based","model knowledge; not re-checked"
"Punjab Communications Limited","Government Company (PSU)","State PSU","Punjab","Technology","Telecom equipment","Unlisted","","Mohali","Knowledge-based","model knowledge; not re-checked"
"Punjab Tractors Limited (Swaraj)","Government Company (PSU)","State PSU","Punjab","Automotive","Tractors","Unlisted","","Mohali","Needs manual check","status uncertain (merged into Mahindra)"
"Nahar Spinning Mills Limited","Public Limited","Private (Indian)","Punjab","Textiles","Yarn","Listed-NSE+BSE","NAHARSPING","Ludhiana","Knowledge-based","model knowledge; not re-checked"
"Vardhman Textiles Limited","Public Limited","Private (Indian)","Punjab","Textiles","Yarn/fabric","Listed-NSE+BSE","VTL","Ludhiana","Knowledge-based","model knowledge; not re-checked"
"Trident Limited","Public Limited","Private (Indian)","Punjab","Textiles","Home textiles","Listed-NSE+BSE","TRIDENT","Ludhiana","Knowledge-based","model knowledge; not re-checked"
"Avon Cycles Limited","Public Limited","Private (Indian)","Punjab","Automotive","Bicycles","Unlisted","","Ludhiana","Knowledge-based","model knowledge; not re-checked"
"Punjab & Sind Bank","Government Company (PSU)","Central PSU","Punjab","Banking","Public sector bank","Listed-NSE+BSE","PSB","New Delhi","Knowledge-based","model knowledge; not re-checked"
"Punjab National Bank","Government Company (PSU)","Central PSU","Punjab","Banking","Public sector bank","Listed-NSE+BSE","PNB","New Delhi","Knowledge-based","model knowledge; not re-checked"
"Sukhjit Starch & Chemicals Limited","Public Limited","Private (Indian)","Punjab","Agro-processing","Starch","Listed-BSE","","Phagwara","Knowledge-based","model knowledge; not re-checked"
"Himachal Pradesh State Electricity Board Limited","Government Company (PSU)","State PSU","Himachal Pradesh","Power","Distribution & Transmission","Unlisted","","Shimla","Knowledge-based","model knowledge; not re-checked"
"HPPCL (Himachal Pradesh Power Corporation Limited)","Government Company (PSU)","State PSU","Himachal Pradesh","Power","Hydro generation","Unlisted","","Shimla","Knowledge-based","model knowledge; not re-checked"
"Himachal Pradesh Power Transmission Corporation Limited","Government Company (PSU)","State PSU","Himachal Pradesh","Power","Transmission","Unlisted","","Shimla","Knowledge-based","model knowledge; not re-checked"
"Himachal Road Transport Corporation","Statutory Corporation","State PSU","Himachal Pradesh","Transport","Bus transport","Unlisted","","Shimla","Knowledge-based","model knowledge; not re-checked"
"Himachal Pradesh State Industrial Development Corporation Limited","Government Company (PSU)","State PSU","Himachal Pradesh","Industrial Development","Industrial development","Unlisted","","Shimla","Knowledge-based","model knowledge; not re-checked"
"Himachal Pradesh Financial Corporation","Statutory Corporation","State PSU","Himachal Pradesh","Financial Services","State finance corporation","Unlisted","","Shimla","Knowledge-based","model knowledge; not re-checked"
"Himachal Pradesh Tourism Development Corporation","Government Company (PSU)","State PSU","Himachal Pradesh","Tourism & Hospitality","Tourism","Unlisted","","Shimla","Knowledge-based","model knowledge; not re-checked"
"Himachal Pradesh State Civil Supplies Corporation Limited","Government Company (PSU)","State PSU","Himachal Pradesh","Agriculture & Food","Civil supplies","Unlisted","","Shimla","Knowledge-based","model knowledge; not re-checked"
"Himachal Pradesh Horticultural Produce Marketing and Processing Corporation (HPMC)","Government Company (PSU)","State PSU","Himachal Pradesh","Agriculture & Food","Horticulture","Unlisted","","Shimla","Knowledge-based","model knowledge; not re-checked"
"Himachal Pradesh State Forest Development Corporation","Government Company (PSU)","State PSU","Himachal Pradesh","Agriculture & Food","Forestry","Unlisted","","Shimla","Knowledge-based","model knowledge; not re-checked"
"Himachal Pradesh State Handicrafts and Handloom Corporation","Government Company (PSU)","State PSU","Himachal Pradesh","Textiles & Handloom","Handloom","Unlisted","","Shimla","Knowledge-based","model knowledge; not re-checked"
"Himachal Pradesh State Cooperative Bank Limited","Cooperative Society","Cooperative","Himachal Pradesh","Financial Services","Cooperative bank","Unlisted","","Shimla","Knowledge-based","model knowledge; not re-checked"
"Himachal Pradesh State Cooperative Milk Producers Federation (Milkfed)","Cooperative Society","Cooperative","Himachal Pradesh","Agriculture & Food","Dairy federation","Unlisted","","Shimla","Knowledge-based","model knowledge; not re-checked"
"HIMFED (Himachal Pradesh State Cooperative Marketing and Consumers Federation)","Cooperative Society","Cooperative","Himachal Pradesh","Agriculture & Food","Coop federation","Unlisted","","Shimla","Knowledge-based","model knowledge; not re-checked"
"Himachal Pradesh Housing and Urban Development Authority (HIMUDA)","Statutory Corporation","State PSU","Himachal Pradesh","Infrastructure","Housing","Unlisted","","Shimla","Knowledge-based","model knowledge; not re-checked"
"Himachal Pradesh Scheduled Castes and Tribes Development Corporation","Government Company (PSU)","State PSU","Himachal Pradesh","Financial Services","Development finance","Unlisted","","Shimla","Knowledge-based","model knowledge; not re-checked"
"Himachal Pradesh Backward Classes Finance and Development Corporation","Government Company (PSU)","State PSU","Himachal Pradesh","Financial Services","Development finance","Unlisted","","Shimla","Knowledge-based","model knowledge; not re-checked"
"Himachal Pradesh Agro Industries Corporation Limited","Government Company (PSU)","State PSU","Himachal Pradesh","Agriculture & Food","Agro inputs","Unlisted","","Shimla","Knowledge-based","model knowledge; not re-checked"
"Himachal Pradesh Mineral and Industrial Development Corporation","Government Company (PSU)","State PSU","Himachal Pradesh","Mining","Mining","Unlisted","","Shimla","Knowledge-based","model knowledge; not re-checked"
"Himachal Pradesh Ex-Servicemen Corporation","Government Company (PSU)","State PSU","Himachal Pradesh","Infrastructure","Manpower services","Unlisted","","Shimla","Knowledge-based","model knowledge; not re-checked"
"Himachal Pradesh State Electronics Development Corporation (HPSEDC)","Government Company (PSU)","State PSU","Himachal Pradesh","Technology","Electronics","Unlisted","","Shimla","Knowledge-based","model knowledge; not re-checked"
"Himachal Pradesh Warehousing Corporation (HP State Warehousing)","Statutory Corporation","State PSU","Himachal Pradesh","Agriculture & Food","Warehousing","Unlisted","","Shimla","Knowledge-based","model knowledge; not re-checked"
"Himachal Pradesh Bus Stand Management and Development Authority","Other","State PSU","Himachal Pradesh","Transport","Bus terminals","Unlisted","","Shimla","Knowledge-based","model knowledge; not re-checked"
"SJVN Limited","Government Company (PSU)","Joint Venture","Himachal Pradesh","Power","Hydro generation","Listed-NSE+BSE","SJVN","Shimla","Knowledge-based","model knowledge; not re-checked"
"Himachal Futuristic Communications Limited","Public Limited","Private (Indian)","Himachal Pradesh","Telecom","Telecom equipment","Listed-NSE+BSE","HFCL","New Delhi","Knowledge-based","model knowledge; not re-checked"
"Jaypee Himachal (Jaiprakash Power Ventures Limited)","Public Limited","Private (Indian)","Himachal Pradesh","Power","Hydro","Listed-NSE+BSE","JPPOWER","Noida","Knowledge-based","model knowledge; not re-checked"
"Mankind Pharma Limited","Public Limited","Private (Indian)","Himachal Pradesh","Pharmaceuticals","Formulations","Listed-NSE+BSE","MANKIND","New Delhi (plant Paonta Sahib HP)","Knowledge-based","model knowledge; not re-checked"
"Malana Power Company Limited","Public Limited","Private (Indian)","Himachal Pradesh","Power","Hydro","Unlisted","","Kullu","Knowledge-based","model knowledge; not re-checked"
"Uttarakhand Jal Vidyut Nigam Limited","Government Company (PSU)","State PSU","Uttarakhand","Power","Hydro generation","Unlisted","","Dehradun","Knowledge-based","model knowledge; not re-checked"
"Power Transmission Corporation of Uttarakhand Limited","Government Company (PSU)","State PSU","Uttarakhand","Power","Transmission","Unlisted","","Dehradun","Knowledge-based","model knowledge; not re-checked"
"Uttarakhand Power Corporation Limited","Government Company (PSU)","State PSU","Uttarakhand","Power","Distribution","Unlisted","","Dehradun","Knowledge-based","model knowledge; not re-checked"
"Uttarakhand Parivahan Nigam","Statutory Corporation","State PSU","Uttarakhand","Transport","Bus transport","Unlisted","","Dehradun","Knowledge-based","model knowledge; not re-checked"
"State Infrastructure and Industrial Development Corporation of Uttarakhand Limited (SIIDCUL)","Government Company (PSU)","State PSU","Uttarakhand","Industrial Development","Industrial infrastructure","Unlisted","","Dehradun","Knowledge-based","model knowledge; not re-checked"
"Uttarakhand Financial Corporation","Statutory Corporation","State PSU","Uttarakhand","Financial Services","State finance corporation","Unlisted","","Dehradun","Knowledge-based","model knowledge; not re-checked"
"Garhwal Mandal Vikas Nigam","Government Company (PSU)","State PSU","Uttarakhand","Tourism & Hospitality","Tourism","Unlisted","","Dehradun","Knowledge-based","model knowledge; not re-checked"
"Kumaon Mandal Vikas Nigam","Government Company (PSU)","State PSU","Uttarakhand","Tourism & Hospitality","Tourism","Unlisted","","Nainital","Knowledge-based","model knowledge; not re-checked"
"Uttarakhand Forest Development Corporation","Government Company (PSU)","State PSU","Uttarakhand","Agriculture & Food","Forestry","Unlisted","","Dehradun","Knowledge-based","model knowledge; not re-checked"
"Uttarakhand Bhesaj Vikas Sangh","Other","State PSU","Uttarakhand","Agriculture & Food","Herbal","Unlisted","","Dehradun","Knowledge-based","model knowledge; not re-checked"
"Uttarakhand State Cooperative Bank Limited","Cooperative Society","Cooperative","Uttarakhand","Financial Services","Cooperative bank","Unlisted","","Dehradun","Knowledge-based","model knowledge; not re-checked"
"Uttarakhand Cooperative Dairy Federation (Aanchal)","Cooperative Society","Cooperative","Uttarakhand","Agriculture & Food","Dairy federation","Unlisted","","Dehradun","Knowledge-based","model knowledge; not re-checked"
"Uttarakhand Seeds and Tarai Development Corporation","Government Company (PSU)","State PSU","Uttarakhand","Agriculture & Food","Seeds","Unlisted","","Rudrapur","Knowledge-based","model knowledge; not re-checked"
"Uttarakhand Food and Essential Commodities Corporation","Government Company (PSU)","State PSU","Uttarakhand","Agriculture & Food","Civil supplies","Unlisted","","Dehradun","Knowledge-based","model knowledge; not re-checked"
"Uttarakhand Handloom and Handicraft Development Council","Other","State PSU","Uttarakhand","Textiles & Handloom","Handloom","Unlisted","","Dehradun","Knowledge-based","model knowledge; not re-checked"
"Uttarakhand Metro Rail Corporation Limited","Government Company (PSU)","State PSU","Uttarakhand","Transport","Metro rail","Unlisted","","Dehradun","Knowledge-based","model knowledge; not re-checked"
"Uttarakhand Pey Jal Sansadhan Vikas Evam Nirman Nigam","Government Company (PSU)","State PSU","Uttarakhand","Infrastructure","Drinking water","Unlisted","","Dehradun","Knowledge-based","model knowledge; not re-checked"
"Uttarakhand Environment Protection and Pollution Control Board","Statutory Corporation","State PSU","Uttarakhand","Infrastructure","Regulator","Unlisted","","Dehradun","Knowledge-based","model knowledge; not re-checked"
"Tehri Hydro Development Corporation India Limited (THDC)","Government Company (PSU)","Joint Venture","Uttarakhand","Power","Hydro generation","Listed-NSE+BSE","THDC","Rishikesh","Knowledge-based","model knowledge; not re-checked"
"Patanjali Ayurved Limited","Private Limited","Private (Indian)","Uttarakhand","Consumer","FMCG / Ayurveda","Unlisted","","Haridwar","Knowledge-based","model knowledge; not re-checked"
"Patanjali Foods Limited","Public Limited","Private (Indian)","Uttarakhand","Agriculture & Food","Edible oil / FMCG","Listed-NSE+BSE","PATANJALI","Haridwar","Knowledge-based","model knowledge; not re-checked"
"Jammu and Kashmir State Power Development Corporation","Government Company (PSU)","State PSU","Jammu and Kashmir","Power","Generation","Unlisted","","Srinagar/Jammu","Knowledge-based","model knowledge; not re-checked"
"Jammu and Kashmir Power Transmission Corporation Limited","Government Company (PSU)","State PSU","Jammu and Kashmir","Power","Transmission","Unlisted","","Jammu","Knowledge-based","model knowledge; not re-checked"
"Jammu Power Distribution Corporation Limited","Government Company (PSU)","State PSU","Jammu and Kashmir","Power","Distribution","Unlisted","","Jammu","Knowledge-based","model knowledge; not re-checked"
"Kashmir Power Distribution Corporation Limited","Government Company (PSU)","State PSU","Jammu and Kashmir","Power","Distribution","Unlisted","","Srinagar","Knowledge-based","model knowledge; not re-checked"
"Jammu and Kashmir State Road Transport Corporation","Statutory Corporation","State PSU","Jammu and Kashmir","Transport","Bus transport","Unlisted","","Srinagar/Jammu","Knowledge-based","model knowledge; not re-checked"
"Jammu and Kashmir State Industrial Development Corporation Limited","Government Company (PSU)","State PSU","Jammu and Kashmir","Industrial Development","Industrial development","Unlisted","","Jammu","Knowledge-based","model knowledge; not re-checked"
"Jammu and Kashmir Small Scale Industries Development Corporation","Government Company (PSU)","State PSU","Jammu and Kashmir","Industrial Development","MSME","Unlisted","","Srinagar","Knowledge-based","model knowledge; not re-checked"
"Jammu and Kashmir Handicrafts (Sales and Export) Corporation","Government Company (PSU)","State PSU","Jammu and Kashmir","Textiles & Handloom","Handicrafts","Unlisted","","Srinagar","Knowledge-based","model knowledge; not re-checked"
"Jammu and Kashmir Handloom Development Corporation","Government Company (PSU)","State PSU","Jammu and Kashmir","Textiles & Handloom","Handloom","Unlisted","","Srinagar","Knowledge-based","model knowledge; not re-checked"
"Jammu and Kashmir Horticultural Produce Marketing and Processing Corporation","Government Company (PSU)","State PSU","Jammu and Kashmir","Agriculture & Food","Horticulture","Unlisted","","Srinagar","Knowledge-based","model knowledge; not re-checked"
"Jammu and Kashmir State Forest Corporation","Government Company (PSU)","State PSU","Jammu and Kashmir","Agriculture & Food","Forestry","Unlisted","","Jammu","Knowledge-based","model knowledge; not re-checked"
"Jammu and Kashmir Cements Limited","Government Company (PSU)","State PSU","Jammu and Kashmir","Cement","Cement","Unlisted","","Srinagar","Knowledge-based","model knowledge; not re-checked"
"Jammu and Kashmir Agro Industries Development Corporation","Government Company (PSU)","State PSU","Jammu and Kashmir","Agriculture & Food","Agro","Unlisted","","Srinagar","Knowledge-based","model knowledge; not re-checked"
"Jammu and Kashmir Projects Construction Corporation","Government Company (PSU)","State PSU","Jammu and Kashmir","Infrastructure","Construction","Unlisted","","Srinagar","Knowledge-based","model knowledge; not re-checked"
"Jammu and Kashmir Tourism Development Corporation","Government Company (PSU)","State PSU","Jammu and Kashmir","Tourism & Hospitality","Tourism","Unlisted","","Srinagar","Knowledge-based","model knowledge; not re-checked"
"Jammu and Kashmir Minerals Limited","Government Company (PSU)","State PSU","Jammu and Kashmir","Mining","Mining","Unlisted","","Srinagar","Knowledge-based","model knowledge; not re-checked"
"Jammu and Kashmir State Cooperative Bank Limited","Cooperative Society","Cooperative","Jammu and Kashmir","Financial Services","Cooperative bank","Unlisted","","Srinagar","Knowledge-based","model knowledge; not re-checked"
"Jammu and Kashmir Cooperative Supply and Marketing Federation","Cooperative Society","Cooperative","Jammu and Kashmir","Agriculture & Food","Coop federation","Unlisted","","Srinagar","Knowledge-based","model knowledge; not re-checked"
"Jammu and Kashmir Development Finance Corporation","Government Company (PSU)","State PSU","Jammu and Kashmir","Financial Services","State finance corporation","Unlisted","","Srinagar","Knowledge-based","model knowledge; not re-checked"
"Jammu and Kashmir Medical Supplies Corporation Limited","Government Company (PSU)","State PSU","Jammu and Kashmir","Healthcare","Medical supplies","Unlisted","","Jammu","Knowledge-based","model knowledge; not re-checked"
"Jammu and Kashmir Housing Board","Statutory Corporation","State PSU","Jammu and Kashmir","Infrastructure","Housing","Unlisted","","Srinagar","Knowledge-based","model knowledge; not re-checked"
"Jammu and Kashmir Livestock Development Board","Other","State PSU","Jammu and Kashmir","Agriculture & Food","Livestock","Unlisted","","Jammu","Knowledge-based","model knowledge; not re-checked"
"Jammu and Kashmir Economic Reconstruction Agency","Other","State PSU","Jammu and Kashmir","Infrastructure","Development","Unlisted","","Srinagar","Knowledge-based","model knowledge; not re-checked"
"Jammu and Kashmir Bank Limited","Public Limited","State PSU","Jammu and Kashmir","Financial Services","Banking","Listed-NSE+BSE","J&KBANK","Srinagar","Knowledge-based","model knowledge; not re-checked"
"Ellaquai Dehati Bank","Other","Private (Indian)","Jammu and Kashmir","Banking","Regional rural bank","Unlisted","","Srinagar","Knowledge-based","model knowledge; not re-checked"
"Ladakh Power Development Department","Other","State PSU","Ladakh","Power","Power","Unlisted","","Leh","Knowledge-based","model knowledge; not re-checked"
"Ladakh Renewable Energy Development Agency","Other","State PSU","Ladakh","Power","Renewable","Unlisted","","Leh","Knowledge-based","model knowledge; not re-checked"
"Ladakh Autonomous Hill Development Council Leh","Other","State PSU","Ladakh","Infrastructure","Local body","Unlisted","","Leh","Knowledge-based","model knowledge; not re-checked"
"Ladakh Autonomous Hill Development Council Kargil","Other","State PSU","Ladakh","Infrastructure","Local body","Unlisted","","Kargil","Knowledge-based","model knowledge; not re-checked"
"Ladakh Infrastructure Development Corporation","Government Company (PSU)","State PSU","Ladakh","Infrastructure","Infrastructure","Unlisted","","Leh","Needs manual check","model knowledge; not re-checked"
"Ladakh State Road Transport (J&K SRTC Ladakh Division)","Other","State PSU","Ladakh","Transport","Bus transport","Unlisted","","Leh","Needs manual check","model knowledge; not re-checked"
"Ladakh Industrial Trade Development Corporation","Government Company (PSU)","State PSU","Ladakh","Industrial Development","Industrial","Unlisted","","Leh","Needs manual check","model knowledge; not re-checked"
"Chandigarh Transport Undertaking","Other","State PSU","Chandigarh","Transport","Bus transport","Unlisted","","Chandigarh","Knowledge-based","model knowledge; not re-checked"
"Chandigarh Industrial and Tourism Development Corporation (CITCO)","Government Company (PSU)","State PSU","Chandigarh","Tourism & Hospitality","Tourism & industry","Unlisted","","Chandigarh","Knowledge-based","model knowledge; not re-checked"
"Chandigarh Housing Board","Statutory Corporation","State PSU","Chandigarh","Infrastructure","Housing","Unlisted","","Chandigarh","Knowledge-based","model knowledge; not re-checked"
"Chandigarh Smart City Limited","Government Company (PSU)","State PSU","Chandigarh","Infrastructure","Smart city SPV","Unlisted","","Chandigarh","Knowledge-based","model knowledge; not re-checked"
"Chandigarh Scheduled Castes Financial Development Corporation","Government Company (PSU)","State PSU","Chandigarh","Financial Services","Development finance","Unlisted","","Chandigarh","Knowledge-based","model knowledge; not re-checked"
"Chandigarh Administration Electricity Department","Other","State PSU","Chandigarh","Power","Power","Unlisted","","Chandigarh","Knowledge-based","model knowledge; not re-checked"
"Chandigarh Power Distribution Limited","Private Limited","Private (Indian)","Chandigarh","Power","Distribution","Unlisted","","Chandigarh","Knowledge-based","model knowledge; not re-checked"
"Chandigarh Cooperative Bank (Chandigarh State Cooperative Bank Limited)","Cooperative Society","Cooperative","Chandigarh","Financial Services","Cooperative bank","Unlisted","","Chandigarh","Knowledge-based","model knowledge; not re-checked"
"Chandigarh Milk Union (Verka Chandigarh)","Cooperative Society","Cooperative","Chandigarh","Agriculture & Food","Dairy","Unlisted","","Chandigarh","Knowledge-based","model knowledge; not re-checked"
"Rajasthan Rajya Vidyut Utpadan Nigam Limited","Government Company (PSU)","State PSU","Rajasthan","Power","Generation","Unlisted","","Jaipur","Knowledge-based","model knowledge; not re-checked"
"Rajasthan Rajya Vidyut Prasaran Nigam Limited","Government Company (PSU)","State PSU","Rajasthan","Power","Transmission","Unlisted","","Jaipur","Knowledge-based","model knowledge; not re-checked"
"Jaipur Vidyut Vitran Nigam Limited","Government Company (PSU)","State PSU","Rajasthan","Power","Distribution","Unlisted","","Jaipur","Knowledge-based","model knowledge; not re-checked"
"Ajmer Vidyut Vitran Nigam Limited","Government Company (PSU)","State PSU","Rajasthan","Power","Distribution","Unlisted","","Ajmer","Knowledge-based","model knowledge; not re-checked"
"Jodhpur Vidyut Vitran Nigam Limited","Government Company (PSU)","State PSU","Rajasthan","Power","Distribution","Unlisted","","Jodhpur","Knowledge-based","model knowledge; not re-checked"
"Rajasthan Renewable Energy Corporation Limited","Government Company (PSU)","State PSU","Rajasthan","Power","Renewable","Unlisted","","Jaipur","Knowledge-based","model knowledge; not re-checked"
"Rajasthan State Road Transport Corporation","Statutory Corporation","State PSU","Rajasthan","Transport","Bus transport","Unlisted","","Jaipur","Knowledge-based","model knowledge; not re-checked"
"Rajasthan State Industrial Development and Investment Corporation Limited (RIICO)","Government Company (PSU)","State PSU","Rajasthan","Industrial Development","Industrial development","Unlisted","","Jaipur","Knowledge-based","model knowledge; not re-checked"
"Rajasthan Financial Corporation","Statutory Corporation","State PSU","Rajasthan","Financial Services","State finance corporation","Unlisted","","Jaipur","Knowledge-based","model knowledge; not re-checked"
"Rajasthan State Mines and Minerals Limited","Government Company (PSU)","State PSU","Rajasthan","Mining","Mining","Unlisted","","Udaipur","Knowledge-based","model knowledge; not re-checked"
"Rajasthan Tourism Development Corporation","Government Company (PSU)","State PSU","Rajasthan","Tourism & Hospitality","Tourism","Unlisted","","Jaipur","Knowledge-based","model knowledge; not re-checked"
"Rajasthan State Warehousing Corporation","Statutory Corporation","State PSU","Rajasthan","Agriculture & Food","Warehousing","Unlisted","","Jaipur","Knowledge-based","model knowledge; not re-checked"
"Rajasthan State Ganganagar Sugar Mills Limited","Government Company (PSU)","State PSU","Rajasthan","Agriculture & Food","Sugar","Unlisted","","Sri Ganganagar","Knowledge-based","model knowledge; not re-checked"
"Rajasthan Small Industries Corporation Limited","Government Company (PSU)","State PSU","Rajasthan","Industrial Development","MSME","Unlisted","","Jaipur","Knowledge-based","model knowledge; not re-checked"
"Rajasthan State Seeds Corporation Limited","Government Company (PSU)","State PSU","Rajasthan","Agriculture & Food","Seeds","Unlisted","","Jaipur","Knowledge-based","model knowledge; not re-checked"
"Rajasthan State Agro Industries Corporation Limited","Government Company (PSU)","State PSU","Rajasthan","Agriculture & Food","Agro inputs","Unlisted","","Jaipur","Knowledge-based","model knowledge; not re-checked"
"Rajasthan State Handloom Development Corporation (Rajasthali)","Government Company (PSU)","State PSU","Rajasthan","Textiles & Handloom","Handloom","Unlisted","","Jaipur","Knowledge-based","model knowledge; not re-checked"
"Rajasthan Cooperative Dairy Federation (Saras)","Cooperative Society","Cooperative","Rajasthan","Agriculture & Food","Dairy federation","Unlisted","","Jaipur","Knowledge-based","model knowledge; not re-checked"
"Rajasthan State Cooperative Marketing Federation (RAJFED)","Cooperative Society","Cooperative","Rajasthan","Agriculture & Food","Coop federation","Unlisted","","Jaipur","Knowledge-based","model knowledge; not re-checked"
"Rajasthan State Cooperative Bank Limited","Cooperative Society","Cooperative","Rajasthan","Financial Services","Cooperative bank","Unlisted","","Jaipur","Knowledge-based","model knowledge; not re-checked"
"Rajasthan Consumer Cooperative Federation (Confed)","Cooperative Society","Cooperative","Rajasthan","Agriculture & Food","Consumer coop","Unlisted","","Jaipur","Knowledge-based","model knowledge; not re-checked"
"Rajasthan State Bridge and Road Development Corporation","Government Company (PSU)","State PSU","Rajasthan","Infrastructure","Roads","Unlisted","","Jaipur","Knowledge-based","model knowledge; not re-checked"
"Rajasthan Metro Rail Corporation","Government Company (PSU)","Joint Venture","Rajasthan","Transport","Metro rail","Unlisted","","Jaipur","Knowledge-based","model knowledge; not re-checked"
"Rajasthan Electronics and Instruments Limited","Government Company (PSU)","State PSU","Rajasthan","Technology","Electronics","Unlisted","","Jaipur","Knowledge-based","model knowledge; not re-checked"
"Rajasthan State Petroleum Corporation Limited","Government Company (PSU)","State PSU","Rajasthan","Power","Petroleum","Unlisted","","Jaipur","Knowledge-based","model knowledge; not re-checked"
"Rajasthan Avas Vikas and Infrastructure Limited (RAVIL)","Government Company (PSU)","State PSU","Rajasthan","Infrastructure","Housing","Unlisted","","Jaipur","Knowledge-based","model knowledge; not re-checked"
"Rajasthan Housing Board","Statutory Corporation","State PSU","Rajasthan","Infrastructure","Housing","Unlisted","","Jaipur","Knowledge-based","model knowledge; not re-checked"
"Rajasthan Urban Infrastructure Development Project","Other","State PSU","Rajasthan","Infrastructure","Urban","Unlisted","","Jaipur","Knowledge-based","model knowledge; not re-checked"
"Rajasthan Drugs and Pharmaceuticals Limited","Government Company (PSU)","State PSU","Rajasthan","Pharmaceuticals","Drug manufacturing","Unlisted","","Jaipur","Knowledge-based","model knowledge; not re-checked"
"Rajasthan Medical Services Corporation Limited","Government Company (PSU)","State PSU","Rajasthan","Healthcare","Medical procurement","Unlisted","","Jaipur","Knowledge-based","model knowledge; not re-checked"
"Rajasthan Skill and Livelihood Development Corporation","Government Company (PSU)","State PSU","Rajasthan","Infrastructure","Skill development","Unlisted","","Jaipur","Knowledge-based","model knowledge; not re-checked"
"Rajasthan Scheduled Caste Scheduled Tribe Finance and Development Cooperative Corporation","Government Company (PSU)","State PSU","Rajasthan","Financial Services","Development finance","Unlisted","","Jaipur","Knowledge-based","model knowledge; not re-checked"
"Rajasthan Land Development Corporation","Government Company (PSU)","State PSU","Rajasthan","Agriculture & Food","Land development","Unlisted","","Jaipur","Knowledge-based","model knowledge; not re-checked"
"Rajasthan Civil Supplies Corporation Limited","Government Company (PSU)","State PSU","Rajasthan","Agriculture & Food","Civil supplies","Unlisted","","Jaipur","Needs manual check","model knowledge; not re-checked"
"Rajasthan Rajya Sahakari Spinning and Ginning Mills Federation (Spinfed)","Cooperative Society","Cooperative","Rajasthan","Textiles & Handloom","Spinning","Unlisted","","Jaipur","Knowledge-based","model knowledge; not re-checked"
"Rajasthan Tribal Area Development Cooperative Federation","Cooperative Society","Cooperative","Rajasthan","Agriculture & Food","Coop federation","Unlisted","","Udaipur","Knowledge-based","model knowledge; not re-checked"
"Rajasthan Investment Promotion Bureau (RIPS)","Other","State PSU","Rajasthan","Industrial Development","Investment promotion","Unlisted","","Jaipur","Knowledge-based","model knowledge; not re-checked"
"Rajasthan Livelihood Mission (Rajeevika)","Trust/Society","Trust/Society","Rajasthan","Infrastructure","Livelihood","Unlisted","","Jaipur","Knowledge-based","model knowledge; not re-checked"
"Hindustan Zinc Limited","Public Limited","Private (Indian)","Rajasthan","Mining","Zinc / silver","Listed-NSE+BSE","HINDZINC","Udaipur","Knowledge-based","model knowledge; not re-checked"
"JK Cement Limited","Public Limited","Private (Indian)","Rajasthan","Cement","Cement","Listed-NSE+BSE","JKCEMENT","Kanpur / Nimbahera","Knowledge-based","model knowledge; not re-checked"
"Shree Cement Limited","Public Limited","Private (Indian)","Rajasthan","Cement","Cement","Listed-NSE+BSE","SHREECEM","Beawar","Knowledge-based","model knowledge; not re-checked"
"Dainik Bhaskar (DB Corp Limited)","Public Limited","Private (Indian)","Rajasthan","Media","Newspaper","Listed-NSE+BSE","DBCORP","Bhopal","Knowledge-based","model knowledge; not re-checked"
"Rajasthan Patrika (Rajasthan Patrika Pvt Ltd)","Private Limited","Private (Indian)","Rajasthan","Media","Newspaper","Unlisted","","Jaipur","Knowledge-based","model knowledge; not re-checked"
"RSWM Limited","Public Limited","Private (Indian)","Rajasthan","Textiles","Yarn/fabric","Listed-NSE+BSE","RSWM","Bhilwara","Knowledge-based","model knowledge; not re-checked"
"Mangalam Cement Limited","Public Limited","Private (Indian)","Rajasthan","Cement","Cement","Listed-NSE+BSE","MANGLMCEM","Kota","Knowledge-based","model knowledge; not re-checked"
"Wonder Cement Limited","Public Limited","Private (Indian)","Rajasthan","Cement","Cement","Unlisted","","Udaipur","Knowledge-based","model knowledge; not re-checked"
"Jaipur Rugs Company Private Limited","Private Limited","Private (Indian)","Rajasthan","Textiles","Carpets","Unlisted","","Jaipur","Knowledge-based","model knowledge; not re-checked"
"Bikaji Foods International Limited","Public Limited","Private (Indian)","Rajasthan","Agriculture & Food","Snacks","Listed-NSE+BSE","BIKAJI","Bikaner","Knowledge-based","model knowledge; not re-checked"
"Bikanervala Foods Private Limited","Private Limited","Private (Indian)","Rajasthan","Agriculture & Food","Snacks/sweets","Unlisted","","New Delhi","Knowledge-based","model knowledge; not re-checked"
"Uttar Pradesh Power Corporation Limited","Government Company (PSU)","State PSU","Uttar Pradesh","Power","Transmission & distribution holding","Unlisted","","Lucknow","Knowledge-based","model knowledge; not re-checked"
"Uttar Pradesh Rajya Vidyut Utpadan Nigam Limited","Government Company (PSU)","State PSU","Uttar Pradesh","Power","Generation","Unlisted","","Lucknow","Knowledge-based","model knowledge; not re-checked"
"Uttar Pradesh Power Transmission Corporation Limited","Government Company (PSU)","State PSU","Uttar Pradesh","Power","Transmission","Unlisted","","Lucknow","Knowledge-based","model knowledge; not re-checked"
"Purvanchal Vidyut Vitran Nigam Limited","Government Company (PSU)","State PSU","Uttar Pradesh","Power","Distribution","Unlisted","","Varanasi","Knowledge-based","model knowledge; not re-checked"
"Madhyanchal Vidyut Vitran Nigam Limited","Government Company (PSU)","State PSU","Uttar Pradesh","Power","Distribution","Unlisted","","Lucknow","Knowledge-based","model knowledge; not re-checked"
"Dakshinanchal Vidyut Vitran Nigam Limited","Government Company (PSU)","State PSU","Uttar Pradesh","Power","Distribution","Unlisted","","Agra","Knowledge-based","model knowledge; not re-checked"
"Paschimanchal Vidyut Vitran Nigam Limited","Government Company (PSU)","State PSU","Uttar Pradesh","Power","Distribution","Unlisted","","Meerut","Knowledge-based","model knowledge; not re-checked"
"Kanpur Electricity Supply Company Limited","Government Company (PSU)","State PSU","Uttar Pradesh","Power","Distribution","Unlisted","","Kanpur","Knowledge-based","model knowledge; not re-checked"
"UP Jal Vidyut Nigam Limited","Government Company (PSU)","State PSU","Uttar Pradesh","Power","Hydro generation","Unlisted","","Lucknow","Knowledge-based","model knowledge; not re-checked"
"Uttar Pradesh New and Renewable Energy Development Agency","Other","State PSU","Uttar Pradesh","Power","Renewable","Unlisted","","Lucknow","Knowledge-based","model knowledge; not re-checked"
"Uttar Pradesh State Road Transport Corporation","Statutory Corporation","State PSU","Uttar Pradesh","Transport","Bus transport","Unlisted","","Lucknow","Knowledge-based","model knowledge; not re-checked"
"Uttar Pradesh State Industrial Development Authority (UPSIDA)","Statutory Corporation","State PSU","Uttar Pradesh","Industrial Development","Industrial development","Unlisted","","Kanpur","Knowledge-based","model knowledge; not re-checked"
"Uttar Pradesh State Industrial Development Corporation Limited (UPSIDC)","Government Company (PSU)","State PSU","Uttar Pradesh","Industrial Development","Industrial development","Unlisted","","Kanpur","Knowledge-based","model knowledge; not re-checked"
"Uttar Pradesh Financial Corporation","Statutory Corporation","State PSU","Uttar Pradesh","Financial Services","State finance corporation","Unlisted","","Kanpur","Knowledge-based","model knowledge; not re-checked"
"Pradeshiya Industrial and Investment Corporation of UP (PICUP)","Government Company (PSU)","State PSU","Uttar Pradesh","Financial Services","Investment / finance","Unlisted","","Lucknow","Knowledge-based","model knowledge; not re-checked"
"UP State Warehousing Corporation","Statutory Corporation","State PSU","Uttar Pradesh","Agriculture & Food","Warehousing","Unlisted","","Lucknow","Knowledge-based","model knowledge; not re-checked"
"UP State Tourism Development Corporation","Government Company (PSU)","State PSU","Uttar Pradesh","Tourism & Hospitality","Tourism","Unlisted","","Lucknow","Knowledge-based","model knowledge; not re-checked"
"UP Handloom Corporation Limited","Government Company (PSU)","State PSU","Uttar Pradesh","Textiles & Handloom","Handloom","Unlisted","","Kanpur","Knowledge-based","model knowledge; not re-checked"
"UP Export Corporation Limited","Government Company (PSU)","State PSU","Uttar Pradesh","Industrial Development","Export promotion","Unlisted","","Lucknow","Knowledge-based","model knowledge; not re-checked"
"UP State Sugar Corporation Limited","Government Company (PSU)","State PSU","Uttar Pradesh","Agriculture & Food","Sugar","Unlisted","","Lucknow","Knowledge-based","model knowledge; not re-checked"
"UP State Spinning Company Limited","Government Company (PSU)","State PSU","Uttar Pradesh","Textiles & Handloom","Spinning","Unlisted","","Kanpur","Knowledge-based","model knowledge; not re-checked"
"UP State Bridge Corporation Limited","Government Company (PSU)","State PSU","Uttar Pradesh","Infrastructure","Bridges","Unlisted","","Lucknow","Knowledge-based","model knowledge; not re-checked"
"UP Rajkiya Nirman Nigam Limited","Government Company (PSU)","State PSU","Uttar Pradesh","Infrastructure","Construction","Unlisted","","Lucknow","Knowledge-based","model knowledge; not re-checked"
"UP Cooperative Federation (PCF)","Cooperative Society","Cooperative","Uttar Pradesh","Agriculture & Food","Coop federation","Unlisted","","Lucknow","Knowledge-based","model knowledge; not re-checked"
"UP Cooperative Dairy Federation (Parag)","Cooperative Society","Cooperative","Uttar Pradesh","Agriculture & Food","Dairy federation","Unlisted","","Lucknow","Knowledge-based","model knowledge; not re-checked"
"UP Cooperative Bank Limited","Cooperative Society","Cooperative","Uttar Pradesh","Financial Services","Cooperative bank","Unlisted","","Lucknow","Knowledge-based","model knowledge; not re-checked"
"UP Cooperative Sugar Factories Federation","Cooperative Society","Cooperative","Uttar Pradesh","Agriculture & Food","Sugar coop federation","Unlisted","","Lucknow","Knowledge-based","model knowledge; not re-checked"
"UP Cooperative Spinning Mills Federation","Cooperative Society","Cooperative","Uttar Pradesh","Textiles & Handloom","Spinning","Unlisted","","Kanpur","Knowledge-based","model knowledge; not re-checked"
"UP Cooperative Village Development Bank","Cooperative Society","Cooperative","Uttar Pradesh","Financial Services","Cooperative bank","Unlisted","","Lucknow","Knowledge-based","model knowledge; not re-checked"
"UP Metro Rail Corporation Limited","Government Company (PSU)","Joint Venture","Uttar Pradesh","Transport","Metro rail","Unlisted","","Lucknow","Knowledge-based","model knowledge; not re-checked"
"UP Expressways Industrial Development Authority (UPEIDA)","Statutory Corporation","State PSU","Uttar Pradesh","Infrastructure","Expressways","Unlisted","","Lucknow","Knowledge-based","model knowledge; not re-checked"
"Noida Metro Rail Corporation Limited","Government Company (PSU)","Joint Venture","Uttar Pradesh","Transport","Metro rail","Unlisted","","Noida","Knowledge-based","model knowledge; not re-checked"
"New Okhla Industrial Development Authority (NOIDA)","Statutory Corporation","State PSU","Uttar Pradesh","Infrastructure","Urban development","Unlisted","","Noida","Knowledge-based","model knowledge; not re-checked"
"Greater Noida Industrial Development Authority","Statutory Corporation","State PSU","Uttar Pradesh","Infrastructure","Urban development","Unlisted","","Greater Noida","Knowledge-based","model knowledge; not re-checked"
"Yamuna Expressway Industrial Development Authority","Statutory Corporation","State PSU","Uttar Pradesh","Infrastructure","Urban development","Unlisted","","Greater Noida","Knowledge-based","model knowledge; not re-checked"
"Lucknow Development Authority","Statutory Corporation","State PSU","Uttar Pradesh","Infrastructure","Urban development","Unlisted","","Lucknow","Knowledge-based","model knowledge; not re-checked"
"UP Avas Vikas Parishad","Statutory Corporation","State PSU","Uttar Pradesh","Infrastructure","Housing","Unlisted","","Lucknow","Knowledge-based","model knowledge; not re-checked"
"UP Jal Nigam","Statutory Corporation","State PSU","Uttar Pradesh","Infrastructure","Water","Unlisted","","Lucknow","Knowledge-based","model knowledge; not re-checked"
"UP Medical Supplies Corporation Limited","Government Company (PSU)","State PSU","Uttar Pradesh","Healthcare","Medical procurement","Unlisted","","Lucknow","Knowledge-based","model knowledge; not re-checked"
"UP Police Awas Nigam","Government Company (PSU)","State PSU","Uttar Pradesh","Infrastructure","Housing","Unlisted","","Lucknow","Knowledge-based","model knowledge; not re-checked"
"UP Electronics Corporation Limited (UPLC)","Government Company (PSU)","State PSU","Uttar Pradesh","Technology","Electronics","Unlisted","","Lucknow","Knowledge-based","model knowledge; not re-checked"
"UP Small Industries Corporation Limited","Government Company (PSU)","State PSU","Uttar Pradesh","Industrial Development","MSME","Unlisted","","Kanpur","Knowledge-based","model knowledge; not re-checked"
"UP Forest Corporation","Statutory Corporation","State PSU","Uttar Pradesh","Agriculture & Food","Forestry","Unlisted","","Lucknow","Knowledge-based","model knowledge; not re-checked"
"UP Beej Vikas Nigam","Government Company (PSU)","State PSU","Uttar Pradesh","Agriculture & Food","Seeds","Unlisted","","Lucknow","Knowledge-based","model knowledge; not re-checked"
"UP Agro Industrial Corporation Limited","Government Company (PSU)","State PSU","Uttar Pradesh","Agriculture & Food","Agro","Unlisted","","Lucknow","Knowledge-based","model knowledge; not re-checked"
"UP Bhumi Sudhar Nigam","Government Company (PSU)","State PSU","Uttar Pradesh","Agriculture & Food","Land reclamation","Unlisted","","Lucknow","Knowledge-based","model knowledge; not re-checked"
"UP Scheduled Castes Finance and Development Corporation","Government Company (PSU)","State PSU","Uttar Pradesh","Financial Services","Development finance","Unlisted","","Lucknow","Knowledge-based","model knowledge; not re-checked"
"UP Minorities Finance and Development Corporation","Government Company (PSU)","State PSU","Uttar Pradesh","Financial Services","Development finance","Unlisted","","Lucknow","Knowledge-based","model knowledge; not re-checked"
"UP Backward Classes Finance and Development Corporation","Government Company (PSU)","State PSU","Uttar Pradesh","Financial Services","Development finance","Unlisted","","Lucknow","Knowledge-based","model knowledge; not re-checked"
"Balrampur Chini Mills Limited","Public Limited","Private (Indian)","Uttar Pradesh","Agriculture & Food","Sugar","Listed-NSE+BSE","BALRAMCHIN","Kolkata","Knowledge-based","model knowledge; not re-checked"
"Triveni Engineering and Industries Limited","Public Limited","Private (Indian)","Uttar Pradesh","Agriculture & Food","Sugar/engineering","Listed-NSE+BSE","TRIVENI","Noida","Knowledge-based","model knowledge; not re-checked"
"Bajaj Hindusthan Sugar Limited","Public Limited","Private (Indian)","Uttar Pradesh","Agriculture & Food","Sugar","Listed-NSE+BSE","BAJAJHIND","Mumbai","Knowledge-based","model knowledge; not re-checked"
"Dhampur Sugar Mills Limited","Public Limited","Private (Indian)","Uttar Pradesh","Agriculture & Food","Sugar","Listed-NSE+BSE","DHAMPURSUG","Dhampur","Knowledge-based","model knowledge; not re-checked"
"Indian Farmers Fertiliser Cooperative (IFFCO)","Cooperative Society","Cooperative","Uttar Pradesh","Chemicals","Fertilizers","Unlisted","","New Delhi","Knowledge-based","model knowledge; not re-checked"
"Jubilant Ingrevia / Jubilant Pharmova Limited","Public Limited","Private (Indian)","Uttar Pradesh","Pharmaceuticals","Pharma","Listed-NSE+BSE","JUBLPHARMA","Noida","Knowledge-based","model knowledge; not re-checked"
"HCL Technologies Limited","Public Limited","Private (Indian)","Uttar Pradesh","Technology","IT services","Listed-NSE+BSE","HCLTECH","Noida","Knowledge-based","model knowledge; not re-checked"
"Jaypee Infratech Limited","Public Limited","Private (Indian)","Uttar Pradesh","Real Estate","Infrastructure / real estate","Delisted/Unknown","","Noida","Knowledge-based","model knowledge; not re-checked"
"Gujarat State Road Transport Corporation","Statutory Corporation","State PSU","Gujarat","Transport","Bus transport","Unlisted","","Ahmedabad","Search-confirmed","wikipedia/gsrtc.in via search"
"Gujarat Urja Vikas Nigam Limited","Government Company (PSU)","State PSU","Gujarat","Power","Bulk power purchase","Unlisted","","Vadodara","Knowledge-based","model knowledge; not re-checked"
"Gujarat State Electricity Corporation Limited","Government Company (PSU)","State PSU","Gujarat","Power","Generation","Unlisted","","Vadodara","Knowledge-based","model knowledge; not re-checked"
"Gujarat Energy Transmission Corporation Limited","Government Company (PSU)","State PSU","Gujarat","Power","Transmission","Unlisted","","Vadodara","Knowledge-based","model knowledge; not re-checked"
"Uttar Gujarat Vij Company Limited","Government Company (PSU)","State PSU","Gujarat","Power","Distribution","Unlisted","","Mehsana","Knowledge-based","model knowledge; not re-checked"
"Dakshin Gujarat Vij Company Limited","Government Company (PSU)","State PSU","Gujarat","Power","Distribution","Unlisted","","Surat","Knowledge-based","model knowledge; not re-checked"
"Madhya Gujarat Vij Company Limited","Government Company (PSU)","State PSU","Gujarat","Power","Distribution","Unlisted","","Vadodara","Knowledge-based","model knowledge; not re-checked"
"Paschim Gujarat Vij Company Limited","Government Company (PSU)","State PSU","Gujarat","Power","Distribution","Unlisted","","Rajkot","Knowledge-based","model knowledge; not re-checked"
"Gujarat Industrial Development Corporation","Statutory Corporation","State PSU","Gujarat","Industrial Development","Industrial development","Unlisted","","Gandhinagar","Knowledge-based","model knowledge; not re-checked"
"Gujarat State Financial Services Limited","Government Company (PSU)","State PSU","Gujarat","Financial Services","Financial services","Unlisted","","Gandhinagar","Knowledge-based","model knowledge; not re-checked"
"Gujarat State Investments Limited","Government Company (PSU)","State PSU","Gujarat","Financial Services","Investments","Unlisted","","Gandhinagar","Knowledge-based","model knowledge; not re-checked"
"Gujarat State Fertilizers and Chemicals Limited","Government Company (PSU)","State PSU","Gujarat","Chemicals","Fertilizers","Listed-NSE+BSE","GSFC","Vadodara","Knowledge-based","model knowledge; not re-checked"
"Gujarat Narmada Valley Fertilizers and Chemicals Limited","Government Company (PSU)","State PSU","Gujarat","Chemicals","Fertilizers","Listed-NSE+BSE","GNFC","Bharuch","Knowledge-based","model knowledge; not re-checked"
"Gujarat Mineral Development Corporation Limited","Government Company (PSU)","State PSU","Gujarat","Mining","Mining","Listed-NSE+BSE","GMDCLTD","Ahmedabad","Knowledge-based","model knowledge; not re-checked"
"Gujarat State Petronet Limited","Government Company (PSU)","State PSU","Gujarat","Power","Gas transmission","Listed-NSE+BSE","GSPL","Gandhinagar","Knowledge-based","model knowledge; not re-checked"
"Gujarat Gas Limited","Government Company (PSU)","State PSU","Gujarat","Power","City gas distribution","Listed-NSE+BSE","GUJGASLTD","Ahmedabad","Knowledge-based","model knowledge; not re-checked"
"Gujarat Industries Power Company Limited","Government Company (PSU)","State PSU","Gujarat","Power","Generation","Listed-NSE+BSE","GIPCL","Vadodara","Knowledge-based","model knowledge; not re-checked"
"Gujarat Alkalies and Chemicals Limited","Government Company (PSU)","State PSU","Gujarat","Chemicals","Chlor-alkali","Listed-NSE+BSE","GUJALKALI","Vadodara","Knowledge-based","model knowledge; not re-checked"
"Gujarat State Petroleum Corporation Limited","Government Company (PSU)","State PSU","Gujarat","Power","Oil & gas","Unlisted","","Gandhinagar","Knowledge-based","model knowledge; not re-checked"
"Gujarat Maritime Board","Statutory Corporation","State PSU","Gujarat","Transport","Ports","Unlisted","","Gandhinagar","Knowledge-based","model knowledge; not re-checked"
"Gujarat Tourism Corporation Limited","Government Company (PSU)","State PSU","Gujarat","Tourism & Hospitality","Tourism","Unlisted","","Gandhinagar","Knowledge-based","model knowledge; not re-checked"
"Gujarat State Civil Supplies Corporation Limited","Government Company (PSU)","State PSU","Gujarat","Agriculture & Food","Civil supplies","Unlisted","","Gandhinagar","Knowledge-based","model knowledge; not re-checked"
"Gujarat State Warehousing Corporation","Statutory Corporation","State PSU","Gujarat","Agriculture & Food","Warehousing","Unlisted","","Ahmedabad","Knowledge-based","model knowledge; not re-checked"
"Gujarat State Handloom and Handicrafts Development Corporation (Gurjari)","Government Company (PSU)","State PSU","Gujarat","Textiles & Handloom","Handloom","Unlisted","","Gandhinagar","Knowledge-based","model knowledge; not re-checked"
"Gujarat Small Industries Corporation Limited","Government Company (PSU)","State PSU","Gujarat","Industrial Development","MSME","Unlisted","","Ahmedabad","Knowledge-based","model knowledge; not re-checked"
"Gujarat State Financial Corporation","Statutory Corporation","State PSU","Gujarat","Financial Services","State finance corporation","Unlisted","","Ahmedabad","Knowledge-based","model knowledge; not re-checked"
"Gujarat Agro Industries Corporation Limited","Government Company (PSU)","State PSU","Gujarat","Agriculture & Food","Agro inputs","Unlisted","","Gandhinagar","Knowledge-based","model knowledge; not re-checked"
"Gujarat State Land Development Corporation","Government Company (PSU)","State PSU","Gujarat","Agriculture & Food","Land development","Unlisted","","Gandhinagar","Knowledge-based","model knowledge; not re-checked"
"Gujarat Metro Rail Corporation Limited","Government Company (PSU)","Joint Venture","Gujarat","Transport","Metro rail","Unlisted","","Gandhinagar","Knowledge-based","model knowledge; not re-checked"
"Gujarat International Finance Tec-City Company Limited","Government Company (PSU)","Joint Venture","Gujarat","Financial Services","Financial city","Unlisted","","Gandhinagar","Knowledge-based","model knowledge; not re-checked"
"Gujarat Water Supply and Sewerage Board","Statutory Corporation","State PSU","Gujarat","Infrastructure","Water","Unlisted","","Gandhinagar","Knowledge-based","model knowledge; not re-checked"
"Gujarat Housing Board","Statutory Corporation","State PSU","Gujarat","Infrastructure","Housing","Unlisted","","Gandhinagar","Knowledge-based","model knowledge; not re-checked"
"Gujarat Livelihood Promotion Company","Government Company (PSU)","State PSU","Gujarat","Infrastructure","Livelihood","Unlisted","","Gandhinagar","Knowledge-based","model knowledge; not re-checked"
"Sardar Sarovar Narmada Nigam Limited","Government Company (PSU)","State PSU","Gujarat","Infrastructure","Irrigation & hydro","Unlisted","","Gandhinagar","Knowledge-based","model knowledge; not re-checked"
"Gujarat Cooperative Milk Marketing Federation (Amul)","Cooperative Society","Cooperative","Gujarat","Agriculture & Food","Dairy federation","Unlisted","","Anand","Knowledge-based","model knowledge; not re-checked"
"Gujarat State Cooperative Bank Limited","Cooperative Society","Cooperative","Gujarat","Financial Services","Cooperative bank","Unlisted","","Ahmedabad","Knowledge-based","model knowledge; not re-checked"
"Gujarat State Co-operative Cotton Federation","Cooperative Society","Cooperative","Gujarat","Textiles & Handloom","Cotton coop federation","Unlisted","","Ahmedabad","Knowledge-based","model knowledge; not re-checked"
"Gujarat State Cooperative Marketing Federation (GUJCOMASOL)","Cooperative Society","Cooperative","Gujarat","Agriculture & Food","Coop federation","Unlisted","","Gandhinagar","Knowledge-based","model knowledge; not re-checked"
"Gujarat Sugar Cooperative Federation","Cooperative Society","Cooperative","Gujarat","Agriculture & Food","Sugar","Unlisted","","Ahmedabad","Needs manual check","model knowledge; not re-checked"
"Adani Enterprises Limited","Public Limited","Private (Indian)","Gujarat","Conglomerate","Trading/Infrastructure","Listed-NSE+BSE","ADANIENT","Ahmedabad","Knowledge-based","model knowledge; not re-checked"
"Adani Ports and SEZ Limited","Public Limited","Private (Indian)","Gujarat","Logistics","Ports","Listed-NSE+BSE","ADANIPORTS","Ahmedabad","Knowledge-based","model knowledge; not re-checked"
"Adani Power Limited","Public Limited","Private (Indian)","Gujarat","Power","Generation","Listed-NSE+BSE","ADANIPOWER","Ahmedabad","Knowledge-based","model knowledge; not re-checked"
"Adani Green Energy Limited","Public Limited","Private (Indian)","Gujarat","Power","Renewable","Listed-NSE+BSE","ADANIGREEN","Ahmedabad","Knowledge-based","model knowledge; not re-checked"
"Adani Energy Solutions Limited","Public Limited","Private (Indian)","Gujarat","Power","Transmission","Listed-NSE+BSE","ADANIENSOL","Ahmedabad","Knowledge-based","model knowledge; not re-checked"
"Adani Total Gas Limited","Public Limited","Private (Indian)","Gujarat","Power","City gas","Listed-NSE+BSE","ATGL","Ahmedabad","Knowledge-based","model knowledge; not re-checked"
"Torrent Power Limited","Public Limited","Private (Indian)","Gujarat","Power","Generation & distribution","Listed-NSE+BSE","TORNTPOWER","Ahmedabad","Knowledge-based","model knowledge; not re-checked"
"Torrent Pharmaceuticals Limited","Public Limited","Private (Indian)","Gujarat","Pharmaceuticals","Pharma","Listed-NSE+BSE","TORNTPHARM","Ahmedabad","Knowledge-based","model knowledge; not re-checked"
"Zydus Lifesciences Limited","Public Limited","Private (Indian)","Gujarat","Pharmaceuticals","Pharma","Listed-NSE+BSE","ZYDUSLIFE","Ahmedabad","Knowledge-based","model knowledge; not re-checked"
"Nirma Limited","Public Limited","Private (Indian)","Gujarat","Consumer","FMCG","Unlisted","","Ahmedabad","Knowledge-based","model knowledge; not re-checked"
"Gujarat Fluorochemicals Limited","Public Limited","Private (Indian)","Gujarat","Chemicals","Fluoropolymers","Listed-NSE+BSE","FLUOROCHEM","Noida / Vadodara","Knowledge-based","model knowledge; not re-checked"
"Ambuja Cements Limited","Public Limited","Private (Indian)","Gujarat","Cement","Cement","Listed-NSE+BSE","AMBUJACEM","Ahmedabad","Knowledge-based","model knowledge; not re-checked"
"Arvind Limited","Public Limited","Private (Indian)","Gujarat","Textiles","Denim / apparel","Listed-NSE+BSE","ARVIND","Ahmedabad","Knowledge-based","model knowledge; not re-checked"
"Welspun Corp Limited","Public Limited","Private (Indian)","Gujarat","Steel","Pipes","Listed-NSE+BSE","WELCORP","Mumbai","Knowledge-based","model knowledge; not re-checked"
"Welspun Living Limited","Public Limited","Private (Indian)","Gujarat","Textiles","Home textiles","Listed-NSE+BSE","WELSPUNLIV","Mumbai","Knowledge-based","model knowledge; not re-checked"
"Cadila Pharmaceuticals Limited","Public Limited","Private (Indian)","Gujarat","Pharmaceuticals","Pharma","Unlisted","","Ahmedabad","Knowledge-based","model knowledge; not re-checked"
"Astral Limited","Public Limited","Private (Indian)","Gujarat","Building Materials","Pipes","Listed-NSE+BSE","ASTRAL","Ahmedabad","Knowledge-based","model knowledge; not re-checked"
"Symphony Limited","Public Limited","Private (Indian)","Gujarat","Consumer Durables","Air coolers","Listed-NSE+BSE","SYMPHONY","Ahmedabad","Knowledge-based","model knowledge; not re-checked"
"Gujarat Pipavav Port Limited","Public Limited","Private (Indian)","Gujarat","Logistics","Ports","Listed-NSE+BSE","GPPL","Mumbai/Pipavav","Knowledge-based","model knowledge; not re-checked"
"Deepak Nitrite Limited","Public Limited","Private (Indian)","Gujarat","Chemicals","Chemicals","Listed-NSE+BSE","DEEPAKNTR","Vadodara","Knowledge-based","model knowledge; not re-checked"
"Alembic Pharmaceuticals Limited","Public Limited","Private (Indian)","Gujarat","Pharmaceuticals","Pharma","Listed-NSE+BSE","APLLTD","Vadodara","Knowledge-based","model knowledge; not re-checked"
"Alembic Limited","Public Limited","Private (Indian)","Gujarat","Pharmaceuticals","Pharma","Listed-NSE+BSE","ALEMBICLTD","Vadodara","Knowledge-based","model knowledge; not re-checked"
"Intas Pharmaceuticals Limited","Private Limited","Private (Indian)","Gujarat","Pharmaceuticals","Pharma","Unlisted","","Ahmedabad","Knowledge-based","model knowledge; not re-checked"
"Ratnamani Metals and Tubes Limited","Public Limited","Private (Indian)","Gujarat","Steel","Tubes","Listed-NSE+BSE","RATNAMANI","Ahmedabad","Knowledge-based","model knowledge; not re-checked"
"Gujarat Apollo Industries Limited","Public Limited","Private (Indian)","Gujarat","Industrial","Construction equipment","Listed-BSE","","Ahmedabad","Knowledge-based","model knowledge; not re-checked"
"Maharashtra State Road Transport Corporation","Statutory Corporation","State PSU","Maharashtra","Transport","Bus transport","Unlisted","","Mumbai","Search-confirmed","wikipedia via search"
"Maharashtra State Electricity Distribution Company Limited","Government Company (PSU)","State PSU","Maharashtra","Power","Distribution","Unlisted","","Mumbai","Knowledge-based","model knowledge; not re-checked"
"Maharashtra State Power Generation Company Limited","Government Company (PSU)","State PSU","Maharashtra","Power","Generation","Unlisted","","Mumbai","Knowledge-based","model knowledge; not re-checked"
"Maharashtra State Electricity Transmission Company Limited","Government Company (PSU)","State PSU","Maharashtra","Power","Transmission","Unlisted","","Mumbai","Knowledge-based","model knowledge; not re-checked"
"Maharashtra State Electricity Board Holding Company","Government Company (PSU)","State PSU","Maharashtra","Power","Holding","Unlisted","","Mumbai","Knowledge-based","model knowledge; not re-checked"
"Maharashtra Industrial Development Corporation","Statutory Corporation","State PSU","Maharashtra","Industrial Development","Industrial development","Unlisted","","Mumbai","Knowledge-based","model knowledge; not re-checked"
"City and Industrial Development Corporation of Maharashtra (CIDCO)","Government Company (PSU)","State PSU","Maharashtra","Infrastructure","Urban development","Unlisted","","Navi Mumbai","Knowledge-based","model knowledge; not re-checked"
"State Industrial and Investment Corporation of Maharashtra (SICOM)","Government Company (PSU)","State PSU","Maharashtra","Financial Services","State finance corporation","Unlisted","","Mumbai","Knowledge-based","model knowledge; not re-checked"
"Maharashtra State Financial Corporation","Statutory Corporation","State PSU","Maharashtra","Financial Services","State finance corporation","Unlisted","","Mumbai","Knowledge-based","model knowledge; not re-checked"
"Maharashtra Tourism Development Corporation","Government Company (PSU)","State PSU","Maharashtra","Tourism & Hospitality","Tourism","Unlisted","","Mumbai","Knowledge-based","model knowledge; not re-checked"
"Maharashtra State Warehousing Corporation","Statutory Corporation","State PSU","Maharashtra","Agriculture & Food","Warehousing","Unlisted","","Pune","Knowledge-based","model knowledge; not re-checked"
"Maharashtra State Handloom Corporation","Government Company (PSU)","State PSU","Maharashtra","Textiles & Handloom","Handloom","Unlisted","","Nagpur","Knowledge-based","model knowledge; not re-checked"
"Maharashtra State Cooperative Bank Limited","Cooperative Society","Cooperative","Maharashtra","Financial Services","Cooperative bank","Unlisted","","Mumbai","Knowledge-based","model knowledge; not re-checked"
"Maharashtra State Cooperative Cotton Growers Marketing Federation","Cooperative Society","Cooperative","Maharashtra","Textiles & Handloom","Cotton","Unlisted","","Mumbai","Knowledge-based","model knowledge; not re-checked"
"Maharashtra State Cooperative Marketing Federation","Cooperative Society","Cooperative","Maharashtra","Agriculture & Food","Coop federation","Unlisted","","Mumbai","Knowledge-based","model knowledge; not re-checked"
"Maharashtra Rajya Sahakari Dudh Mahasangh (Mahanand)","Cooperative Society","Cooperative","Maharashtra","Agriculture & Food","Dairy federation","Unlisted","","Mumbai","Knowledge-based","model knowledge; not re-checked"
"Maharashtra State Cooperative Sugar Factories Federation","Cooperative Society","Cooperative","Maharashtra","Agriculture & Food","Sugar","Unlisted","","Mumbai","Knowledge-based","model knowledge; not re-checked"
"Maharashtra Metro Rail Corporation Limited (Maha-Metro)","Government Company (PSU)","Joint Venture","Maharashtra","Transport","Metro rail","Unlisted","","Nagpur","Knowledge-based","model knowledge; not re-checked"
"Mumbai Metro Rail Corporation Limited","Government Company (PSU)","Joint Venture","Maharashtra","Transport","Metro rail","Unlisted","","Mumbai","Knowledge-based","model knowledge; not re-checked"
"Mumbai Metropolitan Region Development Authority","Statutory Corporation","State PSU","Maharashtra","Infrastructure","Urban development","Unlisted","","Mumbai","Knowledge-based","model knowledge; not re-checked"
"Maharashtra Airport Development Company Limited","Government Company (PSU)","State PSU","Maharashtra","Transport","Airports","Unlisted","","Mumbai","Knowledge-based","model knowledge; not re-checked"
"Maharashtra State Road Development Corporation Limited","Government Company (PSU)","State PSU","Maharashtra","Infrastructure","Roads","Unlisted","","Mumbai","Knowledge-based","model knowledge; not re-checked"
"Maharashtra Housing and Area Development Authority (MHADA)","Statutory Corporation","State PSU","Maharashtra","Infrastructure","Housing","Unlisted","","Mumbai","Knowledge-based","model knowledge; not re-checked"
"Slum Rehabilitation Authority Maharashtra","Statutory Corporation","State PSU","Maharashtra","Infrastructure","Housing","Unlisted","","Mumbai","Knowledge-based","model knowledge; not re-checked"
"Maharashtra Agro Industries Development Corporation","Government Company (PSU)","State PSU","Maharashtra","Agriculture & Food","Agro","Unlisted","","Mumbai","Knowledge-based","model knowledge; not re-checked"
"Maharashtra State Seeds Corporation Limited (Mahabeej)","Government Company (PSU)","State PSU","Maharashtra","Agriculture & Food","Seeds","Unlisted","","Akola","Knowledge-based","model knowledge; not re-checked"
"Maharashtra Small Scale Industries Development Corporation","Government Company (PSU)","State PSU","Maharashtra","Industrial Development","MSME","Unlisted","","Mumbai","Knowledge-based","model knowledge; not re-checked"
"Maharashtra Krishi Udyog Vikas Mahamandal","Government Company (PSU)","State PSU","Maharashtra","Agriculture & Food","Agri-industry","Unlisted","","Mumbai","Needs manual check","model knowledge; not re-checked"
"Forest Development Corporation of Maharashtra","Government Company (PSU)","State PSU","Maharashtra","Agriculture & Food","Forestry","Unlisted","","Nagpur","Knowledge-based","model knowledge; not re-checked"
"Maharashtra Electronics Corporation Limited (MELTRON)","Government Company (PSU)","State PSU","Maharashtra","Technology","Electronics","Unlisted","","Mumbai","Knowledge-based","model knowledge; not re-checked"
"Maharashtra State Mining Corporation Limited","Government Company (PSU)","State PSU","Maharashtra","Mining","Mining","Unlisted","","Nagpur","Knowledge-based","model knowledge; not re-checked"
"Maharashtra Police Housing and Welfare Corporation","Government Company (PSU)","State PSU","Maharashtra","Infrastructure","Housing","Unlisted","","Mumbai","Knowledge-based","model knowledge; not re-checked"
"Maharashtra Medical Goods Procurement Authority","Other","State PSU","Maharashtra","Healthcare","Procurement","Unlisted","","Mumbai","Knowledge-based","model knowledge; not re-checked"
"Maharashtra Maritime Board","Statutory Corporation","State PSU","Maharashtra","Transport","Ports","Unlisted","","Mumbai","Knowledge-based","model knowledge; not re-checked"
"Brihanmumbai Electric Supply and Transport Undertaking (BEST)","Other","State PSU","Maharashtra","Power","Power & bus","Unlisted","","Mumbai","Knowledge-based","model knowledge; not re-checked"
"Annasaheb Patil Arthik Magas Vikas Mahamandal","Government Company (PSU)","State PSU","Maharashtra","Financial Services","Development finance","Unlisted","","Mumbai","Knowledge-based","model knowledge; not re-checked"
"Mahatma Phule Backward Class Development Corporation","Government Company (PSU)","State PSU","Maharashtra","Financial Services","Development finance","Unlisted","","Mumbai","Knowledge-based","model knowledge; not re-checked"
"Maharashtra State Infrastructure Development Corporation","Government Company (PSU)","State PSU","Maharashtra","Infrastructure","Infrastructure","Unlisted","","Mumbai","Needs manual check","model knowledge; not re-checked"
"Mahanagar Gas Limited","Public Limited","Private (Indian)","Maharashtra","Power","City gas","Listed-NSE+BSE","MGL","Mumbai","Knowledge-based","model knowledge; not re-checked"
"Reliance Industries Limited","Public Limited","Private (Indian)","Maharashtra","Energy","Oil to chemicals / retail / telecom","Listed-NSE+BSE","RELIANCE","Mumbai","Knowledge-based","model knowledge; not re-checked"
"Tata Consultancy Services Limited","Public Limited","Private (Indian)","Maharashtra","Technology","IT services","Listed-NSE+BSE","TCS","Mumbai","Knowledge-based","model knowledge; not re-checked"
"Tata Motors Limited","Public Limited","Private (Indian)","Maharashtra","Automotive","Vehicles","Listed-NSE+BSE","TATAMOTORS","Mumbai","Knowledge-based","model knowledge; not re-checked"
"Tata Steel Limited","Public Limited","Private (Indian)","Maharashtra","Steel","Steel","Listed-NSE+BSE","TATASTEEL","Mumbai","Knowledge-based","model knowledge; not re-checked"
"Tata Power Company Limited","Public Limited","Private (Indian)","Maharashtra","Power","Generation","Listed-NSE+BSE","TATAPOWER","Mumbai","Knowledge-based","model knowledge; not re-checked"
"Larsen and Toubro Limited","Public Limited","Private (Indian)","Maharashtra","Infrastructure","EPC","Listed-NSE+BSE","LT","Mumbai","Knowledge-based","model knowledge; not re-checked"
"Mahindra and Mahindra Limited","Public Limited","Private (Indian)","Maharashtra","Automotive","Vehicles & tractors","Listed-NSE+BSE","M&M","Mumbai","Knowledge-based","model knowledge; not re-checked"
"Bajaj Auto Limited","Public Limited","Private (Indian)","Maharashtra","Automotive","Two-wheelers","Listed-NSE+BSE","BAJAJ-AUTO","Pune","Knowledge-based","model knowledge; not re-checked"
"Bajaj Finance Limited","Public Limited","Private (Indian)","Maharashtra","Financial Services","NBFC","Listed-NSE+BSE","BAJFINANCE","Pune","Knowledge-based","model knowledge; not re-checked"
"HDFC Bank Limited","Public Limited","Private (Indian)","Maharashtra","Banking","Private bank","Listed-NSE+BSE","HDFCBANK","Mumbai","Knowledge-based","model knowledge; not re-checked"
"ICICI Bank Limited","Public Limited","Private (Indian)","Maharashtra","Banking","Private bank","Listed-NSE+BSE","ICICIBANK","Mumbai","Knowledge-based","model knowledge; not re-checked"
"Kotak Mahindra Bank Limited","Public Limited","Private (Indian)","Maharashtra","Banking","Private bank","Listed-NSE+BSE","KOTAKBANK","Mumbai","Knowledge-based","model knowledge; not re-checked"
"Axis Bank Limited","Public Limited","Private (Indian)","Maharashtra","Banking","Private bank","Listed-NSE+BSE","AXISBANK","Mumbai","Knowledge-based","model knowledge; not re-checked"
"Godrej Consumer Products Limited","Public Limited","Private (Indian)","Maharashtra","Consumer","FMCG","Listed-NSE+BSE","GODREJCP","Mumbai","Knowledge-based","model knowledge; not re-checked"
"Godrej Properties Limited","Public Limited","Private (Indian)","Maharashtra","Real Estate","Developer","Listed-NSE+BSE","GODREJPROP","Mumbai","Knowledge-based","model knowledge; not re-checked"
"Hindustan Unilever Limited","Public Limited","Private (Indian)","Maharashtra","Consumer","FMCG","Listed-NSE+BSE","HINDUNILVR","Mumbai","Knowledge-based","model knowledge; not re-checked"
"Sun Pharmaceutical Industries Limited","Public Limited","Private (Indian)","Maharashtra","Pharmaceuticals","Pharma","Listed-NSE+BSE","SUNPHARMA","Mumbai","Knowledge-based","model knowledge; not re-checked"
"Cipla Limited","Public Limited","Private (Indian)","Maharashtra","Pharmaceuticals","Pharma","Listed-NSE+BSE","CIPLA","Mumbai","Knowledge-based","model knowledge; not re-checked"
"Lupin Limited","Public Limited","Private (Indian)","Maharashtra","Pharmaceuticals","Pharma","Listed-NSE+BSE","LUPIN","Mumbai","Knowledge-based","model knowledge; not re-checked"
"Persistent Systems Limited","Public Limited","Private (Indian)","Maharashtra","Technology","IT services","Listed-NSE+BSE","PERSISTENT","Pune","Knowledge-based","model knowledge; not re-checked"
"Kirloskar Oil Engines Limited","Public Limited","Private (Indian)","Maharashtra","Industrial","Engines","Listed-NSE+BSE","KIRLOSENG","Pune","Knowledge-based","model knowledge; not re-checked"
"Force Motors Limited","Public Limited","Private (Indian)","Maharashtra","Automotive","Vehicles","Listed-NSE+BSE","FORCEMOT","Pune","Knowledge-based","model knowledge; not re-checked"
"Maharashtra Seamless Limited","Public Limited","Private (Indian)","Maharashtra","Steel","Seamless pipes","Listed-NSE+BSE","MAHSEAMLES","New Delhi","Knowledge-based","model knowledge; not re-checked"
"Serum Institute of India Private Limited","Private Limited","Private (Indian)","Maharashtra","Pharmaceuticals","Vaccines","Unlisted","","Pune","Knowledge-based","model knowledge; not re-checked"
"Bharat Forge Limited","Public Limited","Private (Indian)","Maharashtra","Automotive","Forgings","Listed-NSE+BSE","BHARATFORG","Pune","Knowledge-based","model knowledge; not re-checked"
"Piramal Enterprises Limited","Public Limited","Private (Indian)","Maharashtra","Financial Services","NBFC / pharma","Listed-NSE+BSE","PEL","Mumbai","Knowledge-based","model knowledge; not re-checked"
"JSW Steel Limited","Public Limited","Private (Indian)","Maharashtra","Steel","Steel","Listed-NSE+BSE","JSWSTEEL","Mumbai","Knowledge-based","model knowledge; not re-checked"
"Asian Paints Limited","Public Limited","Private (Indian)","Maharashtra","Consumer","Paints","Listed-NSE+BSE","ASIANPAINT","Mumbai","Knowledge-based","model knowledge; not re-checked"
"Zee Entertainment Enterprises Limited","Public Limited","Private (Indian)","Maharashtra","Media","Broadcasting","Listed-NSE+BSE","ZEEL","Mumbai","Knowledge-based","model knowledge; not re-checked"
"Goa Electricity Department","Other","State PSU","Goa","Power","Power utility","Unlisted","","Panaji","Knowledge-based","model knowledge; not re-checked"
"Kadamba Transport Corporation Limited","Government Company (PSU)","State PSU","Goa","Transport","Bus transport","Unlisted","","Panaji","Knowledge-based","model knowledge; not re-checked"
"Goa Industrial Development Corporation","Statutory Corporation","State PSU","Goa","Industrial Development","Industrial development","Unlisted","","Panaji","Knowledge-based","model knowledge; not re-checked"
"Goa State Infrastructure Development Corporation","Government Company (PSU)","State PSU","Goa","Infrastructure","Infrastructure","Unlisted","","Panaji","Knowledge-based","model knowledge; not re-checked"
"Goa Tourism Development Corporation","Government Company (PSU)","State PSU","Goa","Tourism & Hospitality","Tourism","Unlisted","","Panaji","Knowledge-based","model knowledge; not re-checked"
"Goa State Cooperative Bank Limited","Cooperative Society","Cooperative","Goa","Financial Services","Cooperative bank","Unlisted","","Panaji","Knowledge-based","model knowledge; not re-checked"
"Goa Dairy (Goa State Cooperative Milk Producers Union)","Cooperative Society","Cooperative","Goa","Agriculture & Food","Dairy","Unlisted","","Ponda","Knowledge-based","model knowledge; not re-checked"
"Goa Handicrafts, Rural and Small Scale Industries Development Corporation","Government Company (PSU)","State PSU","Goa","Industrial Development","Handicrafts / MSME","Unlisted","","Panaji","Knowledge-based","model knowledge; not re-checked"
"Goa State Scheduled Tribes Finance and Development Corporation","Government Company (PSU)","State PSU","Goa","Financial Services","Development finance","Unlisted","","Panaji","Knowledge-based","model knowledge; not re-checked"
"Goa Antibiotics and Pharmaceuticals Limited","Government Company (PSU)","State PSU","Goa","Pharmaceuticals","Antibiotics","Unlisted","","Ponda","Knowledge-based","model knowledge; not re-checked"
"Goa Forest Development Corporation","Government Company (PSU)","State PSU","Goa","Agriculture & Food","Forestry","Unlisted","","Panaji","Knowledge-based","model knowledge; not re-checked"
"Goa State Horticultural Corporation Limited","Government Company (PSU)","State PSU","Goa","Agriculture & Food","Horticulture","Unlisted","","Panaji","Knowledge-based","model knowledge; not re-checked"
"Goa Housing Board","Statutory Corporation","State PSU","Goa","Infrastructure","Housing","Unlisted","","Panaji","Knowledge-based","model knowledge; not re-checked"
"Goa Waste Management Corporation","Government Company (PSU)","State PSU","Goa","Infrastructure","Waste","Unlisted","","Panaji","Knowledge-based","model knowledge; not re-checked"
"Goa Shipyard Limited","Government Company (PSU)","Central PSU","Goa","Defence","Shipbuilding","Unlisted","","Vasco da Gama","Knowledge-based","model knowledge; not re-checked"
"Goa State Civil Supplies Corporation Limited","Government Company (PSU)","State PSU","Goa","Agriculture & Food","Civil supplies","Unlisted","","Panaji","Needs manual check","model knowledge; not re-checked"
"Goa Carbon Limited","Public Limited","Private (Indian)","Goa","Chemicals","Calcined petroleum coke","Listed-BSE","","Goa","Knowledge-based","model knowledge; not re-checked"
"Zuari Agro Chemicals Limited","Public Limited","Private (Indian)","Goa","Chemicals","Fertilizers","Listed-NSE+BSE","ZUARI","Goa","Knowledge-based","model knowledge; not re-checked"
"Zuari Global Limited","Public Limited","Private (Indian)","Goa","Conglomerate","Diversified","Listed-NSE+BSE","ZUARIIND","Goa","Knowledge-based","model knowledge; not re-checked"
"Fomento Resources Private Limited","Private Limited","Private (Indian)","Goa","Mining","Mining","Unlisted","","Goa","Knowledge-based","model knowledge; not re-checked"
"Chowgule and Company Private Limited","Private Limited","Private (Indian)","Goa","Logistics","Diversified","Unlisted","","Goa","Knowledge-based","model knowledge; not re-checked"
"Dempo Industries Private Limited","Private Limited","Private (Indian)","Goa","Diversified","Mining / shipping / media","Unlisted","","Panaji","Knowledge-based","model knowledge; not re-checked"
"Mormugao Port Authority","Statutory Corporation","Central PSU","Goa","Logistics","Port","Unlisted","","Vasco da Gama","Knowledge-based","model knowledge; not re-checked"
"Madhya Pradesh Power Generating Company Limited","Government Company (PSU)","State PSU","Madhya Pradesh","Power","Generation","Unlisted","","Jabalpur","Knowledge-based","model knowledge; not re-checked"
"Madhya Pradesh Power Transmission Company Limited","Government Company (PSU)","State PSU","Madhya Pradesh","Power","Transmission","Unlisted","","Jabalpur","Knowledge-based","model knowledge; not re-checked"
"Madhya Pradesh Power Management Company Limited","Government Company (PSU)","State PSU","Madhya Pradesh","Power","Power procurement","Unlisted","","Jabalpur","Knowledge-based","model knowledge; not re-checked"
"Madhya Pradesh Madhya Kshetra Vidyut Vitaran Company Limited","Government Company (PSU)","State PSU","Madhya Pradesh","Power","Distribution","Unlisted","","Bhopal","Knowledge-based","model knowledge; not re-checked"
"Madhya Pradesh Paschim Kshetra Vidyut Vitaran Company Limited","Government Company (PSU)","State PSU","Madhya Pradesh","Power","Distribution","Unlisted","","Indore","Knowledge-based","model knowledge; not re-checked"
"Madhya Pradesh Poorv Kshetra Vidyut Vitaran Company Limited","Government Company (PSU)","State PSU","Madhya Pradesh","Power","Distribution","Unlisted","","Jabalpur","Knowledge-based","model knowledge; not re-checked"
"Madhya Pradesh State Road Transport Corporation","Statutory Corporation","State PSU","Madhya Pradesh","Transport","Bus transport","Unlisted","","Bhopal","Needs manual check","wound up 2005; Sugam Parivahan Sewa is successor"
"Madhya Pradesh Audyogik Kendra Vikas Nigam","Government Company (PSU)","State PSU","Madhya Pradesh","Industrial Development","Industrial development","Unlisted","","Bhopal","Knowledge-based","model knowledge; not re-checked"
"Madhya Pradesh Financial Corporation (MP State Industrial Development Corp Ltd)","Statutory Corporation","State PSU","Madhya Pradesh","Financial Services","State finance corporation","Unlisted","","Bhopal","Knowledge-based","model knowledge; not re-checked"
"Madhya Pradesh Tourism Development Corporation","Government Company (PSU)","State PSU","Madhya Pradesh","Tourism & Hospitality","Tourism","Unlisted","","Bhopal","Knowledge-based","model knowledge; not re-checked"
"Madhya Pradesh State Civil Supplies Corporation Limited","Government Company (PSU)","State PSU","Madhya Pradesh","Agriculture & Food","Civil supplies","Unlisted","","Bhopal","Knowledge-based","model knowledge; not re-checked"
"Madhya Pradesh State Warehousing and Logistics Corporation","Statutory Corporation","State PSU","Madhya Pradesh","Agriculture & Food","Warehousing","Unlisted","","Bhopal","Knowledge-based","model knowledge; not re-checked"
"Madhya Pradesh State Agro Industries Development Corporation","Government Company (PSU)","State PSU","Madhya Pradesh","Agriculture & Food","Agro","Unlisted","","Bhopal","Knowledge-based","model knowledge; not re-checked"
"Madhya Pradesh State Mining Corporation Limited","Government Company (PSU)","State PSU","Madhya Pradesh","Mining","Mining","Unlisted","","Bhopal","Knowledge-based","model knowledge; not re-checked"
"Madhya Pradesh Laghu Udyog Nigam","Government Company (PSU)","State PSU","Madhya Pradesh","Industrial Development","MSME","Unlisted","","Bhopal","Knowledge-based","model knowledge; not re-checked"
"Madhya Pradesh State Electronics Development Corporation Limited","Government Company (PSU)","State PSU","Madhya Pradesh","Technology","Electronics","Unlisted","","Bhopal","Knowledge-based","model knowledge; not re-checked"
"Madhya Pradesh State Handloom and Handicrafts Development Corporation (Mrignayani)","Government Company (PSU)","State PSU","Madhya Pradesh","Textiles & Handloom","Handicrafts","Unlisted","","Bhopal","Knowledge-based","model knowledge; not re-checked"
"Madhya Pradesh State Forest Development Corporation","Government Company (PSU)","State PSU","Madhya Pradesh","Agriculture & Food","Forestry","Unlisted","","Bhopal","Knowledge-based","model knowledge; not re-checked"
"Madhya Pradesh Metro Rail Company Limited","Government Company (PSU)","Joint Venture","Madhya Pradesh","Transport","Metro rail","Unlisted","","Bhopal","Knowledge-based","model knowledge; not re-checked"
"Madhya Pradesh Road Development Corporation Limited","Government Company (PSU)","State PSU","Madhya Pradesh","Infrastructure","Roads","Unlisted","","Bhopal","Knowledge-based","model knowledge; not re-checked"
"Madhya Pradesh Housing and Infrastructure Development Board","Statutory Corporation","State PSU","Madhya Pradesh","Infrastructure","Housing","Unlisted","","Bhopal","Knowledge-based","model knowledge; not re-checked"
"Madhya Pradesh State Cooperative Dairy Federation (Sanchi)","Cooperative Society","Cooperative","Madhya Pradesh","Agriculture & Food","Dairy federation","Unlisted","","Bhopal","Knowledge-based","model knowledge; not re-checked"
"Madhya Pradesh Rajya Sahakari Bank Maryadit (Apex Bank)","Cooperative Society","Cooperative","Madhya Pradesh","Financial Services","Cooperative bank","Unlisted","","Bhopal","Knowledge-based","model knowledge; not re-checked"
"MARKFED Madhya Pradesh State Cooperative Marketing Federation","Cooperative Society","Cooperative","Madhya Pradesh","Agriculture & Food","Coop federation","Unlisted","","Bhopal","Knowledge-based","model knowledge; not re-checked"
"Madhya Pradesh Rajya Beej Evam Farm Vikas Nigam","Government Company (PSU)","State PSU","Madhya Pradesh","Agriculture & Food","Seeds","Unlisted","","Bhopal","Knowledge-based","model knowledge; not re-checked"
"Madhya Pradesh Pichhda Varg Evam Alpsankhyak Vitta Vikas Nigam","Government Company (PSU)","State PSU","Madhya Pradesh","Financial Services","Development finance","Unlisted","","Bhopal","Knowledge-based","model knowledge; not re-checked"
"Madhya Pradesh Trade and Investment Facilitation Corporation Limited (TRIFAC)","Government Company (PSU)","State PSU","Madhya Pradesh","Industrial Development","Investment promotion","Unlisted","","Bhopal","Knowledge-based","model knowledge; not re-checked"
"Madhya Pradesh Medical Services (MP Public Health Services Corporation)","Government Company (PSU)","State PSU","Madhya Pradesh","Healthcare","Procurement","Unlisted","","Bhopal","Knowledge-based","model knowledge; not re-checked"
"Madhya Pradesh Urban Development Company Limited","Government Company (PSU)","State PSU","Madhya Pradesh","Infrastructure","Urban","Unlisted","","Bhopal","Knowledge-based","model knowledge; not re-checked"
"Bhopal Smart City Development Corporation Limited","Government Company (PSU)","State PSU","Madhya Pradesh","Infrastructure","Smart city SPV","Unlisted","","Bhopal","Knowledge-based","model knowledge; not re-checked"
"Indore Smart City Development Limited","Government Company (PSU)","State PSU","Madhya Pradesh","Infrastructure","Smart city SPV","Unlisted","","Indore","Knowledge-based","model knowledge; not re-checked"
"Atal Indore City Transport Services Limited","Government Company (PSU)","State PSU","Madhya Pradesh","Transport","Bus transport","Unlisted","","Indore","Knowledge-based","model knowledge; not re-checked"
"Grasim Industries Limited","Public Limited","Private (Indian)","Madhya Pradesh","Chemicals","Viscose / chemicals / cement","Listed-NSE+BSE","GRASIM","Mumbai (Nagda, MP)","Knowledge-based","model knowledge; not re-checked"
"Prism Johnson Limited","Public Limited","Private (Indian)","Madhya Pradesh","Cement","Cement","Listed-NSE+BSE","PRSMJOHNSN","Mumbai","Knowledge-based","model knowledge; not re-checked"
"Birla Corporation Limited","Public Limited","Private (Indian)","Madhya Pradesh","Cement","Cement","Listed-NSE+BSE","BIRLACORPN","Kolkata","Knowledge-based","model knowledge; not re-checked"
"Pithampur Auto Cluster Limited","Public Limited","Private (Indian)","Madhya Pradesh","Industrial","Industrial cluster","Unlisted","","Pithampur","Knowledge-based","model knowledge; not re-checked"
"Chhattisgarh State Power Generation Company Limited","Government Company (PSU)","State PSU","Chhattisgarh","Power","Generation","Unlisted","","Raipur","Knowledge-based","model knowledge; not re-checked"
"Chhattisgarh State Power Transmission Company Limited","Government Company (PSU)","State PSU","Chhattisgarh","Power","Transmission","Unlisted","","Raipur","Knowledge-based","model knowledge; not re-checked"
"Chhattisgarh State Power Distribution Company Limited","Government Company (PSU)","State PSU","Chhattisgarh","Power","Distribution","Unlisted","","Raipur","Knowledge-based","model knowledge; not re-checked"
"Chhattisgarh State Power Trading Company Limited","Government Company (PSU)","State PSU","Chhattisgarh","Power","Trading","Unlisted","","Raipur","Knowledge-based","model knowledge; not re-checked"
"Chhattisgarh State Power Holding Company Limited","Government Company (PSU)","State PSU","Chhattisgarh","Power","Holding","Unlisted","","Raipur","Knowledge-based","model knowledge; not re-checked"
"Chhattisgarh State Industrial Development Corporation Limited","Government Company (PSU)","State PSU","Chhattisgarh","Industrial Development","Industrial development","Unlisted","","Raipur","Knowledge-based","model knowledge; not re-checked"
"Chhattisgarh Infrastructure Development Corporation Limited","Government Company (PSU)","State PSU","Chhattisgarh","Infrastructure","Infrastructure","Unlisted","","Raipur","Knowledge-based","model knowledge; not re-checked"
"Chhattisgarh State Civil Supplies Corporation Limited (Nagrik Apurti Nigam)","Government Company (PSU)","State PSU","Chhattisgarh","Agriculture & Food","Civil supplies","Unlisted","","Raipur","Knowledge-based","model knowledge; not re-checked"
"Chhattisgarh State Warehousing Corporation","Statutory Corporation","State PSU","Chhattisgarh","Agriculture & Food","Warehousing","Unlisted","","Raipur","Knowledge-based","model knowledge; not re-checked"
"Chhattisgarh Tourism Board","Statutory Corporation","State PSU","Chhattisgarh","Tourism & Hospitality","Tourism","Unlisted","","Raipur","Knowledge-based","model knowledge; not re-checked"
"Chhattisgarh Mineral Development Corporation Limited","Government Company (PSU)","State PSU","Chhattisgarh","Mining","Mining","Unlisted","","Raipur","Knowledge-based","model knowledge; not re-checked"
"Chhattisgarh State Minor Forest Produce Cooperative Federation","Cooperative Society","Cooperative","Chhattisgarh","Agriculture & Food","Forest produce","Unlisted","","Raipur","Knowledge-based","model knowledge; not re-checked"
"Chhattisgarh State Cooperative Bank (Apex Bank) Maryadit","Cooperative Society","Cooperative","Chhattisgarh","Financial Services","Cooperative bank","Unlisted","","Raipur","Knowledge-based","model knowledge; not re-checked"
"Chhattisgarh Rajya Sahakari Vipnan Sangh (MARKFED)","Cooperative Society","Cooperative","Chhattisgarh","Agriculture & Food","Coop federation","Unlisted","","Raipur","Knowledge-based","model knowledge; not re-checked"
"Chhattisgarh State Cooperative Dairy Federation","Cooperative Society","Cooperative","Chhattisgarh","Agriculture & Food","Dairy federation","Unlisted","","Raipur","Knowledge-based","model knowledge; not re-checked"
"Chhattisgarh Housing Board","Statutory Corporation","State PSU","Chhattisgarh","Infrastructure","Housing","Unlisted","","Raipur","Knowledge-based","model knowledge; not re-checked"
"Chhattisgarh Handloom Development and Marketing Federation","Cooperative Society","Cooperative","Chhattisgarh","Textiles & Handloom","Handloom","Unlisted","","Raipur","Needs manual check","model knowledge; not re-checked"
"Chhattisgarh State Road Transport Corporation","Statutory Corporation","State PSU","Chhattisgarh","Transport","Bus transport","Unlisted","","Raipur","Needs manual check","status uncertain; buses largely privately operated"
"Chhattisgarh Medical Services Corporation Limited","Government Company (PSU)","State PSU","Chhattisgarh","Healthcare","Procurement","Unlisted","","Raipur","Knowledge-based","model knowledge; not re-checked"
"Chhattisgarh State Electronics Development Corporation","Government Company (PSU)","State PSU","Chhattisgarh","Technology","Electronics","Unlisted","","Raipur","Needs manual check","model knowledge; not re-checked"
"Chhattisgarh Rajya Beej Evam Krishi Vikas Nigam","Government Company (PSU)","State PSU","Chhattisgarh","Agriculture & Food","Seeds","Unlisted","","Raipur","Knowledge-based","model knowledge; not re-checked"
"Naya Raipur Development Authority","Statutory Corporation","State PSU","Chhattisgarh","Infrastructure","Urban development","Unlisted","","Naya Raipur","Knowledge-based","model knowledge; not re-checked"
"Chhattisgarh Renewable Energy Development Agency (CREDA)","Other","State PSU","Chhattisgarh","Power","Renewable","Unlisted","","Raipur","Knowledge-based","model knowledge; not re-checked"
"Chhattisgarh Biofuel Development Authority","Other","State PSU","Chhattisgarh","Power","Biofuel","Unlisted","","Raipur","Knowledge-based","model knowledge; not re-checked"
"Raipur Smart City Limited","Government Company (PSU)","State PSU","Chhattisgarh","Infrastructure","Smart city SPV","Unlisted","","Raipur","Knowledge-based","model knowledge; not re-checked"
"Chhattisgarh Scheduled Caste Finance and Development Corporation","Government Company (PSU)","State PSU","Chhattisgarh","Financial Services","Development finance","Unlisted","","Raipur","Knowledge-based","model knowledge; not re-checked"
"NMDC Steel Limited (Nagarnar)","Government Company (PSU)","Central PSU","Chhattisgarh","Steel","Steel","Listed-NSE+BSE","NSLNISP","Jagdalpur","Knowledge-based","model knowledge; not re-checked"
"Godawari Power and Ispat Limited","Public Limited","Private (Indian)","Chhattisgarh","Steel","Steel / power","Listed-NSE+BSE","GPIL","Raipur","Knowledge-based","model knowledge; not re-checked"
"Jindal Steel and Power Limited","Public Limited","Private (Indian)","Chhattisgarh","Steel","Steel / power","Listed-NSE+BSE","JINDALSTEL","New Delhi (Raigarh)","Knowledge-based","model knowledge; not re-checked"
"Sarda Energy and Minerals Limited","Public Limited","Private (Indian)","Chhattisgarh","Steel","Steel / power / mining","Listed-NSE+BSE","SEML","Raipur","Knowledge-based","model knowledge; not re-checked"
"BALCO (Bharat Aluminium Company Limited)","Public Limited","Private (Indian)","Chhattisgarh","Metals","Aluminium","Unlisted","","Korba","Knowledge-based","model knowledge; not re-checked"
"DNH and DD Power Distribution Corporation Limited","Government Company (PSU)","State PSU","Dadra and Nagar Haveli and Daman and Diu","Power","Distribution","Unlisted","","Silvassa","Knowledge-based","model knowledge; not re-checked"
"Dadra and Nagar Haveli Industrial Development Corporation","Government Company (PSU)","State PSU","Dadra and Nagar Haveli and Daman and Diu","Industrial Development","Industrial development","Unlisted","","Silvassa","Knowledge-based","model knowledge; not re-checked"
"Daman and Diu and Dadra and Nagar Haveli Tourism Corporation (DDDNH Tourism)","Government Company (PSU)","State PSU","Dadra and Nagar Haveli and Daman and Diu","Tourism & Hospitality","Tourism","Unlisted","","Daman","Needs manual check","model knowledge; not re-checked"
"Daman and Diu Industrial Development Corporation","Government Company (PSU)","State PSU","Dadra and Nagar Haveli and Daman and Diu","Industrial Development","Industrial development","Unlisted","","Daman","Knowledge-based","model knowledge; not re-checked"
"Dadra and Nagar Haveli Co-operative Bank (DNH District Cooperative Bank)","Cooperative Society","Cooperative","Dadra and Nagar Haveli and Daman and Diu","Financial Services","Cooperative bank","Unlisted","","Silvassa","Needs manual check","model knowledge; not re-checked"
"Dadra and Nagar Haveli and Daman and Diu Administration Transport Undertaking","Other","State PSU","Dadra and Nagar Haveli and Daman and Diu","Transport","Bus transport","Unlisted","","Daman","Needs manual check","model knowledge; not re-checked"
